clip_id,display_name,hash,timecode_start,timecode_end,userpath
3,KT8080-5.WA05.58E758E7464EA; KT8080-6.WA06.58E758E7464EA; 403 / 1  /n 1   ,2:3a585d7c1c62cb267b759e914ad91740; 2:1bb5ad5e3ccb811e5a5c1f26dc0bb00f,00:00:00:00:100/1,00:00:07:88:100/1,Avid MediaFiles/MXF/AVID2.1 20170405/KT8080-5.WA05.58E758E7464EA.mxf; Avid MediaFiles/MXF/AVID2.1 20170405/KT8080-6.WA06.58E758E7464EA.mxf
4,KT8081-5.WA05.58E758E7464FA; KT8081-6.WA06.58E758E7464FA; 403 / 1  /t 1   ,2:312e59e3337f622648bf85431dbb8120; 2:04f2e6a6f70c294544fbbe642356f052,00:00:00:00:100/1,00:01:32:00:100/1,Avid MediaFiles/MXF/AVID2.1 20170405/KT8081-5.WA05.58E758E7464FA.mxf; Avid MediaFiles/MXF/AVID2.1 20170405/KT8081-6.WA06.58E758E7464FA.mxf
5,KT8082-5.WA05.58E758E74651A; KT8082-6.WA06.58E758E74651A; 403 / 1  /t 2   ,2:ee3f10b017a947685d07b173dc1109f4; 2:fbe6c466a8f2e37158efb685093ccbc1,00:00:00:00:100/1,00:01:37:20:100/1,Avid MediaFiles/MXF/AVID2.1 20170405/KT8082-5.WA05.58E758E74651A.mxf; Avid MediaFiles/MXF/AVID2.1 20170405/KT8082-6.WA06.58E758E74651A.mxf
6,KT8081_1.WA01.58E758E74650A; KT8081_2.WA02.58E758E74650A; KT8081_3.WA03.58E758E74650A; KT8081_7.WA07.58E758E74650A; KT8081_8.WA08.58E758E74650A; 403 / 1  /t 1   ,2:5e0d032d74f442c9881066134387f08d; 2:56a30d2f536d7c2c84b2658b91a3f31d; 2:4a867ce48367608892c74d35a3ee24a7; 2:85b5b61c5fc8fac5017a1b97b7632a92; 2:9ed54290f93b9bf76ab6806d1203cce0,00:00:00:00:100/1,00:01:32:00:100/1,Avid MediaFiles/MXF/AVID2.1 20170405/KT8081_1.WA01.58E758E74650A.mxf; Avid MediaFiles/MXF/AVID2.1 20170405/KT8081_2.WA02.58E758E74650A.mxf; Avid MediaFiles/MXF/AVID2.1 20170405/KT8081_3.WA03.58E758E74650A.mxf; Avid MediaFiles/MXF/AVID2.1 20170405/KT8081_7.WA07.58E758E74650A.mxf; Avid MediaFiles/MXF/AVID2.1 20170405/KT8081_8.WA08.58E758E74650A.mxf
7,KT8080_1.WA01.58E758E7464EA; KT8080_2.WA02.58E758E7464EA; KT8080_7.WA07.58E758E7464EA; KT8080_8.WA08.58E758E7464EA; 403 / 1  /n 1   ,2:18418d2d8f8becf787e00f35660602dc; 2:05a1ad469be56f6d6338dd12d58cff32; 2:75b5b28c90ef2c143e7b64b45205e937; 2:86311f010a0f81302d779dfc1a94e301,00:00:00:00:100/1,00:00:07:88:100/1,Avid MediaFiles/MXF/AVID2.1 20170405/KT8080_1.WA01.58E758E7464EA.mxf; Avid MediaFiles/MXF/AVID2.1 20170405/KT8080_2.WA02.58E758E7464EA.mxf; Avid MediaFiles/MXF/AVID2.1 20170405/KT8080_7.WA07.58E758E7464EA.mxf; Avid MediaFiles/MXF/AVID2.1 20170405/KT8080_8.WA08.58E758E7464EA.mxf
8,KT8082_1.WA01.58E758E74652A; KT8082_2.WA02.58E758E74652A; KT8082_3.WA03.58E758E74652A; KT8082_7.WA07.58E758E74652A; KT8082_8.WA08.58E758E74652A; 403 / 1  /t 2   ,2:218ea2f50fd0f82c3933b889cb608d80; 2:32526645bed30d7bf2bb1a00e9a6f4ef; 2:c5d522996df99d9559c9c8902ad37c61; 2:dab64d0b8e5d3bbbbf9358c081559fda; 2:9f88161c3eea52f7be84a1365bd8be6d,00:00:00:00:100/1,00:01:37:20:100/1,Avid MediaFiles/MXF/AVID2.1 20170405/KT8082_1.WA01.58E758E74652A.mxf; Avid MediaFiles/MXF/AVID2.1 20170405/KT8082_2.WA02.58E758E74652A.mxf; Avid MediaFiles/MXF/AVID2.1 20170405/KT8082_3.WA03.58E758E74652A.mxf; Avid MediaFiles/MXF/AVID2.1 20170405/KT8082_7.WA07.58E758E74652A.mxf; Avid MediaFiles/MXF/AVID2.1 20170405/KT8082_8.WA08.58E758E74652A.mxf
9,KT8083-5.WA05.58E758E74654A; KT8083-6.WA06.58E758E74654A; 403 / 1  /t 3   ,2:bd7c2323881bb4c255e2d586389ea171; 2:b97b0b2ae5c1ecdd5318207bb6f6d103,00:00:00:00:100/1,00:00:29:72:100/1,Avid MediaFiles/MXF/AVID2.1 20170405/KT8083-5.WA05.58E758E74654A.mxf; Avid MediaFiles/MXF/AVID2.1 20170405/KT8083-6.WA06.58E758E74654A.mxf
10,KT8083_1.WA01.58E758E74655A; KT8083_2.WA02.58E758E74655A; KT8083_3.WA03.58E758E74655A; KT8083_7.WA07.58E758E74655A; KT8083_8.WA08.58E758E74655A; 403 / 1  /t 3   ,2:c96e363cc84985fa21cf35b0bdd5900a; 2:32cf1b3382fe3445bc0e86c66df38ebe; 2:767508f522b3727db8bc4f696ab139d1; 2:d0152221d5108ab297e6289e4ea10225; 2:1fe0df3ffb137844f218458fe1ca07d5,00:00:00:00:100/1,00:00:29:72:100/1,Avid MediaFiles/MXF/AVID2.1 20170405/KT8083_1.WA01.58E758E74655A.mxf; Avid MediaFiles/MXF/AVID2.1 20170405/KT8083_2.WA02.58E758E74655A.mxf; Avid MediaFiles/MXF/AVID2.1 20170405/KT8083_3.WA03.58E758E74655A.mxf; Avid MediaFiles/MXF/AVID2.1 20170405/KT8083_7.WA07.58E758E74655A.mxf; Avid MediaFiles/MXF/AVID2.1 20170405/KT8083_8.WA08.58E758E74655A.mxf
11,KT8084-5.WA05.58E758E74656A; KT8084-6.WA06.58E758E74656A; 403 / 1  /t 4   ,2:d4f4216243cffeafd4a49500af8192fa; 2:05318167248e900d9d489a7a671c99b2,00:00:00:00:100/1,00:01:40:52:100/1,Avid MediaFiles/MXF/AVID2.1 20170405/KT8084-5.WA05.58E758E74656A.mxf; Avid MediaFiles/MXF/AVID2.1 20170405/KT8084-6.WA06.58E758E74656A.mxf
12,KT8084_1.WA01.58E758E74657A; KT8084_2.WA02.58E758E74657A; KT8084_3.WA03.58E758E74657A; KT8084_7.WA07.58E758E74657A; KT8084_8.WA08.58E758E74657A; 403 / 1  /t 4   ,2:3ac8457b771227f2afae83cfa59ac129; 2:ee153aaa6fcf37888edc818f303c4995; 2:341b7a5866e87fb66de5fcbc21abbb49; 2:35296425d73b13b6b5a126ad52bbfa0b; 2:0e5c697f1a98afc7cbf829f1d4f8e0d2,00:00:00:00:100/1,00:01:40:52:100/1,Avid MediaFiles/MXF/AVID2.1 20170405/KT8084_1.WA01.58E758E74657A.mxf; Avid MediaFiles/MXF/AVID2.1 20170405/KT8084_2.WA02.58E758E74657A.mxf; Avid MediaFiles/MXF/AVID2.1 20170405/KT8084_3.WA03.58E758E74657A.mxf; Avid MediaFiles/MXF/AVID2.1 20170405/KT8084_7.WA07.58E758E74657A.mxf; Avid MediaFiles/MXF/AVID2.1 20170405/KT8084_8.WA08.58E758E74657A.mxf
13,KT8085-5.WA05.58E758E74659A; KT8085-6.WA06.58E758E74659A; 403 / 1  /t 5   ,2:47ecdebf98fe3453b5e0c0d3fae93edd; 2:121ed8e18d0c5765daa2f063fb975ad6,00:00:00:00:100/1,00:01:37:80:100/1,Avid MediaFiles/MXF/AVID2.1 20170405/KT8085-5.WA05.58E758E74659A.mxf; Avid MediaFiles/MXF/AVID2.1 20170405/KT8085-6.WA06.58E758E74659A.mxf
14,KT8085_1.WA01.58E758E7465AA; KT8085_2.WA02.58E758E7465AA; KT8085_3.WA03.58E758E7465AA; KT8085_7.WA07.58E758E7465AA; KT8085_8.WA08.58E758E7465AA; 403 / 1  /t 5   ,2:13b517ec2e0067999018e22939863135; 2:03acdf5fbadcd8e44751435f46ab6715; 2:48497b09668c20ff556232776af763d8; 2:71c4f62c7a6919688333845bb1b615eb; 2:3ebe5421859d4877e37c28859dc41f08,00:00:00:00:100/1,00:01:37:80:100/1,Avid MediaFiles/MXF/AVID2.1 20170405/KT8085_1.WA01.58E758E7465AA.mxf; Avid MediaFiles/MXF/AVID2.1 20170405/KT8085_2.WA02.58E758E7465AA.mxf; Avid MediaFiles/MXF/AVID2.1 20170405/KT8085_3.WA03.58E758E7465AA.mxf; Avid MediaFiles/MXF/AVID2.1 20170405/KT8085_7.WA07.58E758E7465AA.mxf; Avid MediaFiles/MXF/AVID2.1 20170405/KT8085_8.WA08.58E758E7465AA.mxf
15,KT8086-5.WA05.58E758E7465CA; KT8086-6.WA06.58E758E7465CA; 403A/ 1  /t 1   ,2:d65b7bb5a6cd0b112ce83a96b41942ae; 2:852d9066b189fbb01a2f40f7019f8c72,00:00:00:00:100/1,00:01:25:80:100/1,Avid MediaFiles/MXF/AVID2.1 20170405/KT8086-5.WA05.58E758E7465CA.mxf; Avid MediaFiles/MXF/AVID2.1 20170405/KT8086-6.WA06.58E758E7465CA.mxf
16,KT8086_1.WA01.58E758E7465DA; KT8086_2.WA02.58E758E7465DA; KT8086_7.WA07.58E758E7465DA; KT8086_8.WA08.58E758E7465DA; 403A/ 1  /t 1   ,2:1b32a7627a249ba19a6c4e6ba37567f6; 2:f7268e361dc7242e09fe0c4d11a26131; 2:66b6a44e2df31a2b5e4e9f21720ab23a; 2:b73d6e35b4a3d869fae2489b85c6b91f,00:00:00:00:100/1,00:01:25:80:100/1,Avid MediaFiles/MXF/AVID2.1 20170405/KT8086_1.WA01.58E758E7465DA.mxf; Avid MediaFiles/MXF/AVID2.1 20170405/KT8086_2.WA02.58E758E7465DA.mxf; Avid MediaFiles/MXF/AVID2.1 20170405/KT8086_7.WA07.58E758E7465DA.mxf; Avid MediaFiles/MXF/AVID2.1 20170405/KT8086_8.WA08.58E758E7465DA.mxf
17,KT8087-5.WA05.58E758E7465EA; KT8087-6.WA06.58E758E7465EA; 403A/ 1  /t 2   ,2:6e0d216fc4236dce72a729c6dfbff8da; 2:c033763cb3fff43b48136582a8a11168,00:00:00:00:100/1,00:01:45:60:100/1,Avid MediaFiles/MXF/AVID2.1 20170405/KT8087-5.WA05.58E758E7465EA.mxf; Avid MediaFiles/MXF/AVID2.1 20170405/KT8087-6.WA06.58E758E7465EA.mxf
18,KT8087_1.WA01.58E758E7465FA; KT8087_2.WA02.58E758E7465FA; KT8087_7.WA07.58E758E7465FA; KT8087_8.WA08.58E758E7465FA; 403A/ 1  /t 2   ,2:096c25d0795a07089a2cca7380be92d0; 2:b9514fe95108d49134234ff80ba0e7be; 2:4d2755b7db0ab85379f98c7bce4bd818; 2:b8fc5b0f052bfaf22f783b3820e14654,00:00:00:00:100/1,00:01:45:60:100/1,Avid MediaFiles/MXF/AVID2.1 20170405/KT8087_1.WA01.58E758E7465FA.mxf; Avid MediaFiles/MXF/AVID2.1 20170405/KT8087_2.WA02.58E758E7465FA.mxf; Avid MediaFiles/MXF/AVID2.1 20170405/KT8087_7.WA07.58E758E7465FA.mxf; Avid MediaFiles/MXF/AVID2.1 20170405/KT8087_8.WA08.58E758E7465FA.mxf
19,KT8088-5.WA05.58E758E74661A; KT8088-6.WA06.58E758E74661A; 403B/ 1  /t 1   ,2:20fd8964320658abc520bb7a1c7a20f0; 2:dd782a61bff525e0d5cda53a9307822b,00:00:00:00:100/1,00:01:41:12:100/1,Avid MediaFiles/MXF/AVID2.1 20170405/KT8088-5.WA05.58E758E74661A.mxf; Avid MediaFiles/MXF/AVID2.1 20170405/KT8088-6.WA06.58E758E74661A.mxf
20,KT8088_1.WA01.58E758E74662A; KT8088_2.WA02.58E758E74662A; KT8088_7.WA07.58E758E74662A; KT8088_8.WA08.58E758E74662A; 403B/ 1  /t 1   ,2:e5097e36e4845d8a026d80091835fb18; 2:b8f7a25fae8db081ce6588674b841b59; 2:896bd0d2942cd193539b3da58203bc63; 2:71c16f95100c0fcd1aec155255f9d6aa,00:00:00:00:100/1,00:01:41:12:100/1,Avid MediaFiles/MXF/AVID2.1 20170405/KT8088_1.WA01.58E758E74662A.mxf; Avid MediaFiles/MXF/AVID2.1 20170405/KT8088_2.WA02.58E758E74662A.mxf; Avid MediaFiles/MXF/AVID2.1 20170405/KT8088_7.WA07.58E758E74662A.mxf; Avid MediaFiles/MXF/AVID2.1 20170405/KT8088_8.WA08.58E758E74662A.mxf
21,KT8089-5.WA05.58E758E74663A; KT8089-6.WA06.58E758E74663A; 403C/ 1  /t 1   ,2:86b8e09d83d8d80e240740b863b70b8a; 2:5d28c9407f3a3ed070bb8bdf60b8621d,00:00:00:00:100/1,00:01:34:96:100/1,Avid MediaFiles/MXF/AVID2.1 20170405/KT8089-5.WA05.58E758E74663A.mxf; Avid MediaFiles/MXF/AVID2.1 20170405/KT8089-6.WA06.58E758E74663A.mxf
22,KT8090-5.WA05.58E758E74666A; KT8090-6.WA06.58E758E74666A; 403C/ 1  /t 2   ,2:bce48f529c750ae37d1227fdaab71f8d; 2:b418b2598d576446f1373c82b0a4e284,00:00:00:00:100/1,00:00:35:36:100/1,Avid MediaFiles/MXF/AVID2.1 20170405/KT8090-5.WA05.58E758E74666A.mxf; Avid MediaFiles/MXF/AVID2.1 20170405/KT8090-6.WA06.58E758E74666A.mxf
23,KT8089_1.WA01.58E758E74664A; KT8089_2.WA02.58E758E74664A; KT8089_3.WA03.58E758E74664A; KT8089_7.WA07.58E758E74664A; KT8089_8.WA08.58E758E74664A; 403C/ 1  /t 1   ,2:5be24a64fba95de5919ea2411ad1052b; 2:d9269efdfba700d36b5949ee0e8b6f1f; 2:60a378fc164a981fdb266d6e1cf4a4ed; 2:e5d8e716beb903ea2cbcf761663d12a3; 2:d20c6cbdbba58bfd11b74dc591244c14,00:00:00:00:100/1,00:01:34:96:100/1,Avid MediaFiles/MXF/AVID2.1 20170405/KT8089_1.WA01.58E758E74664A.mxf; Avid MediaFiles/MXF/AVID2.1 20170405/KT8089_2.WA02.58E758E74664A.mxf; Avid MediaFiles/MXF/AVID2.1 20170405/KT8089_3.WA03.58E758E74664A.mxf; Avid MediaFiles/MXF/AVID2.1 20170405/KT8089_7.WA07.58E758E74664A.mxf; Avid MediaFiles/MXF/AVID2.1 20170405/KT8089_8.WA08.58E758E74664A.mxf
24,KT8090_1.WA01.58E758E74667A; KT8090_2.WA02.58E758E74667A; KT8090_3.WA03.58E758E74667A; KT8090_7.WA07.58E758E74667A; KT8090_8.WA08.58E758E74667A; 403C/ 1  /t 2   ,2:58274c062b674d6c8687b25728b89f1f; 2:6f1890914ebca2c8e17a7eb4e9ca8894; 2:f65d1ff24822ef9fa76b9813381f10df; 2:8d2259470b9fbf984601b32e75012bbe; 2:01e70b75c41e3f7a5e7fe41a6d859de1,00:00:00:00:100/1,00:00:35:36:100/1,Avid MediaFiles/MXF/AVID2.1 20170405/KT8090_1.WA01.58E758E74667A.mxf; Avid MediaFiles/MXF/AVID2.1 20170405/KT8090_2.WA02.58E758E74667A.mxf; Avid MediaFiles/MXF/AVID2.1 20170405/KT8090_3.WA03.58E758E74667A.mxf; Avid MediaFiles/MXF/AVID2.1 20170405/KT8090_7.WA07.58E758E74667A.mxf; Avid MediaFiles/MXF/AVID2.1 20170405/KT8090_8.WA08.58E758E74667A.mxf
25,KT8091-5.WA05.58E758E74668A; KT8091-6.WA06.58E758E74668A; 403C/ 1  /t 3   ,2:eeffc839dd2183f72a8441e2808c7e21; 2:5b92136ce6c0dcd691b5bf4030261c8e,00:00:00:00:100/1,00:01:36:12:100/1,Avid MediaFiles/MXF/AVID2.1 20170405/KT8091-5.WA05.58E758E74668A.mxf; Avid MediaFiles/MXF/AVID2.1 20170405/KT8091-6.WA06.58E758E74668A.mxf
26,KT8092-5.WA05.58E758E7466BA; KT8092-6.WA06.58E758E7466BA; 403D/ 1  /t 1   ,2:8a74794c0a1edbddaf02ebe44749a2c1; 2:ef7249cb00d664079faa9bd986cc7b84,00:00:00:00:100/1,00:00:42:48:100/1,Avid MediaFiles/MXF/AVID2.1 20170405/KT8092-5.WA05.58E758E7466BA.mxf; Avid MediaFiles/MXF/AVID2.1 20170405/KT8092-6.WA06.58E758E7466BA.mxf
27,KT8091_1.WA01.58E758E74669A; KT8091_2.WA02.58E758E74669A; KT8091_3.WA03.58E758E74669A; KT8091_7.WA07.58E758E74669A; KT8091_8.WA08.58E758E74669A; 403C/ 1  /t 3   ,2:9f23ef987e9dc8e1ce72324502180caa; 2:ea73c176fd7de1fb8924cb7d28d61541; 2:4e86a342236df2c07410e165d71b0ce4; 2:0cdbd8183775c893e9c73230dbba54c7; 2:f8d6dbc56e2366a0d38cb717492da5bd,00:00:00:00:100/1,00:01:36:12:100/1,Avid MediaFiles/MXF/AVID2.1 20170405/KT8091_1.WA01.58E758E74669A.mxf; Avid MediaFiles/MXF/AVID2.1 20170405/KT8091_2.WA02.58E758E74669A.mxf; Avid MediaFiles/MXF/AVID2.1 20170405/KT8091_3.WA03.58E758E74669A.mxf; Avid MediaFiles/MXF/AVID2.1 20170405/KT8091_7.WA07.58E758E74669A.mxf; Avid MediaFiles/MXF/AVID2.1 20170405/KT8091_8.WA08.58E758E74669A.mxf
28,KT8092_1.WA01.58E758E7466BA; KT8092_2.WA02.58E758E7466BA; KT8092_3.WA03.58E758E7466BA; KT8092_7.WA07.58E758E7466BA; KT8092_8.WA08.58E758E7466BA; 403D/ 1  /t 1   ,2:5bb5f2e6d1cf3f68d80caaa92a25a903; 2:06c88c067741e584dade0ecb7340425a; 2:84989475c62b301e245b796244a5265f; 2:04f3ba73c658c110d07384cf43dd7335; 2:bda894b3a3dcb4f4e23dda199b8100ae,00:00:00:00:100/1,00:00:42:48:100/1,Avid MediaFiles/MXF/AVID2.1 20170405/KT8092_1.WA01.58E758E7466BA.mxf; Avid MediaFiles/MXF/AVID2.1 20170405/KT8092_2.WA02.58E758E7466BA.mxf; Avid MediaFiles/MXF/AVID2.1 20170405/KT8092_3.WA03.58E758E7466BA.mxf; Avid MediaFiles/MXF/AVID2.1 20170405/KT8092_7.WA07.58E758E7466BA.mxf; Avid MediaFiles/MXF/AVID2.1 20170405/KT8092_8.WA08.58E758E7466BA.mxf
29,KT8093-5.WA05.58E758E7466CA; KT8093-6.WA06.58E758E7466CA; 403D/ 1  /t 2   ,2:9f269de45201025056b4c2fee0cd6778; 2:f442d8ee0c1824b6fff674780b0d034b,00:00:00:00:100/1,00:01:29:68:100/1,Avid MediaFiles/MXF/AVID2.1 20170405/KT8093-5.WA05.58E758E7466CA.mxf; Avid MediaFiles/MXF/AVID2.1 20170405/KT8093-6.WA06.58E758E7466CA.mxf
30,KT8093_1.WA01.58E758E7466DA; KT8093_2.WA02.58E758E7466DA; KT8093_3.WA03.58E758E7466EA; KT8093_7.WA07.58E758E7466EA; KT8093_8.WA08.58E758E7466EA; 403D/ 1  /t 2   ,2:0bc4e0e058ba8adfb0bb413f7b811780; 2:c87b90c6de75a51bab8fbd001cf97257; 2:ba3955fc88ff11bac10cd54d57f184ac; 2:ba6bfec9cdc770b212e0f39e0bcc7ba5; 2:c4f51eb8f2e42c825c8135184bb56a4b,00:00:00:00:100/1,00:01:29:68:100/1,Avid MediaFiles/MXF/AVID2.1 20170405/KT8093_1.WA01.58E758E7466DA.mxf; Avid MediaFiles/MXF/AVID2.1 20170405/KT8093_2.WA02.58E758E7466DA.mxf; Avid MediaFiles/MXF/AVID2.1 20170405/KT8093_3.WA03.58E758E7466EA.mxf; Avid MediaFiles/MXF/AVID2.1 20170405/KT8093_7.WA07.58E758E7466EA.mxf; Avid MediaFiles/MXF/AVID2.1 20170405/KT8093_8.WA08.58E758E7466EA.mxf
31,KT8094-5.WA05.58E758E7466FA; KT8094-6.WA06.58E758E7466FA; 403D/ 1  /t 3   ,2:7823537692456b8c671decd80925cac8; 2:13e8531536bdf0a2424493c2d007def7,00:00:00:00:100/1,00:01:30:44:100/1,Avid MediaFiles/MXF/AVID2.1 20170405/KT8094-5.WA05.58E758E7466FA.mxf; Avid MediaFiles/MXF/AVID2.1 20170405/KT8094-6.WA06.58E758E7466FA.mxf
32,KT8094_1.WA01.58E758E74670A; KT8094_2.WA02.58E758E74670A; KT8094_3.WA03.58E758E74670A; KT8094_7.WA07.58E758E74670A; KT8094_8.WA08.58E758E74670A; 403D/ 1  /t 3   ,2:e5c7347fd5fcff6cf76e01f79c090f9a; 2:a8a3abca6b08d008bcce35e4e954b9b6; 2:82c8ca0c3b9c8d1a32154dbc9108e57f; 2:d637aa18636af60aa7666ae66aec4d55; 2:2f9304297dd250dee41b400eadbcf7a7,00:00:00:00:100/1,00:01:30:44:100/1,Avid MediaFiles/MXF/AVID2.1 20170405/KT8094_1.WA01.58E758E74670A.mxf; Avid MediaFiles/MXF/AVID2.1 20170405/KT8094_2.WA02.58E758E74670A.mxf; Avid MediaFiles/MXF/AVID2.1 20170405/KT8094_3.WA03.58E758E74670A.mxf; Avid MediaFiles/MXF/AVID2.1 20170405/KT8094_7.WA07.58E758E74670A.mxf; Avid MediaFiles/MXF/AVID2.1 20170405/KT8094_8.WA08.58E758E74670A.mxf
33,KT8095-5.WA05.58E758E74672A; KT8095-6.WA06.58E758E74672A; 403D/ 1  /t 4   ,2:77925771dd22f62ceac21ce4ab14bcb4; 2:0a6b701b396f9db2de5513e16f677f04,00:00:00:00:100/1,00:00:58:88:100/1,Avid MediaFiles/MXF/AVID2.1 20170405/KT8095-5.WA05.58E758E74672A.mxf; Avid MediaFiles/MXF/AVID2.1 20170405/KT8095-6.WA06.58E758E74672A.mxf
34,KT8095_1.WA01.58E758E74673A; KT8095_2.WA02.58E758E74673A; KT8095_3.WA03.58E758E74673A; KT8095_7.WA07.58E758E74673A; KT8095_8.WA08.58E758E74673A; 403D/ 1  /t 4   ,2:165e3576b019c937fc4d7b5c1830f9d3; 2:0e13f076a46cc3e9c01e7a72e605c4fa; 2:07d2239fe290aec11df8b56edc54f197; 2:791a9b7f7afd4bc96c60ad6495c0a9e9; 2:d544cf1ff9db01b3a92c6500699114ab,00:00:00:00:100/1,00:00:58:88:100/1,Avid MediaFiles/MXF/AVID2.1 20170405/KT8095_1.WA01.58E758E74673A.mxf; Avid MediaFiles/MXF/AVID2.1 20170405/KT8095_2.WA02.58E758E74673A.mxf; Avid MediaFiles/MXF/AVID2.1 20170405/KT8095_3.WA03.58E758E74673A.mxf; Avid MediaFiles/MXF/AVID2.1 20170405/KT8095_7.WA07.58E758E74673A.mxf; Avid MediaFiles/MXF/AVID2.1 20170405/KT8095_8.WA08.58E758E74673A.mxf
35,KT8096-5.WA05.58E758E74674A; KT8096-6.WA06.58E758E74674A; 403D/ 1  /t 5   ,2:76b55092ace774bbc698f33f324e1135; 2:d6079c22b866a166b51bfab7fbe1359d,00:00:00:00:100/1,00:00:51:88:100/1,Avid MediaFiles/MXF/AVID2.1 20170405/KT8096-5.WA05.58E758E74674A.mxf; Avid MediaFiles/MXF/AVID2.1 20170405/KT8096-6.WA06.58E758E74674A.mxf
36,KT8096_1.WA01.58E758E74675A; KT8096_2.WA02.58E758E74675A; KT8096_3.WA03.58E758E74675A; KT8096_7.WA07.58E758E74675A; KT8096_8.WA08.58E758E74675A; 403D/ 1  /t 5   ,2:b8802f9d2a4a2a46b259e9d563ff80bf; 2:ef5c7e4b0467c619bfbd1a2deed03eb1; 2:500dedf35711b938e378faf16bbce8a0; 2:5d486f4157c08b5bc58bb217918ab6a0; 2:ee16de2e31aa31d0f6a6638af4a9845c,00:00:00:00:100/1,00:00:51:88:100/1,Avid MediaFiles/MXF/AVID2.1 20170405/KT8096_1.WA01.58E758E74675A.mxf; Avid MediaFiles/MXF/AVID2.1 20170405/KT8096_2.WA02.58E758E74675A.mxf; Avid MediaFiles/MXF/AVID2.1 20170405/KT8096_3.WA03.58E758E74675A.mxf; Avid MediaFiles/MXF/AVID2.1 20170405/KT8096_7.WA07.58E758E74675A.mxf; Avid MediaFiles/MXF/AVID2.1 20170405/KT8096_8.WA08.58E758E74675A.mxf
37,KT8097_1.WA01.58E758E74676A; KT8097_2.WA02.58E758E74676A; KT8097_3.WA03.58E758E74676A; KT8097_4.WA04.58E758E74676A; KT8097_7.WA07.58E758E74676A; KT8097_8.WA08.58E758E74676A;     409  /t 1   ,2:edef3c65a5620614e0c817ba21a60937; 2:522742ab4a91dbdaa541acd9d0574bbd; 2:fbc44b7399a1585077a5f24cefb0881f; 2:0a2c3376f155537f0d34b04ba3b4d61f; 2:b49cb5204b92ff5bde5bac50402f3797; 2:433bc0fe3c8e77c149d8fe908f1df999,00:00:00:00:100/1,00:00:59:92:100/1,Avid MediaFiles/MXF/AVID2.1 20170405/KT8097_1.WA01.58E758E74676A.mxf; Avid MediaFiles/MXF/AVID2.1 20170405/KT8097_2.WA02.58E758E74676A.mxf; Avid MediaFiles/MXF/AVID2.1 20170405/KT8097_3.WA03.58E758E74676A.mxf; Avid MediaFiles/MXF/AVID2.1 20170405/KT8097_4.WA04.58E758E74676A.mxf; Avid MediaFiles/MXF/AVID2.1 20170405/KT8097_7.WA07.58E758E74676A.mxf; Avid MediaFiles/MXF/AVID2.1 20170405/KT8097_8.WA08.58E758E74676A.mxf
38,KT8098_1.WA01.58E758E74678A; KT8098_2.WA02.58E758E74678A; KT8098_3.WA03.58E758E74678A; KT8098_4.WA04.58E758E74678A; KT8098_7.WA07.58E758E74678A; KT8098_8.WA08.58E758E74678A;     409  /t 2   ,2:b9dc9dfaf95455bc840b18356e53891e; 2:6086621e693bf4ae97dc25ac0114017f; 2:d865aa5bd329cf0c2f010715faa3219a; 2:6d0431ca331c6dba91ca3cca34b1e4fd; 2:05f60d6c8053d61db26129928de9c9bf; 2:a6ec2a174ffc9efbdb608ec8d178a916,00:00:00:00:100/1,00:00:48:76:100/1,Avid MediaFiles/MXF/AVID2.1 20170405/KT8098_1.WA01.58E758E74678A.mxf; Avid MediaFiles/MXF/AVID2.1 20170405/KT8098_2.WA02.58E758E74678A.mxf; Avid MediaFiles/MXF/AVID2.1 20170405/KT8098_3.WA03.58E758E74678A.mxf; Avid MediaFiles/MXF/AVID2.1 20170405/KT8098_4.WA04.58E758E74678A.mxf; Avid MediaFiles/MXF/AVID2.1 20170405/KT8098_7.WA07.58E758E74678A.mxf; Avid MediaFiles/MXF/AVID2.1 20170405/KT8098_8.WA08.58E758E74678A.mxf
39,KT8099_1.WA01.58E758E7467AA; KT8099_2.WA02.58E758E7467AA; KT8099_3.WA03.58E758E7467AA; KT8099_4.WA04.58E758E7467AA; KT8099_7.WA07.58E758E7467AA; KT8099_8.WA08.58E758E7467AA;     409  /t 3   ,2:890864ae9c063a2e395070a8400ce91d; 2:c4d8dfdff4c31c4335d705797b08a83c; 2:a7e3b9bc54ab9d36ba779a6e790fd1f2; 2:0d178b8967d4599d40b91053f48cfadc; 2:ccc05e9f79e36c5ec8e00cab7f0cda4d; 2:71b3b2533c8cc43115d13b334b9dc27b,00:00:00:00:100/1,00:01:04:48:100/1,Avid MediaFiles/MXF/AVID2.1 20170405/KT8099_1.WA01.58E758E7467AA.mxf; Avid MediaFiles/MXF/AVID2.1 20170405/KT8099_2.WA02.58E758E7467AA.mxf; Avid MediaFiles/MXF/AVID2.1 20170405/KT8099_3.WA03.58E758E7467AA.mxf; Avid MediaFiles/MXF/AVID2.1 20170405/KT8099_4.WA04.58E758E7467AA.mxf; Avid MediaFiles/MXF/AVID2.1 20170405/KT8099_7.WA07.58E758E7467AA.mxf; Avid MediaFiles/MXF/AVID2.1 20170405/KT8099_8.WA08.58E758E7467AA.mxf
40,KT8100_1.WA01.58E758E7467CA; KT8100_2.WA02.58E758E7467CA; KT8100_3.WA03.58E758E7467CA; KT8100_4.WA04.58E758E7467CA; KT8100_7.WA07.58E758E7467CA; KT8100_8.WA08.58E758E7467CA;     409  /t 4   ,2:bcd824cc842a3e5874f5a2f7fcbc800d; 2:149a2849220ed20cb9c98a908ea347ff; 2:1d403ef3f541ee5460698d598e3a67ba; 2:e51740da653d6345c25a59aeadfd5393; 2:477f9b7704036871240b572eee53890e; 2:5191f74417f005b8a529faf79bce8f81,00:00:00:00:100/1,00:01:06:20:100/1,Avid MediaFiles/MXF/AVID2.1 20170405/KT8100_1.WA01.58E758E7467CA.mxf; Avid MediaFiles/MXF/AVID2.1 20170405/KT8100_2.WA02.58E758E7467CA.mxf; Avid MediaFiles/MXF/AVID2.1 20170405/KT8100_3.WA03.58E758E7467CA.mxf; Avid MediaFiles/MXF/AVID2.1 20170405/KT8100_4.WA04.58E758E7467CA.mxf; Avid MediaFiles/MXF/AVID2.1 20170405/KT8100_7.WA07.58E758E7467CA.mxf; Avid MediaFiles/MXF/AVID2.1 20170405/KT8100_8.WA08.58E758E7467CA.mxf
41,KT8101_1.WA01.58E758E7467DA; KT8101_2.WA02.58E758E7467DA; KT8101_3.WA03.58E758E7467DA; KT8101_4.WA04.58E758E7467DA; KT8101_7.WA07.58E758E7467DA; KT8101_8.WA08.58E758E7467DA;     409  /t 5   ,2:6bb560a1ac831f92107c5f6e8f47acd0; 2:75de6ed8c5beae2a74fdb2d40ead3ebd; 2:2715be56a69c34aa0a314cce86ab0c82; 2:707634b13f5354a9ee0ee734c8b0e48d; 2:484a90f2ef5402dc3142f5c9c06e6b2e; 2:2333bad97af07f1788fd3b0007e64a12,00:00:00:00:100/1,00:01:06:16:100/1,Avid MediaFiles/MXF/AVID2.1 20170405/KT8101_1.WA01.58E758E7467DA.mxf; Avid MediaFiles/MXF/AVID2.1 20170405/KT8101_2.WA02.58E758E7467DA.mxf; Avid MediaFiles/MXF/AVID2.1 20170405/KT8101_3.WA03.58E758E7467DA.mxf; Avid MediaFiles/MXF/AVID2.1 20170405/KT8101_4.WA04.58E758E7467DA.mxf; Avid MediaFiles/MXF/AVID2.1 20170405/KT8101_7.WA07.58E758E7467DA.mxf; Avid MediaFiles/MXF/AVID2.1 20170405/KT8101_8.WA08.58E758E7467DA.mxf
42,KT8102_1.WA01.58E758E7467FA; KT8102_2.WA02.58E758E7467FA; KT8102_3.WA03.58E758E7467FA; KT8102_4.WA04.58E758E7467FA; KT8102_7.WA07.58E758E7467FA; KT8102_8.WA08.58E758E7467FA;     409  /t 6   ,2:1b668cf4accc92bb4d7f666a28ba152f; 2:c5f4fdb172ed963d9a5a5b8cafb16f6f; 2:aa84b81b943635dbd66861924a63eff3; 2:f1b798a619f836c8facf9a1eca6f4743; 2:0bcf2e1fb2d791c451aad8267c9a5286; 2:5a384b48c22bf35d4e6fda3eb45c39ab,00:00:00:00:100/1,00:01:05:60:100/1,Avid MediaFiles/MXF/AVID2.1 20170405/KT8102_1.WA01.58E758E7467FA.mxf; Avid MediaFiles/MXF/AVID2.1 20170405/KT8102_2.WA02.58E758E7467FA.mxf; Avid MediaFiles/MXF/AVID2.1 20170405/KT8102_3.WA03.58E758E7467FA.mxf; Avid MediaFiles/MXF/AVID2.1 20170405/KT8102_4.WA04.58E758E7467FA.mxf; Avid MediaFiles/MXF/AVID2.1 20170405/KT8102_7.WA07.58E758E7467FA.mxf; Avid MediaFiles/MXF/AVID2.1 20170405/KT8102_8.WA08.58E758E7467FA.mxf
43,KT8104_1.WA01.58E758E74681A; KT8104_2.WA02.58E758E74681A; KT8104_3.WA03.58E758E74681A; KT8104_4.WA04.58E758E74681A; KT8104_7.WA07.58E758E74681A; KT8104_8.WA08.58E758E74681A;     409A /t 1   ,2:b052d5dc31f62f5676b6014f7bff7a4c; 2:7132463e39811785ca3671e72a96f2ab; 2:a1232d9347d0e8a39ee14fa0d2bcc854; 2:852118b4703d16d514a5c40372073460; 2:86eb8745440ba1df10acb75c5735c0dc; 2:d6de7c81bca541f127f6ad7040e893a9,00:00:00:00:100/1,00:01:05:44:100/1,Avid MediaFiles/MXF/AVID2.1 20170405/KT8104_1.WA01.58E758E74681A.mxf; Avid MediaFiles/MXF/AVID2.1 20170405/KT8104_2.WA02.58E758E74681A.mxf; Avid MediaFiles/MXF/AVID2.1 20170405/KT8104_3.WA03.58E758E74681A.mxf; Avid MediaFiles/MXF/AVID2.1 20170405/KT8104_4.WA04.58E758E74681A.mxf; Avid MediaFiles/MXF/AVID2.1 20170405/KT8104_7.WA07.58E758E74681A.mxf; Avid MediaFiles/MXF/AVID2.1 20170405/KT8104_8.WA08.58E758E74681A.mxf
44,KT8106_1.WA01.58E758E74685A; KT8106_2.WA02.58E758E74685A; KT8106_3.WA03.58E758E74685A; KT8106_7.WA07.58E758E74685A; KT8106_8.WA08.58E758E74685A;     409A /t 3   ,2:ead3b8891dca9a6697010883dec48566; 2:9d080c75588effcd14bd28af0ba8cd91; 2:107122fea161d79f116050513e5b37d4; 2:4587037082a86c18a527dcf8f6c3c2a0; 2:2a72be8914eb708067eb6375cecde755,00:00:00:00:100/1,00:01:20:32:100/1,Avid MediaFiles/MXF/AVID2.1 20170405/KT8106_1.WA01.58E758E74685A.mxf; Avid MediaFiles/MXF/AVID2.1 20170405/KT8106_2.WA02.58E758E74685A.mxf; Avid MediaFiles/MXF/AVID2.1 20170405/KT8106_3.WA03.58E758E74685A.mxf; Avid MediaFiles/MXF/AVID2.1 20170405/KT8106_7.WA07.58E758E74685A.mxf; Avid MediaFiles/MXF/AVID2.1 20170405/KT8106_8.WA08.58E758E74685A.mxf
45,KT8105_1.WA01.58E758E74683A; KT8105_2.WA02.58E758E74683A; KT8105_3.WA03.58E758E74683A; KT8105_7.WA07.58E758E74683A; KT8105_8.WA08.58E758E74683A;     409A /t 2   ,2:7487cf2b81a4ad800e8c577a92396146; 2:54604b7b6becdb444b3ab11735640748; 2:8ad6b307d154fc5d4600bdf286f8ed1a; 2:8a56b98bd752eabfefb3cbbf0df07f7c; 2:6343717a76ffae567e9de336012513f1,00:00:00:00:100/1,00:01:07:84:100/1,Avid MediaFiles/MXF/AVID2.1 20170405/KT8105_1.WA01.58E758E74683A.mxf; Avid MediaFiles/MXF/AVID2.1 20170405/KT8105_2.WA02.58E758E74683A.mxf; Avid MediaFiles/MXF/AVID2.1 20170405/KT8105_3.WA03.58E758E74683A.mxf; Avid MediaFiles/MXF/AVID2.1 20170405/KT8105_7.WA07.58E758E74683A.mxf; Avid MediaFiles/MXF/AVID2.1 20170405/KT8105_8.WA08.58E758E74683A.mxf
46,KT8107_1.WA01.58E758E74689A; KT8107_2.WA02.58E758E74689A; KT8107_3.WA03.58E758E74689A; KT8107_7.WA07.58E758E74689A; KT8107_8.WA08.58E758E74689A;     406  /w 1   ,2:253e03fc9a6b02d05cab76039f71fced; 2:ae719d7caf74ca3f7d3b209b712029d4; 2:f68c0bbed55b364a89b0b9ab0757317c; 2:482ab9cd2558908b9807ab30697d37c4; 2:bd4bcc83486f11a0a8e65606235ba98e,00:00:00:00:100/1,00:00:45:08:100/1,Avid MediaFiles/MXF/AVID2.1 20170405/KT8107_1.WA01.58E758E74689A.mxf; Avid MediaFiles/MXF/AVID2.1 20170405/KT8107_2.WA02.58E758E74689A.mxf; Avid MediaFiles/MXF/AVID2.1 20170405/KT8107_3.WA03.58E758E74689A.mxf; Avid MediaFiles/MXF/AVID2.1 20170405/KT8107_7.WA07.58E758E74689A.mxf; Avid MediaFiles/MXF/AVID2.1 20170405/KT8107_8.WA08.58E758E74689A.mxf
47,KT8108-5.WA05.58E758E7468AA; KT8108-6.WA06.58E758E7468AA;     403  /w 1   ,2:d9b5c024a3753d946ab0fc2a145f1ef9; 2:37e41498b1e6becfa5e65d7b0d93efe8,00:00:00:00:100/1,00:01:43:44:100/1,Avid MediaFiles/MXF/AVID2.1 20170405/KT8108-5.WA05.58E758E7468AA.mxf; Avid MediaFiles/MXF/AVID2.1 20170405/KT8108-6.WA06.58E758E7468AA.mxf
48,KT8108_1.WA01.58E758E7468BA; KT8108_7.WA07.58E758E7468BA; KT8108_8.WA08.58E758E7468BA;     403  /w 1   ,2:bd5373097e04968bc0002830329946ac; 2:5a14507bb83af9a539c27fa876c0c1a0; 2:e63af9bf07405714bf75312e659d3db1,00:00:00:00:100/1,00:01:43:44:100/1,Avid MediaFiles/MXF/AVID2.1 20170405/KT8108_1.WA01.58E758E7468BA.mxf; Avid MediaFiles/MXF/AVID2.1 20170405/KT8108_7.WA07.58E758E7468BA.mxf; Avid MediaFiles/MXF/AVID2.1 20170405/KT8108_8.WA08.58E758E7468BA.mxf
49,KT8109_1.WA01.58E758E7468CA; KT8109_2.WA02.58E758E7468CA; KT8109_3.WA03.58E758E7468CA; KT8109_7.WA07.58E758E7468CA; KT8109_8.WA08.58E758E7468CA;     425  /t 1   ,2:3137e1eddb32c785c6ab25d35b8b153b; 2:911e5aa6c923fb91cc18b839154dfc18; 2:9dccf2510a922d514558ea61efbceaa0; 2:12f13ec197e098541772228fe2a05681; 2:64a0e9f9057fb37482a46c97b8a9450e,00:00:00:00:100/1,00:01:26:04:100/1,Avid MediaFiles/MXF/AVID2.1 20170405/KT8109_1.WA01.58E758E7468CA.mxf; Avid MediaFiles/MXF/AVID2.1 20170405/KT8109_2.WA02.58E758E7468CA.mxf; Avid MediaFiles/MXF/AVID2.1 20170405/KT8109_3.WA03.58E758E7468CA.mxf; Avid MediaFiles/MXF/AVID2.1 20170405/KT8109_7.WA07.58E758E7468CA.mxf; Avid MediaFiles/MXF/AVID2.1 20170405/KT8109_8.WA08.58E758E7468CA.mxf
50,KT8110_1.WA01.58E758E7468EA; KT8110_2.WA02.58E758E7468EA; KT8110_3.WA03.58E758E7468EA; KT8110_7.WA07.58E758E7468EA; KT8110_8.WA08.58E758E7468EA;     425  /t 2   ,2:f51e2e78a64d0d51b55e6612d0409692; 2:a8504297ec4538d54a3993b41d45c224; 2:ad10080ac3842c480b731e56131ef53f; 2:50da8ef840fbb16e4e563b13a1dc1a39; 2:38929def7f7c5fd3b1b4039ff9da1119,00:00:00:00:100/1,00:01:28:68:100/1,Avid MediaFiles/MXF/AVID2.1 20170405/KT8110_1.WA01.58E758E7468EA.mxf; Avid MediaFiles/MXF/AVID2.1 20170405/KT8110_2.WA02.58E758E7468EA.mxf; Avid MediaFiles/MXF/AVID2.1 20170405/KT8110_3.WA03.58E758E7468EA.mxf; Avid MediaFiles/MXF/AVID2.1 20170405/KT8110_7.WA07.58E758E7468EA.mxf; Avid MediaFiles/MXF/AVID2.1 20170405/KT8110_8.WA08.58E758E7468EA.mxf
51,KT8111_1.WA01.58E758E74690A; KT8111_2.WA02.58E758E74690A; KT8111_3.WA03.58E758E74690A; KT8111_7.WA07.58E758E74690A; KT8111_8.WA08.58E758E74690A;     425  /t 3   ,2:8c88b68ca50f68e0567af0fe5ff661f2; 2:69d5bef1c2c99f42d5fbde45363b3d71; 2:db2802681d95ef3d6be35aba76d71776; 2:41db3ee12b96f65e4e3aed14f3f9ffd4; 2:c04789515af1ab9a048e99562baad53e,00:00:00:00:100/1,00:01:33:12:100/1,Avid MediaFiles/MXF/AVID2.1 20170405/KT8111_1.WA01.58E758E74690A.mxf; Avid MediaFiles/MXF/AVID2.1 20170405/KT8111_2.WA02.58E758E74690A.mxf; Avid MediaFiles/MXF/AVID2.1 20170405/KT8111_3.WA03.58E758E74690A.mxf; Avid MediaFiles/MXF/AVID2.1 20170405/KT8111_7.WA07.58E758E74690A.mxf; Avid MediaFiles/MXF/AVID2.1 20170405/KT8111_8.WA08.58E758E74690A.mxf
52,KT8112_1.WA01.58E758E74692A; KT8112_2.WA02.58E758E74692A; KT8112_3.WA03.58E758E74692A; KT8112_7.WA07.58E758E74692A; KT8112_8.WA08.58E758E74692A;     425  /t 4   ,2:e958865dc2373dc965579c6ff0f285ec; 2:e0ba9866209678299c51cb7ff7d43840; 2:4332da2ce603e97501adb98a5118b4ab; 2:379773457ffa72441715b69b3c02dd70; 2:b236193291249f856a2883922156d9a3,00:00:00:00:100/1,00:00:33:08:100/1,Avid MediaFiles/MXF/AVID2.1 20170405/KT8112_1.WA01.58E758E74692A.mxf; Avid MediaFiles/MXF/AVID2.1 20170405/KT8112_2.WA02.58E758E74692A.mxf; Avid MediaFiles/MXF/AVID2.1 20170405/KT8112_3.WA03.58E758E74692A.mxf; Avid MediaFiles/MXF/AVID2.1 20170405/KT8112_7.WA07.58E758E74692A.mxf; Avid MediaFiles/MXF/AVID2.1 20170405/KT8112_8.WA08.58E758E74692A.mxf
53,KT8113_1.WA01.58E758E74693A; KT8113_2.WA02.58E758E74693A; KT8113_3.WA03.58E758E74693A; KT8113_7.WA07.58E758E74693A; KT8113_8.WA08.58E758E74693A;     425  /t 5   ,2:11e0fbaad1d723cbb584c3cf5b72bc72; 2:a843b5aa3c51edcb4eddbbf2afc4857d; 2:219d3f1bc376bc1489caaeb7c67c6805; 2:ed38a98684d6d1d581972d365b19a56e; 2:684bab50b08948465c2c2e863d2dfb3a,00:00:00:00:100/1,00:01:35:68:100/1,Avid MediaFiles/MXF/AVID2.1 20170405/KT8113_1.WA01.58E758E74693A.mxf; Avid MediaFiles/MXF/AVID2.1 20170405/KT8113_2.WA02.58E758E74693A.mxf; Avid MediaFiles/MXF/AVID2.1 20170405/KT8113_3.WA03.58E758E74693A.mxf; Avid MediaFiles/MXF/AVID2.1 20170405/KT8113_7.WA07.58E758E74693A.mxf; Avid MediaFiles/MXF/AVID2.1 20170405/KT8113_8.WA08.58E758E74693A.mxf
54,KT8114_1.WA01.58E758E74697A; KT8114_2.WA02.58E758E74697A; KT8114_3.WA03.58E758E74697A; KT8114_7.WA07.58E758E74697A; KT8114_8.WA08.58E758E74697A;     425  /t 6   ,2:ac9a71355fee5a937bf291ef0341016d; 2:2f0cb596328a863b5776af8733228208; 2:ed8fb341cbf43328d9fd60753ac7df54; 2:0b70aa0cd1629e6c70dec11a0deaa809; 2:d457518bef35204f1b532072c6fe42ec,00:00:00:00:100/1,00:01:24:32:100/1,Avid MediaFiles/MXF/AVID2.1 20170405/KT8114_1.WA01.58E758E74697A.mxf; Avid MediaFiles/MXF/AVID2.1 20170405/KT8114_2.WA02.58E758E74697A.mxf; Avid MediaFiles/MXF/AVID2.1 20170405/KT8114_3.WA03.58E758E74697A.mxf; Avid MediaFiles/MXF/AVID2.1 20170405/KT8114_7.WA07.58E758E74697A.mxf; Avid MediaFiles/MXF/AVID2.1 20170405/KT8114_8.WA08.58E758E74697A.mxf
55,KT8115_1.WA01.58E758E74699A; KT8115_2.WA02.58E758E74699A; KT8115_3.WA03.58E758E74699A; KT8115_7.WA07.58E758E74699A; KT8115_8.WA08.58E758E74699A;     425A /t 1   ,2:1af90cb76cb196024f7d8398747d3ec8; 2:f152c2fecb190ab4bd2773191e1ce2b3; 2:0e3bad9e23ffbe00eefeab582b7583a9; 2:32402205ca1a09c1dbbfdfe9f532aa63; 2:884d6293cb97a85d879b5b8ecb8b16b0,00:00:00:00:100/1,00:01:36:16:100/1,Avid MediaFiles/MXF/AVID2.1 20170405/KT8115_1.WA01.58E758E74699A.mxf; Avid MediaFiles/MXF/AVID2.1 20170405/KT8115_2.WA02.58E758E74699A.mxf; Avid MediaFiles/MXF/AVID2.1 20170405/KT8115_3.WA03.58E758E74699A.mxf; Avid MediaFiles/MXF/AVID2.1 20170405/KT8115_7.WA07.58E758E74699A.mxf; Avid MediaFiles/MXF/AVID2.1 20170405/KT8115_8.WA08.58E758E74699A.mxf
56,KT8116_1.WA01.58E758E7469BA; KT8116_2.WA02.58E758E7469BA; KT8116_3.WA03.58E758E7469BA; KT8116_7.WA07.58E758E7469BA; KT8116_8.WA08.58E758E7469BA;     425A /t 2   ,2:40e542db7461421ab8b7ab454104a0b2; 2:b7b1d02b79c841671959d5e50ad378be; 2:83895f7f8e5588e07a8f23021134489b; 2:1c2b637ae9ac33fb62e5df2af116ea97; 2:19043edd28e8afca24f0a0760b539c7b,00:00:00:00:100/1,00:01:35:80:100/1,Avid MediaFiles/MXF/AVID2.1 20170405/KT8116_1.WA01.58E758E7469BA.mxf; Avid MediaFiles/MXF/AVID2.1 20170405/KT8116_2.WA02.58E758E7469BA.mxf; Avid MediaFiles/MXF/AVID2.1 20170405/KT8116_3.WA03.58E758E7469BA.mxf; Avid MediaFiles/MXF/AVID2.1 20170405/KT8116_7.WA07.58E758E7469BA.mxf; Avid MediaFiles/MXF/AVID2.1 20170405/KT8116_8.WA08.58E758E7469BA.mxf
57,KT8117_1.WA01.58E758E7469DA; KT8117_2.WA02.58E758E7469DA; KT8117_3.WA03.58E758E7469DA; KT8117_7.WA07.58E758E7469DA; KT8117_8.WA08.58E758E7469DA;     425B /t 1   ,2:8aaf567dfcfe38e2dfac6c41b8290156; 2:3e068bac2991861563e77e34e6b25c2d; 2:2bf683effbee53c9da332050e1433403; 2:02629dde0b06955dc9d3dc16b161ceb0; 2:c67adc1c59e4d21afe6d4e8c5f134672,00:00:00:00:100/1,00:01:52:88:100/1,Avid MediaFiles/MXF/AVID2.1 20170405/KT8117_1.WA01.58E758E7469DA.mxf; Avid MediaFiles/MXF/AVID2.1 20170405/KT8117_2.WA02.58E758E7469DA.mxf; Avid MediaFiles/MXF/AVID2.1 20170405/KT8117_3.WA03.58E758E7469DA.mxf; Avid MediaFiles/MXF/AVID2.1 20170405/KT8117_7.WA07.58E758E7469DA.mxf; Avid MediaFiles/MXF/AVID2.1 20170405/KT8117_8.WA08.58E758E7469DA.mxf
58,KT8118_1.WA01.58E758E7469FA; KT8118_2.WA02.58E758E7469FA; KT8118_3.WA03.58E758E7469FA; KT8118_7.WA07.58E758E7469FA; KT8118_8.WA08.58E758E7469FA;     425B /t 2   ,2:48ad12dbe6178bd3a3d092b7477e9f78; 2:0f277df5ccfa722c00c54ff44b238ca4; 2:1d2019ea32d0b5abdaa1c7eba3cc4542; 2:050799ec693fb170bcd1d6cdfaed3a9f; 2:2c16c44e3cf7e5057a414bc41bad9170,00:00:00:00:100/1,00:00:43:80:100/1,Avid MediaFiles/MXF/AVID2.1 20170405/KT8118_1.WA01.58E758E7469FA.mxf; Avid MediaFiles/MXF/AVID2.1 20170405/KT8118_2.WA02.58E758E7469FA.mxf; Avid MediaFiles/MXF/AVID2.1 20170405/KT8118_3.WA03.58E758E7469FA.mxf; Avid MediaFiles/MXF/AVID2.1 20170405/KT8118_7.WA07.58E758E7469FA.mxf; Avid MediaFiles/MXF/AVID2.1 20170405/KT8118_8.WA08.58E758E7469FA.mxf
59,KT8119_1.WA01.58E758E746A0A; KT8119_2.WA02.58E758E746A0A; KT8119_3.WA03.58E758E746A0A; KT8119_7.WA07.58E758E746A0A; KT8119_8.WA08.58E758E746A0A;     425C /t 1   ,2:03fa885b05fcf65c7cca9b6fa9f1ea10; 2:3d506bb74cbe0146637381a532cf98ad; 2:15231742c363e5eb34cd21049813ebfe; 2:f407507b6021ab3979d7558b5e71c9c7; 2:242d621fd5cd66c08d91d2e23c3a9db9,00:00:00:00:100/1,00:01:23:00:100/1,Avid MediaFiles/MXF/AVID2.1 20170405/KT8119_1.WA01.58E758E746A0A.mxf; Avid MediaFiles/MXF/AVID2.1 20170405/KT8119_2.WA02.58E758E746A0A.mxf; Avid MediaFiles/MXF/AVID2.1 20170405/KT8119_3.WA03.58E758E746A0A.mxf; Avid MediaFiles/MXF/AVID2.1 20170405/KT8119_7.WA07.58E758E746A0A.mxf; Avid MediaFiles/MXF/AVID2.1 20170405/KT8119_8.WA08.58E758E746A0A.mxf
60,KT8120_1.WA01.58E758E746A2A; KT8120_2.WA02.58E758E746A2A; KT8120_3.WA03.58E758E746A2A; KT8120_7.WA07.58E758E746A2A; KT8120_8.WA08.58E758E746A2A;     425C /t 2   ,2:37e26f1e4b308f101fafbc68a002d921; 2:d6598691252d94e2d922c79a2c42066b; 2:e39beb2b6f09f58481a44b7898af9e07; 2:c37daf3a5a7ddaeb414549a5f6496ae4; 2:e8353fb8b4df731d5bd16b0d629737d7,00:00:00:00:100/1,00:01:28:60:100/1,Avid MediaFiles/MXF/AVID2.1 20170405/KT8120_1.WA01.58E758E746A2A.mxf; Avid MediaFiles/MXF/AVID2.1 20170405/KT8120_2.WA02.58E758E746A2A.mxf; Avid MediaFiles/MXF/AVID2.1 20170405/KT8120_3.WA03.58E758E746A2A.mxf; Avid MediaFiles/MXF/AVID2.1 20170405/KT8120_7.WA07.58E758E746A2A.mxf; Avid MediaFiles/MXF/AVID2.1 20170405/KT8120_8.WA08.58E758E746A2A.mxf
61,KT8122_1.WA01.58E758E746A6A; KT8122_2.WA02.58E758E746A6A; KT8122_3.WA03.58E758E746A6A; KT8122_7.WA07.58E758E746A6A; KT8122_8.WA08.58E758E746A6A;     425C /t 4   ,2:6e5e875f870d50df87208ce19cad3292; 2:3d1546a574e30f434263753e335d368a; 2:45b6f5a13013999cb33266781e03d0de; 2:777704aa9b28d299391ff64cd1d57ac7; 2:c4fd21566e7548d8c5ade36b5f0df7bf,00:00:00:00:100/1,00:01:03:80:100/1,Avid MediaFiles/MXF/AVID2.1 20170405/KT8122_1.WA01.58E758E746A6A.mxf; Avid MediaFiles/MXF/AVID2.1 20170405/KT8122_2.WA02.58E758E746A6A.mxf; Avid MediaFiles/MXF/AVID2.1 20170405/KT8122_3.WA03.58E758E746A6A.mxf; Avid MediaFiles/MXF/AVID2.1 20170405/KT8122_7.WA07.58E758E746A6A.mxf; Avid MediaFiles/MXF/AVID2.1 20170405/KT8122_8.WA08.58E758E746A6A.mxf
62,KT8123_1.WA01.58E758E746A8A; KT8123_2.WA02.58E758E746A8A; KT8123_7.WA07.58E758E746A8A; KT8123_8.WA08.58E758E746A8A;     406  /t 1   ,2:d253ee8c1aae8b3db6d27d86aea2e1f1; 2:db883cd5717707ac4e59593f023b05a3; 2:5f9d51a7a8371de3cb835b721d0aeb26; 2:4cb9b692daf3da4d7e86a625e6bae3d5,00:00:00:00:100/1,00:01:30:92:100/1,Avid MediaFiles/MXF/AVID2.1 20170405/KT8123_1.WA01.58E758E746A8A.mxf; Avid MediaFiles/MXF/AVID2.1 20170405/KT8123_2.WA02.58E758E746A8A.mxf; Avid MediaFiles/MXF/AVID2.1 20170405/KT8123_7.WA07.58E758E746A8A.mxf; Avid MediaFiles/MXF/AVID2.1 20170405/KT8123_8.WA08.58E758E746A8A.mxf
63,KT8121_1.WA01.58E758E746A4A; KT8121_2.WA02.58E758E746A4A; KT8121_3.WA03.58E758E746A4A; KT8121_7.WA07.58E758E746A4A; KT8121_8.WA08.58E758E746A4A;     425C /t 3   ,2:94566c37ab6d8ed789140be758602acb; 2:f117c584478fc37b0d5b62433d850b55; 2:bbefcd898dcec4a5e9ef95e55eaa95c7; 2:83638e9e74f0b9620728dfd8704bc3b3; 2:e853343640ca234cb03e58f3dd2b7400,00:00:00:00:100/1,00:01:33:16:100/1,Avid MediaFiles/MXF/AVID2.1 20170405/KT8121_1.WA01.58E758E746A4A.mxf; Avid MediaFiles/MXF/AVID2.1 20170405/KT8121_2.WA02.58E758E746A4A.mxf; Avid MediaFiles/MXF/AVID2.1 20170405/KT8121_3.WA03.58E758E746A4A.mxf; Avid MediaFiles/MXF/AVID2.1 20170405/KT8121_7.WA07.58E758E746A4A.mxf; Avid MediaFiles/MXF/AVID2.1 20170405/KT8121_8.WA08.58E758E746A4A.mxf
64,KT8124_1.WA01.58E758E746A9A; KT8124_2.WA02.58E758E746A9A; KT8124_7.WA07.58E758E746A9A; KT8124_8.WA08.58E758E746A9A;     406  /t 2   ,2:08024952d6d83953919c8a0793db3215; 2:1e94a560bc53d2a05bf81becca042e86; 2:26cfa5891da130990b7d7357623e3fb1; 2:492b8d60b781d200d15928dff9113f8b,00:00:00:00:100/1,00:01:07:24:100/1,Avid MediaFiles/MXF/AVID2.1 20170405/KT8124_1.WA01.58E758E746A9A.mxf; Avid MediaFiles/MXF/AVID2.1 20170405/KT8124_2.WA02.58E758E746A9A.mxf; Avid MediaFiles/MXF/AVID2.1 20170405/KT8124_7.WA07.58E758E746A9A.mxf; Avid MediaFiles/MXF/AVID2.1 20170405/KT8124_8.WA08.58E758E746A9A.mxf
65,KT8125_1.WA01.58E758E746ABA; KT8125_2.WA02.58E758E746ABA; KT8125_3.WA03.58E758E746ABA; KT8125_7.WA07.58E758E746ABA; KT8125_8.WA08.58E758E746ABA;     406  /t 3   ,2:71845180db4273b0819c48d3a4b6eb6c; 2:11e8f90eea9da0fdbb1d5b2fdaf8f788; 2:caf1522becdeae8920b5894c03ea76cf; 2:a4dc2a4b5c92581c4082229864ece90d; 2:77126ea74b8732d44531d2b34c1e3595,00:00:00:00:100/1,00:00:37:04:100/1,Avid MediaFiles/MXF/AVID2.1 20170405/KT8125_1.WA01.58E758E746ABA.mxf; Avid MediaFiles/MXF/AVID2.1 20170405/KT8125_2.WA02.58E758E746ABA.mxf; Avid MediaFiles/MXF/AVID2.1 20170405/KT8125_3.WA03.58E758E746ABA.mxf; Avid MediaFiles/MXF/AVID2.1 20170405/KT8125_7.WA07.58E758E746ABA.mxf; Avid MediaFiles/MXF/AVID2.1 20170405/KT8125_8.WA08.58E758E746ABA.mxf
66,KT8126_1.WA01.58E758E746ACA; KT8126_2.WA02.58E758E746ACA; KT8126_3.WA03.58E758E746ACA; KT8126_7.WA07.58E758E746ACA; KT8126_8.WA08.58E758E746ACA;     406  /t 4   ,2:34737166ed3ded2408d9c4bfbfed6580; 2:7a64c9155a283c7316b035e51c3d86ae; 2:e88bfe4fcaddd0a714af852627986e7c; 2:6b5eef454b78d34f7c0020f85936ce92; 2:79313521a6da7b22a081e426562f5990,00:00:00:00:100/1,00:01:14:64:100/1,Avid MediaFiles/MXF/AVID2.1 20170405/KT8126_1.WA01.58E758E746ACA.mxf; Avid MediaFiles/MXF/AVID2.1 20170405/KT8126_2.WA02.58E758E746ACA.mxf; Avid MediaFiles/MXF/AVID2.1 20170405/KT8126_3.WA03.58E758E746ACA.mxf; Avid MediaFiles/MXF/AVID2.1 20170405/KT8126_7.WA07.58E758E746ACA.mxf; Avid MediaFiles/MXF/AVID2.1 20170405/KT8126_8.WA08.58E758E746ACA.mxf
67,KT8127_1.WA01.58E758E746B0A; KT8127_2.WA02.58E758E746B0A; KT8127_3.WA03.58E758E746B0A; KT8127_7.WA07.58E758E746B0A; KT8127_8.WA08.58E758E746B0A;     406  /t 5   ,2:2c6d94c40ef6f4304f1ddd9451ea7a4c; 2:65585a8e63870327271cc96f8c77eea1; 2:cc99ed151bc89dd228578e00fafa5c2f; 2:7379b9651ba9c2b016b8282eda3130da; 2:f69772f118d664dabbdba1ba93443abb,00:00:00:00:100/1,00:00:42:72:100/1,Avid MediaFiles/MXF/AVID2.1 20170405/KT8127_1.WA01.58E758E746B0A.mxf; Avid MediaFiles/MXF/AVID2.1 20170405/KT8127_2.WA02.58E758E746B0A.mxf; Avid MediaFiles/MXF/AVID2.1 20170405/KT8127_3.WA03.58E758E746B0A.mxf; Avid MediaFiles/MXF/AVID2.1 20170405/KT8127_7.WA07.58E758E746B0A.mxf; Avid MediaFiles/MXF/AVID2.1 20170405/KT8127_8.WA08.58E758E746B0A.mxf
68,KT8128_1.WA01.58E758E746B1A; KT8128_2.WA02.58E758E746B1A; KT8128_3.WA03.58E758E746B1A; KT8128_7.WA07.58E758E746B1A; KT8128_8.WA08.58E758E746B1A;     406  /t 6   ,2:12d0b82f0c497be23b55a2d06e38e816; 2:554c665d7e000ea42506a2389358a8e0; 2:f5727869d3db86c43712c20a8a778788; 2:3a9c6fe01c343d1d2ada0f179519ee62; 2:5a06419c4290dc62045d8af2148308f2,00:00:00:00:100/1,00:01:26:12:100/1,Avid MediaFiles/MXF/AVID2.1 20170405/KT8128_1.WA01.58E758E746B1A.mxf; Avid MediaFiles/MXF/AVID2.1 20170405/KT8128_2.WA02.58E758E746B1A.mxf; Avid MediaFiles/MXF/AVID2.1 20170405/KT8128_3.WA03.58E758E746B1A.mxf; Avid MediaFiles/MXF/AVID2.1 20170405/KT8128_7.WA07.58E758E746B1A.mxf; Avid MediaFiles/MXF/AVID2.1 20170405/KT8128_8.WA08.58E758E746B1A.mxf
69,KT8129_1.WA01.58E758E746B3A; KT8129_2.WA02.58E758E746B3A; KT8129_3.WA03.58E758E746B3A; KT8129_7.WA07.58E758E746B3A; KT8129_8.WA08.58E758E746B3A;     406  /t 7   ,2:81c9257b8ff4beb9ec2a7b0441fdeb22; 2:70aa46e5bb5f353895f874fad7ed5bd6; 2:67897f4820e4fa5b554e49856717745d; 2:cdb282793b019f8e0ab940d97fba1295; 2:2c4dff04bca30e81c2da37330d485890,00:00:00:00:100/1,00:01:09:52:100/1,Avid MediaFiles/MXF/AVID2.1 20170405/KT8129_1.WA01.58E758E746B3A.mxf; Avid MediaFiles/MXF/AVID2.1 20170405/KT8129_2.WA02.58E758E746B3A.mxf; Avid MediaFiles/MXF/AVID2.1 20170405/KT8129_3.WA03.58E758E746B3A.mxf; Avid MediaFiles/MXF/AVID2.1 20170405/KT8129_7.WA07.58E758E746B3A.mxf; Avid MediaFiles/MXF/AVID2.1 20170405/KT8129_8.WA08.58E758E746B3A.mxf
70,KT8130_1.WA01.58E758E746B4A; KT8130_2.WA02.58E758E746B4A; KT8130_3.WA03.58E758E746B4A; KT8130_7.WA07.58E758E746B4A; KT8130_8.WA08.58E758E746B4A;     406  /t 8   ,2:af9483f7c910f164507783ef0a6ff7d9; 2:4ae3b080b0e0efd1d64f102fe154c5d9; 2:b90a68a962e7ed18a91592d472f18c79; 2:557f598c338587c1fb5dd5319bdaa42c; 2:b475559367beee556adf0db2ce816f58,00:00:00:00:100/1,00:00:52:96:100/1,Avid MediaFiles/MXF/AVID2.1 20170405/KT8130_1.WA01.58E758E746B4A.mxf; Avid MediaFiles/MXF/AVID2.1 20170405/KT8130_2.WA02.58E758E746B4A.mxf; Avid MediaFiles/MXF/AVID2.1 20170405/KT8130_3.WA03.58E758E746B4A.mxf; Avid MediaFiles/MXF/AVID2.1 20170405/KT8130_7.WA07.58E758E746B4A.mxf; Avid MediaFiles/MXF/AVID2.1 20170405/KT8130_8.WA08.58E758E746B4A.mxf
71,KT8131_1.WA01.58E758E746B6A; KT8131_2.WA02.58E758E746B6A; KT8131_3.WA03.58E758E746B6A; KT8131_7.WA07.58E758E746B6A; KT8131_8.WA08.58E758E746B6A;     406  /t 9   ,2:294b84ed85533f00aa0167cf28fac593; 2:a8cfe0d476c5f2e14b9b2649c6d3a598; 2:7b6f21249d43b2b8a75098a357cedf3b; 2:3d42185403394b46b8bfaa0a074ab589; 2:3152be692a4a7ffd29d73e71e08ee5c3,00:00:00:00:100/1,00:01:28:12:100/1,Avid MediaFiles/MXF/AVID2.1 20170405/KT8131_1.WA01.58E758E746B6A.mxf; Avid MediaFiles/MXF/AVID2.1 20170405/KT8131_2.WA02.58E758E746B6A.mxf; Avid MediaFiles/MXF/AVID2.1 20170405/KT8131_3.WA03.58E758E746B6A.mxf; Avid MediaFiles/MXF/AVID2.1 20170405/KT8131_7.WA07.58E758E746B6A.mxf; Avid MediaFiles/MXF/AVID2.1 20170405/KT8131_8.WA08.58E758E746B6A.mxf
72,KT8132_1.WA01.58E758E746B8A; KT8132_2.WA02.58E758E746B8A; KT8132_3.WA03.58E758E746B8A; KT8132_7.WA07.58E758E746B8A; KT8132_8.WA08.58E758E746B8A;     406  /t10   ,2:b2b0aaba4eebe33ed54d14af401c56fb; 2:3c554626e003eed5fe1b1955c7042bb8; 2:54e6d7fa21772fa9e0b60ef078f2a71a; 2:dd4182ee818528dd239afd25df5701b3; 2:4dbe88cf1a084044d6c589d5fc261cf0,00:00:00:00:100/1,00:01:30:32:100/1,Avid MediaFiles/MXF/AVID2.1 20170405/KT8132_1.WA01.58E758E746B8A.mxf; Avid MediaFiles/MXF/AVID2.1 20170405/KT8132_2.WA02.58E758E746B8A.mxf; Avid MediaFiles/MXF/AVID2.1 20170405/KT8132_3.WA03.58E758E746B8A.mxf; Avid MediaFiles/MXF/AVID2.1 20170405/KT8132_7.WA07.58E758E746B8A.mxf; Avid MediaFiles/MXF/AVID2.1 20170405/KT8132_8.WA08.58E758E746B8A.mxf
73,KT8133_1.WA01.58E758E746BAA; KT8133_2.WA02.58E758E746BAA; KT8133_7.WA07.58E758E746BAA; KT8133_8.WA08.58E758E746BAA;     406  /w11   ,2:bd6c6a9e477561643eb4f7fcaed1c28e; 2:e9047ee3b35057d03f4bed08f5fcacce; 2:1958cab8be7ac5f6805b3bea292c43fc; 2:25abb27661502ca4d27a35bf1843df92,00:00:00:00:100/1,00:01:17:88:100/1,Avid MediaFiles/MXF/AVID2.1 20170405/KT8133_1.WA01.58E758E746BAA.mxf; Avid MediaFiles/MXF/AVID2.1 20170405/KT8133_2.WA02.58E758E746BAA.mxf; Avid MediaFiles/MXF/AVID2.1 20170405/KT8133_7.WA07.58E758E746BAA.mxf; Avid MediaFiles/MXF/AVID2.1 20170405/KT8133_8.WA08.58E758E746BAA.mxf
74,KT8134_1.WA01.58E758E746BBA; KT8134_2.WA02.58E758E746BBA; KT8134_3.WA03.58E758E746BBA; KT8134_7.WA07.58E758E746BBA; KT8134_8.WA08.58E758E746BBA;     406A /t 1   ,2:a9cbbb1894ce98c3bf67841b023f0be8; 2:5440b54ece76ebfe469f4761ce73898e; 2:365d72647bb76b87cdff89c8f36ae863; 2:06ae37502a28a8f7130916c875da8144; 2:215ac7fca690ca8501322613017a8f8e,00:00:00:00:100/1,00:00:44:12:100/1,Avid MediaFiles/MXF/AVID2.1 20170405/KT8134_1.WA01.58E758E746BBA.mxf; Avid MediaFiles/MXF/AVID2.1 20170405/KT8134_2.WA02.58E758E746BBA.mxf; Avid MediaFiles/MXF/AVID2.1 20170405/KT8134_3.WA03.58E758E746BBA.mxf; Avid MediaFiles/MXF/AVID2.1 20170405/KT8134_7.WA07.58E758E746BBA.mxf; Avid MediaFiles/MXF/AVID2.1 20170405/KT8134_8.WA08.58E758E746BBA.mxf
75,KT8135_1.WA01.58E758E746BCA; KT8135_2.WA02.58E758E746BCA; KT8135_3.WA03.58E758E746BCA; KT8135_7.WA07.58E758E746BDA; KT8135_8.WA08.58E758E746BDA;     406A /t 2   ,2:a6fd9cb1b013a4639d5e7f8bb6f87bfa; 2:c91ea61511877ac365495a30728cf96c; 2:94a4d7cbc0ac047c42d961bf14e9aeed; 2:927f2b9543ef6faf194db0d22dc2eb1e; 2:b96a51990575718b97ebd1856c0be773,00:00:00:00:100/1,00:00:47:08:100/1,Avid MediaFiles/MXF/AVID2.1 20170405/KT8135_1.WA01.58E758E746BCA.mxf; Avid MediaFiles/MXF/AVID2.1 20170405/KT8135_2.WA02.58E758E746BCA.mxf; Avid MediaFiles/MXF/AVID2.1 20170405/KT8135_3.WA03.58E758E746BCA.mxf; Avid MediaFiles/MXF/AVID2.1 20170405/KT8135_7.WA07.58E758E746BDA.mxf; Avid MediaFiles/MXF/AVID2.1 20170405/KT8135_8.WA08.58E758E746BDA.mxf
76,KT8136_1.WA01.58E758E746BEA; KT8136_2.WA02.58E758E746BEA; KT8136_3.WA03.58E758E746BEA; KT8136_7.WA07.58E758E746BEA; KT8136_8.WA08.58E758E746BEA;     406A /t 3   ,2:7d1a2dec1e2f57f71b19a89cb3895fd7; 2:3788dad72602fceda53a05821f113a79; 2:5873279f9afc580b8f8989685831373b; 2:47669ac9c0c7c641f8c60c1ea002365f; 2:9dfec967ad50d9438362ddb83d9fdd99,00:00:00:00:100/1,00:00:34:76:100/1,Avid MediaFiles/MXF/AVID2.1 20170405/KT8136_1.WA01.58E758E746BEA.mxf; Avid MediaFiles/MXF/AVID2.1 20170405/KT8136_2.WA02.58E758E746BEA.mxf; Avid MediaFiles/MXF/AVID2.1 20170405/KT8136_3.WA03.58E758E746BEA.mxf; Avid MediaFiles/MXF/AVID2.1 20170405/KT8136_7.WA07.58E758E746BEA.mxf; Avid MediaFiles/MXF/AVID2.1 20170405/KT8136_8.WA08.58E758E746BEA.mxf
77,KT8137_1.WA01.58E758E746BFA; KT8137_2.WA02.58E758E746BFA; KT8137_3.WA03.58E758E746BFA; KT8137_7.WA07.58E758E746BFA; KT8137_8.WA08.58E758E746BFA;     406A /t 4   ,2:55e9de6bc1001f85a8a6c5b886c7da5c; 2:7e95c13498f9003840d22b8fd25cc236; 2:09286d1d9b37067fc0050f402b523292; 2:3a02242ba063732da5cf5478b529b8cf; 2:daf26e4a370d2c3716ace7eacdd0f912,00:00:00:00:100/1,00:00:59:80:100/1,Avid MediaFiles/MXF/AVID2.1 20170405/KT8137_1.WA01.58E758E746BFA.mxf; Avid MediaFiles/MXF/AVID2.1 20170405/KT8137_2.WA02.58E758E746BFA.mxf; Avid MediaFiles/MXF/AVID2.1 20170405/KT8137_3.WA03.58E758E746BFA.mxf; Avid MediaFiles/MXF/AVID2.1 20170405/KT8137_7.WA07.58E758E746BFA.mxf; Avid MediaFiles/MXF/AVID2.1 20170405/KT8137_8.WA08.58E758E746BFA.mxf
78,KT8138_1.WA01.58E758E746C0A; KT8138_2.WA02.58E758E746C0A; KT8138_3.WA03.58E758E746C0A; KT8138_7.WA07.58E758E746C0A; KT8138_8.WA08.58E758E746C1A;     406B /t 1   ,2:e9e405de82d8e1bc2f88ea304ab53c10; 2:1e0327b9533da22ed10ea94b5b4bd3e2; 2:b5ad4af94086a87c80bbd0bdce4e760b; 2:1a04686c456293d48011ea09787eebbd; 2:52ccc9efa31dfd44516c225eb9c5d5b9,00:00:00:00:100/1,00:01:14:28:100/1,Avid MediaFiles/MXF/AVID2.1 20170405/KT8138_1.WA01.58E758E746C0A.mxf; Avid MediaFiles/MXF/AVID2.1 20170405/KT8138_2.WA02.58E758E746C0A.mxf; Avid MediaFiles/MXF/AVID2.1 20170405/KT8138_3.WA03.58E758E746C0A.mxf; Avid MediaFiles/MXF/AVID2.1 20170405/KT8138_7.WA07.58E758E746C0A.mxf; Avid MediaFiles/MXF/AVID2.1 20170405/KT8138_8.WA08.58E758E746C1A.mxf
79,KT8139_1.WA01.58E758E746C2A; KT8139_2.WA02.58E758E746C2A; KT8139_3.WA03.58E758E746C2A; KT8139_7.WA07.58E758E746C2A; KT8139_8.WA08.58E758E746C2A;     406B /t 2   ,2:abdd313f93c1215c16d1a10f74d8899a; 2:12b7ecc915587a109935f81ec53d3f5e; 2:80d585b878c447fa37f77e3a1ca95e41; 2:fc3c2711d09f141c9be51ba1bb266878; 2:fb70d65c925c79f9dca0b8efcb44db18,00:00:00:00:100/1,00:00:52:96:100/1,Avid MediaFiles/MXF/AVID2.1 20170405/KT8139_1.WA01.58E758E746C2A.mxf; Avid MediaFiles/MXF/AVID2.1 20170405/KT8139_2.WA02.58E758E746C2A.mxf; Avid MediaFiles/MXF/AVID2.1 20170405/KT8139_3.WA03.58E758E746C2A.mxf; Avid MediaFiles/MXF/AVID2.1 20170405/KT8139_7.WA07.58E758E746C2A.mxf; Avid MediaFiles/MXF/AVID2.1 20170405/KT8139_8.WA08.58E758E746C2A.mxf
80,KT8140_1.WA01.58E758E746C4A; KT8140_2.WA02.58E758E746C4A; KT8140_3.WA03.58E758E746C4A; KT8140_7.WA07.58E758E746C4A; KT8140_8.WA08.58E758E746C4A;     406B /t 3   ,2:1533ed4d3b526322c8ee4bb1d442a04c; 2:cff13ce76055190993b1ffa146fbba68; 2:45da969e66dac44d554783160e8a3020; 2:5ea6c506cda640452312e00338631e0f; 2:72ff16b007dfa8c9dcbea93e83cbc54b,00:00:00:00:100/1,00:00:53:88:100/1,Avid MediaFiles/MXF/AVID2.1 20170405/KT8140_1.WA01.58E758E746C4A.mxf; Avid MediaFiles/MXF/AVID2.1 20170405/KT8140_2.WA02.58E758E746C4A.mxf; Avid MediaFiles/MXF/AVID2.1 20170405/KT8140_3.WA03.58E758E746C4A.mxf; Avid MediaFiles/MXF/AVID2.1 20170405/KT8140_7.WA07.58E758E746C4A.mxf; Avid MediaFiles/MXF/AVID2.1 20170405/KT8140_8.WA08.58E758E746C4A.mxf
81,KT8141_1.WA01.58E758E746C5A; KT8141_2.WA02.58E758E746C5A; KT8141_3.WA03.58E758E746C5A; KT8141_7.WA07.58E758E746C5A; KT8141_8.WA08.58E758E746C5A;     406B /t 4   ,2:16546cd6122bdea4672d326cd119cbae; 2:d1ca829260925caded25257ac1edb9b1; 2:d34b65819ddec4faf3e85eb924e6ee15; 2:6237996a5f0c290fff962322506991d7; 2:1f5f650e7a26a9602bdb7db310af3608,00:00:00:00:100/1,00:00:58:28:100/1,Avid MediaFiles/MXF/AVID2.1 20170405/KT8141_1.WA01.58E758E746C5A.mxf; Avid MediaFiles/MXF/AVID2.1 20170405/KT8141_2.WA02.58E758E746C5A.mxf; Avid MediaFiles/MXF/AVID2.1 20170405/KT8141_3.WA03.58E758E746C5A.mxf; Avid MediaFiles/MXF/AVID2.1 20170405/KT8141_7.WA07.58E758E746C5A.mxf; Avid MediaFiles/MXF/AVID2.1 20170405/KT8141_8.WA08.58E758E746C5A.mxf
82,KT8143_1.WA01.58E758E746C9A; KT8143_2.WA02.58E758E746C9A; KT8143_3.WA03.58E758E746C9A; KT8143_7.WA07.58E758E746C9A; KT8143_8.WA08.58E758E746C9A;    B406  /t 2   ,2:fca32b98431bdad2bcfdebc24d8929cc; 2:a31af7ea0682e72471c51b17c3a75e96; 2:3b9778c01915a96e453ec4ba58734c34; 2:0538c5b49cb04d5f2a64a126af40dc02; 2:1d8da878560c684229e10e91e62c74b7,00:00:00:00:100/1,00:01:48:00:100/1,Avid MediaFiles/MXF/AVID2.1 20170405/KT8143_1.WA01.58E758E746C9A.mxf; Avid MediaFiles/MXF/AVID2.1 20170405/KT8143_2.WA02.58E758E746C9A.mxf; Avid MediaFiles/MXF/AVID2.1 20170405/KT8143_3.WA03.58E758E746C9A.mxf; Avid MediaFiles/MXF/AVID2.1 20170405/KT8143_7.WA07.58E758E746C9A.mxf; Avid MediaFiles/MXF/AVID2.1 20170405/KT8143_8.WA08.58E758E746C9A.mxf
83,KT8142_1.WA01.58E758E746C6A; KT8142_2.WA02.58E758E746C6A; KT8142_3.WA03.58E758E746C6A; KT8142_7.WA07.58E758E746C6A; KT8142_8.WA08.58E758E746C7A;    B406  /t 1   ,2:89ac32ed9e4ba2a80c9300730519308d; 2:aa19b69e6dd43cbd416f32c48daa9740; 2:7668e22f9779e07d7da03f813488c708; 2:6ef650e1f48f00ec24e7481371933520; 2:c5f4307b1c4434fece53742b35af587c,00:00:00:00:100/1,00:01:59:32:100/1,Avid MediaFiles/MXF/AVID2.1 20170405/KT8142_1.WA01.58E758E746C6A.mxf; Avid MediaFiles/MXF/AVID2.1 20170405/KT8142_2.WA02.58E758E746C6A.mxf; Avid MediaFiles/MXF/AVID2.1 20170405/KT8142_3.WA03.58E758E746C6A.mxf; Avid MediaFiles/MXF/AVID2.1 20170405/KT8142_7.WA07.58E758E746C6A.mxf; Avid MediaFiles/MXF/AVID2.1 20170405/KT8142_8.WA08.58E758E746C7A.mxf
84,KT8144_1.WA01.58E758E746CBA; KT8144_2.WA02.58E758E746CBA; KT8144_3.WA03.58E758E746CBA; KT8144_7.WA07.58E758E746CBA; KT8144_8.WA08.58E758E746CBA;    B406  /t 3   ,2:d88b41671ddea6146498bd450eb3829a; 2:15042e9b5e2da2d9413c456b34b942f5; 2:870d8f7fef7dc33ea68d325aae924f0a; 2:f3ff38150d129338dde8a2bba412b4da; 2:999bb74a9630fecd975ffbe0d30a43de,00:00:00:00:100/1,00:01:51:12:100/1,Avid MediaFiles/MXF/AVID2.1 20170405/KT8144_1.WA01.58E758E746CBA.mxf; Avid MediaFiles/MXF/AVID2.1 20170405/KT8144_2.WA02.58E758E746CBA.mxf; Avid MediaFiles/MXF/AVID2.1 20170405/KT8144_3.WA03.58E758E746CBA.mxf; Avid MediaFiles/MXF/AVID2.1 20170405/KT8144_7.WA07.58E758E746CBA.mxf; Avid MediaFiles/MXF/AVID2.1 20170405/KT8144_8.WA08.58E758E746CBA.mxf
85,KT8145_1.WA01.58E758E746CDA; KT8145_2.WA02.58E758E746CDA; KT8145_3.WA03.58E758E746CDA; KT8145_7.WA07.58E758E746CDA; KT8145_8.WA08.58E758E746CDA;    B406  /t 4   ,2:b45a378f6efd79ebf2b8a1a22d8e533d; 2:198d62870c2609e7dcd63209c4bfd4ed; 2:4bd0cad34552fb5be1fbe7f46085eb56; 2:46b1f876da9a55be36dae84b953c30b9; 2:e3247c6a327f78a5c2579ffc9f712776,00:00:00:00:100/1,00:01:17:56:100/1,Avid MediaFiles/MXF/AVID2.1 20170405/KT8145_1.WA01.58E758E746CDA.mxf; Avid MediaFiles/MXF/AVID2.1 20170405/KT8145_2.WA02.58E758E746CDA.mxf; Avid MediaFiles/MXF/AVID2.1 20170405/KT8145_3.WA03.58E758E746CDA.mxf; Avid MediaFiles/MXF/AVID2.1 20170405/KT8145_7.WA07.58E758E746CDA.mxf; Avid MediaFiles/MXF/AVID2.1 20170405/KT8145_8.WA08.58E758E746CDA.mxf
86,KT8146_1.WA01.58E758E746CFA; KT8146_2.WA02.58E758E746CFA; KT8146_3.WA03.58E758E746CFA; KT8146_7.WA07.58E758E746CFA; KT8146_8.WA08.58E758E746CFA;    B406  /t 5   ,2:8253335cdd1ea37d174bb3bd99e5fd5f; 2:1901892dfad626b207e1ea63a51821d9; 2:1d804fa38c9ffefc62b5100cb492b30c; 2:95869b00eba869a5d535ce01fa76f563; 2:e03a721eace85ce3b16131213c1089ca,00:00:00:00:100/1,00:01:36:56:100/1,Avid MediaFiles/MXF/AVID2.1 20170405/KT8146_1.WA01.58E758E746CFA.mxf; Avid MediaFiles/MXF/AVID2.1 20170405/KT8146_2.WA02.58E758E746CFA.mxf; Avid MediaFiles/MXF/AVID2.1 20170405/KT8146_3.WA03.58E758E746CFA.mxf; Avid MediaFiles/MXF/AVID2.1 20170405/KT8146_7.WA07.58E758E746CFA.mxf; Avid MediaFiles/MXF/AVID2.1 20170405/KT8146_8.WA08.58E758E746CFA.mxf
87,KT8147_1.WA01.58E758E746D1A; KT8147_2.WA02.58E758E746D1A; KT8147_3.WA03.58E758E746D1A; KT8147_7.WA07.58E758E746D1A; KT8147_8.WA08.58E758E746D1A;    B406A /t 1   ,2:605e35138be0212d2b10a5a9e6298940; 2:f07acce2d0f29fecbaf4a155a3b7895a; 2:670f54f2d21bb50fdf4d48c33409a0c5; 2:38ee1395ab43cbc7451209588408d109; 2:16e501948e2cee4fc7d09238de33561c,00:00:00:00:100/1,00:01:42:80:100/1,Avid MediaFiles/MXF/AVID2.1 20170405/KT8147_1.WA01.58E758E746D1A.mxf; Avid MediaFiles/MXF/AVID2.1 20170405/KT8147_2.WA02.58E758E746D1A.mxf; Avid MediaFiles/MXF/AVID2.1 20170405/KT8147_3.WA03.58E758E746D1A.mxf; Avid MediaFiles/MXF/AVID2.1 20170405/KT8147_7.WA07.58E758E746D1A.mxf; Avid MediaFiles/MXF/AVID2.1 20170405/KT8147_8.WA08.58E758E746D1A.mxf
88,KT8149_1.WA01.58E758E746D5A; KT8149_2.WA02.58E758E746D5A; KT8149_3.WA03.58E758E746D5A; KT8149_7.WA07.58E758E746D5A; KT8149_8.WA08.58E758E746D5A;    B406B /t 2   ,2:546ae9d26471cedb4e9ee05347854741; 2:3b87d9fe17dfa40e6e8c9dec605e3026; 2:439ce46f508a28b1ebf0dd62aec2e316; 2:b08d16f3db5a1da73c58b5c2f4163ca9; 2:617a32d7aafcacf39ac60c147256066a,00:00:00:00:100/1,00:01:30:16:100/1,Avid MediaFiles/MXF/AVID2.1 20170405/KT8149_1.WA01.58E758E746D5A.mxf; Avid MediaFiles/MXF/AVID2.1 20170405/KT8149_2.WA02.58E758E746D5A.mxf; Avid MediaFiles/MXF/AVID2.1 20170405/KT8149_3.WA03.58E758E746D5A.mxf; Avid MediaFiles/MXF/AVID2.1 20170405/KT8149_7.WA07.58E758E746D5A.mxf; Avid MediaFiles/MXF/AVID2.1 20170405/KT8149_8.WA08.58E758E746D5A.mxf
89,KT8148_1.WA01.58E758E746D3A; KT8148_2.WA02.58E758E746D3A; KT8148_3.WA03.58E758E746D3A; KT8148_7.WA07.58E758E746D3A; KT8148_8.WA08.58E758E746D3A;    B406B /t 1   ,2:bfb863e7259cab10844c1b026b07a4b9; 2:08f506146fc61467aec97a5d4e1fc415; 2:a87a23e77c991c384644d5b5849fd351; 2:5792a4602b583b896cdf91e729684b0d; 2:56a10ae8812a897848f3953d3f2b5346,00:00:00:00:100/1,00:01:37:76:100/1,Avid MediaFiles/MXF/AVID2.1 20170405/KT8148_1.WA01.58E758E746D3A.mxf; Avid MediaFiles/MXF/AVID2.1 20170405/KT8148_2.WA02.58E758E746D3A.mxf; Avid MediaFiles/MXF/AVID2.1 20170405/KT8148_3.WA03.58E758E746D3A.mxf; Avid MediaFiles/MXF/AVID2.1 20170405/KT8148_7.WA07.58E758E746D3A.mxf; Avid MediaFiles/MXF/AVID2.1 20170405/KT8148_8.WA08.58E758E746D3A.mxf
90,KT8150_1.WA01.58E758E746D7A; KT8150_2.WA02.58E758E746D7A; KT8150_3.WA03.58E758E746D7A; KT8150_7.WA07.58E758E746D7A; KT8150_8.WA08.58E758E746D7A;    B406B /t 3   ,2:84907b2565846687ac453b5ce13d188d; 2:f710af79452c944f5e9ade42af4e9c40; 2:ddda2c91b53578f40e272f94f58d3906; 2:8c37edd6d2cf8324a2f6725c5e8e0320; 2:e8e18d169f87f91d74a852db02d45523,00:00:00:00:100/1,00:01:32:12:100/1,Avid MediaFiles/MXF/AVID2.1 20170405/KT8150_1.WA01.58E758E746D7A.mxf; Avid MediaFiles/MXF/AVID2.1 20170405/KT8150_2.WA02.58E758E746D7A.mxf; Avid MediaFiles/MXF/AVID2.1 20170405/KT8150_3.WA03.58E758E746D7A.mxf; Avid MediaFiles/MXF/AVID2.1 20170405/KT8150_7.WA07.58E758E746D7A.mxf; Avid MediaFiles/MXF/AVID2.1 20170405/KT8150_8.WA08.58E758E746D7A.mxf
91,KT8151_1.WA01.58E758E746D9A; KT8151_2.WA02.58E758E746D9A; KT8151_3.WA03.58E758E746D9A; KT8151_7.WA07.58E758E746D9A; KT8151_8.WA08.58E758E746D9A;    B406C /t 1   ,2:21d3e844c88fb4ea8dd68af774ae4c87; 2:96480364825846212d82cda78803e3cd; 2:8095f27fa56a613b6d1056e1940541a4; 2:9e010929029bddde52384289d7b2c38f; 2:55595c7252b28fea2b965f77357f97ff,00:00:00:00:100/1,00:03:30:04:100/1,Avid MediaFiles/MXF/AVID2.1 20170405/KT8151_1.WA01.58E758E746D9A.mxf; Avid MediaFiles/MXF/AVID2.1 20170405/KT8151_2.WA02.58E758E746D9A.mxf; Avid MediaFiles/MXF/AVID2.1 20170405/KT8151_3.WA03.58E758E746D9A.mxf; Avid MediaFiles/MXF/AVID2.1 20170405/KT8151_7.WA07.58E758E746D9A.mxf; Avid MediaFiles/MXF/AVID2.1 20170405/KT8151_8.WA08.58E758E746D9A.mxf
92,KT8152_1.WA01.58E758E746DEA; KT8152_2.WA02.58E758E746DEA; KT8152_3.WA03.58E758E746DEA; KT8152_7.WA07.58E758E746DEA; KT8152_8.WA08.58E758E746DEA;    D406  /t 1   ,2:1fde00654e9323cbdf4c3d4e5d9d2cc6; 2:542ffc876098e6c655528049dc7c18b5; 2:f8fbb05a6d6e654fc31849f4cad0693f; 2:9a1a272cd47506e95a4b2ea42642b985; 2:77225815fa87631766cff3f7503a9bf8,00:00:00:00:100/1,00:02:10:64:100/1,Avid MediaFiles/MXF/AVID2.1 20170405/KT8152_1.WA01.58E758E746DEA.mxf; Avid MediaFiles/MXF/AVID2.1 20170405/KT8152_2.WA02.58E758E746DEA.mxf; Avid MediaFiles/MXF/AVID2.1 20170405/KT8152_3.WA03.58E758E746DEA.mxf; Avid MediaFiles/MXF/AVID2.1 20170405/KT8152_7.WA07.58E758E746DEA.mxf; Avid MediaFiles/MXF/AVID2.1 20170405/KT8152_8.WA08.58E758E746DEA.mxf
93,KT8153_1.WA01.58E758E746E1A; KT8153_2.WA02.58E758E746E1A; KT8153_3.WA03.58E758E746E1A; KT8153_7.WA07.58E758E746E1A; KT8153_8.WA08.58E758E746E1A;    D406  /t 2   ,2:259ca972360243e73761fa54e1627a3f; 2:ff1790c9c628f0a12bee00feb7771065; 2:832f1ec73ac7e98adc6542a1550f9bb7; 2:3b0cf767d4ddd57995170bc40360df47; 2:c8f5a0ee2a35d58736cb85984e732047,00:00:00:00:100/1,00:00:42:08:100/1,Avid MediaFiles/MXF/AVID2.1 20170405/KT8153_1.WA01.58E758E746E1A.mxf; Avid MediaFiles/MXF/AVID2.1 20170405/KT8153_2.WA02.58E758E746E1A.mxf; Avid MediaFiles/MXF/AVID2.1 20170405/KT8153_3.WA03.58E758E746E1A.mxf; Avid MediaFiles/MXF/AVID2.1 20170405/KT8153_7.WA07.58E758E746E1A.mxf; Avid MediaFiles/MXF/AVID2.1 20170405/KT8153_8.WA08.58E758E746E1A.mxf
94,KT8154_1.WA01.58E758E746E2A; KT8154_2.WA02.58E758E746E2A; KT8154_3.WA03.58E758E746E2A; KT8154_7.WA07.58E758E746E2A; KT8154_8.WA08.58E758E746E2A;    D406  /t 3   ,2:bd9868c3dfc80469dec930700475ab5c; 2:673e6cee4c6430c1b6aeceae5693506a; 2:f2429ce17b36ac7cfc729a94b452c59a; 2:594a585e7d4ab92a07689605cc898f4c; 2:7b70fc96ed406cac6c25d9fe72b21a6c,00:00:00:00:100/1,00:00:56:00:100/1,Avid MediaFiles/MXF/AVID2.1 20170405/KT8154_1.WA01.58E758E746E2A.mxf; Avid MediaFiles/MXF/AVID2.1 20170405/KT8154_2.WA02.58E758E746E2A.mxf; Avid MediaFiles/MXF/AVID2.1 20170405/KT8154_3.WA03.58E758E746E2A.mxf; Avid MediaFiles/MXF/AVID2.1 20170405/KT8154_7.WA07.58E758E746E2A.mxf; Avid MediaFiles/MXF/AVID2.1 20170405/KT8154_8.WA08.58E758E746E2A.mxf
95,KT8155_1.WA01.58E758E746E3A; KT8155_2.WA02.58E758E746E3A; KT8155_3.WA03.58E758E746E3A; KT8155_7.WA07.58E758E746E3A; KT8155_8.WA08.58E758E746E3A;    D406  /t 4   ,2:a4b3d0cff652bb193956f28b558e5c6a; 2:01d7ea1a5429e4cc87688ab73ac90d94; 2:8cbd938b1ce7c872badb409ed8bb3844; 2:2f4ae8e72dd1212be16425c734e014c8; 2:186ca5113e394bd7aba809c071bd1e98,00:00:00:00:100/1,00:00:51:96:100/1,Avid MediaFiles/MXF/AVID2.1 20170405/KT8155_1.WA01.58E758E746E3A.mxf; Avid MediaFiles/MXF/AVID2.1 20170405/KT8155_2.WA02.58E758E746E3A.mxf; Avid MediaFiles/MXF/AVID2.1 20170405/KT8155_3.WA03.58E758E746E3A.mxf; Avid MediaFiles/MXF/AVID2.1 20170405/KT8155_7.WA07.58E758E746E3A.mxf; Avid MediaFiles/MXF/AVID2.1 20170405/KT8155_8.WA08.58E758E746E3A.mxf
96,KT8156_1.WA01.58E758E746E5A; KT8156_2.WA02.58E758E746E5A; KT8156_3.WA03.58E758E746E5A; KT8156_7.WA07.58E758E746E5A; KT8156_8.WA08.58E758E746E5A;    D406  /t 5   ,2:398a2a42ce22c8689271ffac83bb411f; 2:a0786a5053245812853e897a31443072; 2:1d8f70b92e9bff0899981b499a770dc0; 2:6fd02c6c853bcee57a1c110ac19e24f1; 2:8ca52a884dc8c68bdefba863940058f8,00:00:00:00:100/1,00:00:45:92:100/1,Avid MediaFiles/MXF/AVID2.1 20170405/KT8156_1.WA01.58E758E746E5A.mxf; Avid MediaFiles/MXF/AVID2.1 20170405/KT8156_2.WA02.58E758E746E5A.mxf; Avid MediaFiles/MXF/AVID2.1 20170405/KT8156_3.WA03.58E758E746E5A.mxf; Avid MediaFiles/MXF/AVID2.1 20170405/KT8156_7.WA07.58E758E746E5A.mxf; Avid MediaFiles/MXF/AVID2.1 20170405/KT8156_8.WA08.58E758E746E5A.mxf
97,KT8157_1.WA01.58E758E746E6A; KT8157_2.WA02.58E758E746E6A; KT8157_3.WA03.58E758E746E6A; KT8157_7.WA07.58E758E746E6A; KT8157_8.WA08.58E758E746E6A;    D406  /t 6   ,2:aa7d9c5a160b90738700c995bd02d7d2; 2:933c58a55621400d8feac3aa96a15d76; 2:7ea499621cdc88076e33b88fc6923cce; 2:7103273e9787671214c1c3db6b4e571c; 2:74c00da2f494f358cdbae336118f433e,00:00:00:00:100/1,00:02:03:60:100/1,Avid MediaFiles/MXF/AVID2.1 20170405/KT8157_1.WA01.58E758E746E6A.mxf; Avid MediaFiles/MXF/AVID2.1 20170405/KT8157_2.WA02.58E758E746E6A.mxf; Avid MediaFiles/MXF/AVID2.1 20170405/KT8157_3.WA03.58E758E746E6A.mxf; Avid MediaFiles/MXF/AVID2.1 20170405/KT8157_7.WA07.58E758E746E6A.mxf; Avid MediaFiles/MXF/AVID2.1 20170405/KT8157_8.WA08.58E758E746E6A.mxf
98,KT8158_1.WA01.58E758E746E9A; KT8158_2.WA02.58E758E746E9A; KT8158_3.WA03.58E758E746E9A; KT8158_7.WA07.58E758E746E9A; KT8158_8.WA08.58E758E746E9A;    E406  /t 1   ,2:35db24626f0191f538f6f04a409642b7; 2:d875548912a31cc28cb4354d6e3c11c4; 2:6db39c50012410c503b64aebc03f0450; 2:2eb35881fe5cec39878df5409476ff3e; 2:450056d61f33993ee8ce9502490d601d,00:00:00:00:100/1,00:01:05:88:100/1,Avid MediaFiles/MXF/AVID2.1 20170405/KT8158_1.WA01.58E758E746E9A.mxf; Avid MediaFiles/MXF/AVID2.1 20170405/KT8158_2.WA02.58E758E746E9A.mxf; Avid MediaFiles/MXF/AVID2.1 20170405/KT8158_3.WA03.58E758E746E9A.mxf; Avid MediaFiles/MXF/AVID2.1 20170405/KT8158_7.WA07.58E758E746E9A.mxf; Avid MediaFiles/MXF/AVID2.1 20170405/KT8158_8.WA08.58E758E746E9A.mxf
99,KT8159_1.WA01.58E758E746EAA; KT8159_2.WA02.58E758E746EAA; KT8159_3.WA03.58E758E746EAA; KT8159_7.WA07.58E758E746EAA; KT8159_8.WA08.58E758E746EAA;    D406A /t 2   ,2:52c8688857427809b696d39dc0d2ef87; 2:2a69d704909ea6d5d15d4332864e4c31; 2:f9587d599192cc9fa96463089a0f1f6b; 2:4a4ff7631770969aece9ba322eddee2b; 2:e56d0085b6bc1cabae38ea0003bcaada,00:00:00:00:100/1,00:01:12:88:100/1,Avid MediaFiles/MXF/AVID2.1 20170405/KT8159_1.WA01.58E758E746EAA.mxf; Avid MediaFiles/MXF/AVID2.1 20170405/KT8159_2.WA02.58E758E746EAA.mxf; Avid MediaFiles/MXF/AVID2.1 20170405/KT8159_3.WA03.58E758E746EAA.mxf; Avid MediaFiles/MXF/AVID2.1 20170405/KT8159_7.WA07.58E758E746EAA.mxf; Avid MediaFiles/MXF/AVID2.1 20170405/KT8159_8.WA08.58E758E746EAA.mxf
100,KT8160_1.WA01.58E758E746ECA; KT8160_2.WA02.58E758E746ECA; KT8160_3.WA03.58E758E746ECA; KT8160_7.WA07.58E758E746ECA; KT8160_8.WA08.58E758E746ECA;    D406A /t 3   ,2:cb472669dd282485764faaa26e74bc62; 2:a1fd0a1b2ba8a09a8a5e17095daa811c; 2:ea40f54965362626b882811ff72e2a59; 2:df18f184c4b4e8f3812b60bb52d77325; 2:c76371b906bd0998452745d53716a645,00:00:00:00:100/1,00:01:21:16:100/1,Avid MediaFiles/MXF/AVID2.1 20170405/KT8160_1.WA01.58E758E746ECA.mxf; Avid MediaFiles/MXF/AVID2.1 20170405/KT8160_2.WA02.58E758E746ECA.mxf; Avid MediaFiles/MXF/AVID2.1 20170405/KT8160_3.WA03.58E758E746ECA.mxf; Avid MediaFiles/MXF/AVID2.1 20170405/KT8160_7.WA07.58E758E746ECA.mxf; Avid MediaFiles/MXF/AVID2.1 20170405/KT8160_8.WA08.58E758E746ECA.mxf
101,KT8161_1.WA01.58E758E746EEA; KT8161_2.WA02.58E758E746EEA; KT8161_3.WA03.58E758E746EEA; KT8161_7.WA07.58E758E746EEA; KT8161_8.WA08.58E758E746EEA;    D406A /t 4   ,2:f50f1be4d5b31f994a24fda7c6c17003; 2:c62bfee9a84e72d69e2862053e63ac65; 2:4e167a618daf107452454cfff540a600; 2:e37a1d44d1061f6379d575824b24ce64; 2:0d013badd5a8b1faa2acf819e5884743,00:00:00:00:100/1,00:01:11:00:100/1,Avid MediaFiles/MXF/AVID2.1 20170405/KT8161_1.WA01.58E758E746EEA.mxf; Avid MediaFiles/MXF/AVID2.1 20170405/KT8161_2.WA02.58E758E746EEA.mxf; Avid MediaFiles/MXF/AVID2.1 20170405/KT8161_3.WA03.58E758E746EEA.mxf; Avid MediaFiles/MXF/AVID2.1 20170405/KT8161_7.WA07.58E758E746EEA.mxf; Avid MediaFiles/MXF/AVID2.1 20170405/KT8161_8.WA08.58E758E746EEA.mxf
102,KT8162_1.WA01.58E758E746F2A; KT8162_2.WA02.58E758E746F2A; KT8162_3.WA03.58E758E746F2A; KT8162_7.WA07.58E758E746F2A; KT8162_8.WA08.58E758E746F2A;    D406A /t 5   ,2:14e1352bf3d8b112930aa05238aa0884; 2:7757f7fed2072bb36f22a4f27e86df50; 2:5771958f5076ebbdce805cec10e95d0b; 2:457ab8057a22a5098bd475ec6f3902d7; 2:4c497f4315c715813b4326e50f1f355c,00:00:00:00:100/1,00:00:42:80:100/1,Avid MediaFiles/MXF/AVID2.1 20170405/KT8162_1.WA01.58E758E746F2A.mxf; Avid MediaFiles/MXF/AVID2.1 20170405/KT8162_2.WA02.58E758E746F2A.mxf; Avid MediaFiles/MXF/AVID2.1 20170405/KT8162_3.WA03.58E758E746F2A.mxf; Avid MediaFiles/MXF/AVID2.1 20170405/KT8162_7.WA07.58E758E746F2A.mxf; Avid MediaFiles/MXF/AVID2.1 20170405/KT8162_8.WA08.58E758E746F2A.mxf
103,KT8163_1.WA01.58E758E746F3A; KT8163_2.WA02.58E758E746F3A; KT8163_3.WA03.58E758E746F3A; KT8163_7.WA07.58E758E746F3A; KT8163_8.WA08.58E758E746F3A;    D406A /t 6   ,2:26561c1b54fcaaf9ac6625a5a7f924ab; 2:4f6d8614fad94082288f4f5d68f433e7; 2:61aa809277e090d4a53d9ff608cb4ae7; 2:12f177267186357968fd112dfa6ef454; 2:134c6da02108399b4ca568621f752756,00:00:00:00:100/1,00:01:00:24:100/1,Avid MediaFiles/MXF/AVID2.1 20170405/KT8163_1.WA01.58E758E746F3A.mxf; Avid MediaFiles/MXF/AVID2.1 20170405/KT8163_2.WA02.58E758E746F3A.mxf; Avid MediaFiles/MXF/AVID2.1 20170405/KT8163_3.WA03.58E758E746F3A.mxf; Avid MediaFiles/MXF/AVID2.1 20170405/KT8163_7.WA07.58E758E746F3A.mxf; Avid MediaFiles/MXF/AVID2.1 20170405/KT8163_8.WA08.58E758E746F3A.mxf
104,KT8164_1.WA01.58E758E746F4A; KT8164_2.WA02.58E758E746F4A; KT8164_3.WA03.58E758E746F4A; KT8164_7.WA07.58E758E746F4A; KT8164_8.WA08.58E758E746F4A;     406  /w 1   ,2:6027ab4e4351be608daf57a273da74bd; 2:980b4cea66b453013996347d731ea27e; 2:249e3227f25eec4264d3a35e3073dcc7; 2:8b54c20797a64963ab146a17459ca242; 2:44cfd6082b8afc08c7f5cb8afd89351c,00:00:00:00:100/1,00:01:18:32:100/1,Avid MediaFiles/MXF/AVID2.1 20170405/KT8164_1.WA01.58E758E746F4A.mxf; Avid MediaFiles/MXF/AVID2.1 20170405/KT8164_2.WA02.58E758E746F4A.mxf; Avid MediaFiles/MXF/AVID2.1 20170405/KT8164_3.WA03.58E758E746F4A.mxf; Avid MediaFiles/MXF/AVID2.1 20170405/KT8164_7.WA07.58E758E746F4A.mxf; Avid MediaFiles/MXF/AVID2.1 20170405/KT8164_8.WA08.58E758E746F4A.mxf
105,KT8166_1.WA01.58E758E76E64A; KT8166_2.WA02.58E758E76E64A; KT8166_3.WA03.58E758E76E64A; KT8166_4.WA04.58E758E76E64A; KT8166_7.WA07.58E758E76E64A; KT8166_8.WA08.58E758E76E64A;     412  /t 1   ,2:8bf935273270d1032d000427a6eaba13; 2:7fbf7e0ecc0287cc426677f57b7a5ad9; 2:ff4768ddbf8d6c87e554d01c16133f78; 2:5c22273d5822a06b67e4f2084d234903; 2:cc25511e8ca5dcdfc7568e81d4d2207b; 2:e668e8fc767319c8e0c23441c32d1e9f,00:00:00:00:100/1,00:02:07:04:100/1,Avid MediaFiles/MXF/AVID2.1 20170406/KT8166_1.WA01.58E758E76E64A.mxf; Avid MediaFiles/MXF/AVID2.1 20170406/KT8166_2.WA02.58E758E76E64A.mxf; Avid MediaFiles/MXF/AVID2.1 20170406/KT8166_3.WA03.58E758E76E64A.mxf; Avid MediaFiles/MXF/AVID2.1 20170406/KT8166_4.WA04.58E758E76E64A.mxf; Avid MediaFiles/MXF/AVID2.1 20170406/KT8166_7.WA07.58E758E76E64A.mxf; Avid MediaFiles/MXF/AVID2.1 20170406/KT8166_8.WA08.58E758E76E64A.mxf
106,KT8165_1.WA01.58E758E76E63A; KT8165_2.WA02.58E758E76E63A; KT8165_3.WA03.58E758E76E63A; KT8165_4.WA04.58E758E76E63A; KT8165_7.WA07.58E758E76E64A; KT8165_8.WA08.58E758E76E64A;     412  /n 1   ,2:7492578f66b853e3654bfb85cfbe4e07; 2:078d51bddbce4d8d7de484700de7104a; 2:b316d3ad71feae7cb366866a2e000150; 2:68a89b3db5d97e24a0ddfdd441912eac; 2:df7f3010d011a7649596314f00dc16cb; 2:c7660b402bba822a8eeb2d77a67b0c92,00:00:00:00:100/1,00:00:09:08:100/1,Avid MediaFiles/MXF/AVID2.1 20170406/KT8165_1.WA01.58E758E76E63A.mxf; Avid MediaFiles/MXF/AVID2.1 20170406/KT8165_2.WA02.58E758E76E63A.mxf; Avid MediaFiles/MXF/AVID2.1 20170406/KT8165_3.WA03.58E758E76E63A.mxf; Avid MediaFiles/MXF/AVID2.1 20170406/KT8165_4.WA04.58E758E76E63A.mxf; Avid MediaFiles/MXF/AVID2.1 20170406/KT8165_7.WA07.58E758E76E64A.mxf; Avid MediaFiles/MXF/AVID2.1 20170406/KT8165_8.WA08.58E758E76E64A.mxf
107,KT8167_1.WA01.58E758E76E66A; KT8167_2.WA02.58E758E76E66A; KT8167_3.WA03.58E758E76E67A; KT8167_4.WA04.58E758E76E67A; KT8167_7.WA07.58E758E76E67A; KT8167_8.WA08.58E758E76E67A;     412  /t 2   ,2:3ca5ce6de87a78e9c0e0363461c27630; 2:dc8316086a9e4385c6dbfeb57ea16bff; 2:813758c913337aeb50aeb76b13cb1984; 2:745358bee4a736378e6af21a6ab51b1e; 2:6096eb2260b0852a85e8d88b9462edf0; 2:fc24e405e79438e77923095fab9ab056,00:00:00:00:100/1,00:00:45:00:100/1,Avid MediaFiles/MXF/AVID2.1 20170406/KT8167_1.WA01.58E758E76E66A.mxf; Avid MediaFiles/MXF/AVID2.1 20170406/KT8167_2.WA02.58E758E76E66A.mxf; Avid MediaFiles/MXF/AVID2.1 20170406/KT8167_3.WA03.58E758E76E67A.mxf; Avid MediaFiles/MXF/AVID2.1 20170406/KT8167_4.WA04.58E758E76E67A.mxf; Avid MediaFiles/MXF/AVID2.1 20170406/KT8167_7.WA07.58E758E76E67A.mxf; Avid MediaFiles/MXF/AVID2.1 20170406/KT8167_8.WA08.58E758E76E67A.mxf
108,KT8168_1.WA01.58E758E76E68A; KT8168_2.WA02.58E758E76E68A; KT8168_3.WA03.58E758E76E68A; KT8168_4.WA04.58E758E76E68A; KT8168_7.WA07.58E758E76E68A; KT8168_8.WA08.58E758E76E68A;     412  /t 3   ,2:9ea9845eff930e9b810a1d4905321d00; 2:f11baaa9907b62565003c4f16eb9bafc; 2:5305a726ebb2d7b55cfd15ee49efcf91; 2:491b25fdf7f588ffd74600cf34891052; 2:1c4b4378692e0f2750711e4716c8f1a4; 2:de9cbbcb4281aae17b15ce3828fcf078,00:00:00:00:100/1,00:01:44:60:100/1,Avid MediaFiles/MXF/AVID2.1 20170406/KT8168_1.WA01.58E758E76E68A.mxf; Avid MediaFiles/MXF/AVID2.1 20170406/KT8168_2.WA02.58E758E76E68A.mxf; Avid MediaFiles/MXF/AVID2.1 20170406/KT8168_3.WA03.58E758E76E68A.mxf; Avid MediaFiles/MXF/AVID2.1 20170406/KT8168_4.WA04.58E758E76E68A.mxf; Avid MediaFiles/MXF/AVID2.1 20170406/KT8168_7.WA07.58E758E76E68A.mxf; Avid MediaFiles/MXF/AVID2.1 20170406/KT8168_8.WA08.58E758E76E68A.mxf
109,KT8169_1.WA01.58E758E76E6AA; KT8169_2.WA02.58E758E76E6AA; KT8169_3.WA03.58E758E76E6AA; KT8169_4.WA04.58E758E76E6AA; KT8169_7.WA07.58E758E76E6AA; KT8169_8.WA08.58E758E76E6AA;     412  /t 4   ,2:21fd5030c636154efc73dc0d42731d79; 2:ddcbc01453f46d2d12386749ed8df0a3; 2:1e5d218ae3f21698e05e3f29cfbc4e49; 2:c90b64599f7b43f4d55e76bfb72092d2; 2:6c4e6cb308d1647c12111083c186810d; 2:303d5cd3aca59252f3aca4b0534252bd,00:00:00:00:100/1,00:01:33:32:100/1,Avid MediaFiles/MXF/AVID2.1 20170406/KT8169_1.WA01.58E758E76E6AA.mxf; Avid MediaFiles/MXF/AVID2.1 20170406/KT8169_2.WA02.58E758E76E6AA.mxf; Avid MediaFiles/MXF/AVID2.1 20170406/KT8169_3.WA03.58E758E76E6AA.mxf; Avid MediaFiles/MXF/AVID2.1 20170406/KT8169_4.WA04.58E758E76E6AA.mxf; Avid MediaFiles/MXF/AVID2.1 20170406/KT8169_7.WA07.58E758E76E6AA.mxf; Avid MediaFiles/MXF/AVID2.1 20170406/KT8169_8.WA08.58E758E76E6AA.mxf
110,KT8170_1.WA01.58E758E76E6BA; KT8170_2.WA02.58E758E76E6BA; KT8170_3.WA03.58E758E76E6BA; KT8170_4.WA04.58E758E76E6BA; KT8170_7.WA07.58E758E76E6BA; KT8170_8.WA08.58E758E76E6CA;     412  /t 5   ,2:a4e731cbf78138a41f4314f2a72f0e45; 2:23f7aca8c22494b69e66b9570d00ae3c; 2:8a739cc175973d05eceb4e33254714a0; 2:f3b686e4c596f5359c7505c7790e1d4e; 2:b73bc514655a7a6bf357bfe3a759d69c; 2:e7b1e68bd164690d0c8dfce46c9882e9,00:00:00:00:100/1,00:01:52:12:100/1,Avid MediaFiles/MXF/AVID2.1 20170406/KT8170_1.WA01.58E758E76E6BA.mxf; Avid MediaFiles/MXF/AVID2.1 20170406/KT8170_2.WA02.58E758E76E6BA.mxf; Avid MediaFiles/MXF/AVID2.1 20170406/KT8170_3.WA03.58E758E76E6BA.mxf; Avid MediaFiles/MXF/AVID2.1 20170406/KT8170_4.WA04.58E758E76E6BA.mxf; Avid MediaFiles/MXF/AVID2.1 20170406/KT8170_7.WA07.58E758E76E6BA.mxf; Avid MediaFiles/MXF/AVID2.1 20170406/KT8170_8.WA08.58E758E76E6CA.mxf
111,KT8171_1.WA01.58E758E76E6EA; KT8171_2.WA02.58E758E76E6EA; KT8171_3.WA03.58E758E76E6EA; KT8171_4.WA04.58E758E76E6EA; KT8171_7.WA07.58E758E76E6EA; KT8171_8.WA08.58E758E76E6EA;     412  /t 6   ,2:b938fe75b0c3b55ccb4b756d64edc138; 2:08c9af0a24f6e6eb5070fd25cbe1b486; 2:9003abe03c0f800637cc73510eee3fd8; 2:378bb645b5792673c8e629f593c6ae00; 2:606f2dd2067b3177da61e89ae15e06dd; 2:05f9f831767e58ac81a118cfdf7a7967,00:00:00:00:100/1,00:00:46:04:100/1,Avid MediaFiles/MXF/AVID2.1 20170406/KT8171_1.WA01.58E758E76E6EA.mxf; Avid MediaFiles/MXF/AVID2.1 20170406/KT8171_2.WA02.58E758E76E6EA.mxf; Avid MediaFiles/MXF/AVID2.1 20170406/KT8171_3.WA03.58E758E76E6EA.mxf; Avid MediaFiles/MXF/AVID2.1 20170406/KT8171_4.WA04.58E758E76E6EA.mxf; Avid MediaFiles/MXF/AVID2.1 20170406/KT8171_7.WA07.58E758E76E6EA.mxf; Avid MediaFiles/MXF/AVID2.1 20170406/KT8171_8.WA08.58E758E76E6EA.mxf
112,KT8172_1.WA01.58E758E76E6FA; KT8172_2.WA02.58E758E76E6FA; KT8172_3.WA03.58E758E76E6FA; KT8172_4.WA04.58E758E76E6FA; KT8172_7.WA07.58E758E76E6FA; KT8172_8.WA08.58E758E76E6FA;     412  /t 7   ,2:50ce47d7f1aa8a4a72d7b6794b84cf50; 2:975409009a6910dd0b52be70e15cc2c5; 2:2e8a8f4b504fd2de5d79cacfd68bebeb; 2:acd1d1fa98e0a5f176970172bce0e9aa; 2:c7770a3ffefa26d3b0147eb1eaecea59; 2:56d93bd0526010c65a47dc4f72db1f93,00:00:00:00:100/1,00:00:52:64:100/1,Avid MediaFiles/MXF/AVID2.1 20170406/KT8172_1.WA01.58E758E76E6FA.mxf; Avid MediaFiles/MXF/AVID2.1 20170406/KT8172_2.WA02.58E758E76E6FA.mxf; Avid MediaFiles/MXF/AVID2.1 20170406/KT8172_3.WA03.58E758E76E6FA.mxf; Avid MediaFiles/MXF/AVID2.1 20170406/KT8172_4.WA04.58E758E76E6FA.mxf; Avid MediaFiles/MXF/AVID2.1 20170406/KT8172_7.WA07.58E758E76E6FA.mxf; Avid MediaFiles/MXF/AVID2.1 20170406/KT8172_8.WA08.58E758E76E6FA.mxf
113,KT8175_1.WA01.58E758E76E74A; KT8175_2.WA02.58E758E76E74A; KT8175_3.WA03.58E758E76E74A; KT8175_4.WA04.58E758E76E74A; KT8175_7.WA07.58E758E76E74A; KT8175_8.WA08.58E758E76E74A;     412A /t 2   ,2:5f5f68977228ca13639195935ba12b53; 2:67023c6bcfff66992543c84107503737; 2:80737407c36606eecd36ae974000f517; 2:047fa7d712ff079b884ad5c9b651828c; 2:6981f3ed91f61089882785acb6ee2bf6; 2:7b53ed65000367dd7eac3cbac4af4142,00:00:00:00:100/1,00:01:54:16:100/1,Avid MediaFiles/MXF/AVID2.1 20170406/KT8175_1.WA01.58E758E76E74A.mxf; Avid MediaFiles/MXF/AVID2.1 20170406/KT8175_2.WA02.58E758E76E74A.mxf; Avid MediaFiles/MXF/AVID2.1 20170406/KT8175_3.WA03.58E758E76E74A.mxf; Avid MediaFiles/MXF/AVID2.1 20170406/KT8175_4.WA04.58E758E76E74A.mxf; Avid MediaFiles/MXF/AVID2.1 20170406/KT8175_7.WA07.58E758E76E74A.mxf; Avid MediaFiles/MXF/AVID2.1 20170406/KT8175_8.WA08.58E758E76E74A.mxf
114,KT8174_1.WA01.58E758E76E72A; KT8174_2.WA02.58E758E76E72A; KT8174_3.WA03.58E758E76E72A; KT8174_4.WA04.58E758E76E72A; KT8174_7.WA07.58E758E76E72A; KT8174_8.WA08.58E758E76E72A;     412A /t 1   ,2:c25b9b3852bc4b3936bbec4c2c15ad03; 2:9635755cc67f355cb8b4ddcfa2cca9de; 2:d5cea5b90787b32bea54ffbe220f7e9f; 2:2bf75a8891e412ff4544a54a5e0d6622; 2:ec094a331bb957dd74b470479f57bd14; 2:c13bb9ec4b9db260008a5158f94f13f7,00:00:00:00:100/1,00:01:51:68:100/1,Avid MediaFiles/MXF/AVID2.1 20170406/KT8174_1.WA01.58E758E76E72A.mxf; Avid MediaFiles/MXF/AVID2.1 20170406/KT8174_2.WA02.58E758E76E72A.mxf; Avid MediaFiles/MXF/AVID2.1 20170406/KT8174_3.WA03.58E758E76E72A.mxf; Avid MediaFiles/MXF/AVID2.1 20170406/KT8174_4.WA04.58E758E76E72A.mxf; Avid MediaFiles/MXF/AVID2.1 20170406/KT8174_7.WA07.58E758E76E72A.mxf; Avid MediaFiles/MXF/AVID2.1 20170406/KT8174_8.WA08.58E758E76E72A.mxf
115,KT8173_1.WA01.58E758E76E70A; KT8173_2.WA02.58E758E76E70A; KT8173_3.WA03.58E758E76E70A; KT8173_4.WA04.58E758E76E70A; KT8173_7.WA07.58E758E76E70A; KT8173_8.WA08.58E758E76E70A;     412  /t 8   ,2:b8e4f0695218f2ee6e9251d198b76550; 2:43ac10794ddf93e430a966c9942dc06b; 2:eca48992ac1895d0e3ac3afecdab11fe; 2:63ee01234eacb6e2bc865e3573267964; 2:81df861d6d139881a0acf7d8c0656bcc; 2:aeec56bfb5b3ad1090cdb26e63d3528f,00:00:00:00:100/1,00:01:51:68:100/1,Avid MediaFiles/MXF/AVID2.1 20170406/KT8173_1.WA01.58E758E76E70A.mxf; Avid MediaFiles/MXF/AVID2.1 20170406/KT8173_2.WA02.58E758E76E70A.mxf; Avid MediaFiles/MXF/AVID2.1 20170406/KT8173_3.WA03.58E758E76E70A.mxf; Avid MediaFiles/MXF/AVID2.1 20170406/KT8173_4.WA04.58E758E76E70A.mxf; Avid MediaFiles/MXF/AVID2.1 20170406/KT8173_7.WA07.58E758E76E70A.mxf; Avid MediaFiles/MXF/AVID2.1 20170406/KT8173_8.WA08.58E758E76E70A.mxf
116,KT8176_1.WA01.58E758E76E76A; KT8176_2.WA02.58E758E76E76A; KT8176_3.WA03.58E758E76E76A; KT8176_4.WA04.58E758E76E76A; KT8176_7.WA07.58E758E76E76A; KT8176_8.WA08.58E758E76E76A;     412A /t 3   ,2:7bc5373c0e3c041d27e2f4cc03d9711a; 2:8aa3dc7babd4f076397506627bcb7f0e; 2:165174c01a39a5dc5be38e4f026ac00b; 2:3555c48df839ae2d10bee13672e700eb; 2:ddf5dcd8e48ae174ee47512d90d2872a; 2:88d4e27f4147312b135c51cb1492026f,00:00:00:00:100/1,00:00:19:28:100/1,Avid MediaFiles/MXF/AVID2.1 20170406/KT8176_1.WA01.58E758E76E76A.mxf; Avid MediaFiles/MXF/AVID2.1 20170406/KT8176_2.WA02.58E758E76E76A.mxf; Avid MediaFiles/MXF/AVID2.1 20170406/KT8176_3.WA03.58E758E76E76A.mxf; Avid MediaFiles/MXF/AVID2.1 20170406/KT8176_4.WA04.58E758E76E76A.mxf; Avid MediaFiles/MXF/AVID2.1 20170406/KT8176_7.WA07.58E758E76E76A.mxf; Avid MediaFiles/MXF/AVID2.1 20170406/KT8176_8.WA08.58E758E76E76A.mxf
117,KT8177_1.WA01.58E758E76E77A; KT8177_2.WA02.58E758E76E77A; KT8177_3.WA03.58E758E76E77A; KT8177_4.WA04.58E758E76E77A; KT8177_7.WA07.58E758E76E77A; KT8177_8.WA08.58E758E76E77A;     412A /t 4   ,2:496a167769ad6751d2bb1ca75414729f; 2:e88568ebca00f0c8bc241fdcee3174c4; 2:c3441d03992a119a18a411c7dfdadc95; 2:ca8d3cdb4b81d4b7cf4bf5645ff32dec; 2:93d4a86174a0d91243940e0b3c5218a5; 2:cf59330df93e08a663e0ae810de91404,00:00:00:00:100/1,00:01:58:60:100/1,Avid MediaFiles/MXF/AVID2.1 20170406/KT8177_1.WA01.58E758E76E77A.mxf; Avid MediaFiles/MXF/AVID2.1 20170406/KT8177_2.WA02.58E758E76E77A.mxf; Avid MediaFiles/MXF/AVID2.1 20170406/KT8177_3.WA03.58E758E76E77A.mxf; Avid MediaFiles/MXF/AVID2.1 20170406/KT8177_4.WA04.58E758E76E77A.mxf; Avid MediaFiles/MXF/AVID2.1 20170406/KT8177_7.WA07.58E758E76E77A.mxf; Avid MediaFiles/MXF/AVID2.1 20170406/KT8177_8.WA08.58E758E76E77A.mxf
118,KT8178_1.WA01.58E758E76E7AA; KT8178_2.WA02.58E758E76E7AA; KT8178_3.WA03.58E758E76E7AA; KT8178_4.WA04.58E758E76E7AA; KT8178_7.WA07.58E758E76E7AA; KT8178_8.WA08.58E758E76E7BA;     412A /t 5   ,2:7bcf4a0e468c99d844bee47c757660c4; 2:bba7e20721a5f0bb72dbdc5fcedeadb2; 2:8cba29fbf6b57f5d556b60b2ad05e7cf; 2:91f95be2f32b86ac7547549a213f32ed; 2:4f79931615c1775f3e70676b20188afe; 2:8fc0eb8f6ce6f25028b18420b1c9302c,00:00:00:00:100/1,00:01:48:44:100/1,Avid MediaFiles/MXF/AVID2.1 20170406/KT8178_1.WA01.58E758E76E7AA.mxf; Avid MediaFiles/MXF/AVID2.1 20170406/KT8178_2.WA02.58E758E76E7AA.mxf; Avid MediaFiles/MXF/AVID2.1 20170406/KT8178_3.WA03.58E758E76E7AA.mxf; Avid MediaFiles/MXF/AVID2.1 20170406/KT8178_4.WA04.58E758E76E7AA.mxf; Avid MediaFiles/MXF/AVID2.1 20170406/KT8178_7.WA07.58E758E76E7AA.mxf; Avid MediaFiles/MXF/AVID2.1 20170406/KT8178_8.WA08.58E758E76E7BA.mxf
119,KT8179_1.WA01.58E758E76E7DA; KT8179_2.WA02.58E758E76E7DA; KT8179_3.WA03.58E758E76E7DA; KT8179_4.WA04.58E758E76E7DA; KT8179_7.WA07.58E758E76E7DA; KT8179_8.WA08.58E758E76E7DA;     412B /t 1   ,2:576c63d8819169aeeff4bae9708ead4d; 2:6f2c04302050037939c6e07fa82e6020; 2:1c0fbcf29403593b691225ee2cf11a0f; 2:a138963cd0338e8cc4ba165dcd95d8cd; 2:aed8e2b0405330688bb83e90c4fe65a1; 2:a1593cdf531bee25691eb1d2705d253d,00:00:00:00:100/1,00:01:54:80:100/1,Avid MediaFiles/MXF/AVID2.1 20170406/KT8179_1.WA01.58E758E76E7DA.mxf; Avid MediaFiles/MXF/AVID2.1 20170406/KT8179_2.WA02.58E758E76E7DA.mxf; Avid MediaFiles/MXF/AVID2.1 20170406/KT8179_3.WA03.58E758E76E7DA.mxf; Avid MediaFiles/MXF/AVID2.1 20170406/KT8179_4.WA04.58E758E76E7DA.mxf; Avid MediaFiles/MXF/AVID2.1 20170406/KT8179_7.WA07.58E758E76E7DA.mxf; Avid MediaFiles/MXF/AVID2.1 20170406/KT8179_8.WA08.58E758E76E7DA.mxf
120,KT8181_1.WA01.58E758E76E81A; KT8181_2.WA02.58E758E76E81A; KT8181_3.WA03.58E758E76E81A; KT8181_4.WA04.58E758E76E81A; KT8181_7.WA07.58E758E76E81A; KT8181_8.WA08.58E758E76E81A;     412C /t 1   ,2:5a4e860e0dac17ef9846cb1af69d106d; 2:46c4a96e1577c65b2824e032efb4e666; 2:0bc2e0c70da9776e32a651a6894a92fd; 2:ec89f38b6be403b778e7badd99a5e600; 2:eb1a4aebe4e237e74768a3daa53ee59c; 2:3c20d9f2593a3ed838050ec2c54f28f0,00:00:00:00:100/1,00:01:27:64:100/1,Avid MediaFiles/MXF/AVID2.1 20170406/KT8181_1.WA01.58E758E76E81A.mxf; Avid MediaFiles/MXF/AVID2.1 20170406/KT8181_2.WA02.58E758E76E81A.mxf; Avid MediaFiles/MXF/AVID2.1 20170406/KT8181_3.WA03.58E758E76E81A.mxf; Avid MediaFiles/MXF/AVID2.1 20170406/KT8181_4.WA04.58E758E76E81A.mxf; Avid MediaFiles/MXF/AVID2.1 20170406/KT8181_7.WA07.58E758E76E81A.mxf; Avid MediaFiles/MXF/AVID2.1 20170406/KT8181_8.WA08.58E758E76E81A.mxf
121,KT8180_1.WA01.58E758E76E7FA; KT8180_2.WA02.58E758E76E7FA; KT8180_3.WA03.58E758E76E7FA; KT8180_4.WA04.58E758E76E7FA; KT8180_7.WA07.58E758E76E7FA; KT8180_8.WA08.58E758E76E7FA;     412B /t 2   ,2:136eb693b1b4e8f5b194131acaef5e84; 2:0f700d7e756e5d01bb1593b10a5256c0; 2:8c3b619b2a6e768535aaf885e5b69258; 2:b9bd3bbd1fe77e775fcf1879848f8942; 2:32a4f01e797025cba964c72a3381619f; 2:bf5c6896a1a3555dde5fb0a5c5f4d037,00:00:00:00:100/1,00:01:55:72:100/1,Avid MediaFiles/MXF/AVID2.1 20170406/KT8180_1.WA01.58E758E76E7FA.mxf; Avid MediaFiles/MXF/AVID2.1 20170406/KT8180_2.WA02.58E758E76E7FA.mxf; Avid MediaFiles/MXF/AVID2.1 20170406/KT8180_3.WA03.58E758E76E7FA.mxf; Avid MediaFiles/MXF/AVID2.1 20170406/KT8180_4.WA04.58E758E76E7FA.mxf; Avid MediaFiles/MXF/AVID2.1 20170406/KT8180_7.WA07.58E758E76E7FA.mxf; Avid MediaFiles/MXF/AVID2.1 20170406/KT8180_8.WA08.58E758E76E7FA.mxf
122,KT8182_1.WA01.58E758E76E83A; KT8182_2.WA02.58E758E76E83A; KT8182_3.WA03.58E758E76E83A; KT8182_4.WA04.58E758E76E83A; KT8182_7.WA07.58E758E76E83A; KT8182_8.WA08.58E758E76E83A;     412C /t 2   ,2:264f8b1ee112c3f6756a8ecfe0653ef3; 2:b29aa3f548fe18257917a19029e818cb; 2:ece1ddf3a899f619a146be80da74de59; 2:61f5ee9e1614a59a2209735efce4af8e; 2:84e2fe317ea806d989404bab38880b8a; 2:b741b2dfd114949f0770b4969c7cbdb0,00:00:00:00:100/1,00:01:36:32:100/1,Avid MediaFiles/MXF/AVID2.1 20170406/KT8182_1.WA01.58E758E76E83A.mxf; Avid MediaFiles/MXF/AVID2.1 20170406/KT8182_2.WA02.58E758E76E83A.mxf; Avid MediaFiles/MXF/AVID2.1 20170406/KT8182_3.WA03.58E758E76E83A.mxf; Avid MediaFiles/MXF/AVID2.1 20170406/KT8182_4.WA04.58E758E76E83A.mxf; Avid MediaFiles/MXF/AVID2.1 20170406/KT8182_7.WA07.58E758E76E83A.mxf; Avid MediaFiles/MXF/AVID2.1 20170406/KT8182_8.WA08.58E758E76E83A.mxf
123,KT8183_2.WA02.58E758E76E85A; KT8183_7.WA07.58E758E76E85A; KT8183_8.WA08.58E758E76E85A;  VO 403  /w 1   ,2:d6cbc22f76359e8bcd1f9951c754b400; 2:3054b42721240778447d3751a8ac27a4; 2:884ccb0bb90ae0ec1a8d9f8d7d452ed3,00:00:00:00:100/1,00:01:26:36:100/1,Avid MediaFiles/MXF/AVID2.1 20170406/KT8183_2.WA02.58E758E76E85A.mxf; Avid MediaFiles/MXF/AVID2.1 20170406/KT8183_7.WA07.58E758E76E85A.mxf; Avid MediaFiles/MXF/AVID2.1 20170406/KT8183_8.WA08.58E758E76E85A.mxf
124,KT8184_2.WA02.58E758E76E86A; KT8184_7.WA07.58E758E76E86A; KT8184_8.WA08.58E758E76E86A;  VO 403  /w 2   ,2:aed5104c7627846b6ba58bc30c10fccc; 2:1461b77c0a0f06caa445165f426a64a1; 2:d9d6e1f6418418309d55add1d41dc3f1,00:00:00:00:100/1,00:00:27:88:100/1,Avid MediaFiles/MXF/AVID2.1 20170406/KT8184_2.WA02.58E758E76E86A.mxf; Avid MediaFiles/MXF/AVID2.1 20170406/KT8184_7.WA07.58E758E76E86A.mxf; Avid MediaFiles/MXF/AVID2.1 20170406/KT8184_8.WA08.58E758E76E86A.mxf
125,KT8185_1.WA01.58E758E76E86A; KT8185_2.WA02.58E758E76E86A; KT8185_4.WA04.58E758E76E86A; KT8185_7.WA07.58E758E76E86A; KT8185_8.WA08.58E758E76E86A;     415  /t 1   ,2:e6f992e975582ddf4b5a5ecf44f1dca3; 2:87702dc9595f803db0460444dce5e644; 2:98d7c52d1c29d6b330077bb0a69c63c4; 2:e88495ed86ff2347e04a36aebdff411c; 2:ef2c7c695d23d2516ad19446a579e77e,00:00:00:00:100/1,00:01:45:48:100/1,Avid MediaFiles/MXF/AVID2.1 20170406/KT8185_1.WA01.58E758E76E86A.mxf; Avid MediaFiles/MXF/AVID2.1 20170406/KT8185_2.WA02.58E758E76E86A.mxf; Avid MediaFiles/MXF/AVID2.1 20170406/KT8185_4.WA04.58E758E76E86A.mxf; Avid MediaFiles/MXF/AVID2.1 20170406/KT8185_7.WA07.58E758E76E86A.mxf; Avid MediaFiles/MXF/AVID2.1 20170406/KT8185_8.WA08.58E758E76E86A.mxf
126,KT8187_1.WA01.58E758E76E89A; KT8187_2.WA02.58E758E76E89A; KT8187_4.WA04.58E758E76E89A; KT8187_7.WA07.58E758E76E89A; KT8187_8.WA08.58E758E76E89A;     415  /t 3   ,2:2c7a6c223027b5b4ab99d073a0d06a63; 2:64e4fe51a2d17992faf07c112cba2ce8; 2:eb0cac358c378e371116c2ed5f69ea99; 2:4182f117927a6ff0bf648f16a799afe3; 2:b7555cd9738bd0792a0984c5662af473,00:00:00:00:100/1,00:00:49:80:100/1,Avid MediaFiles/MXF/AVID2.1 20170406/KT8187_1.WA01.58E758E76E89A.mxf; Avid MediaFiles/MXF/AVID2.1 20170406/KT8187_2.WA02.58E758E76E89A.mxf; Avid MediaFiles/MXF/AVID2.1 20170406/KT8187_4.WA04.58E758E76E89A.mxf; Avid MediaFiles/MXF/AVID2.1 20170406/KT8187_7.WA07.58E758E76E89A.mxf; Avid MediaFiles/MXF/AVID2.1 20170406/KT8187_8.WA08.58E758E76E89A.mxf
127,KT8188_1.WA01.58E758E76E8AA; KT8188_2.WA02.58E758E76E8AA; KT8188_4.WA04.58E758E76E8AA; KT8188_7.WA07.58E758E76E8AA; KT8188_8.WA08.58E758E76E8AA;     415  /t 4   ,2:4dd24dd2db914fc43e382d1654f16b1f; 2:902701660d316974996c57023aafa415; 2:ce6e4fd1db4e9c00e13625b875d46670; 2:12741bb317258eab2381defcd234cbdd; 2:d76dab62f171938cc70e7cb0933ff31e,00:00:00:00:100/1,00:01:00:52:100/1,Avid MediaFiles/MXF/AVID2.1 20170406/KT8188_1.WA01.58E758E76E8AA.mxf; Avid MediaFiles/MXF/AVID2.1 20170406/KT8188_2.WA02.58E758E76E8AA.mxf; Avid MediaFiles/MXF/AVID2.1 20170406/KT8188_4.WA04.58E758E76E8AA.mxf; Avid MediaFiles/MXF/AVID2.1 20170406/KT8188_7.WA07.58E758E76E8AA.mxf; Avid MediaFiles/MXF/AVID2.1 20170406/KT8188_8.WA08.58E758E76E8AA.mxf
128,KT8186_1.WA01.58E758E76E88A; KT8186_2.WA02.58E758E76E88A; KT8186_4.WA04.58E758E76E88A; KT8186_7.WA07.58E758E76E88A; KT8186_8.WA08.58E758E76E88A;     415  /t 2   ,2:f3dbf9e22bd07ff4df0708bebe2f2df1; 2:317cbf6d4b8d5c2b8d5517d428c8a1df; 2:f418708553379561eab67e570b18ad4a; 2:1d2a19add1405c570eebaaadba5ba8a2; 2:cd2efc7bf965ca4c8a389493dc6f59bd,00:00:00:00:100/1,00:01:16:92:100/1,Avid MediaFiles/MXF/AVID2.1 20170406/KT8186_1.WA01.58E758E76E88A.mxf; Avid MediaFiles/MXF/AVID2.1 20170406/KT8186_2.WA02.58E758E76E88A.mxf; Avid MediaFiles/MXF/AVID2.1 20170406/KT8186_4.WA04.58E758E76E88A.mxf; Avid MediaFiles/MXF/AVID2.1 20170406/KT8186_7.WA07.58E758E76E88A.mxf; Avid MediaFiles/MXF/AVID2.1 20170406/KT8186_8.WA08.58E758E76E88A.mxf
129,KT8190_1.WA01.58E758E76E8DA; KT8190_2.WA02.58E758E76E8DA; KT8190_4.WA04.58E758E76E8DA; KT8190_7.WA07.58E758E76E8DA; KT8190_8.WA08.58E758E76E8DA;     415  /t 6   ,2:0b4d88afe9d767f1bab03fa5cffad30d; 2:d0dd3f4a704a8c6ea269f7d8b1594c5a; 2:bb3262cc31b5a9d5b919867cc93d9c68; 2:3d6d8559dce4344595ff7b9adfb1ad91; 2:ebb08b61f53b2b9171ff61a313d12828,00:00:00:00:100/1,00:01:43:84:100/1,Avid MediaFiles/MXF/AVID2.1 20170406/KT8190_1.WA01.58E758E76E8DA.mxf; Avid MediaFiles/MXF/AVID2.1 20170406/KT8190_2.WA02.58E758E76E8DA.mxf; Avid MediaFiles/MXF/AVID2.1 20170406/KT8190_4.WA04.58E758E76E8DA.mxf; Avid MediaFiles/MXF/AVID2.1 20170406/KT8190_7.WA07.58E758E76E8DA.mxf; Avid MediaFiles/MXF/AVID2.1 20170406/KT8190_8.WA08.58E758E76E8DA.mxf
130,KT8189_1.WA01.58E758E76E8BA; KT8189_2.WA02.58E758E76E8BA; KT8189_4.WA04.58E758E76E8BA; KT8189_7.WA07.58E758E76E8BA; KT8189_8.WA08.58E758E76E8BA;     415  /t 5   ,2:6a5cc2519fd60a12785165859a6ead53; 2:2b094544bb8cb55fc8bb86d6b070d908; 2:e7bc96176b1bd5fae5b1f75498b8bd29; 2:cc06f5e50cc7ae243ac9872635bce72d; 2:3fda4e3c4bd17acf8ba79b145304fb5d,00:00:00:00:100/1,00:01:54:96:100/1,Avid MediaFiles/MXF/AVID2.1 20170406/KT8189_1.WA01.58E758E76E8BA.mxf; Avid MediaFiles/MXF/AVID2.1 20170406/KT8189_2.WA02.58E758E76E8BA.mxf; Avid MediaFiles/MXF/AVID2.1 20170406/KT8189_4.WA04.58E758E76E8BA.mxf; Avid MediaFiles/MXF/AVID2.1 20170406/KT8189_7.WA07.58E758E76E8BA.mxf; Avid MediaFiles/MXF/AVID2.1 20170406/KT8189_8.WA08.58E758E76E8BA.mxf
131,KT8191_1.WA01.58E758E76E8FA; KT8191_2.WA02.58E758E76E8FA; KT8191_4.WA04.58E758E76E8FA; KT8191_7.WA07.58E758E76E8FA; KT8191_8.WA08.58E758E76E8FA;     415  /t 7   ,2:37dfd6cbf2da60db16582cdef89dbf34; 2:df6f4d1a8e9e0092a24939e21f6e1028; 2:81bc223330895f13ce0b6106142c585d; 2:3d967d47d0dd8c86cda5bd562117b9bb; 2:7fd4fc00dfb23fab234bb24e89a3cd97,00:00:00:00:100/1,00:01:00:96:100/1,Avid MediaFiles/MXF/AVID2.1 20170406/KT8191_1.WA01.58E758E76E8FA.mxf; Avid MediaFiles/MXF/AVID2.1 20170406/KT8191_2.WA02.58E758E76E8FA.mxf; Avid MediaFiles/MXF/AVID2.1 20170406/KT8191_4.WA04.58E758E76E8FA.mxf; Avid MediaFiles/MXF/AVID2.1 20170406/KT8191_7.WA07.58E758E76E8FA.mxf; Avid MediaFiles/MXF/AVID2.1 20170406/KT8191_8.WA08.58E758E76E8FA.mxf
132,KT8192_1.WA01.58E758E76E90A; KT8192_2.WA02.58E758E76E90A; KT8192_4.WA04.58E758E76E90A; KT8192_7.WA07.58E758E76E90A; KT8192_8.WA08.58E758E76E90A;     415  /t 8   ,2:b65a43a44d73bf92e6ca5b74f5368514; 2:e9d86fab8500ed96c8624f9fcc9bd9c1; 2:e33ae0d247a47b86c359a7bb8d5476bf; 2:42d361502379a589e14056a69c658f18; 2:905597edf753c8dfd2465cd454bd31f7,00:00:00:00:100/1,00:01:27:48:100/1,Avid MediaFiles/MXF/AVID2.1 20170406/KT8192_1.WA01.58E758E76E90A.mxf; Avid MediaFiles/MXF/AVID2.1 20170406/KT8192_2.WA02.58E758E76E90A.mxf; Avid MediaFiles/MXF/AVID2.1 20170406/KT8192_4.WA04.58E758E76E90A.mxf; Avid MediaFiles/MXF/AVID2.1 20170406/KT8192_7.WA07.58E758E76E90A.mxf; Avid MediaFiles/MXF/AVID2.1 20170406/KT8192_8.WA08.58E758E76E90A.mxf
133,KT8193_1.WA01.58E758E76E91A; KT8193_2.WA02.58E758E76E91A; KT8193_4.WA04.58E758E76E91A; KT8193_7.WA07.58E758E76E91A; KT8193_8.WA08.58E758E76E91A;     415  /t 9   ,2:62d26f5a097148af90f3c67d3c3e16fc; 2:a8326c47ae93615e6969cd7b3eca1635; 2:da243f69f58ebfff65d61957eec03a89; 2:d6c54ee4e373c97f41278dda863c00d6; 2:b75f02c3dfe4452c4695f9a9c1247d33,00:00:00:00:100/1,00:00:53:56:100/1,Avid MediaFiles/MXF/AVID2.1 20170406/KT8193_1.WA01.58E758E76E91A.mxf; Avid MediaFiles/MXF/AVID2.1 20170406/KT8193_2.WA02.58E758E76E91A.mxf; Avid MediaFiles/MXF/AVID2.1 20170406/KT8193_4.WA04.58E758E76E91A.mxf; Avid MediaFiles/MXF/AVID2.1 20170406/KT8193_7.WA07.58E758E76E91A.mxf; Avid MediaFiles/MXF/AVID2.1 20170406/KT8193_8.WA08.58E758E76E91A.mxf
134,KT8194_1.WA01.58E758E76E92A; KT8194_2.WA02.58E758E76E92A; KT8194_4.WA04.58E758E76E92A; KT8194_7.WA07.58E758E76E92A; KT8194_8.WA08.58E758E76E93A;     415  /t10   ,2:23c34112c4ec776b4a4ffa3f784696f4; 2:4826f45ec91f3032d4663a90c0cae8f5; 2:8b305da53ea7ec0288606f380d196cd4; 2:6bf842d5cb3ba18f08a14acf1276fad1; 2:edea9f1de1d9f9c1c131ae96d4fe88c0,00:00:00:00:100/1,00:01:53:24:100/1,Avid MediaFiles/MXF/AVID2.1 20170406/KT8194_1.WA01.58E758E76E92A.mxf; Avid MediaFiles/MXF/AVID2.1 20170406/KT8194_2.WA02.58E758E76E92A.mxf; Avid MediaFiles/MXF/AVID2.1 20170406/KT8194_4.WA04.58E758E76E92A.mxf; Avid MediaFiles/MXF/AVID2.1 20170406/KT8194_7.WA07.58E758E76E92A.mxf; Avid MediaFiles/MXF/AVID2.1 20170406/KT8194_8.WA08.58E758E76E93A.mxf
135,KT8195-5.WA05.58E758E76E94A; KT8195-6.WA06.58E758E76E94A;     415  /w11   ,2:7bdbfa22759822e20c676f7ca721e317; 2:588e770802a509b6935671ec6ed956f3,00:00:00:00:100/1,00:04:09:36:100/1,Avid MediaFiles/MXF/AVID2.1 20170406/KT8195-5.WA05.58E758E76E94A.mxf; Avid MediaFiles/MXF/AVID2.1 20170406/KT8195-6.WA06.58E758E76E94A.mxf
136,KT8195_1.WA01.58E758E76E96A; KT8195_4.WA04.58E758E76E96A; KT8195_7.WA07.58E758E76E96A; KT8195_8.WA08.58E758E76E96A;     415  /w11   ,2:69b133969f61998c93ad95824c4b65ba; 2:f0820b2f442a31a7f06c21d5f5ed6920; 2:370385a959dbb93b7a38281d6d82d1ec; 2:bb9013f3b43b093a8e3b81b8434fc379,00:00:00:00:100/1,00:04:09:36:100/1,Avid MediaFiles/MXF/AVID2.1 20170406/KT8195_1.WA01.58E758E76E96A.mxf; Avid MediaFiles/MXF/AVID2.1 20170406/KT8195_4.WA04.58E758E76E96A.mxf; Avid MediaFiles/MXF/AVID2.1 20170406/KT8195_7.WA07.58E758E76E96A.mxf; Avid MediaFiles/MXF/AVID2.1 20170406/KT8195_8.WA08.58E758E76E96A.mxf
137,KT8196-5.WA05.58E758E76E99A; KT8196-6.WA06.58E758E76E99A;     412  /w 1   ,2:2e014ba85886386f709574a0bbd8187f; 2:40eab403ecebe62ef8dbbbc06d959db6,00:00:00:00:100/1,00:01:38:52:100/1,Avid MediaFiles/MXF/AVID2.1 20170406/KT8196-5.WA05.58E758E76E99A.mxf; Avid MediaFiles/MXF/AVID2.1 20170406/KT8196-6.WA06.58E758E76E99A.mxf
138,KT8196_1.WA01.58E758E76E9AA; KT8196_7.WA07.58E758E76E9AA; KT8196_8.WA08.58E758E76E9AA;     412  /w 1   ,2:2dd5f4fc6720d3261ad58017f84be6c6; 2:4fa5953789877d47bb5853b1bb3593bf; 2:3d355efb409180f3eef6573b15ac012b,00:00:00:00:100/1,00:01:38:52:100/1,Avid MediaFiles/MXF/AVID2.1 20170406/KT8196_1.WA01.58E758E76E9AA.mxf; Avid MediaFiles/MXF/AVID2.1 20170406/KT8196_7.WA07.58E758E76E9AA.mxf; Avid MediaFiles/MXF/AVID2.1 20170406/KT8196_8.WA08.58E758E76E9AA.mxf
139,KT8197-5.WA05.58E758E76E9BA; KT8197-6.WA06.58E758E76E9BA;     412  /w 2   ,2:258193e208d5c91de282d4bf6c6cace0; 2:94b2e873adfd9dc8ea69ec3d0e389332,00:00:00:00:100/1,00:02:46:72:100/1,Avid MediaFiles/MXF/AVID2.1 20170406/KT8197-5.WA05.58E758E76E9BA.mxf; Avid MediaFiles/MXF/AVID2.1 20170406/KT8197-6.WA06.58E758E76E9BA.mxf
140,KT8198-5.WA05.58E758E76E9EA; KT8198-6.WA06.58E758E76E9EA;     415  /w12   ,2:fee7bb1dc4c3d9e3484c91df25ea9c24; 2:463041718e1df2f685f24b33a0a484c7,00:00:00:00:100/1,00:02:00:64:100/1,Avid MediaFiles/MXF/AVID2.1 20170406/KT8198-5.WA05.58E758E76E9EA.mxf; Avid MediaFiles/MXF/AVID2.1 20170406/KT8198-6.WA06.58E758E76E9EA.mxf
141,KT8197_1.WA01.58E758E76E9CA; KT8197_7.WA07.58E758E76E9CA; KT8197_8.WA08.58E758E76E9CA;     412  /w 2   ,2:1f99897d5275be25a088d9405e4c6a90; 2:0d06a022c61b42081f351510b904b6c8; 2:a2ce032924d7d194ee5a2e4f42bc35db,00:00:00:00:100/1,00:02:46:72:100/1,Avid MediaFiles/MXF/AVID2.1 20170406/KT8197_1.WA01.58E758E76E9CA.mxf; Avid MediaFiles/MXF/AVID2.1 20170406/KT8197_7.WA07.58E758E76E9CA.mxf; Avid MediaFiles/MXF/AVID2.1 20170406/KT8197_8.WA08.58E758E76E9CA.mxf
142,KT8198_1.WA01.58E758E76E9FA; KT8198_7.WA07.58E758E76E9FA; KT8198_8.WA08.58E758E76E9FA;     415  /w12   ,2:eb9ac0f4a0ad6a027d21c485f375ac20; 2:0f979c3bea416c82a19ff30f651e412b; 2:6a2af685398bc19f3fdb029b241b0bdb,00:00:00:00:100/1,00:02:00:64:100/1,Avid MediaFiles/MXF/AVID2.1 20170406/KT8198_1.WA01.58E758E76E9FA.mxf; Avid MediaFiles/MXF/AVID2.1 20170406/KT8198_7.WA07.58E758E76E9FA.mxf; Avid MediaFiles/MXF/AVID2.1 20170406/KT8198_8.WA08.58E758E76E9FA.mxf
143,KT8199_1.WA01.58E758E76EA0A; KT8199_2.WA02.58E758E76EA0A; KT8199_4.WA04.58E758E76EA0A; KT8199_7.WA07.58E758E76EA0A; KT8199_8.WA08.58E758E76EA0A;     415A /t 1   ,2:7f1c41e7e3d7569933f2b2f0d67afad4; 2:5448fd0da8729c6a53d9700c7b4cb6ff; 2:dee92fa21e6d53f19ea93cdc02574e97; 2:43fd24f8e2635b168689482157d9ab23; 2:7e496e0b7418d35c44e06867781641b2,00:00:00:00:100/1,00:01:07:88:100/1,Avid MediaFiles/MXF/AVID2.1 20170406/KT8199_1.WA01.58E758E76EA0A.mxf; Avid MediaFiles/MXF/AVID2.1 20170406/KT8199_2.WA02.58E758E76EA0A.mxf; Avid MediaFiles/MXF/AVID2.1 20170406/KT8199_4.WA04.58E758E76EA0A.mxf; Avid MediaFiles/MXF/AVID2.1 20170406/KT8199_7.WA07.58E758E76EA0A.mxf; Avid MediaFiles/MXF/AVID2.1 20170406/KT8199_8.WA08.58E758E76EA0A.mxf
144,KT8200_1.WA01.58E758E76EA1A; KT8200_2.WA02.58E758E76EA1A; KT8200_4.WA04.58E758E76EA1A; KT8200_7.WA07.58E758E76EA1A; KT8200_8.WA08.58E758E76EA1A;     415A /t 2   ,2:98c7aaf2b97746f50862cc590c8ef061; 2:6cf1f2368e9ae5967ace04c95dff13e8; 2:a98f535dfbe017bce88ee8ca9ad1c778; 2:dcb1524694ed5e1d960c9e6a1953a356; 2:0d1428a02b9dbdb8a9c499c8e8f2dff5,00:00:00:00:100/1,00:00:55:32:100/1,Avid MediaFiles/MXF/AVID2.1 20170406/KT8200_1.WA01.58E758E76EA1A.mxf; Avid MediaFiles/MXF/AVID2.1 20170406/KT8200_2.WA02.58E758E76EA1A.mxf; Avid MediaFiles/MXF/AVID2.1 20170406/KT8200_4.WA04.58E758E76EA1A.mxf; Avid MediaFiles/MXF/AVID2.1 20170406/KT8200_7.WA07.58E758E76EA1A.mxf; Avid MediaFiles/MXF/AVID2.1 20170406/KT8200_8.WA08.58E758E76EA1A.mxf
145,KT8201_1.WA01.58E758E76EA2A; KT8201_2.WA02.58E758E76EA2A; KT8201_4.WA04.58E758E76EA2A; KT8201_7.WA07.58E758E76EA2A; KT8201_8.WA08.58E758E76EA2A;     415A /t 3   ,2:432307fc1396e2760b64e133169d9788; 2:5b8aa1f3e8671045724a5362ab031101; 2:fea5a4613b87f701071ad31ba09957cd; 2:e0b080a220c1bcd1c43023bbf48783d3; 2:c1b1e436ae4890b773ffbd51539cd9c0,00:00:00:00:100/1,00:01:18:68:100/1,Avid MediaFiles/MXF/AVID2.1 20170406/KT8201_1.WA01.58E758E76EA2A.mxf; Avid MediaFiles/MXF/AVID2.1 20170406/KT8201_2.WA02.58E758E76EA2A.mxf; Avid MediaFiles/MXF/AVID2.1 20170406/KT8201_4.WA04.58E758E76EA2A.mxf; Avid MediaFiles/MXF/AVID2.1 20170406/KT8201_7.WA07.58E758E76EA2A.mxf; Avid MediaFiles/MXF/AVID2.1 20170406/KT8201_8.WA08.58E758E76EA2A.mxf
146,KT8202_1.WA01.58E758E76EA4A; KT8202_2.WA02.58E758E76EA4A; KT8202_4.WA04.58E758E76EA4A; KT8202_7.WA07.58E758E76EA4A; KT8202_8.WA08.58E758E76EA4A;     415A /t 4   ,2:4c05d6e522a502dd24fc4ef2d36e6b16; 2:065812c0b91965983fe7c194ab29bea7; 2:9d44fad25ad114bb4541f4dd6a5f8b53; 2:d57f890931469ebfc250d63945e87e1f; 2:587a23c070db27d627760de499720532,00:00:00:00:100/1,00:01:19:16:100/1,Avid MediaFiles/MXF/AVID2.1 20170406/KT8202_1.WA01.58E758E76EA4A.mxf; Avid MediaFiles/MXF/AVID2.1 20170406/KT8202_2.WA02.58E758E76EA4A.mxf; Avid MediaFiles/MXF/AVID2.1 20170406/KT8202_4.WA04.58E758E76EA4A.mxf; Avid MediaFiles/MXF/AVID2.1 20170406/KT8202_7.WA07.58E758E76EA4A.mxf; Avid MediaFiles/MXF/AVID2.1 20170406/KT8202_8.WA08.58E758E76EA4A.mxf
147,KT8203_1.WA01.58E758E76EA5A; KT8203_2.WA02.58E758E76EA5A; KT8203_3.WA03.58E758E76EA5A; KT8203_4.WA04.58E758E76EA5A; KT8203_7.WA07.58E758E76EA5A; KT8203_8.WA08.58E758E76EA5A;     415B /t 1   ,2:8a2e6fb2d782700dc9aa85fa880bfb68; 2:a625f2ab3c6d84787cb613a87adc2887; 2:8e5c439b68073658314108cb900075c8; 2:a208d4017e11ea90b04c1eb40ece6ef9; 2:da801143e58010712a4f6223e462bc3c; 2:b370f564b15cbd3e9270684cd463746b,00:00:00:00:100/1,00:00:58:08:100/1,Avid MediaFiles/MXF/AVID2.1 20170406/KT8203_1.WA01.58E758E76EA5A.mxf; Avid MediaFiles/MXF/AVID2.1 20170406/KT8203_2.WA02.58E758E76EA5A.mxf; Avid MediaFiles/MXF/AVID2.1 20170406/KT8203_3.WA03.58E758E76EA5A.mxf; Avid MediaFiles/MXF/AVID2.1 20170406/KT8203_4.WA04.58E758E76EA5A.mxf; Avid MediaFiles/MXF/AVID2.1 20170406/KT8203_7.WA07.58E758E76EA5A.mxf; Avid MediaFiles/MXF/AVID2.1 20170406/KT8203_8.WA08.58E758E76EA5A.mxf
148,KT8204_1.WA01.58E758E76EA6A; KT8204_2.WA02.58E758E76EA6A; KT8204_7.WA07.58E758E76EA6A; KT8204_8.WA08.58E758E76EA6A;     415B /t 2   ,2:8cd74f3c84f95dd786bd22be202e2367; 2:6cd94b52f99a91ff33525d7468bd5554; 2:3e6e9bef6d4b3f2e7cb5fd7f24e14225; 2:67169eb535d32a072c27462cbd622a50,00:00:00:00:100/1,00:00:59:84:100/1,Avid MediaFiles/MXF/AVID2.1 20170406/KT8204_1.WA01.58E758E76EA6A.mxf; Avid MediaFiles/MXF/AVID2.1 20170406/KT8204_2.WA02.58E758E76EA6A.mxf; Avid MediaFiles/MXF/AVID2.1 20170406/KT8204_7.WA07.58E758E76EA6A.mxf; Avid MediaFiles/MXF/AVID2.1 20170406/KT8204_8.WA08.58E758E76EA6A.mxf
149,KT8205-5.WA05.58E758E76EA7A; KT8205-6.WA06.58E758E76EA7A;     415C /t 1   ,2:22ba592d693ea8dfe5c0e8fbb86f6dfd; 2:fa367319bb28647abde118389742f364,00:00:00:00:100/1,00:01:03:08:100/1,Avid MediaFiles/MXF/AVID2.1 20170406/KT8205-5.WA05.58E758E76EA7A.mxf; Avid MediaFiles/MXF/AVID2.1 20170406/KT8205-6.WA06.58E758E76EA7A.mxf
150,KT8206-5.WA05.58E758E76EA9A; KT8206-6.WA06.58E758E76EA9A;     415C /t 2   ,2:abfecb73daffb61893daf7eacf985ec5; 2:abe879f492ecd87febb43858c8a68251,00:00:00:00:100/1,00:01:59:12:100/1,Avid MediaFiles/MXF/AVID2.1 20170406/KT8206-5.WA05.58E758E76EA9A.mxf; Avid MediaFiles/MXF/AVID2.1 20170406/KT8206-6.WA06.58E758E76EA9A.mxf
151,KT8205_1.WA01.58E758E76EA8A; KT8205_2.WA02.58E758E76EA8A; KT8205_4.WA04.58E758E76EA8A; KT8205_7.WA07.58E758E76EA8A; KT8205_8.WA08.58E758E76EA8A;     415C /t 1   ,2:a4f3fd0aab76650d9b244d610425139c; 2:48439397f23b324dc266a2b78b63e12f; 2:e9bd68acc222b8275ba1717b58604bf3; 2:2e791e1269053cb2d7903cb860b7ba1e; 2:c7ab9b9fd6ab23ac66dc6a8ea503e31c,00:00:00:00:100/1,00:01:03:08:100/1,Avid MediaFiles/MXF/AVID2.1 20170406/KT8205_1.WA01.58E758E76EA8A.mxf; Avid MediaFiles/MXF/AVID2.1 20170406/KT8205_2.WA02.58E758E76EA8A.mxf; Avid MediaFiles/MXF/AVID2.1 20170406/KT8205_4.WA04.58E758E76EA8A.mxf; Avid MediaFiles/MXF/AVID2.1 20170406/KT8205_7.WA07.58E758E76EA8A.mxf; Avid MediaFiles/MXF/AVID2.1 20170406/KT8205_8.WA08.58E758E76EA8A.mxf
152,KT8206_1.WA01.58E758E76EAAA; KT8206_2.WA02.58E758E76EAAA; KT8206_4.WA04.58E758E76EAAA; KT8206_7.WA07.58E758E76EAAA; KT8206_8.WA08.58E758E76EAAA;     415C /t 2   ,2:fd4d727bd6b9936958841a58f65e4545; 2:e98d1158af1801b29d159faf782ff97f; 2:9f7c562f305cd1e2fb6f4217b61a505d; 2:38ac1a4ccb75b64537fad86f23119e30; 2:dbd41121bbbcc3dc54b1a10e4378ed82,00:00:00:00:100/1,00:01:59:12:100/1,Avid MediaFiles/MXF/AVID2.1 20170406/KT8206_1.WA01.58E758E76EAAA.mxf; Avid MediaFiles/MXF/AVID2.1 20170406/KT8206_2.WA02.58E758E76EAAA.mxf; Avid MediaFiles/MXF/AVID2.1 20170406/KT8206_4.WA04.58E758E76EAAA.mxf; Avid MediaFiles/MXF/AVID2.1 20170406/KT8206_7.WA07.58E758E76EAAA.mxf; Avid MediaFiles/MXF/AVID2.1 20170406/KT8206_8.WA08.58E758E76EAAA.mxf
153,KT8207_1.WA01.58E758E76EACA; KT8207_2.WA02.58E758E76EACA; KT8207_3.WA03.58E758E76EACA; KT8207_4.WA04.58E758E76EACA; KT8207_7.WA07.58E758E76EACA; KT8207_8.WA08.58E758E76EACA;     428  /t 1   ,2:85349f486576883e4c5e7e47d48d8810; 2:bfaf23b51428fadc8d35e54563717d82; 2:a3386e3c6dda6ff85129e84dd18dc864; 2:c76211eccf837d9262e8e57b3e6c4794; 2:1ad54f5b051cf949af474ed0648ad88c; 2:b8f6452004c8cf9d6b51c6daf35dbe8c,00:00:00:00:100/1,00:00:35:92:100/1,Avid MediaFiles/MXF/AVID2.1 20170406/KT8207_1.WA01.58E758E76EACA.mxf; Avid MediaFiles/MXF/AVID2.1 20170406/KT8207_2.WA02.58E758E76EACA.mxf; Avid MediaFiles/MXF/AVID2.1 20170406/KT8207_3.WA03.58E758E76EACA.mxf; Avid MediaFiles/MXF/AVID2.1 20170406/KT8207_4.WA04.58E758E76EACA.mxf; Avid MediaFiles/MXF/AVID2.1 20170406/KT8207_7.WA07.58E758E76EACA.mxf; Avid MediaFiles/MXF/AVID2.1 20170406/KT8207_8.WA08.58E758E76EACA.mxf
154,KT8208_1.WA01.58E758E76EADA; KT8208_2.WA02.58E758E76EADA; KT8208_3.WA03.58E758E76EADA; KT8208_4.WA04.58E758E76EADA; KT8208_7.WA07.58E758E76EADA; KT8208_8.WA08.58E758E76EADA;     428  /t 2   ,2:8c4cd76ea8f5da0ba499ac74b0c6d8f9; 2:10ce9dcf78e35db3357064c9f96bb839; 2:f4e67c44db112ad913d5f89b0781fd98; 2:5f0b54d7eac11633277e55dd9b8133af; 2:c7ed61f839e40ea1072a7ccc2cad19c5; 2:9234bed9587d9a2b807d91d7da88aab1,00:00:00:00:100/1,00:01:34:96:100/1,Avid MediaFiles/MXF/AVID2.1 20170406/KT8208_1.WA01.58E758E76EADA.mxf; Avid MediaFiles/MXF/AVID2.1 20170406/KT8208_2.WA02.58E758E76EADA.mxf; Avid MediaFiles/MXF/AVID2.1 20170406/KT8208_3.WA03.58E758E76EADA.mxf; Avid MediaFiles/MXF/AVID2.1 20170406/KT8208_4.WA04.58E758E76EADA.mxf; Avid MediaFiles/MXF/AVID2.1 20170406/KT8208_7.WA07.58E758E76EADA.mxf; Avid MediaFiles/MXF/AVID2.1 20170406/KT8208_8.WA08.58E758E76EADA.mxf
155,KT8209_1.WA01.58E758E76EAFA; KT8209_2.WA02.58E758E76EAFA; KT8209_3.WA03.58E758E76EAFA; KT8209_4.WA04.58E758E76EAFA; KT8209_7.WA07.58E758E76EAFA; KT8209_8.WA08.58E758E76EAFA;     428  /t 3   ,2:dc35ca14c1d283cedec16bd30e9a1876; 2:1fe15bc1a48e89dcca400a44d9bcd124; 2:e272686253dd80cb404b397e2fd449c5; 2:ef1d3d9da9d720041585eea46d8973d5; 2:8a70ec0ec19ca25fcd2d2c685dbe6714; 2:80cf9412205c712a7fdae7984a287db4,00:00:00:00:100/1,00:00:26:52:100/1,Avid MediaFiles/MXF/AVID2.1 20170406/KT8209_1.WA01.58E758E76EAFA.mxf; Avid MediaFiles/MXF/AVID2.1 20170406/KT8209_2.WA02.58E758E76EAFA.mxf; Avid MediaFiles/MXF/AVID2.1 20170406/KT8209_3.WA03.58E758E76EAFA.mxf; Avid MediaFiles/MXF/AVID2.1 20170406/KT8209_4.WA04.58E758E76EAFA.mxf; Avid MediaFiles/MXF/AVID2.1 20170406/KT8209_7.WA07.58E758E76EAFA.mxf; Avid MediaFiles/MXF/AVID2.1 20170406/KT8209_8.WA08.58E758E76EAFA.mxf
156,KT8210_1.WA01.58E758E76EAFA; KT8210_2.WA02.58E758E76EAFA; KT8210_3.WA03.58E758E76EAFA; KT8210_4.WA04.58E758E76EAFA; KT8210_7.WA07.58E758E76EB0A; KT8210_8.WA08.58E758E76EB0A;     428  /t 4   ,2:f7910c21e0a7e26b3e87293508bb7210; 2:1726ed123aa490ad6b68cb9b4f372657; 2:6d3c47128bf5c9be74f15cade0c7c873; 2:81fb0de97ce832453287ce7266ec2eb3; 2:8a7aa4e0ebce486a3bb97dacd7f81ab9; 2:f5533c0dbeeac567a806c1eae2a57c85,00:00:00:00:100/1,00:01:45:36:100/1,Avid MediaFiles/MXF/AVID2.1 20170406/KT8210_1.WA01.58E758E76EAFA.mxf; Avid MediaFiles/MXF/AVID2.1 20170406/KT8210_2.WA02.58E758E76EAFA.mxf; Avid MediaFiles/MXF/AVID2.1 20170406/KT8210_3.WA03.58E758E76EAFA.mxf; Avid MediaFiles/MXF/AVID2.1 20170406/KT8210_4.WA04.58E758E76EAFA.mxf; Avid MediaFiles/MXF/AVID2.1 20170406/KT8210_7.WA07.58E758E76EB0A.mxf; Avid MediaFiles/MXF/AVID2.1 20170406/KT8210_8.WA08.58E758E76EB0A.mxf
157,KT8211_1.WA01.58E758E76EB2A; KT8211_2.WA02.58E758E76EB2A; KT8211_3.WA03.58E758E76EB2A; KT8211_4.WA04.58E758E76EB2A; KT8211_7.WA07.58E758E76EB2A; KT8211_8.WA08.58E758E76EB2A;     428  /t 5   ,2:42f50751d05ba57790e410b3689f1505; 2:71c3b0e43a531bb8a8d89dfc1e9934fe; 2:5a7b105614b21fda0a628dfd0153d0f4; 2:f2cef3e6ee57996f9dce77f66c5e356f; 2:b750f79756a2c6451ca9f9fac8cfeaf7; 2:d7c77effb39206c503c39e7357d3c2be,00:00:00:00:100/1,00:01:39:84:100/1,Avid MediaFiles/MXF/AVID2.1 20170406/KT8211_1.WA01.58E758E76EB2A.mxf; Avid MediaFiles/MXF/AVID2.1 20170406/KT8211_2.WA02.58E758E76EB2A.mxf; Avid MediaFiles/MXF/AVID2.1 20170406/KT8211_3.WA03.58E758E76EB2A.mxf; Avid MediaFiles/MXF/AVID2.1 20170406/KT8211_4.WA04.58E758E76EB2A.mxf; Avid MediaFiles/MXF/AVID2.1 20170406/KT8211_7.WA07.58E758E76EB2A.mxf; Avid MediaFiles/MXF/AVID2.1 20170406/KT8211_8.WA08.58E758E76EB2A.mxf
158,KT8213_1.WA01.58E758E76EB6A; KT8213_2.WA02.58E758E76EB6A; KT8213_3.WA03.58E758E76EB6A; KT8213_7.WA07.58E758E76EB6A; KT8213_8.WA08.58E758E76EB6A;     428A /t 1   ,2:9664a4a4be36fcbb0ddebaae8b60d107; 2:9a6eb45e35a22974f8923248c20cf0b7; 2:7e86e7b9e4eeb776f5df7c2bd5db3f92; 2:c99f710805eb588a862322992e18d554; 2:9a659606fdb9001b4f81e704722b1244,00:00:00:00:100/1,00:01:45:48:100/1,Avid MediaFiles/MXF/AVID2.1 20170406/KT8213_1.WA01.58E758E76EB6A.mxf; Avid MediaFiles/MXF/AVID2.1 20170406/KT8213_2.WA02.58E758E76EB6A.mxf; Avid MediaFiles/MXF/AVID2.1 20170406/KT8213_3.WA03.58E758E76EB6A.mxf; Avid MediaFiles/MXF/AVID2.1 20170406/KT8213_7.WA07.58E758E76EB6A.mxf; Avid MediaFiles/MXF/AVID2.1 20170406/KT8213_8.WA08.58E758E76EB6A.mxf
159,KT8212_1.WA01.58E758E76EB4A; KT8212_2.WA02.58E758E76EB4A; KT8212_3.WA03.58E758E76EB4A; KT8212_4.WA04.58E758E76EB4A; KT8212_7.WA07.58E758E76EB4A; KT8212_8.WA08.58E758E76EB4A;     428  /t 6   ,2:4e24affc53fe38d5172298ddb6d67ada; 2:c71d09021e03d308c3de9d114ee4677d; 2:8954749e865f1bf0725bd46d48eba02a; 2:10067a2e7f93101b75a43d3015005f05; 2:349d0d11811e355f995b277af90b75ee; 2:d6259afa2e358818dd435f3918447803,00:00:00:00:100/1,00:01:49:00:100/1,Avid MediaFiles/MXF/AVID2.1 20170406/KT8212_1.WA01.58E758E76EB4A.mxf; Avid MediaFiles/MXF/AVID2.1 20170406/KT8212_2.WA02.58E758E76EB4A.mxf; Avid MediaFiles/MXF/AVID2.1 20170406/KT8212_3.WA03.58E758E76EB4A.mxf; Avid MediaFiles/MXF/AVID2.1 20170406/KT8212_4.WA04.58E758E76EB4A.mxf; Avid MediaFiles/MXF/AVID2.1 20170406/KT8212_7.WA07.58E758E76EB4A.mxf; Avid MediaFiles/MXF/AVID2.1 20170406/KT8212_8.WA08.58E758E76EB4A.mxf
160,KT8214_1.WA01.58E758E76EB8A; KT8214_2.WA02.58E758E76EB8A; KT8214_3.WA03.58E758E76EB8A; KT8214_7.WA07.58E758E76EB8A; KT8214_8.WA08.58E758E76EB8A;     428A /t 2   ,2:fe20c0c3b130047f5851c32ae877a683; 2:40d095730ed890f9f7740c1aae834118; 2:6165fd7ba5e3b2fc149e78c632dc88d3; 2:825225e28d98b8f02c288f0fa6aa666d; 2:448bbe19c650efc6a222ad50110dbf07,00:00:00:00:100/1,00:00:52:12:100/1,Avid MediaFiles/MXF/AVID2.1 20170406/KT8214_1.WA01.58E758E76EB8A.mxf; Avid MediaFiles/MXF/AVID2.1 20170406/KT8214_2.WA02.58E758E76EB8A.mxf; Avid MediaFiles/MXF/AVID2.1 20170406/KT8214_3.WA03.58E758E76EB8A.mxf; Avid MediaFiles/MXF/AVID2.1 20170406/KT8214_7.WA07.58E758E76EB8A.mxf; Avid MediaFiles/MXF/AVID2.1 20170406/KT8214_8.WA08.58E758E76EB8A.mxf
161,KT8215_1.WA01.58E758E76EB9A; KT8215_2.WA02.58E758E76EB9A; KT8215_3.WA03.58E758E76EB9A; KT8215_7.WA07.58E758E76EB9A; KT8215_8.WA08.58E758E76EB9A;     428A /n 3   ,2:e2c2071d16d5ad5ba7fa70e7a328dfb7; 2:6489a5883ac9b3ba32530290aec08c4a; 2:9ea2308bd4a7dfbb24a9d124d800c4db; 2:d6905abba5da929e50489af22217404e; 2:0d2e980ee70f3fa41a5437770c077926,00:00:00:00:100/1,00:00:32:52:100/1,Avid MediaFiles/MXF/AVID2.1 20170406/KT8215_1.WA01.58E758E76EB9A.mxf; Avid MediaFiles/MXF/AVID2.1 20170406/KT8215_2.WA02.58E758E76EB9A.mxf; Avid MediaFiles/MXF/AVID2.1 20170406/KT8215_3.WA03.58E758E76EB9A.mxf; Avid MediaFiles/MXF/AVID2.1 20170406/KT8215_7.WA07.58E758E76EB9A.mxf; Avid MediaFiles/MXF/AVID2.1 20170406/KT8215_8.WA08.58E758E76EB9A.mxf
162,KT8216_1.WA01.58E758E76EB9A; KT8216_2.WA02.58E758E76EB9A; KT8216_3.WA03.58E758E76EB9A; KT8216_7.WA07.58E758E76EB9A; KT8216_8.WA08.58E758E76EB9A;     428A /t 4   ,2:38e7114943fa5264be24ec8efdbe6dd1; 2:66f064b4820f7c800ec6a94223aafe02; 2:e438d8cca88bf9fbb56b5e8e48e495ec; 2:ed82810f952eea86e7b59c0a358f7b3b; 2:8b913ee84e0e69d00323b93aa1630779,00:00:00:00:100/1,00:00:35:96:100/1,Avid MediaFiles/MXF/AVID2.1 20170406/KT8216_1.WA01.58E758E76EB9A.mxf; Avid MediaFiles/MXF/AVID2.1 20170406/KT8216_2.WA02.58E758E76EB9A.mxf; Avid MediaFiles/MXF/AVID2.1 20170406/KT8216_3.WA03.58E758E76EB9A.mxf; Avid MediaFiles/MXF/AVID2.1 20170406/KT8216_7.WA07.58E758E76EB9A.mxf; Avid MediaFiles/MXF/AVID2.1 20170406/KT8216_8.WA08.58E758E76EB9A.mxf
163,KT8217_1.WA01.58E758E76EBAA; KT8217_2.WA02.58E758E76EBAA; KT8217_3.WA03.58E758E76EBAA; KT8217_7.WA07.58E758E76EBAA; KT8217_8.WA08.58E758E76EBAA;     428A /t 5   ,2:f757d2e0d57eb0b3cc8c3ff650bf0f98; 2:dcf016d2c5fbc0c4381c4427f3802b7b; 2:4674cf5cc6824ca499be8840b0efe61c; 2:3abf017611832e596facf391368b67c9; 2:5ca9da79d3d79cd4ec90596bc513bd25,00:00:00:00:100/1,00:02:48:92:100/1,Avid MediaFiles/MXF/AVID2.1 20170406/KT8217_1.WA01.58E758E76EBAA.mxf; Avid MediaFiles/MXF/AVID2.1 20170406/KT8217_2.WA02.58E758E76EBAA.mxf; Avid MediaFiles/MXF/AVID2.1 20170406/KT8217_3.WA03.58E758E76EBAA.mxf; Avid MediaFiles/MXF/AVID2.1 20170406/KT8217_7.WA07.58E758E76EBAA.mxf; Avid MediaFiles/MXF/AVID2.1 20170406/KT8217_8.WA08.58E758E76EBAA.mxf
164,KT8218_1.WA01.58E758E76EBDA; KT8218_2.WA02.58E758E76EBDA; KT8218_3.WA03.58E758E76EBDA; KT8218_7.WA07.58E758E76EBDA; KT8218_8.WA08.58E758E76EBDA;     428A /t 6   ,2:948471a20f1d996f9cbcf991d591bef4; 2:5abd02d9378ae4390dbb9a9434e9cf40; 2:fb1b1c888b1652325b7e0f4938049954; 2:9dc3059038953db6b9c5dfca8b44bf9d; 2:da610ec72e53a2d084c296749b140b9d,00:00:00:00:100/1,00:02:02:64:100/1,Avid MediaFiles/MXF/AVID2.1 20170406/KT8218_1.WA01.58E758E76EBDA.mxf; Avid MediaFiles/MXF/AVID2.1 20170406/KT8218_2.WA02.58E758E76EBDA.mxf; Avid MediaFiles/MXF/AVID2.1 20170406/KT8218_3.WA03.58E758E76EBDA.mxf; Avid MediaFiles/MXF/AVID2.1 20170406/KT8218_7.WA07.58E758E76EBDA.mxf; Avid MediaFiles/MXF/AVID2.1 20170406/KT8218_8.WA08.58E758E76EBDA.mxf
165,KT8219_1.WA01.58E758E76EBFA; KT8219_2.WA02.58E758E76EBFA; KT8219_3.WA03.58E758E76EBFA; KT8219_7.WA07.58E758E76EBFA; KT8219_8.WA08.58E758E76EBFA;     428A /t 7   ,2:6d3545beaf1e180f6ebca1264c1b25ef; 2:6c9ba7e6e276f912349e76926bf28d37; 2:b1fe79dc6145f1117fdeecdd29c535e8; 2:ee379895fe59f94adc37f15c035d6a6f; 2:dc588ea10cfd10466a99ac2bacb06182,00:00:00:00:100/1,00:01:55:80:100/1,Avid MediaFiles/MXF/AVID2.1 20170406/KT8219_1.WA01.58E758E76EBFA.mxf; Avid MediaFiles/MXF/AVID2.1 20170406/KT8219_2.WA02.58E758E76EBFA.mxf; Avid MediaFiles/MXF/AVID2.1 20170406/KT8219_3.WA03.58E758E76EBFA.mxf; Avid MediaFiles/MXF/AVID2.1 20170406/KT8219_7.WA07.58E758E76EBFA.mxf; Avid MediaFiles/MXF/AVID2.1 20170406/KT8219_8.WA08.58E758E76EBFA.mxf
166,KT8220_1.WA01.58E758E76EC1A; KT8220_2.WA02.58E758E76EC1A; KT8220_3.WA03.58E758E76EC1A; KT8220_7.WA07.58E758E76EC1A; KT8220_8.WA08.58E758E76EC1A;     428A /t 8   ,2:18e73e9b72fa9037356956dc22025015; 2:4e7ad15be02b099a6b6c1e53639d8360; 2:8b6427e0082f2bff3f4cdcee2795ed90; 2:f07ac03241fbe47f4753d6e9e513f4b4; 2:aefb47b75952c65400ed1ab1cd292a44,00:00:00:00:100/1,00:01:37:56:100/1,Avid MediaFiles/MXF/AVID2.1 20170406/KT8220_1.WA01.58E758E76EC1A.mxf; Avid MediaFiles/MXF/AVID2.1 20170406/KT8220_2.WA02.58E758E76EC1A.mxf; Avid MediaFiles/MXF/AVID2.1 20170406/KT8220_3.WA03.58E758E76EC1A.mxf; Avid MediaFiles/MXF/AVID2.1 20170406/KT8220_7.WA07.58E758E76EC1A.mxf; Avid MediaFiles/MXF/AVID2.1 20170406/KT8220_8.WA08.58E758E76EC1A.mxf
167,KT8221_1.WA01.58E758E76EC3A; KT8221_2.WA02.58E758E76EC3A; KT8221_3.WA03.58E758E76EC3A; KT8221_7.WA07.58E758E76EC3A; KT8221_8.WA08.58E758E76EC3A;     428A /t 9   ,2:e145260cebba8cf8720b9dee4c6f4956; 2:bd21c9ed2a818290334bf0ab8a4bad1a; 2:3fbc712fd9a678eeb94bfc5eeb84c80a; 2:f4ce59da4ce7c665be23f0f5ef36b5af; 2:7ca36e9cfacadcd5f0d0af116880fdc9,00:00:00:00:100/1,00:01:56:96:100/1,Avid MediaFiles/MXF/AVID2.1 20170406/KT8221_1.WA01.58E758E76EC3A.mxf; Avid MediaFiles/MXF/AVID2.1 20170406/KT8221_2.WA02.58E758E76EC3A.mxf; Avid MediaFiles/MXF/AVID2.1 20170406/KT8221_3.WA03.58E758E76EC3A.mxf; Avid MediaFiles/MXF/AVID2.1 20170406/KT8221_7.WA07.58E758E76EC3A.mxf; Avid MediaFiles/MXF/AVID2.1 20170406/KT8221_8.WA08.58E758E76EC3A.mxf
168,KT8222_1.WA01.58E758E76EC5A; KT8222_2.WA02.58E758E76EC5A; KT8222_3.WA03.58E758E76EC5A; KT8222_7.WA07.58E758E76EC5A; KT8222_8.WA08.58E758E76EC5A;     419  /t 1   ,2:74c84abef0d7130bd0a0016148528158; 2:c8fd5dfb29b6890aca6d09da500e460c; 2:0ef931e5253a742f991b1d46f193f6f6; 2:afd5e5dfa303476e18b53bad99fd59e7; 2:249a1bffa3dcc1677b7b55e164dd14d1,00:00:00:00:100/1,00:01:46:80:100/1,Avid MediaFiles/MXF/AVID2.1 20170406/KT8222_1.WA01.58E758E76EC5A.mxf; Avid MediaFiles/MXF/AVID2.1 20170406/KT8222_2.WA02.58E758E76EC5A.mxf; Avid MediaFiles/MXF/AVID2.1 20170406/KT8222_3.WA03.58E758E76EC5A.mxf; Avid MediaFiles/MXF/AVID2.1 20170406/KT8222_7.WA07.58E758E76EC5A.mxf; Avid MediaFiles/MXF/AVID2.1 20170406/KT8222_8.WA08.58E758E76EC5A.mxf
169,KT8223_1.WA01.58E758E76EC6A; KT8223_2.WA02.58E758E76EC6A; KT8223_3.WA03.58E758E76EC6A; KT8223_7.WA07.58E758E76EC6A; KT8223_8.WA08.58E758E76EC6A;     419  /t 2   ,2:7c38b47d2ed4a73ff0ded3357b99461e; 2:1f0330aaf72efb0127230eaf05ba927e; 2:4fd7829b8a061070e7761f2941fdd318; 2:070e9f8192db4fd6738ee79f61cceefe; 2:60f27462f91a807d918b28fe952d3c09,00:00:00:00:100/1,00:00:44:12:100/1,Avid MediaFiles/MXF/AVID2.1 20170406/KT8223_1.WA01.58E758E76EC6A.mxf; Avid MediaFiles/MXF/AVID2.1 20170406/KT8223_2.WA02.58E758E76EC6A.mxf; Avid MediaFiles/MXF/AVID2.1 20170406/KT8223_3.WA03.58E758E76EC6A.mxf; Avid MediaFiles/MXF/AVID2.1 20170406/KT8223_7.WA07.58E758E76EC6A.mxf; Avid MediaFiles/MXF/AVID2.1 20170406/KT8223_8.WA08.58E758E76EC6A.mxf
170,KT8224_1.WA01.58E758E76EC7A; KT8224_2.WA02.58E758E76EC7A; KT8224_3.WA03.58E758E76EC7A; KT8224_7.WA07.58E758E76EC7A; KT8224_8.WA08.58E758E76EC7A;     419  /t 3   ,2:aa1eceb64dee6356b561d6584254e211; 2:ef8af2c4dbb50ec4ca8c30860534b3a1; 2:d5ae30420c19f520e5e8518534175f53; 2:991166e128bff3f9d483c80f100cded3; 2:c897be05c01197d57bcaea715730557f,00:00:00:00:100/1,00:01:34:60:100/1,Avid MediaFiles/MXF/AVID2.1 20170406/KT8224_1.WA01.58E758E76EC7A.mxf; Avid MediaFiles/MXF/AVID2.1 20170406/KT8224_2.WA02.58E758E76EC7A.mxf; Avid MediaFiles/MXF/AVID2.1 20170406/KT8224_3.WA03.58E758E76EC7A.mxf; Avid MediaFiles/MXF/AVID2.1 20170406/KT8224_7.WA07.58E758E76EC7A.mxf; Avid MediaFiles/MXF/AVID2.1 20170406/KT8224_8.WA08.58E758E76EC7A.mxf
171,KT8225_1.WA01.58E758E76EC9A; KT8225_2.WA02.58E758E76EC9A; KT8225_3.WA03.58E758E76EC9A; KT8225_7.WA07.58E758E76EC9A; KT8225_8.WA08.58E758E76EC9A;     419  /t 4   ,2:ed9a7679c980dbadf268da59b85369e0; 2:bceb6fbb1c4baaff10d4fc1e76b96766; 2:f17a083b7ee8046ae5508a4e353aad54; 2:2f3d28111255c35a62658136de6578ec; 2:863f6f83e5fc4dbbda69aeefc82bebea,00:00:00:00:100/1,00:01:23:12:100/1,Avid MediaFiles/MXF/AVID2.1 20170406/KT8225_1.WA01.58E758E76EC9A.mxf; Avid MediaFiles/MXF/AVID2.1 20170406/KT8225_2.WA02.58E758E76EC9A.mxf; Avid MediaFiles/MXF/AVID2.1 20170406/KT8225_3.WA03.58E758E76EC9A.mxf; Avid MediaFiles/MXF/AVID2.1 20170406/KT8225_7.WA07.58E758E76EC9A.mxf; Avid MediaFiles/MXF/AVID2.1 20170406/KT8225_8.WA08.58E758E76EC9A.mxf
172,KT8227_1.WA01.58E758E76ECCA; KT8227_2.WA02.58E758E76ECCA; KT8227_3.WA03.58E758E76ECCA; KT8227_7.WA07.58E758E76ECCA; KT8227_8.WA08.58E758E76ECCA;     419  /t 6   ,2:6bb990383dc893ce8b4cbe9a497f025e; 2:ee42727f2787b9d19cff0268987a6501; 2:0f418ff1f19f5cdeb5077a7454e04e8c; 2:0ecf91ee0a4eb5da2fc76754eae367dc; 2:a350a9e40c4fc3c4fb12b5961ade49bc,00:00:00:00:100/1,00:01:25:72:100/1,Avid MediaFiles/MXF/AVID2.1 20170406/KT8227_1.WA01.58E758E76ECCA.mxf; Avid MediaFiles/MXF/AVID2.1 20170406/KT8227_2.WA02.58E758E76ECCA.mxf; Avid MediaFiles/MXF/AVID2.1 20170406/KT8227_3.WA03.58E758E76ECCA.mxf; Avid MediaFiles/MXF/AVID2.1 20170406/KT8227_7.WA07.58E758E76ECCA.mxf; Avid MediaFiles/MXF/AVID2.1 20170406/KT8227_8.WA08.58E758E76ECCA.mxf
173,KT8226_1.WA01.58E758E76ECAA; KT8226_2.WA02.58E758E76ECAA; KT8226_3.WA03.58E758E76ECAA; KT8226_7.WA07.58E758E76ECAA; KT8226_8.WA08.58E758E76ECAA;     419  /t 5   ,2:405256f03be70be345daef0dfda6aacd; 2:e674045c9b023caa5f3d8a7ace6c388f; 2:8d92012407460cc68c02130182fdaf09; 2:db81c8acf320a7c590a080ee0513f22c; 2:238cc782bc6637335ef143b1ea48d66a,00:00:00:00:100/1,00:01:31:12:100/1,Avid MediaFiles/MXF/AVID2.1 20170406/KT8226_1.WA01.58E758E76ECAA.mxf; Avid MediaFiles/MXF/AVID2.1 20170406/KT8226_2.WA02.58E758E76ECAA.mxf; Avid MediaFiles/MXF/AVID2.1 20170406/KT8226_3.WA03.58E758E76ECAA.mxf; Avid MediaFiles/MXF/AVID2.1 20170406/KT8226_7.WA07.58E758E76ECAA.mxf; Avid MediaFiles/MXF/AVID2.1 20170406/KT8226_8.WA08.58E758E76ECAA.mxf
174,KT8228_1.WA01.58E758E76ECDA; KT8228_2.WA02.58E758E76ECDA; KT8228_3.WA03.58E758E76ECDA; KT8228_7.WA07.58E758E76ECDA; KT8228_8.WA08.58E758E76ECDA;     419  /t 7   ,2:facced6a2aa27ff0cc0e72c2e201e790; 2:0f129d789a02323210fa739a1c3fb1ba; 2:f9580ae162993b0130418881aab1d8db; 2:64f0f023184cb3e8200d42b8f40ecf78; 2:c0415dcfb7c2364aa57bc78fecbc9032,00:00:00:00:100/1,00:01:19:68:100/1,Avid MediaFiles/MXF/AVID2.1 20170406/KT8228_1.WA01.58E758E76ECDA.mxf; Avid MediaFiles/MXF/AVID2.1 20170406/KT8228_2.WA02.58E758E76ECDA.mxf; Avid MediaFiles/MXF/AVID2.1 20170406/KT8228_3.WA03.58E758E76ECDA.mxf; Avid MediaFiles/MXF/AVID2.1 20170406/KT8228_7.WA07.58E758E76ECDA.mxf; Avid MediaFiles/MXF/AVID2.1 20170406/KT8228_8.WA08.58E758E76ECDA.mxf
175,KT8229_1.WA01.58E758E76ECFA; KT8229_2.WA02.58E758E76ECFA; KT8229_3.WA03.58E758E76ECFA; KT8229_7.WA07.58E758E76ECFA; KT8229_8.WA08.58E758E76ECFA;     419  /t 8   ,2:ed4e926a13d709d3449ec49d6dfe9646; 2:fdb03cd624d13c4b620ea842db197e9a; 2:1dd8ba66785458358c2f6fdcc08c8bc4; 2:24ce1870d561df3f9c800858ee44cea7; 2:fca6f662c740abcfc1327c32d9a8f9f4,00:00:00:00:100/1,00:01:18:64:100/1,Avid MediaFiles/MXF/AVID2.1 20170406/KT8229_1.WA01.58E758E76ECFA.mxf; Avid MediaFiles/MXF/AVID2.1 20170406/KT8229_2.WA02.58E758E76ECFA.mxf; Avid MediaFiles/MXF/AVID2.1 20170406/KT8229_3.WA03.58E758E76ECFA.mxf; Avid MediaFiles/MXF/AVID2.1 20170406/KT8229_7.WA07.58E758E76ECFA.mxf; Avid MediaFiles/MXF/AVID2.1 20170406/KT8229_8.WA08.58E758E76ECFA.mxf
176,KT8230_1.WA01.58E758E76ED0A; KT8230_2.WA02.58E758E76ED0A; KT8230_3.WA03.58E758E76ED0A; KT8230_7.WA07.58E758E76ED0A; KT8230_8.WA08.58E758E76ED0A;     419A /t 1   ,2:f60003bbd9d6969afeb3300e9a94a7d3; 2:82e7057d67f8fbee90601d5a760cf384; 2:a0307c00b14b1c42210a84c86dd78238; 2:30e7fb4019643acc6083863947d83ac9; 2:72fb7fe2dc3eab9f5b616a9e48e66a1c,00:00:00:00:100/1,00:00:45:68:100/1,Avid MediaFiles/MXF/AVID2.1 20170406/KT8230_1.WA01.58E758E76ED0A.mxf; Avid MediaFiles/MXF/AVID2.1 20170406/KT8230_2.WA02.58E758E76ED0A.mxf; Avid MediaFiles/MXF/AVID2.1 20170406/KT8230_3.WA03.58E758E76ED0A.mxf; Avid MediaFiles/MXF/AVID2.1 20170406/KT8230_7.WA07.58E758E76ED0A.mxf; Avid MediaFiles/MXF/AVID2.1 20170406/KT8230_8.WA08.58E758E76ED0A.mxf
177,KT8231_1.WA01.58E758E76ED1A; KT8231_2.WA02.58E758E76ED1A; KT8231_3.WA03.58E758E76ED1A; KT8231_7.WA07.58E758E76ED1A; KT8231_8.WA08.58E758E76ED1A;     419A /t 2   ,2:088e7827edc7836e56bfa114c65b2340; 2:751cf2aa20144b3a394cea67262826d1; 2:425b13bff4b0ad6e11ecfb07b5253adc; 2:7cd5a3e142267145581696ed696bfd48; 2:86bb93a6abca1499f549ead75038f491,00:00:00:00:100/1,00:01:23:12:100/1,Avid MediaFiles/MXF/AVID2.1 20170406/KT8231_1.WA01.58E758E76ED1A.mxf; Avid MediaFiles/MXF/AVID2.1 20170406/KT8231_2.WA02.58E758E76ED1A.mxf; Avid MediaFiles/MXF/AVID2.1 20170406/KT8231_3.WA03.58E758E76ED1A.mxf; Avid MediaFiles/MXF/AVID2.1 20170406/KT8231_7.WA07.58E758E76ED1A.mxf; Avid MediaFiles/MXF/AVID2.1 20170406/KT8231_8.WA08.58E758E76ED1A.mxf
178,KT8232_1.WA01.58E758E76ED3A; KT8232_2.WA02.58E758E76ED3A; KT8232_3.WA03.58E758E76ED3A; KT8232_7.WA07.58E758E76ED3A; KT8232_8.WA08.58E758E76ED3A;     419A /t 3   ,2:fff48a6e314104f04610f12558d59dbd; 2:9722cf3c3fdb73d4ade39d89dbce0ea6; 2:262873467b4c680475f62c905e97f347; 2:0b1db020ff6bcb2fe0a077373b56137e; 2:2566b98585bbe79397d0fd12e2671b3a,00:00:00:00:100/1,00:01:34:68:100/1,Avid MediaFiles/MXF/AVID2.1 20170406/KT8232_1.WA01.58E758E76ED3A.mxf; Avid MediaFiles/MXF/AVID2.1 20170406/KT8232_2.WA02.58E758E76ED3A.mxf; Avid MediaFiles/MXF/AVID2.1 20170406/KT8232_3.WA03.58E758E76ED3A.mxf; Avid MediaFiles/MXF/AVID2.1 20170406/KT8232_7.WA07.58E758E76ED3A.mxf; Avid MediaFiles/MXF/AVID2.1 20170406/KT8232_8.WA08.58E758E76ED3A.mxf
179,KT8233-5.WA05.58E758E76ED4A; KT8233-6.WA06.58E758E76ED4A;     419A /w 4   ,2:d02247a54123221fee7ee552c903f10f; 2:ae86cb6c6126fb664aaff042a97f75fc,00:00:00:00:100/1,00:01:12:16:100/1,Avid MediaFiles/MXF/AVID2.1 20170406/KT8233-5.WA05.58E758E76ED4A.mxf; Avid MediaFiles/MXF/AVID2.1 20170406/KT8233-6.WA06.58E758E76ED4A.mxf
180,KT8233_1.WA01.58E758E76ED5A; KT8233_2.WA02.58E758E76ED5A; KT8233_3.WA03.58E758E76ED5A; KT8233_7.WA07.58E758E76ED5A; KT8233_8.WA08.58E758E76ED5A;     419A /w 4   ,2:57a8159c286101052759cbdc5ac2e77f; 2:400a52d040eb55ab86db889a53c93f29; 2:746adfaebf2d92c6ab57d612971783e0; 2:7f33c0b427500613e2c3715f453966fc; 2:1f4d849429d9cfe85b45e60bfd587819,00:00:00:00:100/1,00:01:12:16:100/1,Avid MediaFiles/MXF/AVID2.1 20170406/KT8233_1.WA01.58E758E76ED5A.mxf; Avid MediaFiles/MXF/AVID2.1 20170406/KT8233_2.WA02.58E758E76ED5A.mxf; Avid MediaFiles/MXF/AVID2.1 20170406/KT8233_3.WA03.58E758E76ED5A.mxf; Avid MediaFiles/MXF/AVID2.1 20170406/KT8233_7.WA07.58E758E76ED5A.mxf; Avid MediaFiles/MXF/AVID2.1 20170406/KT8233_8.WA08.58E758E76ED5A.mxf
181,KT8234-5.WA05.58E858E8964BA; KT8234-6.WA06.58E858E8964BA;     705  /n 1   ,2:6274f04c13cc31b6877c679482e1a29b; 2:7391034a9fe5961b7f988223304ebe6c,00:00:00:00:100/1,00:00:10:32:100/1,Avid MediaFiles/MXF/AVID2.1 20170407/KT8234-5.WA05.58E858E8964BA.mxf; Avid MediaFiles/MXF/AVID2.1 20170407/KT8234-6.WA06.58E858E8964BA.mxf
182,KT8234_1.WA01.58E858E8964BA; KT8234_2.WA02.58E858E8964BA; KT8234_3.WA03.58E858E8964BA; KT8234_4.WA04.58E858E8964BA; KT8234_7.WA07.58E858E8964CA; KT8234_8.WA08.58E858E8964CA;     705  /n 1   ,2:690aaabcbc562bddafa88cdbea73aff5; 2:a20e5487dfd0ac62ba8f84a4b0ab0d87; 2:ca7002b2325461b426abdae4a73b2c00; 2:c2f95bc65bb53daa284cacab01d847d2; 2:ef3d74ccbb72f2a4cf67534a5b9d4502; 2:3864d2ffec98ddebe08d21ba3b592705,00:00:00:00:100/1,00:00:10:32:100/1,Avid MediaFiles/MXF/AVID2.1 20170407/KT8234_1.WA01.58E858E8964BA.mxf; Avid MediaFiles/MXF/AVID2.1 20170407/KT8234_2.WA02.58E858E8964BA.mxf; Avid MediaFiles/MXF/AVID2.1 20170407/KT8234_3.WA03.58E858E8964BA.mxf; Avid MediaFiles/MXF/AVID2.1 20170407/KT8234_4.WA04.58E858E8964BA.mxf; Avid MediaFiles/MXF/AVID2.1 20170407/KT8234_7.WA07.58E858E8964CA.mxf; Avid MediaFiles/MXF/AVID2.1 20170407/KT8234_8.WA08.58E858E8964CA.mxf
183,KT8235-5.WA05.58E858E8964CA; KT8235-6.WA06.58E858E8964CA;     705  /t 1   ,2:49c3db8a61a996bb12699680b7598092; 2:a379eef939ba9485880908a453b38b5d,00:00:00:00:100/1,00:01:42:92:100/1,Avid MediaFiles/MXF/AVID2.1 20170407/KT8235-5.WA05.58E858E8964CA.mxf; Avid MediaFiles/MXF/AVID2.1 20170407/KT8235-6.WA06.58E858E8964CA.mxf
184,KT8235_1.WA01.58E858E8964CA; KT8235_2.WA02.58E858E8964CA; KT8235_3.WA03.58E858E8964CA; KT8235_7.WA07.58E858E8964CA; KT8235_8.WA08.58E858E8964CA;     705  /t 1   ,2:a35c3401323f3438140bcbc062e134b3; 2:5b001de2f4f36961aa3c36b9041e9a5e; 2:d557b58f837e7927c05f4ea3a1c66e69; 2:e8adec2870b42c67b252626e7c31c25b; 2:fdb3cc85de08900894cfe7a1403702cb,00:00:00:00:100/1,00:01:42:92:100/1,Avid MediaFiles/MXF/AVID2.1 20170407/KT8235_1.WA01.58E858E8964CA.mxf; Avid MediaFiles/MXF/AVID2.1 20170407/KT8235_2.WA02.58E858E8964CA.mxf; Avid MediaFiles/MXF/AVID2.1 20170407/KT8235_3.WA03.58E858E8964CA.mxf; Avid MediaFiles/MXF/AVID2.1 20170407/KT8235_7.WA07.58E858E8964CA.mxf; Avid MediaFiles/MXF/AVID2.1 20170407/KT8235_8.WA08.58E858E8964CA.mxf
185,KT8236-5.WA05.58E858E8964EA; KT8236-6.WA06.58E858E8964EA;     705  /t 2   ,2:af9344344d1e92a9f4b83fd0a8cddb54; 2:3c9b88c4f7d7835dee0edbdfe8ec7662,00:00:00:00:100/1,00:00:48:56:100/1,Avid MediaFiles/MXF/AVID2.1 20170407/KT8236-5.WA05.58E858E8964EA.mxf; Avid MediaFiles/MXF/AVID2.1 20170407/KT8236-6.WA06.58E858E8964EA.mxf
186,KT8236_1.WA01.58E858E8964EA; KT8236_2.WA02.58E858E8964EA; KT8236_3.WA03.58E858E8964EA; KT8236_7.WA07.58E858E8964EA; KT8236_8.WA08.58E858E8964EA;     705  /t 2   ,2:f07a86e5bda748cb588c9136d489454b; 2:31124bea112b062586bfe2a8ef546208; 2:d22c1213636437906193d3beebe92423; 2:4731ade44276aae13a37391d88f484ac; 2:1cbb68b1dfb05653f3945d0aaf4ff8c2,00:00:00:00:100/1,00:00:48:56:100/1,Avid MediaFiles/MXF/AVID2.1 20170407/KT8236_1.WA01.58E858E8964EA.mxf; Avid MediaFiles/MXF/AVID2.1 20170407/KT8236_2.WA02.58E858E8964EA.mxf; Avid MediaFiles/MXF/AVID2.1 20170407/KT8236_3.WA03.58E858E8964EA.mxf; Avid MediaFiles/MXF/AVID2.1 20170407/KT8236_7.WA07.58E858E8964EA.mxf; Avid MediaFiles/MXF/AVID2.1 20170407/KT8236_8.WA08.58E858E8964EA.mxf
187,KT8237-5.WA05.58E858E8964FA; KT8237-6.WA06.58E858E8964FA;     705  /t 3   ,2:8ebf3fd46132a332d6261ee2cfbc7eb3; 2:7db57ee01688ed41c3cbbfe0679751b1,00:00:00:00:100/1,00:00:31:84:100/1,Avid MediaFiles/MXF/AVID2.1 20170407/KT8237-5.WA05.58E858E8964FA.mxf; Avid MediaFiles/MXF/AVID2.1 20170407/KT8237-6.WA06.58E858E8964FA.mxf
188,KT8237_1.WA01.58E858E8964FA; KT8237_2.WA02.58E858E8964FA; KT8237_3.WA03.58E858E8964FA; KT8237_7.WA07.58E858E8964FA; KT8237_8.WA08.58E858E8964FA;     705  /t 3   ,2:651f01b3531f929bc1b25f3f8705a580; 2:6f507f557fb0230ed3366a501d70c065; 2:39c518e86788e95f036b1b91dcb10b23; 2:71a3e722439d849463228afd9059d35c; 2:69eb658d8a2503f3028ed6656c96cb8e,00:00:00:00:100/1,00:00:31:84:100/1,Avid MediaFiles/MXF/AVID2.1 20170407/KT8237_1.WA01.58E858E8964FA.mxf; Avid MediaFiles/MXF/AVID2.1 20170407/KT8237_2.WA02.58E858E8964FA.mxf; Avid MediaFiles/MXF/AVID2.1 20170407/KT8237_3.WA03.58E858E8964FA.mxf; Avid MediaFiles/MXF/AVID2.1 20170407/KT8237_7.WA07.58E858E8964FA.mxf; Avid MediaFiles/MXF/AVID2.1 20170407/KT8237_8.WA08.58E858E8964FA.mxf
189,KT8238-5.WA05.58E858E8964FA; KT8238-6.WA06.58E858E8964FA;     705  /t 4   ,2:4d6381cbbff502a1899bea3ce52acd3b; 2:e91e1121c2fb50a25e0ba4b591a86dfb,00:00:00:00:100/1,00:00:51:64:100/1,Avid MediaFiles/MXF/AVID2.1 20170407/KT8238-5.WA05.58E858E8964FA.mxf; Avid MediaFiles/MXF/AVID2.1 20170407/KT8238-6.WA06.58E858E8964FA.mxf
190,KT8238_1.WA01.58E858E89650A; KT8238_2.WA02.58E858E89650A; KT8238_3.WA03.58E858E89650A; KT8238_7.WA07.58E858E89650A; KT8238_8.WA08.58E858E89650A;     705  /t 4   ,2:6acb81b9bc716a556d3ae8f82568c471; 2:39a0c9788ffaff708ded4e760710bcdf; 2:4b573b696e0cf08911b6a5945a2cf306; 2:8782a14e2aa28ffa5a60a350aaefcd56; 2:65492d465c38e3ee7228e666484176b3,00:00:00:00:100/1,00:00:51:64:100/1,Avid MediaFiles/MXF/AVID2.1 20170407/KT8238_1.WA01.58E858E89650A.mxf; Avid MediaFiles/MXF/AVID2.1 20170407/KT8238_2.WA02.58E858E89650A.mxf; Avid MediaFiles/MXF/AVID2.1 20170407/KT8238_3.WA03.58E858E89650A.mxf; Avid MediaFiles/MXF/AVID2.1 20170407/KT8238_7.WA07.58E858E89650A.mxf; Avid MediaFiles/MXF/AVID2.1 20170407/KT8238_8.WA08.58E858E89650A.mxf
191,KT8239-5.WA05.58E858E89651A; KT8239-6.WA06.58E858E89651A;     705  /t 5   ,2:f0bf79bd6f731ec20594342623e82d36; 2:018e36ecd7315b19053499d3b740e40b,00:00:00:00:100/1,00:01:07:84:100/1,Avid MediaFiles/MXF/AVID2.1 20170407/KT8239-5.WA05.58E858E89651A.mxf; Avid MediaFiles/MXF/AVID2.1 20170407/KT8239-6.WA06.58E858E89651A.mxf
192,KT8239_1.WA01.58E858E89651A; KT8239_2.WA02.58E858E89651A; KT8239_3.WA03.58E858E89651A; KT8239_7.WA07.58E858E89651A; KT8239_8.WA08.58E858E89651A;     705  /t 5   ,2:dfd8c2cf91724b2735b7ad496c87e0f3; 2:a7d370e1e3ce20ec8141d5cada4b0617; 2:fb6fb573c9a7caf023109329540be667; 2:675472989c28208a7929c1961d56a1d0; 2:6c37eef542f9036ab1d3db0ba737d43d,00:00:00:00:100/1,00:01:07:84:100/1,Avid MediaFiles/MXF/AVID2.1 20170407/KT8239_1.WA01.58E858E89651A.mxf; Avid MediaFiles/MXF/AVID2.1 20170407/KT8239_2.WA02.58E858E89651A.mxf; Avid MediaFiles/MXF/AVID2.1 20170407/KT8239_3.WA03.58E858E89651A.mxf; Avid MediaFiles/MXF/AVID2.1 20170407/KT8239_7.WA07.58E858E89651A.mxf; Avid MediaFiles/MXF/AVID2.1 20170407/KT8239_8.WA08.58E858E89651A.mxf
193,KT8240-5.WA05.58E858E89652A; KT8240-6.WA06.58E858E89652A;     705  /t 6   ,2:7d5324220a393d5acf8886420b6bb1bd; 2:e30448258faf4b32cc5fc43d2906a2a8,00:00:00:00:100/1,00:00:54:88:100/1,Avid MediaFiles/MXF/AVID2.1 20170407/KT8240-5.WA05.58E858E89652A.mxf; Avid MediaFiles/MXF/AVID2.1 20170407/KT8240-6.WA06.58E858E89652A.mxf
194,KT8240_1.WA01.58E858E89652A; KT8240_2.WA02.58E858E89652A; KT8240_3.WA03.58E858E89652A; KT8240_7.WA07.58E858E89652A; KT8240_8.WA08.58E858E89652A;     705  /t 6   ,2:6a5ac27fccef9ff76dc004abf0809a3a; 2:546942c038d779615f07bd82912ac738; 2:3dd015059739609fe08c3de5ce8ecca4; 2:bcdc598ebf81118f3e8f989d5d3cf8ae; 2:647bb609d847ea75ef3da0c5593cd71e,00:00:00:00:100/1,00:00:54:88:100/1,Avid MediaFiles/MXF/AVID2.1 20170407/KT8240_1.WA01.58E858E89652A.mxf; Avid MediaFiles/MXF/AVID2.1 20170407/KT8240_2.WA02.58E858E89652A.mxf; Avid MediaFiles/MXF/AVID2.1 20170407/KT8240_3.WA03.58E858E89652A.mxf; Avid MediaFiles/MXF/AVID2.1 20170407/KT8240_7.WA07.58E858E89652A.mxf; Avid MediaFiles/MXF/AVID2.1 20170407/KT8240_8.WA08.58E858E89652A.mxf
195,KT8241-5.WA05.58E858E89653A; KT8241-6.WA06.58E858E89653A;     705  /n 7   ,2:10f943deb2c9f5b42e19234cf8ccccce; 2:583f730a9839b2feb5e7681e5be24970,00:00:00:00:100/1,00:00:27:60:100/1,Avid MediaFiles/MXF/AVID2.1 20170407/KT8241-5.WA05.58E858E89653A.mxf; Avid MediaFiles/MXF/AVID2.1 20170407/KT8241-6.WA06.58E858E89653A.mxf
196,KT8241_1.WA01.58E858E89653A; KT8241_2.WA02.58E858E89653A; KT8241_3.WA03.58E858E89653A; KT8241_7.WA07.58E858E89653A; KT8241_8.WA08.58E858E89653A;     705  /n 7   ,2:6c0f48b2f94ec7f5516779184c6039aa; 2:54b5c398f4f95967e67cd54708b51a25; 2:320a517cc6487eeb149d922afa9df0a4; 2:08942bf7b7d1371f24fd10f269edd3ba; 2:d45bb734b4d19db6087281513939d8a8,00:00:00:00:100/1,00:00:27:60:100/1,Avid MediaFiles/MXF/AVID2.1 20170407/KT8241_1.WA01.58E858E89653A.mxf; Avid MediaFiles/MXF/AVID2.1 20170407/KT8241_2.WA02.58E858E89653A.mxf; Avid MediaFiles/MXF/AVID2.1 20170407/KT8241_3.WA03.58E858E89653A.mxf; Avid MediaFiles/MXF/AVID2.1 20170407/KT8241_7.WA07.58E858E89653A.mxf; Avid MediaFiles/MXF/AVID2.1 20170407/KT8241_8.WA08.58E858E89653A.mxf
197,KT8242-5.WA05.58E858E89654A; KT8242-6.WA06.58E858E89654A;     705  /t 7   ,2:0564bbd4639a550c934c227fd2bd409c; 2:40b5d282ffcb7670207dc3fd337dda79,00:00:00:00:100/1,00:00:54:88:100/1,Avid MediaFiles/MXF/AVID2.1 20170407/KT8242-5.WA05.58E858E89654A.mxf; Avid MediaFiles/MXF/AVID2.1 20170407/KT8242-6.WA06.58E858E89654A.mxf
198,KT8242_1.WA01.58E858E89654A; KT8242_2.WA02.58E858E89654A; KT8242_3.WA03.58E858E89654A; KT8242_7.WA07.58E858E89654A; KT8242_8.WA08.58E858E89654A;     705  /t 7   ,2:e77535fa269795eb1e3876f95751a836; 2:7af25c21fb5491532e42a5a814873b8a; 2:c9b74602593e39895ea446cfcb9ca789; 2:ee465dd24b79c14c77a9011874fb159f; 2:f3c123d7be16b07e1f9b202b90398d96,00:00:00:00:100/1,00:00:54:88:100/1,Avid MediaFiles/MXF/AVID2.1 20170407/KT8242_1.WA01.58E858E89654A.mxf; Avid MediaFiles/MXF/AVID2.1 20170407/KT8242_2.WA02.58E858E89654A.mxf; Avid MediaFiles/MXF/AVID2.1 20170407/KT8242_3.WA03.58E858E89654A.mxf; Avid MediaFiles/MXF/AVID2.1 20170407/KT8242_7.WA07.58E858E89654A.mxf; Avid MediaFiles/MXF/AVID2.1 20170407/KT8242_8.WA08.58E858E89654A.mxf
199,KT8243-5.WA05.58E858E89655A; KT8243-6.WA06.58E858E89655A;     705  /t 8   ,2:9c38c081055823d40d49ec431450b1df; 2:4c8932028a5d7d78569b6112746d37d1,00:00:00:00:100/1,00:00:50:36:100/1,Avid MediaFiles/MXF/AVID2.1 20170407/KT8243-5.WA05.58E858E89655A.mxf; Avid MediaFiles/MXF/AVID2.1 20170407/KT8243-6.WA06.58E858E89655A.mxf
200,KT8243_1.WA01.58E858E89655A; KT8243_2.WA02.58E858E89655A; KT8243_3.WA03.58E858E89655A; KT8243_7.WA07.58E858E89655A; KT8243_8.WA08.58E858E89655A;     705  /t 8   ,2:0ea3215501af5bff02c095baa9b4f03a; 2:ed1f42deb5f2212253da358ef2add394; 2:b2c3b26761f0bd53318ab20e9965feba; 2:25db0619875573e81c262e7e83f9be43; 2:50075ec38cc78a83876c218a81d257a6,00:00:00:00:100/1,00:00:50:36:100/1,Avid MediaFiles/MXF/AVID2.1 20170407/KT8243_1.WA01.58E858E89655A.mxf; Avid MediaFiles/MXF/AVID2.1 20170407/KT8243_2.WA02.58E858E89655A.mxf; Avid MediaFiles/MXF/AVID2.1 20170407/KT8243_3.WA03.58E858E89655A.mxf; Avid MediaFiles/MXF/AVID2.1 20170407/KT8243_7.WA07.58E858E89655A.mxf; Avid MediaFiles/MXF/AVID2.1 20170407/KT8243_8.WA08.58E858E89655A.mxf
201,KT8244-5.WA05.58E858E89656A; KT8244-6.WA06.58E858E89656A;     705A /t 1   ,2:94a2fa9e86f25355da9a22c93ce599e3; 2:f6ffa676d9df48fa12badfcfe992a0a6,00:00:00:00:100/1,00:00:51:96:100/1,Avid MediaFiles/MXF/AVID2.1 20170407/KT8244-5.WA05.58E858E89656A.mxf; Avid MediaFiles/MXF/AVID2.1 20170407/KT8244-6.WA06.58E858E89656A.mxf
202,KT8244_1.WA01.58E858E89656A; KT8244_2.WA02.58E858E89656A; KT8244_3.WA03.58E858E89656A; KT8244_7.WA07.58E858E89656A; KT8244_8.WA08.58E858E89656A;     705A /t 1   ,2:00c825329548882dd76f4d12be55fbfe; 2:21b0fda31beaa47a6f2143d6f40ac4cc; 2:c19b4cb05c4ad4c26561e3ee87424570; 2:b62df754dbf3b4135d839db22d96a863; 2:668824ef8ac334c32bb31d92f52ab2da,00:00:00:00:100/1,00:00:51:96:100/1,Avid MediaFiles/MXF/AVID2.1 20170407/KT8244_1.WA01.58E858E89656A.mxf; Avid MediaFiles/MXF/AVID2.1 20170407/KT8244_2.WA02.58E858E89656A.mxf; Avid MediaFiles/MXF/AVID2.1 20170407/KT8244_3.WA03.58E858E89656A.mxf; Avid MediaFiles/MXF/AVID2.1 20170407/KT8244_7.WA07.58E858E89656A.mxf; Avid MediaFiles/MXF/AVID2.1 20170407/KT8244_8.WA08.58E858E89656A.mxf
203,KT8245-5.WA05.58E858E89657A; KT8245-6.WA06.58E858E89657A;     705A /t 2   ,2:16a71593e7e3cc6b535301d2fd96b8ac; 2:0d9a13d3e85ce7e1edb38a7e62f56964,00:00:00:00:100/1,00:01:05:24:100/1,Avid MediaFiles/MXF/AVID2.1 20170407/KT8245-5.WA05.58E858E89657A.mxf; Avid MediaFiles/MXF/AVID2.1 20170407/KT8245-6.WA06.58E858E89657A.mxf
204,KT8245_1.WA01.58E858E89657A; KT8245_2.WA02.58E858E89657A; KT8245_3.WA03.58E858E89657A; KT8245_7.WA07.58E858E89657A; KT8245_8.WA08.58E858E89657A;     705A /t 2   ,2:73578be3c6921dea90e5efc2317f27de; 2:14936f2b3b438bf0a29b5066e92b3ccf; 2:c055c4b37413bf7b67d53234a8f528e2; 2:f74804a12764262de6d66a0e87b2c9a5; 2:7dd3448b82bf0c34784392153fb3bec3,00:00:00:00:100/1,00:01:05:24:100/1,Avid MediaFiles/MXF/AVID2.1 20170407/KT8245_1.WA01.58E858E89657A.mxf; Avid MediaFiles/MXF/AVID2.1 20170407/KT8245_2.WA02.58E858E89657A.mxf; Avid MediaFiles/MXF/AVID2.1 20170407/KT8245_3.WA03.58E858E89657A.mxf; Avid MediaFiles/MXF/AVID2.1 20170407/KT8245_7.WA07.58E858E89657A.mxf; Avid MediaFiles/MXF/AVID2.1 20170407/KT8245_8.WA08.58E858E89657A.mxf
205,KT8246_1.WA01.58E858E89658A; KT8246_2.WA02.58E858E89658A; KT8246_3.WA03.58E858E89658A; KT8246_7.WA07.58E858E89658A; KT8246_8.WA08.58E858E89658A;     705B /t 1   ,2:41823545f871cc2664ef6e9e05d95b5d; 2:1f5a020e8bfa76907fb4f246f75fda1a; 2:12f480856358fb6275ea24338035f8f0; 2:c65f87886ddc12c5a69959d2d9ff8a34; 2:d6b5f6a4dee864a9022e35f6cd9dfec3,00:00:00:00:100/1,00:01:06:44:100/1,Avid MediaFiles/MXF/AVID2.1 20170407/KT8246_1.WA01.58E858E89658A.mxf; Avid MediaFiles/MXF/AVID2.1 20170407/KT8246_2.WA02.58E858E89658A.mxf; Avid MediaFiles/MXF/AVID2.1 20170407/KT8246_3.WA03.58E858E89658A.mxf; Avid MediaFiles/MXF/AVID2.1 20170407/KT8246_7.WA07.58E858E89658A.mxf; Avid MediaFiles/MXF/AVID2.1 20170407/KT8246_8.WA08.58E858E89658A.mxf
206,KT8247_1.WA01.58E858E89659A; KT8247_2.WA02.58E858E89659A; KT8247_3.WA03.58E858E89659A; KT8247_7.WA07.58E858E89659A; KT8247_8.WA08.58E858E89659A;     705B /t 2   ,2:f8fafbe878c163c9f52288bd5a9c9fec; 2:6cb059cbc7674dd310b31fb77743498b; 2:473eb29a4bc868bcf95af675914cfa84; 2:a091b553ac259e518a89742a1c6c0bc3; 2:6aeb522deb4b188df04ab782a8358855,00:00:00:00:100/1,00:01:07:28:100/1,Avid MediaFiles/MXF/AVID2.1 20170407/KT8247_1.WA01.58E858E89659A.mxf; Avid MediaFiles/MXF/AVID2.1 20170407/KT8247_2.WA02.58E858E89659A.mxf; Avid MediaFiles/MXF/AVID2.1 20170407/KT8247_3.WA03.58E858E89659A.mxf; Avid MediaFiles/MXF/AVID2.1 20170407/KT8247_7.WA07.58E858E89659A.mxf; Avid MediaFiles/MXF/AVID2.1 20170407/KT8247_8.WA08.58E858E89659A.mxf
207,KT8248_1.WA01.58E858E8965AA; KT8248_2.WA02.58E858E8965AA; KT8248_3.WA03.58E858E8965AA; KT8248_7.WA07.58E858E8965AA; KT8248_8.WA08.58E858E8965AA;     705B /t 3   ,2:966fe6e51f6a38573acce143dddd8e80; 2:e3bc152e7fd6016a33eea3078cc17340; 2:ef9dc5ce85038f2a924b8fabf3769324; 2:0fd792245d008b9d88988878278205ea; 2:e5f1f73d779bddd9d613f634c86021f5,00:00:00:00:100/1,00:01:33:28:100/1,Avid MediaFiles/MXF/AVID2.1 20170407/KT8248_1.WA01.58E858E8965AA.mxf; Avid MediaFiles/MXF/AVID2.1 20170407/KT8248_2.WA02.58E858E8965AA.mxf; Avid MediaFiles/MXF/AVID2.1 20170407/KT8248_3.WA03.58E858E8965AA.mxf; Avid MediaFiles/MXF/AVID2.1 20170407/KT8248_7.WA07.58E858E8965AA.mxf; Avid MediaFiles/MXF/AVID2.1 20170407/KT8248_8.WA08.58E858E8965AA.mxf
208,KT8249_1.WA01.58E858E8965BA; KT8249_2.WA02.58E858E8965BA; KT8249_3.WA03.58E858E8965BA; KT8249_7.WA07.58E858E8965BA; KT8249_8.WA08.58E858E8965BA;     705B /t 4   ,2:78c5a865224c22313eba7a39916ed583; 2:5da55a78e94ab898057fee5bd617eb70; 2:94af3238e36f532010106718d9c0ddc2; 2:c33f65f0c625820c7e657d1d3ea9a732; 2:042a8222df039e5efdbadabd4bc49424,00:00:00:00:100/1,00:01:02:88:100/1,Avid MediaFiles/MXF/AVID2.1 20170407/KT8249_1.WA01.58E858E8965BA.mxf; Avid MediaFiles/MXF/AVID2.1 20170407/KT8249_2.WA02.58E858E8965BA.mxf; Avid MediaFiles/MXF/AVID2.1 20170407/KT8249_3.WA03.58E858E8965BA.mxf; Avid MediaFiles/MXF/AVID2.1 20170407/KT8249_7.WA07.58E858E8965BA.mxf; Avid MediaFiles/MXF/AVID2.1 20170407/KT8249_8.WA08.58E858E8965BA.mxf
209,KT8251_1.WA01.58E858E8965DA; KT8251_2.WA02.58E858E8965DA; KT8251_3.WA03.58E858E8965DA; KT8251_4.WA04.58E858E8965DA; KT8251_7.WA07.58E858E8965DA; KT8251_8.WA08.58E858E8965DA;    B705  /t 2   ,2:0e486e79cb9b55bc694a29612a5a3add; 2:f9cb557249776364e6ebe9c9a4173c30; 2:a3c44d1789a21ffb53256f15d5c0228a; 2:e12a3c91f96beeb2839731b38c74327f; 2:c0fa80471be0f31392dee9a1698dabc4; 2:ce432d3f5892399c39e7aa273ec7e14a,00:00:00:00:100/1,00:00:44:20:100/1,Avid MediaFiles/MXF/AVID2.1 20170407/KT8251_1.WA01.58E858E8965DA.mxf; Avid MediaFiles/MXF/AVID2.1 20170407/KT8251_2.WA02.58E858E8965DA.mxf; Avid MediaFiles/MXF/AVID2.1 20170407/KT8251_3.WA03.58E858E8965DA.mxf; Avid MediaFiles/MXF/AVID2.1 20170407/KT8251_4.WA04.58E858E8965DA.mxf; Avid MediaFiles/MXF/AVID2.1 20170407/KT8251_7.WA07.58E858E8965DA.mxf; Avid MediaFiles/MXF/AVID2.1 20170407/KT8251_8.WA08.58E858E8965DA.mxf
210,KT8250_1.WA01.58E858E8965CA; KT8250_2.WA02.58E858E8965CA; KT8250_3.WA03.58E858E8965CA; KT8250_4.WA04.58E858E8965CA; KT8250_7.WA07.58E858E8965CA; KT8250_8.WA08.58E858E8965CA;    B705  /t 1   ,2:db346bd847dad8ba843d4996541cb9f6; 2:f1f126ad2cad818a852383eb165afa86; 2:fcda7a8a68e8f3700d8fbf20d3697e62; 2:da2bbcb11c24cedcb5201df7b81a6d6e; 2:8e02a06fe4163cd19eee668ee801249f; 2:7b000653f0172c714afa14105d978f68,00:00:00:00:100/1,00:01:10:08:100/1,Avid MediaFiles/MXF/AVID2.1 20170407/KT8250_1.WA01.58E858E8965CA.mxf; Avid MediaFiles/MXF/AVID2.1 20170407/KT8250_2.WA02.58E858E8965CA.mxf; Avid MediaFiles/MXF/AVID2.1 20170407/KT8250_3.WA03.58E858E8965CA.mxf; Avid MediaFiles/MXF/AVID2.1 20170407/KT8250_4.WA04.58E858E8965CA.mxf; Avid MediaFiles/MXF/AVID2.1 20170407/KT8250_7.WA07.58E858E8965CA.mxf; Avid MediaFiles/MXF/AVID2.1 20170407/KT8250_8.WA08.58E858E8965CA.mxf
211,KT8252_1.WA01.58E858E8965EA; KT8252_2.WA02.58E858E8965EA; KT8252_3.WA03.58E858E8965EA; KT8252_4.WA04.58E858E8965EA; KT8252_7.WA07.58E858E8965EA; KT8252_8.WA08.58E858E8965EA;    B705  /t 3   ,2:59de0b153e9e5a029179f6b277f12b8c; 2:4b11899f61751aa68fb6da58353efa6c; 2:d7aa3eb3d28b2a0f028029b56ce95cb2; 2:72b3f7d132cc3600478234b0fd06292d; 2:ee8fd1bb939584cc4f20e86c8074c4d1; 2:97e3c48a444d37107f771e05a409d310,00:00:00:00:100/1,00:01:16:00:100/1,Avid MediaFiles/MXF/AVID2.1 20170407/KT8252_1.WA01.58E858E8965EA.mxf; Avid MediaFiles/MXF/AVID2.1 20170407/KT8252_2.WA02.58E858E8965EA.mxf; Avid MediaFiles/MXF/AVID2.1 20170407/KT8252_3.WA03.58E858E8965EA.mxf; Avid MediaFiles/MXF/AVID2.1 20170407/KT8252_4.WA04.58E858E8965EA.mxf; Avid MediaFiles/MXF/AVID2.1 20170407/KT8252_7.WA07.58E858E8965EA.mxf; Avid MediaFiles/MXF/AVID2.1 20170407/KT8252_8.WA08.58E858E8965EA.mxf
212,KT8253_1.WA01.58E858E8965FA; KT8253_2.WA02.58E858E8965FA; KT8253_3.WA03.58E858E8965FA; KT8253_4.WA04.58E858E8965FA; KT8253_7.WA07.58E858E8965FA; KT8253_8.WA08.58E858E8965FA;    B705A /t 1   ,2:d59a1d884dc49ab118b8398c2e986610; 2:b41bc2b281dffdc172b178daba33fb45; 2:ee3f77494dcc711cb9282950ffc32a94; 2:2b3804dfe3e21ce8e31f6e77d2698aab; 2:67bb0c6d115bb3c54808471b245af85a; 2:868373f28aaaabc6d5b5423ba03fc920,00:00:00:00:100/1,00:01:20:36:100/1,Avid MediaFiles/MXF/AVID2.1 20170407/KT8253_1.WA01.58E858E8965FA.mxf; Avid MediaFiles/MXF/AVID2.1 20170407/KT8253_2.WA02.58E858E8965FA.mxf; Avid MediaFiles/MXF/AVID2.1 20170407/KT8253_3.WA03.58E858E8965FA.mxf; Avid MediaFiles/MXF/AVID2.1 20170407/KT8253_4.WA04.58E858E8965FA.mxf; Avid MediaFiles/MXF/AVID2.1 20170407/KT8253_7.WA07.58E858E8965FA.mxf; Avid MediaFiles/MXF/AVID2.1 20170407/KT8253_8.WA08.58E858E8965FA.mxf
213,KT8254_1.WA01.58E858E89661A; KT8254_2.WA02.58E858E89661A; KT8254_3.WA03.58E858E89661A; KT8254_4.WA04.58E858E89661A; KT8254_7.WA07.58E858E89661A; KT8254_8.WA08.58E858E89661A;    B705A /t 2   ,2:4f3d5ed38ad7e45186e43292ed535e75; 2:d47f81e5c425aaeeb20c0b7ef57146d9; 2:69b8963bd831b105e66faf152daa1cf3; 2:d33447e4a1724cbf9b9ba1564494628d; 2:3047fb27eb123e0eda58aded257700ae; 2:8e4fd02f2e05f679165e765eb0248f0d,00:00:00:00:100/1,00:01:24:88:100/1,Avid MediaFiles/MXF/AVID2.1 20170407/KT8254_1.WA01.58E858E89661A.mxf; Avid MediaFiles/MXF/AVID2.1 20170407/KT8254_2.WA02.58E858E89661A.mxf; Avid MediaFiles/MXF/AVID2.1 20170407/KT8254_3.WA03.58E858E89661A.mxf; Avid MediaFiles/MXF/AVID2.1 20170407/KT8254_4.WA04.58E858E89661A.mxf; Avid MediaFiles/MXF/AVID2.1 20170407/KT8254_7.WA07.58E858E89661A.mxf; Avid MediaFiles/MXF/AVID2.1 20170407/KT8254_8.WA08.58E858E89661A.mxf
214,KT8255_1.WA01.58E858E89662A; KT8255_2.WA02.58E858E89662A; KT8255_3.WA03.58E858E89662A; KT8255_4.WA04.58E858E89662A; KT8255_7.WA07.58E858E89662A; KT8255_8.WA08.58E858E89662A;    B705B /n 1   ,2:e8b868356190a2441004515d8a10368b; 2:df6b80ba59e60d8547d45636b481865c; 2:7743ab4e275b24917e67dc82bbfecd0b; 2:b52020bca76404ac8d7b6a5a9777c437; 2:81ba2585f595bbc035ed9df188df2f29; 2:f5505476f20fbaf169a083353a3fec7d,00:00:00:00:100/1,00:00:30:00:100/1,Avid MediaFiles/MXF/AVID2.1 20170407/KT8255_1.WA01.58E858E89662A.mxf; Avid MediaFiles/MXF/AVID2.1 20170407/KT8255_2.WA02.58E858E89662A.mxf; Avid MediaFiles/MXF/AVID2.1 20170407/KT8255_3.WA03.58E858E89662A.mxf; Avid MediaFiles/MXF/AVID2.1 20170407/KT8255_4.WA04.58E858E89662A.mxf; Avid MediaFiles/MXF/AVID2.1 20170407/KT8255_7.WA07.58E858E89662A.mxf; Avid MediaFiles/MXF/AVID2.1 20170407/KT8255_8.WA08.58E858E89662A.mxf
215,KT8256_1.WA01.58E858E89663A; KT8256_2.WA02.58E858E89663A; KT8256_3.WA03.58E858E89663A; KT8256_4.WA04.58E858E89663A; KT8256_7.WA07.58E858E89663A; KT8256_8.WA08.58E858E89663A;    B705B /t 1   ,2:ca1b90313e94e0b46f84b91cde8a0aa7; 2:94c7712f9eeed46b5b2e237f5148d7b2; 2:d544a2541211e69d806bbe339d3a5b07; 2:9b53e2bb10d7fb335e45df9dd2d61b4f; 2:bc7cfa493060dc951bce3ebcefb6914b; 2:e0951f60dd2096ccbad893a9897f7076,00:00:00:00:100/1,00:00:17:48:100/1,Avid MediaFiles/MXF/AVID2.1 20170407/KT8256_1.WA01.58E858E89663A.mxf; Avid MediaFiles/MXF/AVID2.1 20170407/KT8256_2.WA02.58E858E89663A.mxf; Avid MediaFiles/MXF/AVID2.1 20170407/KT8256_3.WA03.58E858E89663A.mxf; Avid MediaFiles/MXF/AVID2.1 20170407/KT8256_4.WA04.58E858E89663A.mxf; Avid MediaFiles/MXF/AVID2.1 20170407/KT8256_7.WA07.58E858E89663A.mxf; Avid MediaFiles/MXF/AVID2.1 20170407/KT8256_8.WA08.58E858E89663A.mxf
216,KT8257_1.WA01.58E858E89663A; KT8257_2.WA02.58E858E89663A; KT8257_3.WA03.58E858E89663A; KT8257_4.WA04.58E858E89663A; KT8257_7.WA07.58E858E89663A; KT8257_8.WA08.58E858E89663A;    B705B /t 2   ,2:b20c0825952ec44934bb19e7b1bf63f8; 2:f407a646112142253493d459157ebde4; 2:7746526a48e448a10d4d70f039c0cb67; 2:583183be4a24681c5c82ffc78b0b23a1; 2:b71636f5bb4e98dea0066230a517753e; 2:4ee8fc13199442891a944142b21790e2,00:00:00:00:100/1,00:01:11:60:100/1,Avid MediaFiles/MXF/AVID2.1 20170407/KT8257_1.WA01.58E858E89663A.mxf; Avid MediaFiles/MXF/AVID2.1 20170407/KT8257_2.WA02.58E858E89663A.mxf; Avid MediaFiles/MXF/AVID2.1 20170407/KT8257_3.WA03.58E858E89663A.mxf; Avid MediaFiles/MXF/AVID2.1 20170407/KT8257_4.WA04.58E858E89663A.mxf; Avid MediaFiles/MXF/AVID2.1 20170407/KT8257_7.WA07.58E858E89663A.mxf; Avid MediaFiles/MXF/AVID2.1 20170407/KT8257_8.WA08.58E858E89663A.mxf
217,KT8258_1.WA01.58E858E89664A; KT8258_2.WA02.58E858E89664A; KT8258_3.WA03.58E858E89664A; KT8258_4.WA04.58E858E89664A; KT8258_7.WA07.58E858E89664A; KT8258_8.WA08.58E858E89664A;    B705B /t 3   ,2:340cd410b5ef1a3476f49016eba8813b; 2:dcdcfd7c2d71133a3713de84cb307270; 2:8f7726910d3626b2073acb2bcadd20f7; 2:2522ba2aab7fdc50c16e898000cc48c2; 2:ffc706a19901601008065f55f52206c5; 2:ae580ac294045ad8a7e5a16accd299f9,00:00:00:00:100/1,00:01:20:04:100/1,Avid MediaFiles/MXF/AVID2.1 20170407/KT8258_1.WA01.58E858E89664A.mxf; Avid MediaFiles/MXF/AVID2.1 20170407/KT8258_2.WA02.58E858E89664A.mxf; Avid MediaFiles/MXF/AVID2.1 20170407/KT8258_3.WA03.58E858E89664A.mxf; Avid MediaFiles/MXF/AVID2.1 20170407/KT8258_4.WA04.58E858E89664A.mxf; Avid MediaFiles/MXF/AVID2.1 20170407/KT8258_7.WA07.58E858E89664A.mxf; Avid MediaFiles/MXF/AVID2.1 20170407/KT8258_8.WA08.58E858E89664A.mxf
218,KT8259-5.WA05.58E858E89665A; KT8259-6.WA06.58E858E89665A;     705  /w 1   ,2:20ce069abd24b2c95a4cfb4e30612295; 2:7a67037de14f110c04b9dcf97cc35ebe,00:00:00:00:100/1,00:02:53:08:100/1,Avid MediaFiles/MXF/AVID2.1 20170407/KT8259-5.WA05.58E858E89665A.mxf; Avid MediaFiles/MXF/AVID2.1 20170407/KT8259-6.WA06.58E858E89665A.mxf
219,KT8259_1.WA01.58E858E89666A; KT8259_7.WA07.58E858E89666A; KT8259_8.WA08.58E858E89666A;     705  /w 1   ,2:ff86febbfa5224b743fcc0e5761a607e; 2:252dc43df9bc189d597216881104b445; 2:b98edc592db5db738fee3c0a7acfc55b,00:00:00:00:100/1,00:02:53:08:100/1,Avid MediaFiles/MXF/AVID2.1 20170407/KT8259_1.WA01.58E858E89666A.mxf; Avid MediaFiles/MXF/AVID2.1 20170407/KT8259_7.WA07.58E858E89666A.mxf; Avid MediaFiles/MXF/AVID2.1 20170407/KT8259_8.WA08.58E858E89666A.mxf
220,KT8260-5.WA05.58E858E89668A; KT8260-6.WA06.58E858E89668A;     705  /w 2   ,2:cf2fc9bcaf466ae4435da69f2e38d18e; 2:34ce2787f983f1a174e65615c77fd64c,00:00:00:00:100/1,00:01:19:84:100/1,Avid MediaFiles/MXF/AVID2.1 20170407/KT8260-5.WA05.58E858E89668A.mxf; Avid MediaFiles/MXF/AVID2.1 20170407/KT8260-6.WA06.58E858E89668A.mxf
221,KT8260_1.WA01.58E858E89668A; KT8260_7.WA07.58E858E89668A; KT8260_8.WA08.58E858E89668A;     705  /w 2   ,2:7ce69df47a9ddda6130c7502f65851ff; 2:60b8512a4e1117a0e5cbb237d881d3df; 2:f974a155a6122aa16261c80336a9393a,00:00:00:00:100/1,00:01:19:84:100/1,Avid MediaFiles/MXF/AVID2.1 20170407/KT8260_1.WA01.58E858E89668A.mxf; Avid MediaFiles/MXF/AVID2.1 20170407/KT8260_7.WA07.58E858E89668A.mxf; Avid MediaFiles/MXF/AVID2.1 20170407/KT8260_8.WA08.58E858E89668A.mxf
222,KT8261-5.WA05.58E858E89669A; KT8261-6.WA06.58E858E89669A;     705  /w 3   ,2:d05caa25de5f1490916c92996af18121; 2:0698306b9ae0a7db12e2d7aac1fe851a,00:00:00:00:100/1,00:02:19:60:100/1,Avid MediaFiles/MXF/AVID2.1 20170407/KT8261-5.WA05.58E858E89669A.mxf; Avid MediaFiles/MXF/AVID2.1 20170407/KT8261-6.WA06.58E858E89669A.mxf
223,KT8261_1.WA01.58E858E89669A; KT8261_7.WA07.58E858E89669A; KT8261_8.WA08.58E858E89669A;     705  /w 3   ,2:10c883a8161347cd1b74e4308666f1bb; 2:2d34ea6f00d2e31ef2798839e58c1b02; 2:fe24ea115cd67e1468a6c9719389dcba,00:00:00:00:100/1,00:02:19:60:100/1,Avid MediaFiles/MXF/AVID2.1 20170407/KT8261_1.WA01.58E858E89669A.mxf; Avid MediaFiles/MXF/AVID2.1 20170407/KT8261_7.WA07.58E858E89669A.mxf; Avid MediaFiles/MXF/AVID2.1 20170407/KT8261_8.WA08.58E858E89669A.mxf
224,KT8262_1.WA01.58E858E8966AA; KT8262_2.WA02.58E858E8966AA; KT8262_4.WA04.58E858E8966AA; KT8262_7.WA07.58E858E8966AA; KT8262_8.WA08.58E858E8966AA;     709  /t 1   ,2:9cf8007f316f81bf6a9e26937e4568d9; 2:7551c40d1d0475f87b021f031317f432; 2:4b90300b85234f4f6fd72708849b27fd; 2:66692854d4ad0f764da9cb232f775c8c; 2:cf7c26a7113138609d5adc805812a20d,00:00:00:00:100/1,00:01:09:56:100/1,Avid MediaFiles/MXF/AVID2.1 20170407/KT8262_1.WA01.58E858E8966AA.mxf; Avid MediaFiles/MXF/AVID2.1 20170407/KT8262_2.WA02.58E858E8966AA.mxf; Avid MediaFiles/MXF/AVID2.1 20170407/KT8262_4.WA04.58E858E8966AA.mxf; Avid MediaFiles/MXF/AVID2.1 20170407/KT8262_7.WA07.58E858E8966AA.mxf; Avid MediaFiles/MXF/AVID2.1 20170407/KT8262_8.WA08.58E858E8966AA.mxf
225,KT8263_1.WA01.58E858E8966BA; KT8263_2.WA02.58E858E8966BA; KT8263_4.WA04.58E858E8966BA; KT8263_7.WA07.58E858E8966BA; KT8263_8.WA08.58E858E8966BA;     709  /t 2   ,2:9dd4c580935ac455aceef0942391a9a3; 2:53c1d6f800b950d42e31909de679266e; 2:91f9b2c46a48a66531ae28f7a0470ea6; 2:0307ceab405bb87aa837049b6e45966a; 2:04cdad035d020fad8b9ea230da9b6de9,00:00:00:00:100/1,00:01:09:60:100/1,Avid MediaFiles/MXF/AVID2.1 20170407/KT8263_1.WA01.58E858E8966BA.mxf; Avid MediaFiles/MXF/AVID2.1 20170407/KT8263_2.WA02.58E858E8966BA.mxf; Avid MediaFiles/MXF/AVID2.1 20170407/KT8263_4.WA04.58E858E8966BA.mxf; Avid MediaFiles/MXF/AVID2.1 20170407/KT8263_7.WA07.58E858E8966BA.mxf; Avid MediaFiles/MXF/AVID2.1 20170407/KT8263_8.WA08.58E858E8966BA.mxf
226,KT8264_1.WA01.58E858E8966CA; KT8264_2.WA02.58E858E8966CA; KT8264_4.WA04.58E858E8966CA; KT8264_7.WA07.58E858E8966CA; KT8264_8.WA08.58E858E8966CA;     709  /t 3   ,2:821ba33cfa5027385a8ced38c9d9182b; 2:8f4826730f49cccd8e9ff9df75b0d96e; 2:90233721481b7f0c688e3d5acdd443c5; 2:cbf590bdaf4ff9a6f292787096aa8b91; 2:ee77ca13bb46479404439a46e51716b9,00:00:00:00:100/1,00:01:09:12:100/1,Avid MediaFiles/MXF/AVID2.1 20170407/KT8264_1.WA01.58E858E8966CA.mxf; Avid MediaFiles/MXF/AVID2.1 20170407/KT8264_2.WA02.58E858E8966CA.mxf; Avid MediaFiles/MXF/AVID2.1 20170407/KT8264_4.WA04.58E858E8966CA.mxf; Avid MediaFiles/MXF/AVID2.1 20170407/KT8264_7.WA07.58E858E8966CA.mxf; Avid MediaFiles/MXF/AVID2.1 20170407/KT8264_8.WA08.58E858E8966CA.mxf
227,KT8265_1.WA01.58E858E8966DA; KT8265_2.WA02.58E858E8966DA; KT8265_4.WA04.58E858E8966DA; KT8265_7.WA07.58E858E8966DA; KT8265_8.WA08.58E858E8966DA;     709  /t 4   ,2:3a228b7d11eae4b8066742eb5544b1f8; 2:994f620dfcbb5d08a5839128c1d691c9; 2:98dfdeb7c333e67fc0563d0c58e2eec5; 2:9881ac1c3bc7002dcf005fcc9489822f; 2:fb748ebf7c4017f3c0dc5738d3ddd1c8,00:00:00:00:100/1,00:01:09:80:100/1,Avid MediaFiles/MXF/AVID2.1 20170407/KT8265_1.WA01.58E858E8966DA.mxf; Avid MediaFiles/MXF/AVID2.1 20170407/KT8265_2.WA02.58E858E8966DA.mxf; Avid MediaFiles/MXF/AVID2.1 20170407/KT8265_4.WA04.58E858E8966DA.mxf; Avid MediaFiles/MXF/AVID2.1 20170407/KT8265_7.WA07.58E858E8966DA.mxf; Avid MediaFiles/MXF/AVID2.1 20170407/KT8265_8.WA08.58E858E8966DA.mxf
228,KT8266_1.WA01.58E858E8966EA; KT8266_2.WA02.58E858E8966EA; KT8266_4.WA04.58E858E8966EA; KT8266_7.WA07.58E858E8966EA; KT8266_8.WA08.58E858E8966EA;     709A /t 1   ,2:46def26ff651bae20f9db9e536cbde08; 2:768a33446281c205cc888cf448716283; 2:6c953f92b39f2ed3820c2e0e0a0ae0fd; 2:60902b9e7d309ba1792480772169cac8; 2:e2ef009357be000affe635e635321e3a,00:00:00:00:100/1,00:01:15:52:100/1,Avid MediaFiles/MXF/AVID2.1 20170407/KT8266_1.WA01.58E858E8966EA.mxf; Avid MediaFiles/MXF/AVID2.1 20170407/KT8266_2.WA02.58E858E8966EA.mxf; Avid MediaFiles/MXF/AVID2.1 20170407/KT8266_4.WA04.58E858E8966EA.mxf; Avid MediaFiles/MXF/AVID2.1 20170407/KT8266_7.WA07.58E858E8966EA.mxf; Avid MediaFiles/MXF/AVID2.1 20170407/KT8266_8.WA08.58E858E8966EA.mxf
229,KT8267_1.WA01.58E858E8966FA; KT8267_2.WA02.58E858E8966FA; KT8267_4.WA04.58E858E8966FA; KT8267_7.WA07.58E858E8966FA; KT8267_8.WA08.58E858E8966FA;     709A /t 2   ,2:6c6199e3876e57ae61e6a141713ac784; 2:12fd623a4d2508dcedf53d3df504fb1f; 2:3e3b0289921d3972b6ed2a2316309b88; 2:b6babcf9467299a145c6ebc6922da502; 2:6e1470c400a6e98f2ca7b10e5a5662f1,00:00:00:00:100/1,00:01:36:20:100/1,Avid MediaFiles/MXF/AVID2.1 20170407/KT8267_1.WA01.58E858E8966FA.mxf; Avid MediaFiles/MXF/AVID2.1 20170407/KT8267_2.WA02.58E858E8966FA.mxf; Avid MediaFiles/MXF/AVID2.1 20170407/KT8267_4.WA04.58E858E8966FA.mxf; Avid MediaFiles/MXF/AVID2.1 20170407/KT8267_7.WA07.58E858E8966FA.mxf; Avid MediaFiles/MXF/AVID2.1 20170407/KT8267_8.WA08.58E858E8966FA.mxf
230,KT8268_1.WA01.58E858E89670A; KT8268_2.WA02.58E858E89670A; KT8268_4.WA04.58E858E89670A; KT8268_7.WA07.58E858E89670A; KT8268_8.WA08.58E858E89671A;     709B /t 1   ,2:8bcae81326373bac24c177838b3b95ff; 2:fdaabae5d22e25a0022461437c96217f; 2:77be536f55fe60890f32f6acf4d473ef; 2:9d13f3f77e73ce43cecabccbee605471; 2:d8b70f936b5b3434a28a47baed7b37a6,00:00:00:00:100/1,00:00:47:16:100/1,Avid MediaFiles/MXF/AVID2.1 20170407/KT8268_1.WA01.58E858E89670A.mxf; Avid MediaFiles/MXF/AVID2.1 20170407/KT8268_2.WA02.58E858E89670A.mxf; Avid MediaFiles/MXF/AVID2.1 20170407/KT8268_4.WA04.58E858E89670A.mxf; Avid MediaFiles/MXF/AVID2.1 20170407/KT8268_7.WA07.58E858E89670A.mxf; Avid MediaFiles/MXF/AVID2.1 20170407/KT8268_8.WA08.58E858E89671A.mxf
231,KT8269_1.WA01.58E858E89671A; KT8269_2.WA02.58E858E89671A; KT8269_4.WA04.58E858E89671A; KT8269_7.WA07.58E858E89671A; KT8269_8.WA08.58E858E89671A;     709B /t 2   ,2:7130d4112df1c9186d4831d1348bd259; 2:29464a64a8c3e0237e4110bc2ee78243; 2:66a1625c7c0099b1d68b4b5ac9f806ef; 2:38e0228f0b546ba5c3724e069192cd23; 2:462dc040410e0916ec18fddce93dc95c,00:00:00:00:100/1,00:00:42:88:100/1,Avid MediaFiles/MXF/AVID2.1 20170407/KT8269_1.WA01.58E858E89671A.mxf; Avid MediaFiles/MXF/AVID2.1 20170407/KT8269_2.WA02.58E858E89671A.mxf; Avid MediaFiles/MXF/AVID2.1 20170407/KT8269_4.WA04.58E858E89671A.mxf; Avid MediaFiles/MXF/AVID2.1 20170407/KT8269_7.WA07.58E858E89671A.mxf; Avid MediaFiles/MXF/AVID2.1 20170407/KT8269_8.WA08.58E858E89671A.mxf
232,KT8270_1.WA01.58E858E89672A; KT8270_2.WA02.58E858E89672A; KT8270_4.WA04.58E858E89672A; KT8270_7.WA07.58E858E89672A; KT8270_8.WA08.58E858E89672A;     709B /t 3   ,2:8026cf2123985066c9943f6c2d84ff18; 2:1d9f4be22c0efa77ab565d6d60cd53ab; 2:2e998feb2c1840df56ed7bf27d07fadd; 2:b89bb1d9b149c1c7e959c0b82af5a7f4; 2:fe37fbea1b96711e5c3e9269d6490926,00:00:00:00:100/1,00:00:55:16:100/1,Avid MediaFiles/MXF/AVID2.1 20170407/KT8270_1.WA01.58E858E89672A.mxf; Avid MediaFiles/MXF/AVID2.1 20170407/KT8270_2.WA02.58E858E89672A.mxf; Avid MediaFiles/MXF/AVID2.1 20170407/KT8270_4.WA04.58E858E89672A.mxf; Avid MediaFiles/MXF/AVID2.1 20170407/KT8270_7.WA07.58E858E89672A.mxf; Avid MediaFiles/MXF/AVID2.1 20170407/KT8270_8.WA08.58E858E89672A.mxf
233,KT8271_1.WA01.58E858E89673A; KT8271_2.WA02.58E858E89673A; KT8271_4.WA04.58E858E89673A; KT8271_7.WA07.58E858E89673A; KT8271_8.WA08.58E858E89673A;     709B /t 4   ,2:061a586bfc071af06cf195aafcdc3c04; 2:0712c2d1dbf240da8d9e4fcecd4a734a; 2:ae825224aa10fe78040a6209a9feca91; 2:c884c955f20e6b0c9dbd8eb0929b51ce; 2:e5d2940b4db2ab9d026c3dbe77bd0be1,00:00:00:00:100/1,00:00:53:00:100/1,Avid MediaFiles/MXF/AVID2.1 20170407/KT8271_1.WA01.58E858E89673A.mxf; Avid MediaFiles/MXF/AVID2.1 20170407/KT8271_2.WA02.58E858E89673A.mxf; Avid MediaFiles/MXF/AVID2.1 20170407/KT8271_4.WA04.58E858E89673A.mxf; Avid MediaFiles/MXF/AVID2.1 20170407/KT8271_7.WA07.58E858E89673A.mxf; Avid MediaFiles/MXF/AVID2.1 20170407/KT8271_8.WA08.58E858E89673A.mxf
234,KT8273_1.WA01.58E858E89675A; KT8273_2.WA02.58E858E89675A; KT8273_4.WA04.58E858E89675A; KT8273_7.WA07.58E858E89675A; KT8273_8.WA08.58E858E89675A;     709C /t 1   ,2:b131dd7cb13df2d1689742fd0a7cc00b; 2:94936dc38f44d0a50c0adecaa72f0ba7; 2:11ca883953109a13d5ed33b0de4b203d; 2:0dee99b2a4146478ab447d41eb90d5cb; 2:71d5cbd5978b0bdc702f154acb776486,00:00:00:00:100/1,00:00:35:28:100/1,Avid MediaFiles/MXF/AVID2.1 20170407/KT8273_1.WA01.58E858E89675A.mxf; Avid MediaFiles/MXF/AVID2.1 20170407/KT8273_2.WA02.58E858E89675A.mxf; Avid MediaFiles/MXF/AVID2.1 20170407/KT8273_4.WA04.58E858E89675A.mxf; Avid MediaFiles/MXF/AVID2.1 20170407/KT8273_7.WA07.58E858E89675A.mxf; Avid MediaFiles/MXF/AVID2.1 20170407/KT8273_8.WA08.58E858E89675A.mxf
235,KT8272_1.WA01.58E858E89674A; KT8272_2.WA02.58E858E89674A; KT8272_4.WA04.58E858E89674A; KT8272_7.WA07.58E858E89674A; KT8272_8.WA08.58E858E89674A;     709B /t 5   ,2:d04489e0ddfec906dcc0999da153e290; 2:25c27bf8169fdb77770d3bb0434f6e25; 2:0fc14802f8df626b9f1ca8d8692276e6; 2:6fb9bd01d5196f92bfe5e7f53fc5437a; 2:dbb7d22bf435dbe5c160a1430d14fa4e,00:00:00:00:100/1,00:01:11:72:100/1,Avid MediaFiles/MXF/AVID2.1 20170407/KT8272_1.WA01.58E858E89674A.mxf; Avid MediaFiles/MXF/AVID2.1 20170407/KT8272_2.WA02.58E858E89674A.mxf; Avid MediaFiles/MXF/AVID2.1 20170407/KT8272_4.WA04.58E858E89674A.mxf; Avid MediaFiles/MXF/AVID2.1 20170407/KT8272_7.WA07.58E858E89674A.mxf; Avid MediaFiles/MXF/AVID2.1 20170407/KT8272_8.WA08.58E858E89674A.mxf
236,KT8274_1.WA01.58E858E89675A; KT8274_2.WA02.58E858E89675A; KT8274_4.WA04.58E858E89675A; KT8274_7.WA07.58E858E89675A; KT8274_8.WA08.58E858E89675A;     709C /t 2   ,2:42935639b06496822e7aa8e662c32dc2; 2:24d451158c272b29e1c6288f92cc102e; 2:79fe3e7219e35d5107633197696e4ed8; 2:0a953fb7fcb2a867d297e4bbd996488a; 2:4c1b1260e0c65767b363b8d7a6553730,00:00:00:00:100/1,00:00:32:68:100/1,Avid MediaFiles/MXF/AVID2.1 20170407/KT8274_1.WA01.58E858E89675A.mxf; Avid MediaFiles/MXF/AVID2.1 20170407/KT8274_2.WA02.58E858E89675A.mxf; Avid MediaFiles/MXF/AVID2.1 20170407/KT8274_4.WA04.58E858E89675A.mxf; Avid MediaFiles/MXF/AVID2.1 20170407/KT8274_7.WA07.58E858E89675A.mxf; Avid MediaFiles/MXF/AVID2.1 20170407/KT8274_8.WA08.58E858E89675A.mxf
237,KT8275_1.WA01.58E858E89676A; KT8275_2.WA02.58E858E89676A; KT8275_4.WA04.58E858E89676A; KT8275_7.WA07.58E858E89676A; KT8275_8.WA08.58E858E89676A;     709C /t 3   ,2:2ad0bd1e65288238f954ccbd7d0fd201; 2:39d0432d8800c925d8f75581616d677b; 2:0ccad3175d4b698a39c5f2386636ac67; 2:c0df751db066712c4ab12f586c86afa5; 2:3f5c4ff7c27017f19041592fb62f3775,00:00:00:00:100/1,00:00:47:80:100/1,Avid MediaFiles/MXF/AVID2.1 20170407/KT8275_1.WA01.58E858E89676A.mxf; Avid MediaFiles/MXF/AVID2.1 20170407/KT8275_2.WA02.58E858E89676A.mxf; Avid MediaFiles/MXF/AVID2.1 20170407/KT8275_4.WA04.58E858E89676A.mxf; Avid MediaFiles/MXF/AVID2.1 20170407/KT8275_7.WA07.58E858E89676A.mxf; Avid MediaFiles/MXF/AVID2.1 20170407/KT8275_8.WA08.58E858E89676A.mxf
238,KT8276_1.WA01.58E858E89677A; KT8276_2.WA02.58E858E89677A; KT8276_4.WA04.58E858E89677A; KT8276_7.WA07.58E858E89677A; KT8276_8.WA08.58E858E89677A;     709D /t 1   ,2:d3373ff250df19b499b68a8e72e82b89; 2:9a629db1b7e5a2bfad6a2d795cdd72c6; 2:1adbace76df027f38591b766d1e89e2b; 2:a4a9833a4f1c4c955a18ee6e81e437b1; 2:b479a3c02f3a2362166670894a2b8c7e,00:00:00:00:100/1,00:00:54:68:100/1,Avid MediaFiles/MXF/AVID2.1 20170407/KT8276_1.WA01.58E858E89677A.mxf; Avid MediaFiles/MXF/AVID2.1 20170407/KT8276_2.WA02.58E858E89677A.mxf; Avid MediaFiles/MXF/AVID2.1 20170407/KT8276_4.WA04.58E858E89677A.mxf; Avid MediaFiles/MXF/AVID2.1 20170407/KT8276_7.WA07.58E858E89677A.mxf; Avid MediaFiles/MXF/AVID2.1 20170407/KT8276_8.WA08.58E858E89677A.mxf
239,KT8277_1.WA01.58E858E89677A; KT8277_2.WA02.58E858E89677A; KT8277_4.WA04.58E858E89677A; KT8277_7.WA07.58E858E89677A; KT8277_8.WA08.58E858E89677A;     709D /t 2   ,2:ab051089eeb5b14b3ce7b46a8a3fcf44; 2:133e53296914be04c8702f9a84961fc3; 2:2a113b4f1d97c7ad85872e2ae989b433; 2:303d3aeca377499f5c251c0382460b44; 2:6a6f5810b585fc3bb6d743f554a3ad1f,00:00:00:00:100/1,00:01:09:08:100/1,Avid MediaFiles/MXF/AVID2.1 20170407/KT8277_1.WA01.58E858E89677A.mxf; Avid MediaFiles/MXF/AVID2.1 20170407/KT8277_2.WA02.58E858E89677A.mxf; Avid MediaFiles/MXF/AVID2.1 20170407/KT8277_4.WA04.58E858E89677A.mxf; Avid MediaFiles/MXF/AVID2.1 20170407/KT8277_7.WA07.58E858E89677A.mxf; Avid MediaFiles/MXF/AVID2.1 20170407/KT8277_8.WA08.58E858E89677A.mxf
240,KT8278_1.WA01.58E858E89678A; KT8278_2.WA02.58E858E89678A; KT8278_4.WA04.58E858E89678A; KT8278_7.WA07.58E858E89678A; KT8278_8.WA08.58E858E89678A;     709D /t 3   ,2:2a3e52c3b96b5a4cb2cfdc02ce3f8d66; 2:ead5f5a717686954c26c22b8f688c05b; 2:18c5642a7b8a54483f0c06be868a7f87; 2:24a5838e7b63ca5857a454d8b45d768f; 2:af00c71a92ff451df45c3062480f2f7b,00:00:00:00:100/1,00:01:24:32:100/1,Avid MediaFiles/MXF/AVID2.1 20170407/KT8278_1.WA01.58E858E89678A.mxf; Avid MediaFiles/MXF/AVID2.1 20170407/KT8278_2.WA02.58E858E89678A.mxf; Avid MediaFiles/MXF/AVID2.1 20170407/KT8278_4.WA04.58E858E89678A.mxf; Avid MediaFiles/MXF/AVID2.1 20170407/KT8278_7.WA07.58E858E89678A.mxf; Avid MediaFiles/MXF/AVID2.1 20170407/KT8278_8.WA08.58E858E89678A.mxf
241,KT8279_1.WA01.58E858E89679A; KT8279_2.WA02.58E858E89679A; KT8279_4.WA04.58E858E89679A; KT8279_7.WA07.58E858E89679A; KT8279_8.WA08.58E858E89679A;     709D /t 4   ,2:4ae12e5480ac9e1822697e2d3ac2dc58; 2:5948531b89d58839d5def24f84be7fa0; 2:1e05de2d5fe05e6e02355cdac20d2fbe; 2:5832e9e77323e7c710d07fe088294a57; 2:c8d9d1e269d408ebd84e728cae5a51b3,00:00:00:00:100/1,00:01:09:32:100/1,Avid MediaFiles/MXF/AVID2.1 20170407/KT8279_1.WA01.58E858E89679A.mxf; Avid MediaFiles/MXF/AVID2.1 20170407/KT8279_2.WA02.58E858E89679A.mxf; Avid MediaFiles/MXF/AVID2.1 20170407/KT8279_4.WA04.58E858E89679A.mxf; Avid MediaFiles/MXF/AVID2.1 20170407/KT8279_7.WA07.58E858E89679A.mxf; Avid MediaFiles/MXF/AVID2.1 20170407/KT8279_8.WA08.58E858E89679A.mxf
242,KT8280_1.WA01.58E858E8967AA; KT8280_2.WA02.58E858E8967AA; KT8280_4.WA04.58E858E8967AA; KT8280_7.WA07.58E858E8967AA; KT8280_8.WA08.58E858E8967AA;     709D /t 5   ,2:5da5c2290ac7214dbb58233c4f91349d; 2:4a49d841ee1cdb4a55b3e49f8ad5673f; 2:a2dc0927bbee7707759ef6852d2fe924; 2:f10d6d6cc21fe3f5df767f3450faac7d; 2:9ff7d8d4706c6498226207b97a187bbe,00:00:00:00:100/1,00:01:11:48:100/1,Avid MediaFiles/MXF/AVID2.1 20170407/KT8280_1.WA01.58E858E8967AA.mxf; Avid MediaFiles/MXF/AVID2.1 20170407/KT8280_2.WA02.58E858E8967AA.mxf; Avid MediaFiles/MXF/AVID2.1 20170407/KT8280_4.WA04.58E858E8967AA.mxf; Avid MediaFiles/MXF/AVID2.1 20170407/KT8280_7.WA07.58E858E8967AA.mxf; Avid MediaFiles/MXF/AVID2.1 20170407/KT8280_8.WA08.58E858E8967AA.mxf
243,KT8282-5.WA05.58E858E8967CA; KT8282-6.WA06.58E858E8967CA;     709  /w 1   ,2:102606b963b1ab51c6a8c6ffca826149; 2:d6db70b95b95d271331055609cb0a5c2,00:00:00:00:100/1,00:01:06:44:100/1,Avid MediaFiles/MXF/AVID2.1 20170407/KT8282-5.WA05.58E858E8967CA.mxf; Avid MediaFiles/MXF/AVID2.1 20170407/KT8282-6.WA06.58E858E8967CA.mxf
244,KT8281_1.WA01.58E858E8967BA; KT8281_2.WA02.58E858E8967BA; KT8281_4.WA04.58E858E8967BA; KT8281_7.WA07.58E858E8967BA; KT8281_8.WA08.58E858E8967BA;     709D /t 6   ,2:dfd5c1b529281cec3703f50e599df4a4; 2:a5c78e60e21334c8255cfd72f6f73cd6; 2:f0088eca568cb1ac4b96b46b76eb6ba2; 2:80312d032d3a8e7e2d6947309a531762; 2:40c5ab9426d1426ca61f2154e9a4bc68,00:00:00:00:100/1,00:01:08:44:100/1,Avid MediaFiles/MXF/AVID2.1 20170407/KT8281_1.WA01.58E858E8967BA.mxf; Avid MediaFiles/MXF/AVID2.1 20170407/KT8281_2.WA02.58E858E8967BA.mxf; Avid MediaFiles/MXF/AVID2.1 20170407/KT8281_4.WA04.58E858E8967BA.mxf; Avid MediaFiles/MXF/AVID2.1 20170407/KT8281_7.WA07.58E858E8967BA.mxf; Avid MediaFiles/MXF/AVID2.1 20170407/KT8281_8.WA08.58E858E8967BA.mxf
245,KT8282_1.WA01.58E858E8967DA; KT8282_7.WA07.58E858E8967DA; KT8282_8.WA08.58E858E8967DA;     709  /w 1   ,2:a5fd26a3f8fb66cd4030f148f04486d7; 2:df71fbb669ff7a594e6fc8fb372578b5; 2:99578c7a58ae85bc23a2d9d5e2941ab6,00:00:00:00:100/1,00:01:06:44:100/1,Avid MediaFiles/MXF/AVID2.1 20170407/KT8282_1.WA01.58E858E8967DA.mxf; Avid MediaFiles/MXF/AVID2.1 20170407/KT8282_7.WA07.58E858E8967DA.mxf; Avid MediaFiles/MXF/AVID2.1 20170407/KT8282_8.WA08.58E858E8967DA.mxf
246,KT8283-5.WA05.58E858E8967DA; KT8283-6.WA06.58E858E8967DA;     709  /n 2   ,2:8ad2fedb76e7c6c1f2d07caed0b3371c; 2:c749de0a1d59dcf700d8937e071dbc07,00:00:00:00:100/1,00:00:13:68:100/1,Avid MediaFiles/MXF/AVID2.1 20170407/KT8283-5.WA05.58E858E8967DA.mxf; Avid MediaFiles/MXF/AVID2.1 20170407/KT8283-6.WA06.58E858E8967DA.mxf
247,KT8283_1.WA01.58E858E8967EA; KT8283_7.WA07.58E858E8967EA; KT8283_8.WA08.58E858E8967EA;     709  /n 2   ,2:dad9a91062315194582ac43cf0d3eb76; 2:9b78a842aa3ef3cf6c95ea8387d34481; 2:a9048db52db22d775dc579ea3734bd8c,00:00:00:00:100/1,00:00:13:68:100/1,Avid MediaFiles/MXF/AVID2.1 20170407/KT8283_1.WA01.58E858E8967EA.mxf; Avid MediaFiles/MXF/AVID2.1 20170407/KT8283_7.WA07.58E858E8967EA.mxf; Avid MediaFiles/MXF/AVID2.1 20170407/KT8283_8.WA08.58E858E8967EA.mxf
248,KT8284-5.WA05.58E858E8967EA; KT8284-6.WA06.58E858E8967EA;     709  /w 2   ,2:4540e2312024b3518023b9ab7df6ce5d; 2:7efdd2e7df5f66f03b5cfbc49b2ee8d8,00:00:00:00:100/1,00:01:08:68:100/1,Avid MediaFiles/MXF/AVID2.1 20170407/KT8284-5.WA05.58E858E8967EA.mxf; Avid MediaFiles/MXF/AVID2.1 20170407/KT8284-6.WA06.58E858E8967EA.mxf
249,KT8284_1.WA01.58E858E8967EA; KT8284_7.WA07.58E858E8967EA; KT8284_8.WA08.58E858E8967EA;     709  /w 2   ,2:eb1e9d063e48f8971ac55090600cff94; 2:8f75cbda6a249ee33edb7df879c43e1d; 2:4f871555de691e5661f723f5d049f38b,00:00:00:00:100/1,00:01:08:68:100/1,Avid MediaFiles/MXF/AVID2.1 20170407/KT8284_1.WA01.58E858E8967EA.mxf; Avid MediaFiles/MXF/AVID2.1 20170407/KT8284_7.WA07.58E858E8967EA.mxf; Avid MediaFiles/MXF/AVID2.1 20170407/KT8284_8.WA08.58E858E8967EA.mxf
250,KT8285-5.WA05.58E858E8967FA; KT8285-6.WA06.58E858E8967FA;     709  /w 3   ,2:6c54199f110bd06b8048c41ab0ae86d6; 2:8dc54cd9b369f462e4870d152055b47e,00:00:00:00:100/1,00:02:58:56:100/1,Avid MediaFiles/MXF/AVID2.1 20170407/KT8285-5.WA05.58E858E8967FA.mxf; Avid MediaFiles/MXF/AVID2.1 20170407/KT8285-6.WA06.58E858E8967FA.mxf
251,KT8285_1.WA01.58E858E89680A; KT8285_7.WA07.58E858E89680A; KT8285_8.WA08.58E858E89680A;     709  /w 3   ,2:e3d791d4de1f120df030bb8b5f090266; 2:c79000ca17e38a86292f7b6961afb2a2; 2:3e4d5dc811b4432b6106e1d9c518fa6b,00:00:00:00:100/1,00:02:58:56:100/1,Avid MediaFiles/MXF/AVID2.1 20170407/KT8285_1.WA01.58E858E89680A.mxf; Avid MediaFiles/MXF/AVID2.1 20170407/KT8285_7.WA07.58E858E89680A.mxf; Avid MediaFiles/MXF/AVID2.1 20170407/KT8285_8.WA08.58E858E89680A.mxf
252,KT8286_1.WA01.58E858E89681A; KT8286_2.WA02.58E858E89681A; KT8286_3.WA03.58E858E89681A; KT8286_4.WA04.58E858E89681A; KT8286_7.WA07.58E858E89681A; KT8286_8.WA08.58E858E89681A;     719  /t 1   ,2:b0397cdd599784fc0d9f8e2404224734; 2:db52221f338d83f90dd9d959d6e75265; 2:d3bb763facfdde133f00eeadcab1fafa; 2:e7f6e7300368b4b3d84c75d7d97fc1ff; 2:6b565269a079a4e6ec8629a7d75edbbb; 2:15f33b66fd4bbe10ba15ae7f1bd7ee23,00:00:00:00:100/1,00:02:39:52:100/1,Avid MediaFiles/MXF/AVID2.1 20170407/KT8286_1.WA01.58E858E89681A.mxf; Avid MediaFiles/MXF/AVID2.1 20170407/KT8286_2.WA02.58E858E89681A.mxf; Avid MediaFiles/MXF/AVID2.1 20170407/KT8286_3.WA03.58E858E89681A.mxf; Avid MediaFiles/MXF/AVID2.1 20170407/KT8286_4.WA04.58E858E89681A.mxf; Avid MediaFiles/MXF/AVID2.1 20170407/KT8286_7.WA07.58E858E89681A.mxf; Avid MediaFiles/MXF/AVID2.1 20170407/KT8286_8.WA08.58E858E89681A.mxf
253,KT8287_1.WA01.58E858E89683A; KT8287_2.WA02.58E858E89683A; KT8287_3.WA03.58E858E89683A; KT8287_4.WA04.58E858E89683A; KT8287_7.WA07.58E858E89683A; KT8287_8.WA08.58E858E89683A;     719  /t 2   ,2:8eb3f6e7409a7dc15378c47ed7b66e6f; 2:d701da16b7ac364a8689a7c1d7984d7d; 2:4238ac6f4d8ed61aa316cb32609b84f3; 2:d5c6b9d975c5a96dfc2a2957a3dc8d43; 2:fa03660fc38ecac41c5c51e645284f5c; 2:a9dd7b7eb2f92a882f92d7fd6044542f,00:00:00:00:100/1,00:02:22:04:100/1,Avid MediaFiles/MXF/AVID2.1 20170407/KT8287_1.WA01.58E858E89683A.mxf; Avid MediaFiles/MXF/AVID2.1 20170407/KT8287_2.WA02.58E858E89683A.mxf; Avid MediaFiles/MXF/AVID2.1 20170407/KT8287_3.WA03.58E858E89683A.mxf; Avid MediaFiles/MXF/AVID2.1 20170407/KT8287_4.WA04.58E858E89683A.mxf; Avid MediaFiles/MXF/AVID2.1 20170407/KT8287_7.WA07.58E858E89683A.mxf; Avid MediaFiles/MXF/AVID2.1 20170407/KT8287_8.WA08.58E858E89683A.mxf
254,KT8288_1.WA01.58E858E89685A; KT8288_2.WA02.58E858E89685A; KT8288_3.WA03.58E858E89685A; KT8288_4.WA04.58E858E89685A; KT8288_7.WA07.58E858E89685A; KT8288_8.WA08.58E858E89685A;     719  /t 3   ,2:341bab5b0de93f1d324232e0482ed6bc; 2:c0266d5b6b94b7e905c7a3ade930a30c; 2:bcd0882b5ba604e491bf45284fd406dc; 2:3855619738eb784e94aef063052f04cd; 2:a892cc76d2c1d75dd2949270c2c3de72; 2:a07abdd6c102fbabecb840a4f3d1e831,00:00:00:00:100/1,00:01:20:84:100/1,Avid MediaFiles/MXF/AVID2.1 20170407/KT8288_1.WA01.58E858E89685A.mxf; Avid MediaFiles/MXF/AVID2.1 20170407/KT8288_2.WA02.58E858E89685A.mxf; Avid MediaFiles/MXF/AVID2.1 20170407/KT8288_3.WA03.58E858E89685A.mxf; Avid MediaFiles/MXF/AVID2.1 20170407/KT8288_4.WA04.58E858E89685A.mxf; Avid MediaFiles/MXF/AVID2.1 20170407/KT8288_7.WA07.58E858E89685A.mxf; Avid MediaFiles/MXF/AVID2.1 20170407/KT8288_8.WA08.58E858E89685A.mxf
255,KT8289_1.WA01.58E858E89686A; KT8289_2.WA02.58E858E89686A; KT8289_3.WA03.58E858E89686A; KT8289_4.WA04.58E858E89686A; KT8289_7.WA07.58E858E89686A; KT8289_8.WA08.58E858E89686A;     719  /t 4   ,2:f7f01867422514c482be32bea37ce4b9; 2:f929b293dffdb86b324ff39c7839bc24; 2:8841d457586fa1b7a3547d0fac006b3a; 2:f22b1390d338e45bcc918b4d90e12a24; 2:cf0eed0124babf51d2ef5b916ee124e0; 2:00ae30521b73434be1c560a38b96cd4a,00:00:00:00:100/1,00:02:05:28:100/1,Avid MediaFiles/MXF/AVID2.1 20170407/KT8289_1.WA01.58E858E89686A.mxf; Avid MediaFiles/MXF/AVID2.1 20170407/KT8289_2.WA02.58E858E89686A.mxf; Avid MediaFiles/MXF/AVID2.1 20170407/KT8289_3.WA03.58E858E89686A.mxf; Avid MediaFiles/MXF/AVID2.1 20170407/KT8289_4.WA04.58E858E89686A.mxf; Avid MediaFiles/MXF/AVID2.1 20170407/KT8289_7.WA07.58E858E89686A.mxf; Avid MediaFiles/MXF/AVID2.1 20170407/KT8289_8.WA08.58E858E89686A.mxf
256,KT8290_1.WA01.58E858E89688A; KT8290_2.WA02.58E858E89688A; KT8290_3.WA03.58E858E89688A; KT8290_4.WA04.58E858E89688A; KT8290_7.WA07.58E858E89688A; KT8290_8.WA08.58E858E89688A;     719A /t 1   ,2:cca2738ad9f788f2f1d57a3ca874559b; 2:c8f88d342011e47b06d571a3a8981df7; 2:73a482e94e72b242dafbf01f32cb2b28; 2:a1697ef18180ef119ce238aa70e0e18e; 2:b470c45944c4b38bc3503cf43215792b; 2:054bb45c27294fe3565864787f496dd6,00:00:00:00:100/1,00:02:08:08:100/1,Avid MediaFiles/MXF/AVID2.1 20170407/KT8290_1.WA01.58E858E89688A.mxf; Avid MediaFiles/MXF/AVID2.1 20170407/KT8290_2.WA02.58E858E89688A.mxf; Avid MediaFiles/MXF/AVID2.1 20170407/KT8290_3.WA03.58E858E89688A.mxf; Avid MediaFiles/MXF/AVID2.1 20170407/KT8290_4.WA04.58E858E89688A.mxf; Avid MediaFiles/MXF/AVID2.1 20170407/KT8290_7.WA07.58E858E89688A.mxf; Avid MediaFiles/MXF/AVID2.1 20170407/KT8290_8.WA08.58E858E89688A.mxf
257,KT8291_1.WA01.58E858E8968CA; KT8291_2.WA02.58E858E8968CA; KT8291_3.WA03.58E858E8968CA; KT8291_4.WA04.58E858E8968CA; KT8291_7.WA07.58E858E8968CA; KT8291_8.WA08.58E858E8968CA;     719A /t 2   ,2:8501f4780e27447e023bc7fd4337f754; 2:2fca0e5a35d6ef73abce4fd1dd51b6a7; 2:f85566ff45ab9721ef477e8c43a690df; 2:aeb4c738ca76ff34852afc44779b388b; 2:a92172d1d99799455c12b2b222d59aff; 2:a4e809c7d7f05e787146d53ab7ea5ef3,00:00:00:00:100/1,00:02:03:28:100/1,Avid MediaFiles/MXF/AVID2.1 20170407/KT8291_1.WA01.58E858E8968CA.mxf; Avid MediaFiles/MXF/AVID2.1 20170407/KT8291_2.WA02.58E858E8968CA.mxf; Avid MediaFiles/MXF/AVID2.1 20170407/KT8291_3.WA03.58E858E8968CA.mxf; Avid MediaFiles/MXF/AVID2.1 20170407/KT8291_4.WA04.58E858E8968CA.mxf; Avid MediaFiles/MXF/AVID2.1 20170407/KT8291_7.WA07.58E858E8968CA.mxf; Avid MediaFiles/MXF/AVID2.1 20170407/KT8291_8.WA08.58E858E8968CA.mxf
258,KT8292_1.WA01.58E858E8968DA; KT8292_2.WA02.58E858E8968DA; KT8292_3.WA03.58E858E8968DA; KT8292_4.WA04.58E858E8968DA; KT8292_7.WA07.58E858E8968DA; KT8292_8.WA08.58E858E8968DA;     719B /t 1   ,2:e1d14693dee8ac026052491805095f6d; 2:85e28193bd1f4820f4be365e1924eef5; 2:028bb48e8996932cc96bb678d14b3299; 2:e84f96ea718c9e314023647f085e7280; 2:d140d6f88a2c55c01cf41502040a4e8c; 2:0c397dc860ec71c59baaab790e259ec0,00:00:00:00:100/1,00:02:24:16:100/1,Avid MediaFiles/MXF/AVID2.1 20170407/KT8292_1.WA01.58E858E8968DA.mxf; Avid MediaFiles/MXF/AVID2.1 20170407/KT8292_2.WA02.58E858E8968DA.mxf; Avid MediaFiles/MXF/AVID2.1 20170407/KT8292_3.WA03.58E858E8968DA.mxf; Avid MediaFiles/MXF/AVID2.1 20170407/KT8292_4.WA04.58E858E8968DA.mxf; Avid MediaFiles/MXF/AVID2.1 20170407/KT8292_7.WA07.58E858E8968DA.mxf; Avid MediaFiles/MXF/AVID2.1 20170407/KT8292_8.WA08.58E858E8968DA.mxf
259,KT8294_1.WA01.58E858E89692A; KT8294_2.WA02.58E858E89692A; KT8294_3.WA03.58E858E89692A; KT8294_4.WA04.58E858E89693A; KT8294_7.WA07.58E858E89693A; KT8294_8.WA08.58E858E89693A;     719C /t 1   ,2:6118d120d3a83c78d216894c235388fa; 2:70679341edc4be041545f7baeaa174c6; 2:f48eeceaae77b0662ceeba3bae375538; 2:abbb73e9d6e350e1da7cbd99a4b02904; 2:4ab92d02493e92db6a70d46dfd85d1d0; 2:a9500e66ca6d80d3544e6a95a0e093b8,00:00:00:00:100/1,00:03:14:68:100/1,Avid MediaFiles/MXF/AVID2.1 20170407/KT8294_1.WA01.58E858E89692A.mxf; Avid MediaFiles/MXF/AVID2.1 20170407/KT8294_2.WA02.58E858E89692A.mxf; Avid MediaFiles/MXF/AVID2.1 20170407/KT8294_3.WA03.58E858E89692A.mxf; Avid MediaFiles/MXF/AVID2.1 20170407/KT8294_4.WA04.58E858E89693A.mxf; Avid MediaFiles/MXF/AVID2.1 20170407/KT8294_7.WA07.58E858E89693A.mxf; Avid MediaFiles/MXF/AVID2.1 20170407/KT8294_8.WA08.58E858E89693A.mxf
260,KT8297_1.WA01.58E858E8969AA; KT8297_2.WA02.58E858E8969BA; KT8297_3.WA03.58E858E8969BA; KT8297_4.WA04.58E858E8969BA; KT8297_7.WA07.58E858E8969BA; KT8297_8.WA08.58E858E8969BA;     719D /t 2   ,2:c4d1f6d4c0a1619402026886214573cb; 2:eec3ac0bc9eda94d9e7f5cf584edbaea; 2:7030c0415190e84ef282a87c488e26da; 2:bdc0be578b233bec7265ec83ff713abd; 2:89efe36585cff76d6190c9ced042a1a0; 2:30370d9e90e66ff2bc793817ef4976f0,00:00:00:00:100/1,00:02:52:24:100/1,Avid MediaFiles/MXF/AVID2.1 20170407/KT8297_1.WA01.58E858E8969AA.mxf; Avid MediaFiles/MXF/AVID2.1 20170407/KT8297_2.WA02.58E858E8969BA.mxf; Avid MediaFiles/MXF/AVID2.1 20170407/KT8297_3.WA03.58E858E8969BA.mxf; Avid MediaFiles/MXF/AVID2.1 20170407/KT8297_4.WA04.58E858E8969BA.mxf; Avid MediaFiles/MXF/AVID2.1 20170407/KT8297_7.WA07.58E858E8969BA.mxf; Avid MediaFiles/MXF/AVID2.1 20170407/KT8297_8.WA08.58E858E8969BA.mxf
261,KT8295_1.WA01.58E858E89695A; KT8295_2.WA02.58E858E89695A; KT8295_3.WA03.58E858E89695A; KT8295_4.WA04.58E858E89695A; KT8295_7.WA07.58E858E89695A; KT8295_8.WA08.58E858E89695A;     719C /t 2   ,2:faca9dbb44537631ce0428811b8f9709; 2:4b3394140eab90df3f2248ab5a61ab18; 2:65d7dc11f9f46c569eb9f43f00ed3305; 2:6ea271686743ee8cb5add2ea874d910a; 2:5bb810f381b0171665efbe98f40f0ce5; 2:b1a165f36465ff2b40916b2f80a9a1c0,00:00:00:00:100/1,00:02:33:52:100/1,Avid MediaFiles/MXF/AVID2.1 20170407/KT8295_1.WA01.58E858E89695A.mxf; Avid MediaFiles/MXF/AVID2.1 20170407/KT8295_2.WA02.58E858E89695A.mxf; Avid MediaFiles/MXF/AVID2.1 20170407/KT8295_3.WA03.58E858E89695A.mxf; Avid MediaFiles/MXF/AVID2.1 20170407/KT8295_4.WA04.58E858E89695A.mxf; Avid MediaFiles/MXF/AVID2.1 20170407/KT8295_7.WA07.58E858E89695A.mxf; Avid MediaFiles/MXF/AVID2.1 20170407/KT8295_8.WA08.58E858E89695A.mxf
262,KT8293_1.WA01.58E858E89691A; KT8293_2.WA02.58E858E89691A; KT8293_3.WA03.58E858E89691A; KT8293_4.WA04.58E858E89691A; KT8293_7.WA07.58E858E89691A; KT8293_8.WA08.58E858E89691A;     719B /t 2   ,2:1c7134585437d2022a22d02272de477e; 2:171b2e5250341095005dee87b1f0b939; 2:f6e363aaf58568eb847e1df576a17d2f; 2:b0f38cb423132ed8cc2181ca00e401ef; 2:a2e49641313457297cc8f18ee301a2f2; 2:2a8e34826f934aa4e7617e2667ce742a,00:00:00:00:100/1,00:02:12:76:100/1,Avid MediaFiles/MXF/AVID2.1 20170407/KT8293_1.WA01.58E858E89691A.mxf; Avid MediaFiles/MXF/AVID2.1 20170407/KT8293_2.WA02.58E858E89691A.mxf; Avid MediaFiles/MXF/AVID2.1 20170407/KT8293_3.WA03.58E858E89691A.mxf; Avid MediaFiles/MXF/AVID2.1 20170407/KT8293_4.WA04.58E858E89691A.mxf; Avid MediaFiles/MXF/AVID2.1 20170407/KT8293_7.WA07.58E858E89691A.mxf; Avid MediaFiles/MXF/AVID2.1 20170407/KT8293_8.WA08.58E858E89691A.mxf
263,KT8296_1.WA01.58E858E89699A; KT8296_2.WA02.58E858E89699A; KT8296_3.WA03.58E858E89699A; KT8296_4.WA04.58E858E89699A; KT8296_7.WA07.58E858E89699A; KT8296_8.WA08.58E858E89699A;     719D /t 1   ,2:3f562b158ac2af12f4df5938ee609df6; 2:8bf1dfd4c354c81021ce42fbc4d489cd; 2:a2fb8aaced55aa918bf18d705f61fb42; 2:3c2172feccceb2a596ce937a6e41330b; 2:1f370cab98240e8890c0f7eba64003fd; 2:eae17487aefb98ae842339d374ae4467,00:00:00:00:100/1,00:02:09:64:100/1,Avid MediaFiles/MXF/AVID2.1 20170407/KT8296_1.WA01.58E858E89699A.mxf; Avid MediaFiles/MXF/AVID2.1 20170407/KT8296_2.WA02.58E858E89699A.mxf; Avid MediaFiles/MXF/AVID2.1 20170407/KT8296_3.WA03.58E858E89699A.mxf; Avid MediaFiles/MXF/AVID2.1 20170407/KT8296_4.WA04.58E858E89699A.mxf; Avid MediaFiles/MXF/AVID2.1 20170407/KT8296_7.WA07.58E858E89699A.mxf; Avid MediaFiles/MXF/AVID2.1 20170407/KT8296_8.WA08.58E858E89699A.mxf
264,KT8298_1.WA01.58E858E8969DA; KT8298_7.WA07.58E858E8969DA; KT8298_8.WA08.58E858E8969DA;     719  /w 1   ,2:9075dfa0929b63524ef6f28e325f4afd; 2:6e3585e2bc32aa244bbbd748f66f6974; 2:230c8e94c07500ec7ea2e6961dfdc7ea,00:00:00:00:100/1,00:01:01:68:100/1,Avid MediaFiles/MXF/AVID2.1 20170407/KT8298_1.WA01.58E858E8969DA.mxf; Avid MediaFiles/MXF/AVID2.1 20170407/KT8298_7.WA07.58E858E8969DA.mxf; Avid MediaFiles/MXF/AVID2.1 20170407/KT8298_8.WA08.58E858E8969DA.mxf
265,KT8299_1.WA01.58EA58EA6239A; KT8299_7.WA07.58EA58EA6239A; KT8299_8.WA08.58EA58EA6239A;     605  /t 1   ,2:bb69cdf0d97289f4ee131dc25294ee5f; 2:e68a255e2a0662e2cf7dc3dfb3b6602f; 2:f7f2707eb55d9d8605c99a85f5de794a,00:00:00:00:100/1,00:01:06:36:100/1,Avid MediaFiles/MXF/AVID2.1 20170408/KT8299_1.WA01.58EA58EA6239A.mxf; Avid MediaFiles/MXF/AVID2.1 20170408/KT8299_7.WA07.58EA58EA6239A.mxf; Avid MediaFiles/MXF/AVID2.1 20170408/KT8299_8.WA08.58EA58EA6239A.mxf
266,KT8301_1.WA01.58EA58EA623AA; KT8301_7.WA07.58EA58EA623AA; KT8301_8.WA08.58EA58EA623AA;     605  /t 3   ,2:81c7438200b1ecfbb03d10ade4424583; 2:45ce138d405ae6197dde1270a39ec76c; 2:f2cb56a7a740d0785973f7688409e551,00:00:00:00:100/1,00:00:57:76:100/1,Avid MediaFiles/MXF/AVID2.1 20170408/KT8301_1.WA01.58EA58EA623AA.mxf; Avid MediaFiles/MXF/AVID2.1 20170408/KT8301_7.WA07.58EA58EA623AA.mxf; Avid MediaFiles/MXF/AVID2.1 20170408/KT8301_8.WA08.58EA58EA623AA.mxf
267,KT8300_1.WA01.58EA58EA6239A; KT8300_7.WA07.58EA58EA6239A; KT8300_8.WA08.58EA58EA6239A;     605  /t 2   ,2:439771061bc6b1d8bf2c479fdaba8e63; 2:5cd173729bbc743c6daa417df8754d5a; 2:c96d2b7e4ac77881c5c6980a157fe086,00:00:00:00:100/1,00:01:23:48:100/1,Avid MediaFiles/MXF/AVID2.1 20170408/KT8300_1.WA01.58EA58EA6239A.mxf; Avid MediaFiles/MXF/AVID2.1 20170408/KT8300_7.WA07.58EA58EA6239A.mxf; Avid MediaFiles/MXF/AVID2.1 20170408/KT8300_8.WA08.58EA58EA6239A.mxf
268,KT8302_1.WA01.58EA58EA623AA; KT8302_7.WA07.58EA58EA623AA; KT8302_8.WA08.58EA58EA623AA;     605  /t 4   ,2:ee629c0db7a94b131deadf4b19f8385f; 2:81f328f72d83f1277722cca04f3ca1e5; 2:2d5bca86338a9f9ca5981083e9f28aa2,00:00:00:00:100/1,00:00:34:16:100/1,Avid MediaFiles/MXF/AVID2.1 20170408/KT8302_1.WA01.58EA58EA623AA.mxf; Avid MediaFiles/MXF/AVID2.1 20170408/KT8302_7.WA07.58EA58EA623AA.mxf; Avid MediaFiles/MXF/AVID2.1 20170408/KT8302_8.WA08.58EA58EA623AA.mxf
269,KT8304_1.WA01.58EA58EA623BA; KT8304_7.WA07.58EA58EA623BA; KT8304_8.WA08.58EA58EA623BA;     605  /t 6   ,2:1071c807b96266454d7d486df7fb3316; 2:a7254c98e1143ba76d9860b28a9ff19b; 2:5ef9fa02fe6801739e1e227901a2c804,00:00:00:00:100/1,00:01:21:64:100/1,Avid MediaFiles/MXF/AVID2.1 20170408/KT8304_1.WA01.58EA58EA623BA.mxf; Avid MediaFiles/MXF/AVID2.1 20170408/KT8304_7.WA07.58EA58EA623BA.mxf; Avid MediaFiles/MXF/AVID2.1 20170408/KT8304_8.WA08.58EA58EA623BA.mxf
270,KT8303_1.WA01.58EA58EA623BA; KT8303_7.WA07.58EA58EA623BA; KT8303_8.WA08.58EA58EA623BA;     605  /t 5   ,2:9d169590e5256b4365f31438622a849e; 2:06434422eeb8fa3d038e1dcdfda6bd0f; 2:d88b954b438edd30d39345d39518d164,00:00:00:00:100/1,00:01:11:80:100/1,Avid MediaFiles/MXF/AVID2.1 20170408/KT8303_1.WA01.58EA58EA623BA.mxf; Avid MediaFiles/MXF/AVID2.1 20170408/KT8303_7.WA07.58EA58EA623BA.mxf; Avid MediaFiles/MXF/AVID2.1 20170408/KT8303_8.WA08.58EA58EA623BA.mxf
271,KT8305_1.WA01.58EA58EA623CA; KT8305_7.WA07.58EA58EA623CA; KT8305_8.WA08.58EA58EA623CA;     605A /t 1   ,2:da92abf7f7d20af48bbf81abec259bb4; 2:d600a65621c93c0c92108bfdf4cb9962; 2:ebb5a5957dcb52601d974c164d0e056d,00:00:00:00:100/1,00:00:56:32:100/1,Avid MediaFiles/MXF/AVID2.1 20170408/KT8305_1.WA01.58EA58EA623CA.mxf; Avid MediaFiles/MXF/AVID2.1 20170408/KT8305_7.WA07.58EA58EA623CA.mxf; Avid MediaFiles/MXF/AVID2.1 20170408/KT8305_8.WA08.58EA58EA623CA.mxf
272,KT8306_1.WA01.58EA58EA623CA; KT8306_7.WA07.58EA58EA623CA; KT8306_8.WA08.58EA58EA623CA;     605A /t 2   ,2:6efdfe90803f2bb2c043c1acf9281808; 2:46a5ee117d13253470f6ce98235ab42c; 2:487dfacdcb28e1db9f8edc6af5773a43,00:00:00:00:100/1,00:01:05:68:100/1,Avid MediaFiles/MXF/AVID2.1 20170408/KT8306_1.WA01.58EA58EA623CA.mxf; Avid MediaFiles/MXF/AVID2.1 20170408/KT8306_7.WA07.58EA58EA623CA.mxf; Avid MediaFiles/MXF/AVID2.1 20170408/KT8306_8.WA08.58EA58EA623CA.mxf
273,KT8307_1.WA01.58EA58EA623DA; KT8307_7.WA07.58EA58EA623DA; KT8307_8.WA08.58EA58EA623DA;     605A /t 3   ,2:34eac6e0ecbdec9694ed00033d68be73; 2:8afe663594121d41b48c61b991178b92; 2:24e1f907e38744ae2c04c9853f4632b7,00:00:00:00:100/1,00:01:29:68:100/1,Avid MediaFiles/MXF/AVID2.1 20170408/KT8307_1.WA01.58EA58EA623DA.mxf; Avid MediaFiles/MXF/AVID2.1 20170408/KT8307_7.WA07.58EA58EA623DA.mxf; Avid MediaFiles/MXF/AVID2.1 20170408/KT8307_8.WA08.58EA58EA623DA.mxf
274,KT8308_1.WA01.58EA58EA623DA; KT8308_2.WA02.58EA58EA623DA; KT8308_3.WA03.58EA58EA623DA; KT8308_7.WA07.58EA58EA623DA; KT8308_8.WA08.58EA58EA623DA;     623  /t 1   ,2:451a70f745df39fee5a00f7c2122aac2; 2:785e3e46cc40cf9b58c16a969b83fc1b; 2:127210df8b57e1ca99b8ce56618beeda; 2:447bac9a004942f43a7eb5ed63ce8ebc; 2:e4f8dac4b7bac824805f1a71d9ef6054,00:00:00:00:100/1,00:01:15:84:100/1,Avid MediaFiles/MXF/AVID2.1 20170408/KT8308_1.WA01.58EA58EA623DA.mxf; Avid MediaFiles/MXF/AVID2.1 20170408/KT8308_2.WA02.58EA58EA623DA.mxf; Avid MediaFiles/MXF/AVID2.1 20170408/KT8308_3.WA03.58EA58EA623DA.mxf; Avid MediaFiles/MXF/AVID2.1 20170408/KT8308_7.WA07.58EA58EA623DA.mxf; Avid MediaFiles/MXF/AVID2.1 20170408/KT8308_8.WA08.58EA58EA623DA.mxf
275,KT8309_1.WA01.58EA58EA623EA; KT8309_2.WA02.58EA58EA623EA; KT8309_3.WA03.58EA58EA623EA; KT8309_7.WA07.58EA58EA623EA; KT8309_8.WA08.58EA58EA623EA;     623  /t 2   ,2:2a6e9a571993d273ebb9e0a61430ff7a; 2:3be89fd594f7906c4e27ea717ba154a1; 2:3c766826940f55b55a1e6697402cbeaf; 2:c98bc808ee5e22639d7f2d8524766105; 2:0c583a591f9e6245f1ad019dad456082,00:00:00:00:100/1,00:01:07:60:100/1,Avid MediaFiles/MXF/AVID2.1 20170408/KT8309_1.WA01.58EA58EA623EA.mxf; Avid MediaFiles/MXF/AVID2.1 20170408/KT8309_2.WA02.58EA58EA623EA.mxf; Avid MediaFiles/MXF/AVID2.1 20170408/KT8309_3.WA03.58EA58EA623EA.mxf; Avid MediaFiles/MXF/AVID2.1 20170408/KT8309_7.WA07.58EA58EA623EA.mxf; Avid MediaFiles/MXF/AVID2.1 20170408/KT8309_8.WA08.58EA58EA623EA.mxf
276,KT8310_1.WA01.58EA58EA623FA; KT8310_2.WA02.58EA58EA623FA; KT8310_3.WA03.58EA58EA623FA; KT8310_4.WA04.58EA58EA623FA; KT8310_7.WA07.58EA58EA623FA; KT8310_8.WA08.58EA58EA623FA;     623  /t 3   ,2:ba457a5004f608b73e750231cd5fa397; 2:c95d893e6c0ba90e2d37be50e3e1ba34; 2:c095df0dead5d2e507635431fc576a33; 2:030fab039079e68ac79eeefd5f19f0ad; 2:0867bc59a10f7f66c169440717b295f4; 2:0ba24d389016f614a3e609c5d8ec56a4,00:00:00:00:100/1,00:01:15:48:100/1,Avid MediaFiles/MXF/AVID2.1 20170408/KT8310_1.WA01.58EA58EA623FA.mxf; Avid MediaFiles/MXF/AVID2.1 20170408/KT8310_2.WA02.58EA58EA623FA.mxf; Avid MediaFiles/MXF/AVID2.1 20170408/KT8310_3.WA03.58EA58EA623FA.mxf; Avid MediaFiles/MXF/AVID2.1 20170408/KT8310_4.WA04.58EA58EA623FA.mxf; Avid MediaFiles/MXF/AVID2.1 20170408/KT8310_7.WA07.58EA58EA623FA.mxf; Avid MediaFiles/MXF/AVID2.1 20170408/KT8310_8.WA08.58EA58EA623FA.mxf
277,KT8312_1.WA01.58EA58EA6241A; KT8312_2.WA02.58EA58EA6241A; KT8312_3.WA03.58EA58EA6241A; KT8312_7.WA07.58EA58EA6241A; KT8312_8.WA08.58EA58EA6241A;     623A /t 1   ,2:dbf78b3559cbeff6e78f84624bbd4169; 2:52a655bf66624964c94792e4c2da04d0; 2:c03b516423e32f29157365bf97fdd7b9; 2:9174d2d837594e7c2aa931fae98df8f1; 2:65c46413215a4db1d7d2ed4a93bdbf23,00:00:00:00:100/1,00:01:13:04:100/1,Avid MediaFiles/MXF/AVID2.1 20170408/KT8312_1.WA01.58EA58EA6241A.mxf; Avid MediaFiles/MXF/AVID2.1 20170408/KT8312_2.WA02.58EA58EA6241A.mxf; Avid MediaFiles/MXF/AVID2.1 20170408/KT8312_3.WA03.58EA58EA6241A.mxf; Avid MediaFiles/MXF/AVID2.1 20170408/KT8312_7.WA07.58EA58EA6241A.mxf; Avid MediaFiles/MXF/AVID2.1 20170408/KT8312_8.WA08.58EA58EA6241A.mxf
278,KT8313_1.WA01.58EA58EA6242A; KT8313_2.WA02.58EA58EA6242A; KT8313_3.WA03.58EA58EA6242A; KT8313_7.WA07.58EA58EA6242A; KT8313_8.WA08.58EA58EA6242A;     623A /t 2   ,2:354e66997f8c72a1d2f3bf78f195919c; 2:da18fb12d5637cb2d565e638a089ff2a; 2:4739f9c3a4b5038197b22b760cbcfdac; 2:f02f1fab4fbae92228d99b0b1d3662d9; 2:f7fbada73ca8a5d392707a1a8b508403,00:00:00:00:100/1,00:01:38:28:100/1,Avid MediaFiles/MXF/AVID2.1 20170408/KT8313_1.WA01.58EA58EA6242A.mxf; Avid MediaFiles/MXF/AVID2.1 20170408/KT8313_2.WA02.58EA58EA6242A.mxf; Avid MediaFiles/MXF/AVID2.1 20170408/KT8313_3.WA03.58EA58EA6242A.mxf; Avid MediaFiles/MXF/AVID2.1 20170408/KT8313_7.WA07.58EA58EA6242A.mxf; Avid MediaFiles/MXF/AVID2.1 20170408/KT8313_8.WA08.58EA58EA6242A.mxf
279,KT8311_1.WA01.58EA58EA6240A; KT8311_2.WA02.58EA58EA6240A; KT8311_3.WA03.58EA58EA6240A; KT8311_4.WA04.58EA58EA6240A; KT8311_7.WA07.58EA58EA6240A; KT8311_8.WA08.58EA58EA6240A;     623  /t 4   ,2:7ece5319eb19d45967ea21334a134f92; 2:bbdb2d7a7edddcc0c6b3548f49a7e2e0; 2:709ff0a6c10f5455a1a6893a44c445e6; 2:3e7bd8c604a7f22dbe73513ef67c3a59; 2:c57ff8b312d4d68335e6e2c21c68d112; 2:1a0e91bc6fbc10c01d024cee2de513b8,00:00:00:00:100/1,00:01:14:08:100/1,Avid MediaFiles/MXF/AVID2.1 20170408/KT8311_1.WA01.58EA58EA6240A.mxf; Avid MediaFiles/MXF/AVID2.1 20170408/KT8311_2.WA02.58EA58EA6240A.mxf; Avid MediaFiles/MXF/AVID2.1 20170408/KT8311_3.WA03.58EA58EA6240A.mxf; Avid MediaFiles/MXF/AVID2.1 20170408/KT8311_4.WA04.58EA58EA6240A.mxf; Avid MediaFiles/MXF/AVID2.1 20170408/KT8311_7.WA07.58EA58EA6240A.mxf; Avid MediaFiles/MXF/AVID2.1 20170408/KT8311_8.WA08.58EA58EA6240A.mxf
280,KT8314_1.WA01.58EA58EA6243A; KT8314_2.WA02.58EA58EA6243A; KT8314_3.WA03.58EA58EA6243A; KT8314_7.WA07.58EA58EA6243A; KT8314_8.WA08.58EA58EA6243A;     623B /t 1   ,2:9ddde59226fe6bfa4750d6c3e8386a2c; 2:4f0caf8cfb076ae02b202fab6a5ae264; 2:fff28662172322f477b57f9e55407389; 2:fd85a51b6d0b282ba688acf8ed44f4fc; 2:4541ff9816548825065c8bbe01ddc307,00:00:00:00:100/1,00:00:42:52:100/1,Avid MediaFiles/MXF/AVID2.1 20170408/KT8314_1.WA01.58EA58EA6243A.mxf; Avid MediaFiles/MXF/AVID2.1 20170408/KT8314_2.WA02.58EA58EA6243A.mxf; Avid MediaFiles/MXF/AVID2.1 20170408/KT8314_3.WA03.58EA58EA6243A.mxf; Avid MediaFiles/MXF/AVID2.1 20170408/KT8314_7.WA07.58EA58EA6243A.mxf; Avid MediaFiles/MXF/AVID2.1 20170408/KT8314_8.WA08.58EA58EA6243A.mxf
281,KT8315_1.WA01.58EA58EA6244A; KT8315_2.WA02.58EA58EA6244A; KT8315_3.WA03.58EA58EA6244A; KT8315_7.WA07.58EA58EA6244A; KT8315_8.WA08.58EA58EA6244A;     623B /t 2   ,2:089dd0fee612381bc9d2f8e517bf4aec; 2:5f3c4db6177487a6ef83c7337a369d83; 2:14e8e5ec27449d2a0419693dc3234870; 2:3c7ac946bd76d2707a1adfdf14e159ef; 2:dd225fa4c9a3ad3cdf73c7f0b6bf1ade,00:00:00:00:100/1,00:00:34:84:100/1,Avid MediaFiles/MXF/AVID2.1 20170408/KT8315_1.WA01.58EA58EA6244A.mxf; Avid MediaFiles/MXF/AVID2.1 20170408/KT8315_2.WA02.58EA58EA6244A.mxf; Avid MediaFiles/MXF/AVID2.1 20170408/KT8315_3.WA03.58EA58EA6244A.mxf; Avid MediaFiles/MXF/AVID2.1 20170408/KT8315_7.WA07.58EA58EA6244A.mxf; Avid MediaFiles/MXF/AVID2.1 20170408/KT8315_8.WA08.58EA58EA6244A.mxf
282,KT8316_1.WA01.58EA58EA6245A; KT8316_2.WA02.58EA58EA6245A; KT8316_3.WA03.58EA58EA6245A; KT8316_7.WA07.58EA58EA6245A; KT8316_8.WA08.58EA58EA6245A;     623  /w 1   ,2:c3d6670b618c88d34077134aca03dd0c; 2:65354f6b8caaa49f8c1b71978c810e31; 2:9c7787ddec2ecd1be2e763e573bff219; 2:60eb5ddc260791972ecb2f04337d0714; 2:9c751cfe51d860278cb0be6c9bb289ff,00:00:00:00:100/1,00:03:24:40:100/1,Avid MediaFiles/MXF/AVID2.1 20170408/KT8316_1.WA01.58EA58EA6245A.mxf; Avid MediaFiles/MXF/AVID2.1 20170408/KT8316_2.WA02.58EA58EA6245A.mxf; Avid MediaFiles/MXF/AVID2.1 20170408/KT8316_3.WA03.58EA58EA6245A.mxf; Avid MediaFiles/MXF/AVID2.1 20170408/KT8316_7.WA07.58EA58EA6245A.mxf; Avid MediaFiles/MXF/AVID2.1 20170408/KT8316_8.WA08.58EA58EA6245A.mxf
283,KT8317_1.WA01.58EA58EA6247A; KT8317_2.WA02.58EA58EA6247A; KT8317_3.WA03.58EA58EA6247A; KT8317_7.WA07.58EA58EA6247A; KT8317_8.WA08.58EA58EA6247A;     625  /t 1   ,2:a8058711114b114a65fb73e948b4bc52; 2:8ceff07b9c28d4ba4d270d6ad382a45e; 2:c2e902090d04cdfa615ee310a862d7a0; 2:3daa6f20dc614a32750cf8bb015edb85; 2:ef5048dcc562a6ac5927031333c736ff,00:00:00:00:100/1,00:01:13:80:100/1,Avid MediaFiles/MXF/AVID2.1 20170408/KT8317_1.WA01.58EA58EA6247A.mxf; Avid MediaFiles/MXF/AVID2.1 20170408/KT8317_2.WA02.58EA58EA6247A.mxf; Avid MediaFiles/MXF/AVID2.1 20170408/KT8317_3.WA03.58EA58EA6247A.mxf; Avid MediaFiles/MXF/AVID2.1 20170408/KT8317_7.WA07.58EA58EA6247A.mxf; Avid MediaFiles/MXF/AVID2.1 20170408/KT8317_8.WA08.58EA58EA6247A.mxf
284,KT8318_1.WA01.58EA58EA6248A; KT8318_2.WA02.58EA58EA6248A; KT8318_3.WA03.58EA58EA6248A; KT8318_7.WA07.58EA58EA6248A; KT8318_8.WA08.58EA58EA6248A;     625  /t 2   ,2:98f0c8d502208afb54a744209b4fb3af; 2:fad979787695649f146ac281416cf915; 2:7bbcad82125c00bea94cacf420d1e776; 2:eaf4aecf863e63aca317492da4ca5113; 2:83729ea8cd61c9a9807537adacbf6656,00:00:00:00:100/1,00:01:32:20:100/1,Avid MediaFiles/MXF/AVID2.1 20170408/KT8318_1.WA01.58EA58EA6248A.mxf; Avid MediaFiles/MXF/AVID2.1 20170408/KT8318_2.WA02.58EA58EA6248A.mxf; Avid MediaFiles/MXF/AVID2.1 20170408/KT8318_3.WA03.58EA58EA6248A.mxf; Avid MediaFiles/MXF/AVID2.1 20170408/KT8318_7.WA07.58EA58EA6248A.mxf; Avid MediaFiles/MXF/AVID2.1 20170408/KT8318_8.WA08.58EA58EA6248A.mxf
285,KT8319_1.WA01.58EA58EA6249A; KT8319_2.WA02.58EA58EA6249A; KT8319_3.WA03.58EA58EA6249A; KT8319_7.WA07.58EA58EA6249A; KT8319_8.WA08.58EA58EA6249A;     625  /t 3   ,2:10d5a2a67fdf9afa2e9ea723db317579; 2:1cc960e6b5e541d1b64084d84484b51a; 2:f115eef68ac17b339fb861087688a924; 2:780f14de2b06ec5cdf794ea2b005e086; 2:25d8708863dee46390c8183f5baece6c,00:00:00:00:100/1,00:00:59:00:100/1,Avid MediaFiles/MXF/AVID2.1 20170408/KT8319_1.WA01.58EA58EA6249A.mxf; Avid MediaFiles/MXF/AVID2.1 20170408/KT8319_2.WA02.58EA58EA6249A.mxf; Avid MediaFiles/MXF/AVID2.1 20170408/KT8319_3.WA03.58EA58EA6249A.mxf; Avid MediaFiles/MXF/AVID2.1 20170408/KT8319_7.WA07.58EA58EA6249A.mxf; Avid MediaFiles/MXF/AVID2.1 20170408/KT8319_8.WA08.58EA58EA6249A.mxf
286,KT8320_1.WA01.58EA58EA6249A; KT8320_2.WA02.58EA58EA6249A; KT8320_3.WA03.58EA58EA6249A; KT8320_7.WA07.58EA58EA6249A; KT8320_8.WA08.58EA58EA6249A;     625  /t 4   ,2:c687cdb389d440380bee31b675f74b85; 2:2f02cc782a9ca4497b4f7485a5149344; 2:0105da6b44061afcf9ec3102e699aa74; 2:26547795fb68683a23b2cd6997e037d2; 2:f9ade7732a781317ac8bd00f6c201c64,00:00:00:00:100/1,00:01:16:48:100/1,Avid MediaFiles/MXF/AVID2.1 20170408/KT8320_1.WA01.58EA58EA6249A.mxf; Avid MediaFiles/MXF/AVID2.1 20170408/KT8320_2.WA02.58EA58EA6249A.mxf; Avid MediaFiles/MXF/AVID2.1 20170408/KT8320_3.WA03.58EA58EA6249A.mxf; Avid MediaFiles/MXF/AVID2.1 20170408/KT8320_7.WA07.58EA58EA6249A.mxf; Avid MediaFiles/MXF/AVID2.1 20170408/KT8320_8.WA08.58EA58EA6249A.mxf
287,KT8321_1.WA01.58EA58EA624AA; KT8321_2.WA02.58EA58EA624AA; KT8321_3.WA03.58EA58EA624AA; KT8321_7.WA07.58EA58EA624AA; KT8321_8.WA08.58EA58EA624AA;     625  /t 5   ,2:b9f1c993888d2fb8fb6695d3cac5b9b6; 2:95d86ac477d5b3a1b6e8c42dacee16fb; 2:fedbe826257f4f0080b77bdccbf9a77a; 2:c078089ff40bd865ffac68063fb3a7a5; 2:db18259d073e0911d3c5424759b05816,00:00:00:00:100/1,00:01:42:52:100/1,Avid MediaFiles/MXF/AVID2.1 20170408/KT8321_1.WA01.58EA58EA624AA.mxf; Avid MediaFiles/MXF/AVID2.1 20170408/KT8321_2.WA02.58EA58EA624AA.mxf; Avid MediaFiles/MXF/AVID2.1 20170408/KT8321_3.WA03.58EA58EA624AA.mxf; Avid MediaFiles/MXF/AVID2.1 20170408/KT8321_7.WA07.58EA58EA624AA.mxf; Avid MediaFiles/MXF/AVID2.1 20170408/KT8321_8.WA08.58EA58EA624AA.mxf
288,KT8322_1.WA01.58EA58EA624CA; KT8322_2.WA02.58EA58EA624CA; KT8322_3.WA03.58EA58EA624CA; KT8322_7.WA07.58EA58EA624CA; KT8322_8.WA08.58EA58EA624CA;     625  /t 6   ,2:d511e10e8b6a8bcd43975f0c6b03ac17; 2:77ce3dc797c85e247c6080d7e9affba4; 2:44da608a2c2f0a2e9c8bbdbc2fd5c72f; 2:b6f584c40c3030e47e9183c2b7cc5cdf; 2:c689504a475a516cd8d6827cde4b3057,00:00:00:00:100/1,00:01:36:32:100/1,Avid MediaFiles/MXF/AVID2.1 20170408/KT8322_1.WA01.58EA58EA624CA.mxf; Avid MediaFiles/MXF/AVID2.1 20170408/KT8322_2.WA02.58EA58EA624CA.mxf; Avid MediaFiles/MXF/AVID2.1 20170408/KT8322_3.WA03.58EA58EA624CA.mxf; Avid MediaFiles/MXF/AVID2.1 20170408/KT8322_7.WA07.58EA58EA624CA.mxf; Avid MediaFiles/MXF/AVID2.1 20170408/KT8322_8.WA08.58EA58EA624CA.mxf
289,KT8323_1.WA01.58EA58EA624DA; KT8323_2.WA02.58EA58EA624DA; KT8323_3.WA03.58EA58EA624DA; KT8323_7.WA07.58EA58EA624DA; KT8323_8.WA08.58EA58EA624DA;     625A /t 1   ,2:540fb97e4a4c0e8b1c35645c1fc93636; 2:2f1757a887970ec0e6e17e60969e50e9; 2:f9c0a474c9aac5533df91b6547caed83; 2:07725fa74bde85c20c699eca9e585a33; 2:e10aa0a7c38fe7f206c9a1ca753739a3,00:00:00:00:100/1,00:00:54:24:100/1,Avid MediaFiles/MXF/AVID2.1 20170408/KT8323_1.WA01.58EA58EA624DA.mxf; Avid MediaFiles/MXF/AVID2.1 20170408/KT8323_2.WA02.58EA58EA624DA.mxf; Avid MediaFiles/MXF/AVID2.1 20170408/KT8323_3.WA03.58EA58EA624DA.mxf; Avid MediaFiles/MXF/AVID2.1 20170408/KT8323_7.WA07.58EA58EA624DA.mxf; Avid MediaFiles/MXF/AVID2.1 20170408/KT8323_8.WA08.58EA58EA624DA.mxf
290,KT8324_1.WA01.58EA58EA624DA; KT8324_2.WA02.58EA58EA624DA; KT8324_3.WA03.58EA58EA624DA; KT8324_7.WA07.58EA58EA624DA; KT8324_8.WA08.58EA58EA624DA;     625A /t 2   ,2:a68d3c7280b2e5a2935497cff9ac9cb8; 2:34452c9503a17814ff5d16c5b0e4fe20; 2:8c14fc650e9a4c3a19c5127d9291a7aa; 2:f860c0fbe457c7110bf5629faf39c1ec; 2:48a798d83bdca700726cd80575441ded,00:00:00:00:100/1,00:01:24:12:100/1,Avid MediaFiles/MXF/AVID2.1 20170408/KT8324_1.WA01.58EA58EA624DA.mxf; Avid MediaFiles/MXF/AVID2.1 20170408/KT8324_2.WA02.58EA58EA624DA.mxf; Avid MediaFiles/MXF/AVID2.1 20170408/KT8324_3.WA03.58EA58EA624DA.mxf; Avid MediaFiles/MXF/AVID2.1 20170408/KT8324_7.WA07.58EA58EA624DA.mxf; Avid MediaFiles/MXF/AVID2.1 20170408/KT8324_8.WA08.58EA58EA624DA.mxf
291,KT8325_1.WA01.58EA58EA624EA; KT8325_2.WA02.58EA58EA624EA; KT8325_3.WA03.58EA58EA624EA; KT8325_7.WA07.58EA58EA624EA; KT8325_8.WA08.58EA58EA624FA;     625A /t 3   ,2:873ca88fd0605c237116bcc5bbe59267; 2:acbcdfc3995a68a1c0faf8103372be2d; 2:d71ee45e916a80edacf2536fcb712e23; 2:3cb7ac1b78e89aff75c789634fe82053; 2:cf02a2ff37a9cd999d4b3b870f508a71,00:00:00:00:100/1,00:01:31:28:100/1,Avid MediaFiles/MXF/AVID2.1 20170408/KT8325_1.WA01.58EA58EA624EA.mxf; Avid MediaFiles/MXF/AVID2.1 20170408/KT8325_2.WA02.58EA58EA624EA.mxf; Avid MediaFiles/MXF/AVID2.1 20170408/KT8325_3.WA03.58EA58EA624EA.mxf; Avid MediaFiles/MXF/AVID2.1 20170408/KT8325_7.WA07.58EA58EA624EA.mxf; Avid MediaFiles/MXF/AVID2.1 20170408/KT8325_8.WA08.58EA58EA624FA.mxf
292,KT8326_1.WA01.58EA58EA6250A; KT8326_2.WA02.58EA58EA6250A; KT8326_3.WA03.58EA58EA6250A; KT8326_7.WA07.58EA58EA6250A; KT8326_8.WA08.58EA58EA6250A;     625A /t 4   ,2:5a7a9937c1ec509fd762e6b1d722762d; 2:14da7b2a776051bbfba427052c7888ae; 2:065f5cd56013a007af6083e7d1397ac7; 2:42750499ee78b4efa41ee707127af5dc; 2:d28e8ea6d6c8245e58608b17677b760f,00:00:00:00:100/1,00:01:28:88:100/1,Avid MediaFiles/MXF/AVID2.1 20170408/KT8326_1.WA01.58EA58EA6250A.mxf; Avid MediaFiles/MXF/AVID2.1 20170408/KT8326_2.WA02.58EA58EA6250A.mxf; Avid MediaFiles/MXF/AVID2.1 20170408/KT8326_3.WA03.58EA58EA6250A.mxf; Avid MediaFiles/MXF/AVID2.1 20170408/KT8326_7.WA07.58EA58EA6250A.mxf; Avid MediaFiles/MXF/AVID2.1 20170408/KT8326_8.WA08.58EA58EA6250A.mxf
293,KT8328-5.WA05.58EA58EA6252A; KT8328-6.WA06.58EA58EA6252A;     651  /t 1   ,2:c2e89e604a84c466e789292f37b73a95; 2:a69327b74c1d934dcc8ab40b979dbdda,00:00:00:00:100/1,00:01:24:76:100/1,Avid MediaFiles/MXF/AVID2.1 20170408/KT8328-5.WA05.58EA58EA6252A.mxf; Avid MediaFiles/MXF/AVID2.1 20170408/KT8328-6.WA06.58EA58EA6252A.mxf
294,KT8327_1.WA01.58EA58EA6251A; KT8327_2.WA02.58EA58EA6251A; KT8327_3.WA03.58EA58EA6251A; KT8327_7.WA07.58EA58EA6251A; KT8327_8.WA08.58EA58EA6251A;     625B /t 1   ,2:276ef32e9c284620b36116ad2ef2c78e; 2:cca6986ed3bb08c542bb96da95de679f; 2:7ae3bc4cb1e9ecbc68fcf60e7b48a54e; 2:e1264f6292496c175ca119c24409b2e0; 2:8f13b8c7d14317ca0d8b7483906fcab9,00:00:00:00:100/1,00:01:58:12:100/1,Avid MediaFiles/MXF/AVID2.1 20170408/KT8327_1.WA01.58EA58EA6251A.mxf; Avid MediaFiles/MXF/AVID2.1 20170408/KT8327_2.WA02.58EA58EA6251A.mxf; Avid MediaFiles/MXF/AVID2.1 20170408/KT8327_3.WA03.58EA58EA6251A.mxf; Avid MediaFiles/MXF/AVID2.1 20170408/KT8327_7.WA07.58EA58EA6251A.mxf; Avid MediaFiles/MXF/AVID2.1 20170408/KT8327_8.WA08.58EA58EA6251A.mxf
295,KT8328_1.WA01.58EA58EA6252A; KT8328_2.WA02.58EA58EA6252A; KT8328_3.WA03.58EA58EA6252A; KT8328_7.WA07.58EA58EA6252A; KT8328_8.WA08.58EA58EA6252A;     651  /t 1   ,2:f66d41a583cd361f2252a60af326663f; 2:2f1310c02f9cb282807fa719aaa19673; 2:ccfcff1f31bc096010d6b89afa2aaf76; 2:c4f6efbde572515e4dbbb7c44e282e8b; 2:320c32caa01b368c2b4dd79b9f8cc96a,00:00:00:00:100/1,00:01:24:76:100/1,Avid MediaFiles/MXF/AVID2.1 20170408/KT8328_1.WA01.58EA58EA6252A.mxf; Avid MediaFiles/MXF/AVID2.1 20170408/KT8328_2.WA02.58EA58EA6252A.mxf; Avid MediaFiles/MXF/AVID2.1 20170408/KT8328_3.WA03.58EA58EA6252A.mxf; Avid MediaFiles/MXF/AVID2.1 20170408/KT8328_7.WA07.58EA58EA6252A.mxf; Avid MediaFiles/MXF/AVID2.1 20170408/KT8328_8.WA08.58EA58EA6252A.mxf
296,KT8329-5.WA05.58EA58EA6253A; KT8329-6.WA06.58EA58EA6253A;     651  /t 2   ,2:155a49fe0ef8ab41a9afb1f7af6d3746; 2:edd4240829efabfd6cb05534dd8062b4,00:00:00:00:100/1,00:01:18:56:100/1,Avid MediaFiles/MXF/AVID2.1 20170408/KT8329-5.WA05.58EA58EA6253A.mxf; Avid MediaFiles/MXF/AVID2.1 20170408/KT8329-6.WA06.58EA58EA6253A.mxf
297,KT8330-5.WA05.58EA58EA6255A; KT8330-6.WA06.58EA58EA6255A;     651  /n 3   ,2:0e877a8a24853f9ab9641939745dae81; 2:f61864d1e571794b3a3a7b19c7d96773,00:00:00:00:100/1,00:00:15:92:100/1,Avid MediaFiles/MXF/AVID2.1 20170408/KT8330-5.WA05.58EA58EA6255A.mxf; Avid MediaFiles/MXF/AVID2.1 20170408/KT8330-6.WA06.58EA58EA6255A.mxf
298,KT8329_1.WA01.58EA58EA6254A; KT8329_2.WA02.58EA58EA6254A; KT8329_3.WA03.58EA58EA6254A; KT8329_7.WA07.58EA58EA6254A; KT8329_8.WA08.58EA58EA6254A;     651  /t 2   ,2:e3136cf4bdb07fecf2ce18af16d07930; 2:d1193c77e064c3a83915979f1ce85d13; 2:a33bd8f01dd02ad6736ab5130722bcea; 2:13fb55f4fd5f09aeec61fc87268ddef3; 2:739bcc69faa4fed935cd4135ecc60a4a,00:00:00:00:100/1,00:01:18:56:100/1,Avid MediaFiles/MXF/AVID2.1 20170408/KT8329_1.WA01.58EA58EA6254A.mxf; Avid MediaFiles/MXF/AVID2.1 20170408/KT8329_2.WA02.58EA58EA6254A.mxf; Avid MediaFiles/MXF/AVID2.1 20170408/KT8329_3.WA03.58EA58EA6254A.mxf; Avid MediaFiles/MXF/AVID2.1 20170408/KT8329_7.WA07.58EA58EA6254A.mxf; Avid MediaFiles/MXF/AVID2.1 20170408/KT8329_8.WA08.58EA58EA6254A.mxf
299,KT8330_1.WA01.58EA58EA6255A; KT8330_2.WA02.58EA58EA6255A; KT8330_3.WA03.58EA58EA6255A; KT8330_7.WA07.58EA58EA6255A; KT8330_8.WA08.58EA58EA6255A;     651  /n 3   ,2:dce2d7055ff4283baa59a1b0908fd7e9; 2:c3aa774bdb72d0dc5a76ea1c880b0633; 2:c0c5e2709b842d0f566941c5fc7fa803; 2:9ee6b77f17654df463eca0111a60cb2c; 2:a006ed3f54baa908762fd152c9b16155,00:00:00:00:100/1,00:00:15:92:100/1,Avid MediaFiles/MXF/AVID2.1 20170408/KT8330_1.WA01.58EA58EA6255A.mxf; Avid MediaFiles/MXF/AVID2.1 20170408/KT8330_2.WA02.58EA58EA6255A.mxf; Avid MediaFiles/MXF/AVID2.1 20170408/KT8330_3.WA03.58EA58EA6255A.mxf; Avid MediaFiles/MXF/AVID2.1 20170408/KT8330_7.WA07.58EA58EA6255A.mxf; Avid MediaFiles/MXF/AVID2.1 20170408/KT8330_8.WA08.58EA58EA6255A.mxf
300,KT8331-5.WA05.58EA58EA6255A; KT8331-6.WA06.58EA58EA6255A;     651  /t 3   ,2:51ad13b567a53feaeb6988ec76509293; 2:aea88d0de44f0ddbee9290c66f07a65f,00:00:00:00:100/1,00:01:13:32:100/1,Avid MediaFiles/MXF/AVID2.1 20170408/KT8331-5.WA05.58EA58EA6255A.mxf; Avid MediaFiles/MXF/AVID2.1 20170408/KT8331-6.WA06.58EA58EA6255A.mxf
301,KT8331_1.WA01.58EA58EA6256A; KT8331_2.WA02.58EA58EA6256A; KT8331_3.WA03.58EA58EA6256A; KT8331_7.WA07.58EA58EA6256A; KT8331_8.WA08.58EA58EA6256A;     651  /t 3   ,2:45ec6cf2365cb12e61f9dd5a0ea4d985; 2:a6e4fb35d70ebefb4e0dea35a1d458e3; 2:6494e3b06878ff723d4e358af7ffc6d6; 2:06a1d96de7c14bec3f5f86f73c6e2c22; 2:e1f6b76e754ae099fe3a40abeece4654,00:00:00:00:100/1,00:01:13:32:100/1,Avid MediaFiles/MXF/AVID2.1 20170408/KT8331_1.WA01.58EA58EA6256A.mxf; Avid MediaFiles/MXF/AVID2.1 20170408/KT8331_2.WA02.58EA58EA6256A.mxf; Avid MediaFiles/MXF/AVID2.1 20170408/KT8331_3.WA03.58EA58EA6256A.mxf; Avid MediaFiles/MXF/AVID2.1 20170408/KT8331_7.WA07.58EA58EA6256A.mxf; Avid MediaFiles/MXF/AVID2.1 20170408/KT8331_8.WA08.58EA58EA6256A.mxf
302,KT8332-5.WA05.58EA58EA6257A; KT8332-6.WA06.58EA58EA6257A;     651A /t 1   ,2:f290ee5e79b2c2d5d2d6a8a71fe716eb; 2:bf7276dcb54c0cf0f7b0dd3fcc0bceb7,00:00:00:00:100/1,00:01:30:76:100/1,Avid MediaFiles/MXF/AVID2.1 20170408/KT8332-5.WA05.58EA58EA6257A.mxf; Avid MediaFiles/MXF/AVID2.1 20170408/KT8332-6.WA06.58EA58EA6257A.mxf
303,KT8332_1.WA01.58EA58EA6257A; KT8332_2.WA02.58EA58EA6257A; KT8332_7.WA07.58EA58EA6257A; KT8332_8.WA08.58EA58EA6257A;     651A /t 1   ,2:93a2c0dd237b8bd1a3cd9b9398a9f235; 2:ce77085e3fbd9740f5c480b11e9402f2; 2:127dc32abc29c93fa5010c6c4fc1bb98; 2:3f9d8880c53f85dfaa6a1f0f11cda964,00:00:00:00:100/1,00:01:30:76:100/1,Avid MediaFiles/MXF/AVID2.1 20170408/KT8332_1.WA01.58EA58EA6257A.mxf; Avid MediaFiles/MXF/AVID2.1 20170408/KT8332_2.WA02.58EA58EA6257A.mxf; Avid MediaFiles/MXF/AVID2.1 20170408/KT8332_7.WA07.58EA58EA6257A.mxf; Avid MediaFiles/MXF/AVID2.1 20170408/KT8332_8.WA08.58EA58EA6257A.mxf
304,KT8333-5.WA05.58EA58EA6258A; KT8333-6.WA06.58EA58EA6258A;     651A /t 2   ,2:c0173a6c6bd876e0950bf274f1485a5d; 2:ddfe81aa3e019cfba211604b14eb4f66,00:00:00:00:100/1,00:01:01:80:100/1,Avid MediaFiles/MXF/AVID2.1 20170408/KT8333-5.WA05.58EA58EA6258A.mxf; Avid MediaFiles/MXF/AVID2.1 20170408/KT8333-6.WA06.58EA58EA6258A.mxf
305,KT8333_1.WA01.58EA58EA6258A; KT8333_2.WA02.58EA58EA6258A; KT8333_7.WA07.58EA58EA6258A; KT8333_8.WA08.58EA58EA6258A;     651A /t 2   ,2:96f6328b9a8d908bf002ef1823f79ec6; 2:2edf1b129925c2b8262e1c48dd2adbcb; 2:521d68554b8d86c83b620565ec5680bf; 2:1202511cf26435a977ea4ce799c2c97c,00:00:00:00:100/1,00:01:01:80:100/1,Avid MediaFiles/MXF/AVID2.1 20170408/KT8333_1.WA01.58EA58EA6258A.mxf; Avid MediaFiles/MXF/AVID2.1 20170408/KT8333_2.WA02.58EA58EA6258A.mxf; Avid MediaFiles/MXF/AVID2.1 20170408/KT8333_7.WA07.58EA58EA6258A.mxf; Avid MediaFiles/MXF/AVID2.1 20170408/KT8333_8.WA08.58EA58EA6258A.mxf
306,KT8334-5.WA05.58EA58EA6259A; KT8334-6.WA06.58EA58EA6259A;     651A /t 3   ,2:ea94d20d65c76b4144758d1afb53c9e3; 2:65832e7c26f642b4d6752a7059403d3f,00:00:00:00:100/1,00:00:42:44:100/1,Avid MediaFiles/MXF/AVID2.1 20170408/KT8334-5.WA05.58EA58EA6259A.mxf; Avid MediaFiles/MXF/AVID2.1 20170408/KT8334-6.WA06.58EA58EA6259A.mxf
307,KT8334_1.WA01.58EA58EA6259A; KT8334_2.WA02.58EA58EA6259A; KT8334_3.WA03.58EA58EA6259A; KT8334_7.WA07.58EA58EA6259A; KT8334_8.WA08.58EA58EA6259A;     651A /t 3   ,2:c44de32236baaf00fe939b622ea92073; 2:d28cc862c305dd886743eb553557146d; 2:3a05ce7e3a4717f8a66d1bd56366b731; 2:c686eefc99674425dc4b3216719d0c26; 2:3749c8759b57c9a743f3e0ee9fa58058,00:00:00:00:100/1,00:00:42:44:100/1,Avid MediaFiles/MXF/AVID2.1 20170408/KT8334_1.WA01.58EA58EA6259A.mxf; Avid MediaFiles/MXF/AVID2.1 20170408/KT8334_2.WA02.58EA58EA6259A.mxf; Avid MediaFiles/MXF/AVID2.1 20170408/KT8334_3.WA03.58EA58EA6259A.mxf; Avid MediaFiles/MXF/AVID2.1 20170408/KT8334_7.WA07.58EA58EA6259A.mxf; Avid MediaFiles/MXF/AVID2.1 20170408/KT8334_8.WA08.58EA58EA6259A.mxf
308,KT8335-5.WA05.58EA58EA625AA; KT8335-6.WA06.58EA58EA625AA;     651A /t 4   ,2:78869933881b3cd503a0a0381e8efd8e; 2:d192249cdf6deeffc75c60a9e1ac08b1,00:00:00:00:100/1,00:01:43:00:100/1,Avid MediaFiles/MXF/AVID2.1 20170408/KT8335-5.WA05.58EA58EA625AA.mxf; Avid MediaFiles/MXF/AVID2.1 20170408/KT8335-6.WA06.58EA58EA625AA.mxf
309,KT8336-5.WA05.58EA58EA625BA; KT8336-6.WA06.58EA58EA625BA;     651  /w 1   ,2:42563d07eafe93793ea5b4078c4388d8; 2:61cac79536694dd59c3f51b67e3462fa,00:00:00:00:100/1,00:01:32:44:100/1,Avid MediaFiles/MXF/AVID2.1 20170408/KT8336-5.WA05.58EA58EA625BA.mxf; Avid MediaFiles/MXF/AVID2.1 20170408/KT8336-6.WA06.58EA58EA625BA.mxf
310,KT8335_1.WA01.58EA58EA625AA; KT8335_2.WA02.58EA58EA625AA; KT8335_3.WA03.58EA58EA625AA; KT8335_7.WA07.58EA58EA625AA; KT8335_8.WA08.58EA58EA625AA;     651A /t 4   ,2:56c9788800d1e4ee615b79f057470de5; 2:91520d1e43f156311bc093a084a6b0c3; 2:ef5ec706aa8e6cd72fae2a4b0e81b9de; 2:3acfc382676765e7400180a883cd46ec; 2:369a574b6889b43ebce33d1f0635caba,00:00:00:00:100/1,00:01:43:00:100/1,Avid MediaFiles/MXF/AVID2.1 20170408/KT8335_1.WA01.58EA58EA625AA.mxf; Avid MediaFiles/MXF/AVID2.1 20170408/KT8335_2.WA02.58EA58EA625AA.mxf; Avid MediaFiles/MXF/AVID2.1 20170408/KT8335_3.WA03.58EA58EA625AA.mxf; Avid MediaFiles/MXF/AVID2.1 20170408/KT8335_7.WA07.58EA58EA625AA.mxf; Avid MediaFiles/MXF/AVID2.1 20170408/KT8335_8.WA08.58EA58EA625AA.mxf
311,KT8336_1.WA01.58EA58EA625CA; KT8336_7.WA07.58EA58EA625CA; KT8336_8.WA08.58EA58EA625CA;     651  /w 1   ,2:857dfe6b26b083a6d5e8600565a6edfe; 2:b0f080b26bc0aeb5b8d06e68bbb1bdac; 2:2d1cb37168f7b0fa01b7fb72aeaaf4bb,00:00:00:00:100/1,00:01:32:44:100/1,Avid MediaFiles/MXF/AVID2.1 20170408/KT8336_1.WA01.58EA58EA625CA.mxf; Avid MediaFiles/MXF/AVID2.1 20170408/KT8336_7.WA07.58EA58EA625CA.mxf; Avid MediaFiles/MXF/AVID2.1 20170408/KT8336_8.WA08.58EA58EA625CA.mxf
312,KT8337_1.WA01.58EA58EA625DA; KT8337_2.WA02.58EA58EA625DA; KT8337_3.WA03.58EA58EA625DA; KT8337_4.WA04.58EA58EA625DA; KT8337_7.WA07.58EA58EA625DA; KT8337_8.WA08.58EA58EA625DA;     318  /t 1   ,2:31fb7cdce2f1b52d3c3da1d3abd6b9a4; 2:dfb66ca0158a6ebe2f3eba004c9820ee; 2:1fc4bb49ecf4a5d0a3171cc0b2c471f7; 2:b6db876c4d0789a7015382d77a4cd344; 2:f034592a31fb4e7b5d5046089bfa84f5; 2:b6f436247a96609c0c61bad26258b30d,00:00:00:00:100/1,00:01:43:04:100/1,Avid MediaFiles/MXF/AVID2.1 20170408/KT8337_1.WA01.58EA58EA625DA.mxf; Avid MediaFiles/MXF/AVID2.1 20170408/KT8337_2.WA02.58EA58EA625DA.mxf; Avid MediaFiles/MXF/AVID2.1 20170408/KT8337_3.WA03.58EA58EA625DA.mxf; Avid MediaFiles/MXF/AVID2.1 20170408/KT8337_4.WA04.58EA58EA625DA.mxf; Avid MediaFiles/MXF/AVID2.1 20170408/KT8337_7.WA07.58EA58EA625DA.mxf; Avid MediaFiles/MXF/AVID2.1 20170408/KT8337_8.WA08.58EA58EA625DA.mxf
313,KT8338_1.WA01.58EA58EA625EA; KT8338_2.WA02.58EA58EA625EA; KT8338_3.WA03.58EA58EA625EA; KT8338_4.WA04.58EA58EA625EA; KT8338_7.WA07.58EA58EA625EA; KT8338_8.WA08.58EA58EA625EA;     318  /t 2   ,2:934c4ad6f1a9ac98616c2aa4b75061e3; 2:a72e7634ab04a9eab26eec427ec4a070; 2:795debbb9b0bb76c71a95a00fe01a74d; 2:01cadb0ca071b89a912e59aab24ea25d; 2:602826018caa947065aaf073c6bc289a; 2:3a898e0fc31e0fecaa01dc7521bcb72a,00:00:00:00:100/1,00:02:05:84:100/1,Avid MediaFiles/MXF/AVID2.1 20170408/KT8338_1.WA01.58EA58EA625EA.mxf; Avid MediaFiles/MXF/AVID2.1 20170408/KT8338_2.WA02.58EA58EA625EA.mxf; Avid MediaFiles/MXF/AVID2.1 20170408/KT8338_3.WA03.58EA58EA625EA.mxf; Avid MediaFiles/MXF/AVID2.1 20170408/KT8338_4.WA04.58EA58EA625EA.mxf; Avid MediaFiles/MXF/AVID2.1 20170408/KT8338_7.WA07.58EA58EA625EA.mxf; Avid MediaFiles/MXF/AVID2.1 20170408/KT8338_8.WA08.58EA58EA625EA.mxf
314,KT8339_1.WA01.58EA58EA6260A; KT8339_2.WA02.58EA58EA6260A; KT8339_3.WA03.58EA58EA6260A; KT8339_4.WA04.58EA58EA6260A; KT8339_7.WA07.58EA58EA6260A; KT8339_8.WA08.58EA58EA6260A;     318  /t 3   ,2:c7f0df32dfd1f602a36186a4dd3d7f2b; 2:242fa1d835385f9499a738d42f6814fc; 2:79bdcd517586f5dd44e82fd1e1ad08f8; 2:70250d46144f743b21f107a1d3589900; 2:9e5c5a67900bff47c2418794aee324f5; 2:a44e35389346313cd95bbe07a8aad84d,00:00:00:00:100/1,00:01:58:08:100/1,Avid MediaFiles/MXF/AVID2.1 20170408/KT8339_1.WA01.58EA58EA6260A.mxf; Avid MediaFiles/MXF/AVID2.1 20170408/KT8339_2.WA02.58EA58EA6260A.mxf; Avid MediaFiles/MXF/AVID2.1 20170408/KT8339_3.WA03.58EA58EA6260A.mxf; Avid MediaFiles/MXF/AVID2.1 20170408/KT8339_4.WA04.58EA58EA6260A.mxf; Avid MediaFiles/MXF/AVID2.1 20170408/KT8339_7.WA07.58EA58EA6260A.mxf; Avid MediaFiles/MXF/AVID2.1 20170408/KT8339_8.WA08.58EA58EA6260A.mxf
315,KT8340_1.WA01.58EA58EA6261A; KT8340_2.WA02.58EA58EA6261A; KT8340_3.WA03.58EA58EA6261A; KT8340_4.WA04.58EA58EA6261A; KT8340_7.WA07.58EA58EA6261A; KT8340_8.WA08.58EA58EA6261A;     318  /t 4   ,2:2347ff9a9c42dc4d20be24b7266e0ba4; 2:60d177963d134cbc4c0ede0789f9b9f6; 2:ff0cf59547a3a7817fea584e3b12a51d; 2:d35ff1115e627d87dadab4a4d923378a; 2:9e6426c816baaf36cbea64cf6de4a594; 2:cd0a849b3579825af0254477d4bbe8ea,00:00:00:00:100/1,00:01:07:44:100/1,Avid MediaFiles/MXF/AVID2.1 20170408/KT8340_1.WA01.58EA58EA6261A.mxf; Avid MediaFiles/MXF/AVID2.1 20170408/KT8340_2.WA02.58EA58EA6261A.mxf; Avid MediaFiles/MXF/AVID2.1 20170408/KT8340_3.WA03.58EA58EA6261A.mxf; Avid MediaFiles/MXF/AVID2.1 20170408/KT8340_4.WA04.58EA58EA6261A.mxf; Avid MediaFiles/MXF/AVID2.1 20170408/KT8340_7.WA07.58EA58EA6261A.mxf; Avid MediaFiles/MXF/AVID2.1 20170408/KT8340_8.WA08.58EA58EA6261A.mxf
316,KT8341_1.WA01.58EA58EA6262A; KT8341_2.WA02.58EA58EA6262A; KT8341_3.WA03.58EA58EA6262A; KT8341_4.WA04.58EA58EA6262A; KT8341_7.WA07.58EA58EA6262A; KT8341_8.WA08.58EA58EA6262A;     318  /t 5   ,2:fe69c3643326693a18e2dc062423c590; 2:794b48e5b1384820d70eaa55b1090bd8; 2:dece874e4ab27c866338f0d7067ee62d; 2:ed9c8ee7bce48b883b9ca310f5f1e2a2; 2:9451941e2f5b24442bf6c33ff04fa2a5; 2:20490583245ef5da3c8e18954d731132,00:00:00:00:100/1,00:01:56:96:100/1,Avid MediaFiles/MXF/AVID2.1 20170408/KT8341_1.WA01.58EA58EA6262A.mxf; Avid MediaFiles/MXF/AVID2.1 20170408/KT8341_2.WA02.58EA58EA6262A.mxf; Avid MediaFiles/MXF/AVID2.1 20170408/KT8341_3.WA03.58EA58EA6262A.mxf; Avid MediaFiles/MXF/AVID2.1 20170408/KT8341_4.WA04.58EA58EA6262A.mxf; Avid MediaFiles/MXF/AVID2.1 20170408/KT8341_7.WA07.58EA58EA6262A.mxf; Avid MediaFiles/MXF/AVID2.1 20170408/KT8341_8.WA08.58EA58EA6262A.mxf
317,KT8342_1.WA01.58EA58EA6264A; KT8342_2.WA02.58EA58EA6264A; KT8342_3.WA03.58EA58EA6264A; KT8342_4.WA04.58EA58EA6264A; KT8342_7.WA07.58EA58EA6264A; KT8342_8.WA08.58EA58EA6264A;     318A /t 1   ,2:0a793e86cb9448f362f225edd6bce781; 2:410144d790fce2ddb6a3b32d039ce8b0; 2:50f93844881f4829c974b75d259a2b54; 2:c72686df420fc8941ec56af9ac203561; 2:ce0db593eba9daaf78d809437aafa20b; 2:ec9e8090cb36882465534a7b32e30f88,00:00:00:00:100/1,00:02:05:96:100/1,Avid MediaFiles/MXF/AVID2.1 20170408/KT8342_1.WA01.58EA58EA6264A.mxf; Avid MediaFiles/MXF/AVID2.1 20170408/KT8342_2.WA02.58EA58EA6264A.mxf; Avid MediaFiles/MXF/AVID2.1 20170408/KT8342_3.WA03.58EA58EA6264A.mxf; Avid MediaFiles/MXF/AVID2.1 20170408/KT8342_4.WA04.58EA58EA6264A.mxf; Avid MediaFiles/MXF/AVID2.1 20170408/KT8342_7.WA07.58EA58EA6264A.mxf; Avid MediaFiles/MXF/AVID2.1 20170408/KT8342_8.WA08.58EA58EA6264A.mxf
318,KT8343_1.WA01.58EA58EA6265A; KT8343_2.WA02.58EA58EA6265A; KT8343_3.WA03.58EA58EA6265A; KT8343_4.WA04.58EA58EA6266A; KT8343_7.WA07.58EA58EA6266A; KT8343_8.WA08.58EA58EA6266A;     318A /t 2   ,2:d6fa0f31e0031333958241fff42eaffb; 2:423292796557a072017f088e6f953861; 2:686cb5c448213537a5cdf79a1c8d2f21; 2:7b57905bbe60dae5c6c19feec0eca669; 2:0b25c4699d4cff38a962d230e55cdfbd; 2:d349d2f9681f4461b94af68366a59356,00:00:00:00:100/1,00:01:58:56:100/1,Avid MediaFiles/MXF/AVID2.1 20170408/KT8343_1.WA01.58EA58EA6265A.mxf; Avid MediaFiles/MXF/AVID2.1 20170408/KT8343_2.WA02.58EA58EA6265A.mxf; Avid MediaFiles/MXF/AVID2.1 20170408/KT8343_3.WA03.58EA58EA6265A.mxf; Avid MediaFiles/MXF/AVID2.1 20170408/KT8343_4.WA04.58EA58EA6266A.mxf; Avid MediaFiles/MXF/AVID2.1 20170408/KT8343_7.WA07.58EA58EA6266A.mxf; Avid MediaFiles/MXF/AVID2.1 20170408/KT8343_8.WA08.58EA58EA6266A.mxf
319,KT8344_1.WA01.58EA58EA6267A; KT8344_2.WA02.58EA58EA6267A; KT8344_3.WA03.58EA58EA6267A; KT8344_4.WA04.58EA58EA6267A; KT8344_7.WA07.58EA58EA6267A; KT8344_8.WA08.58EA58EA6267A;     318A /t 3   ,2:2bfc534a8f4eeb8a1ab4affc3cd7dbd6; 2:e39d9d13a4769b9961cd45c10f3d91bf; 2:0a72092f537be301bed09af0f4581ead; 2:1b76dbff20de1cf3152e0de40c26eaaf; 2:d43dfecf430a68fc2e0f4740af564a65; 2:16e671e14a9623e7940b7173667be28f,00:00:00:00:100/1,00:00:48:00:100/1,Avid MediaFiles/MXF/AVID2.1 20170408/KT8344_1.WA01.58EA58EA6267A.mxf; Avid MediaFiles/MXF/AVID2.1 20170408/KT8344_2.WA02.58EA58EA6267A.mxf; Avid MediaFiles/MXF/AVID2.1 20170408/KT8344_3.WA03.58EA58EA6267A.mxf; Avid MediaFiles/MXF/AVID2.1 20170408/KT8344_4.WA04.58EA58EA6267A.mxf; Avid MediaFiles/MXF/AVID2.1 20170408/KT8344_7.WA07.58EA58EA6267A.mxf; Avid MediaFiles/MXF/AVID2.1 20170408/KT8344_8.WA08.58EA58EA6267A.mxf
320,KT8345_1.WA01.58EA58EA6268A; KT8345_2.WA02.58EA58EA6268A; KT8345_3.WA03.58EA58EA6268A; KT8345_4.WA04.58EA58EA6268A; KT8345_7.WA07.58EA58EA6268A; KT8345_8.WA08.58EA58EA6268A;     318A /t 4   ,2:af6c9f1ccd8372034454b544d4b098b5; 2:51cc4ba1cee839f130b812a006a880ef; 2:e9500de3e459be0960e5d990498e6201; 2:fc3afd97e844306518f5028f16dd970c; 2:acc718aa4c2438b615427ced460e40cc; 2:5628e1c6b91a656c2e131d01bf68c68f,00:00:00:00:100/1,00:01:33:28:100/1,Avid MediaFiles/MXF/AVID2.1 20170408/KT8345_1.WA01.58EA58EA6268A.mxf; Avid MediaFiles/MXF/AVID2.1 20170408/KT8345_2.WA02.58EA58EA6268A.mxf; Avid MediaFiles/MXF/AVID2.1 20170408/KT8345_3.WA03.58EA58EA6268A.mxf; Avid MediaFiles/MXF/AVID2.1 20170408/KT8345_4.WA04.58EA58EA6268A.mxf; Avid MediaFiles/MXF/AVID2.1 20170408/KT8345_7.WA07.58EA58EA6268A.mxf; Avid MediaFiles/MXF/AVID2.1 20170408/KT8345_8.WA08.58EA58EA6268A.mxf
321,KT8346_1.WA01.58EA58EA6269A; KT8346_2.WA02.58EA58EA6269A; KT8346_3.WA03.58EA58EA6269A; KT8346_4.WA04.58EA58EA6269A; KT8346_7.WA07.58EA58EA6269A; KT8346_8.WA08.58EA58EA6269A;     318B /t 1   ,2:c2a06f4467df8c4c0cb34296f72ffaca; 2:6f986382af5aaf8ab0b65469c82ee4a7; 2:d08936f1c9a7c64221425ed96f84c22d; 2:cb504eccccd6ffdce056cb6c08ab8468; 2:b2454072c56afe1226129251e9553042; 2:c01419c958739b72ad4fd014cca12fc9,00:00:00:00:100/1,00:02:06:88:100/1,Avid MediaFiles/MXF/AVID2.1 20170408/KT8346_1.WA01.58EA58EA6269A.mxf; Avid MediaFiles/MXF/AVID2.1 20170408/KT8346_2.WA02.58EA58EA6269A.mxf; Avid MediaFiles/MXF/AVID2.1 20170408/KT8346_3.WA03.58EA58EA6269A.mxf; Avid MediaFiles/MXF/AVID2.1 20170408/KT8346_4.WA04.58EA58EA6269A.mxf; Avid MediaFiles/MXF/AVID2.1 20170408/KT8346_7.WA07.58EA58EA6269A.mxf; Avid MediaFiles/MXF/AVID2.1 20170408/KT8346_8.WA08.58EA58EA6269A.mxf
322,KT8347_1.WA01.58EA58EA626BA; KT8347_2.WA02.58EA58EA626BA; KT8347_3.WA03.58EA58EA626BA; KT8347_4.WA04.58EA58EA626BA; KT8347_7.WA07.58EA58EA626BA; KT8347_8.WA08.58EA58EA626BA;     318B /t 2   ,2:26ae0814da3a0e76a4a31020a052ddda; 2:865cf50efa0d895ad4e977d33117f6a6; 2:1d756829940bf37520d3f8e4d9cf7c8f; 2:2ee31ad787198af438bf38c4d99c5784; 2:e3165bff57f28c9f5f506ed7db30ceae; 2:815774efc6d2d0a5f9926fbc4c171940,00:00:00:00:100/1,00:02:15:20:100/1,Avid MediaFiles/MXF/AVID2.1 20170408/KT8347_1.WA01.58EA58EA626BA.mxf; Avid MediaFiles/MXF/AVID2.1 20170408/KT8347_2.WA02.58EA58EA626BA.mxf; Avid MediaFiles/MXF/AVID2.1 20170408/KT8347_3.WA03.58EA58EA626BA.mxf; Avid MediaFiles/MXF/AVID2.1 20170408/KT8347_4.WA04.58EA58EA626BA.mxf; Avid MediaFiles/MXF/AVID2.1 20170408/KT8347_7.WA07.58EA58EA626BA.mxf; Avid MediaFiles/MXF/AVID2.1 20170408/KT8347_8.WA08.58EA58EA626BA.mxf
323,KT8348_1.WA01.58EA58EA626DA; KT8348_2.WA02.58EA58EA626DA; KT8348_3.WA03.58EA58EA626DA; KT8348_4.WA04.58EA58EA626DA; KT8348_7.WA07.58EA58EA626DA; KT8348_8.WA08.58EA58EA626DA;     318B /n 3   ,2:975fd401a340402fc15b9e5140410c02; 2:d1bfa797ad701602a619e9c07c7272a4; 2:8cec845e580c90b1c9b13b9f219b646e; 2:6919449d86b34bb67f9547949d514a12; 2:d3cdca81d82929fc3fab41f5e67a8efc; 2:788de9a041c9704052a38d4091ec790b,00:00:00:00:100/1,00:00:34:88:100/1,Avid MediaFiles/MXF/AVID2.1 20170408/KT8348_1.WA01.58EA58EA626DA.mxf; Avid MediaFiles/MXF/AVID2.1 20170408/KT8348_2.WA02.58EA58EA626DA.mxf; Avid MediaFiles/MXF/AVID2.1 20170408/KT8348_3.WA03.58EA58EA626DA.mxf; Avid MediaFiles/MXF/AVID2.1 20170408/KT8348_4.WA04.58EA58EA626DA.mxf; Avid MediaFiles/MXF/AVID2.1 20170408/KT8348_7.WA07.58EA58EA626DA.mxf; Avid MediaFiles/MXF/AVID2.1 20170408/KT8348_8.WA08.58EA58EA626DA.mxf
324,KT8349_1.WA01.58EA58EA626DA; KT8349_2.WA02.58EA58EA626DA; KT8349_3.WA03.58EA58EA626DA; KT8349_4.WA04.58EA58EA626DA; KT8349_7.WA07.58EA58EA626DA; KT8349_8.WA08.58EA58EA626DA;     318B /n 3   ,2:e8533cbb542de6382bd4c388da666aff; 2:c8e6471335d021285135a3e218f0427f; 2:af0b0c46b15b189e64b717d4a57f6aae; 2:6df88375cddc5d69df6619a876aa5392; 2:d30067c07e9acea399190ff82e802a69; 2:4e623b1b519358574a1d1f390f844726,00:00:00:00:100/1,00:00:11:68:100/1,Avid MediaFiles/MXF/AVID2.1 20170408/KT8349_1.WA01.58EA58EA626DA.mxf; Avid MediaFiles/MXF/AVID2.1 20170408/KT8349_2.WA02.58EA58EA626DA.mxf; Avid MediaFiles/MXF/AVID2.1 20170408/KT8349_3.WA03.58EA58EA626DA.mxf; Avid MediaFiles/MXF/AVID2.1 20170408/KT8349_4.WA04.58EA58EA626DA.mxf; Avid MediaFiles/MXF/AVID2.1 20170408/KT8349_7.WA07.58EA58EA626DA.mxf; Avid MediaFiles/MXF/AVID2.1 20170408/KT8349_8.WA08.58EA58EA626DA.mxf
325,KT8351_1.WA01.58EA58EA626FA; KT8351_2.WA02.58EA58EA626FA; KT8351_7.WA07.58EA58EA626FA; KT8351_8.WA08.58EA58EA626FA;     341  /t 1   ,2:09583d16cff9dfd3cb89ee73b0a8a372; 2:926603831be46495b0b3e043033237a7; 2:82db2ca0c563491de6f9cc831119c513; 2:f5d867c792433e8c3e85e8d1a3fbb370,00:00:00:00:100/1,00:01:23:32:100/1,Avid MediaFiles/MXF/AVID2.1 20170408/KT8351_1.WA01.58EA58EA626FA.mxf; Avid MediaFiles/MXF/AVID2.1 20170408/KT8351_2.WA02.58EA58EA626FA.mxf; Avid MediaFiles/MXF/AVID2.1 20170408/KT8351_7.WA07.58EA58EA626FA.mxf; Avid MediaFiles/MXF/AVID2.1 20170408/KT8351_8.WA08.58EA58EA626FA.mxf
326,KT8350_1.WA01.58EA58EA626EA; KT8350_2.WA02.58EA58EA626EA; KT8350_3.WA03.58EA58EA626EA; KT8350_4.WA04.58EA58EA626EA; KT8350_7.WA07.58EA58EA626EA; KT8350_8.WA08.58EA58EA626EA;     318B /t 3   ,2:c63c198cc630e165031e6100aae1ad3b; 2:df0155a05517fbf1220ac07ae749d618; 2:d98c555e62f83f65f302b380f0528a0b; 2:1a2f2b557d85ebdce0884543e896ebd5; 2:ff6485da6d0e1504345c92bfc3fd8a61; 2:d76a5853a0be9e7c7fe8f9685f65a01d,00:00:00:00:100/1,00:02:01:12:100/1,Avid MediaFiles/MXF/AVID2.1 20170408/KT8350_1.WA01.58EA58EA626EA.mxf; Avid MediaFiles/MXF/AVID2.1 20170408/KT8350_2.WA02.58EA58EA626EA.mxf; Avid MediaFiles/MXF/AVID2.1 20170408/KT8350_3.WA03.58EA58EA626EA.mxf; Avid MediaFiles/MXF/AVID2.1 20170408/KT8350_4.WA04.58EA58EA626EA.mxf; Avid MediaFiles/MXF/AVID2.1 20170408/KT8350_7.WA07.58EA58EA626EA.mxf; Avid MediaFiles/MXF/AVID2.1 20170408/KT8350_8.WA08.58EA58EA626EA.mxf
327,KT8352_1.WA01.58EA58EA6270A; KT8352_2.WA02.58EA58EA6270A; KT8352_7.WA07.58EA58EA6270A; KT8352_8.WA08.58EA58EA6270A;     341A /t 1   ,2:aa5f13aaefd4fd1e58ac0a68e289923d; 2:7f84827f33d63c83452b9d332597ad87; 2:421325602a35ede081640225c9b28264; 2:cbe6ab4c970d486a3dda5bd238e8d6d1,00:00:00:00:100/1,00:01:55:00:100/1,Avid MediaFiles/MXF/AVID2.1 20170408/KT8352_1.WA01.58EA58EA6270A.mxf; Avid MediaFiles/MXF/AVID2.1 20170408/KT8352_2.WA02.58EA58EA6270A.mxf; Avid MediaFiles/MXF/AVID2.1 20170408/KT8352_7.WA07.58EA58EA6270A.mxf; Avid MediaFiles/MXF/AVID2.1 20170408/KT8352_8.WA08.58EA58EA6270A.mxf
328,KT8353_1.WA01.58EA58EA6271A; KT8353_2.WA02.58EA58EA6271A; KT8353_7.WA07.58EA58EA6271A; KT8353_8.WA08.58EA58EA6271A;     341B /t 1   ,2:000888c045881d7563cb9f6317d4c376; 2:607a764033992e6c44c3e0bdabb3a162; 2:8fd65602f828199fcf1343c6fde8337d; 2:5da83ccb2d660d71ef218fac489bac5f,00:00:00:00:100/1,00:01:32:44:100/1,Avid MediaFiles/MXF/AVID2.1 20170408/KT8353_1.WA01.58EA58EA6271A.mxf; Avid MediaFiles/MXF/AVID2.1 20170408/KT8353_2.WA02.58EA58EA6271A.mxf; Avid MediaFiles/MXF/AVID2.1 20170408/KT8353_7.WA07.58EA58EA6271A.mxf; Avid MediaFiles/MXF/AVID2.1 20170408/KT8353_8.WA08.58EA58EA6271A.mxf
329,KT8354_1.WA01.58EA58EA6272A; KT8354_7.WA07.58EA58EA6272A; KT8354_8.WA08.58EA58EA6272A;     341B /w 2   ,2:dfb76b2661f894061314f45f2b3e96f6; 2:0a6d56501fb8a51d8333f25dbdaf0611; 2:3b0b2e3eb4daf6f35aa906b77ff556ac,00:00:00:00:100/1,00:00:52:44:100/1,Avid MediaFiles/MXF/AVID2.1 20170408/KT8354_1.WA01.58EA58EA6272A.mxf; Avid MediaFiles/MXF/AVID2.1 20170408/KT8354_7.WA07.58EA58EA6272A.mxf; Avid MediaFiles/MXF/AVID2.1 20170408/KT8354_8.WA08.58EA58EA6272A.mxf
330,KT8355_1.WA01.58EA58EA6273A; KT8355_7.WA07.58EA58EA6273A; KT8355_8.WA08.58EA58EA6273A;     334  /t 1   ,2:4bbfd1479ecf67e4ece410c5e49e9756; 2:6de3ddb6ca03251400060f53da20f0db; 2:1d4056954419e4af81dfd45c6680f57a,00:00:00:00:100/1,00:01:38:72:100/1,Avid MediaFiles/MXF/AVID2.1 20170408/KT8355_1.WA01.58EA58EA6273A.mxf; Avid MediaFiles/MXF/AVID2.1 20170408/KT8355_7.WA07.58EA58EA6273A.mxf; Avid MediaFiles/MXF/AVID2.1 20170408/KT8355_8.WA08.58EA58EA6273A.mxf
331,KT8356_1.WA01.58EA58EA6273A; KT8356_7.WA07.58EA58EA6273A; KT8356_8.WA08.58EA58EA6273A;     334  /t 2   ,2:fdd16eccbdc3a5751f517a4416bf1767; 2:31a0a08bfde9841d83285a9d5dbc5b98; 2:5ddce750c9097e7272020e37c4b17d53,00:00:00:00:100/1,00:01:50:36:100/1,Avid MediaFiles/MXF/AVID2.1 20170408/KT8356_1.WA01.58EA58EA6273A.mxf; Avid MediaFiles/MXF/AVID2.1 20170408/KT8356_7.WA07.58EA58EA6273A.mxf; Avid MediaFiles/MXF/AVID2.1 20170408/KT8356_8.WA08.58EA58EA6273A.mxf
332,KT8357_1.WA01.58EA58EA6274A; KT8357_7.WA07.58EA58EA6274A; KT8357_8.WA08.58EA58EA6274A;     334  /t 3   ,2:e5c2b7bcdd31f2409c8fe640231f6487; 2:884a20d65d4f2b04ff88d4d32e5adb0f; 2:3fcdc614ff6d8f9456d086861fe6ab9d,00:00:00:00:100/1,00:01:57:40:100/1,Avid MediaFiles/MXF/AVID2.1 20170408/KT8357_1.WA01.58EA58EA6274A.mxf; Avid MediaFiles/MXF/AVID2.1 20170408/KT8357_7.WA07.58EA58EA6274A.mxf; Avid MediaFiles/MXF/AVID2.1 20170408/KT8357_8.WA08.58EA58EA6274A.mxf
333,KT8358_1.WA01.58EA58EA6275A; KT8358_7.WA07.58EA58EA6275A; KT8358_8.WA08.58EA58EA6275A;     334A /t 1   ,2:540e2b0b1a07f61c27e979a801aee8c6; 2:237d6e364dce7ef70ada59cc95bb1ad8; 2:ca5418e5563b8c25e6d7b5f6f3bd4614,00:00:00:00:100/1,00:01:59:56:100/1,Avid MediaFiles/MXF/AVID2.1 20170408/KT8358_1.WA01.58EA58EA6275A.mxf; Avid MediaFiles/MXF/AVID2.1 20170408/KT8358_7.WA07.58EA58EA6275A.mxf; Avid MediaFiles/MXF/AVID2.1 20170408/KT8358_8.WA08.58EA58EA6275A.mxf
334,KT8359_1.WA01.58EA58EA6276A; KT8359_7.WA07.58EA58EA6276A; KT8359_8.WA08.58EA58EA6276A;     334A /t 2   ,2:3ae78166a8e5ae1b533c8b2482b4f151; 2:aa7d86d9bd8971c94c2a317c081ba31c; 2:7274f8acad2f636fb01f496755556e9a,00:00:00:00:100/1,00:04:13:12:100/1,Avid MediaFiles/MXF/AVID2.1 20170408/KT8359_1.WA01.58EA58EA6276A.mxf; Avid MediaFiles/MXF/AVID2.1 20170408/KT8359_7.WA07.58EA58EA6276A.mxf; Avid MediaFiles/MXF/AVID2.1 20170408/KT8359_8.WA08.58EA58EA6276A.mxf
335,KT8360_1.WA01.58EA58EA6277A; KT8360_7.WA07.58EA58EA6277A; KT8360_8.WA08.58EA58EA6277A;     334A /t 3   ,2:06bbadfaf2c05c13dd2a66a42031afc7; 2:5fc89ed514959af6b8e1b5330cad32e7; 2:a1b866e51974d55d2acf61009b9fed81,00:00:00:00:100/1,00:01:53:20:100/1,Avid MediaFiles/MXF/AVID2.1 20170408/KT8360_1.WA01.58EA58EA6277A.mxf; Avid MediaFiles/MXF/AVID2.1 20170408/KT8360_7.WA07.58EA58EA6277A.mxf; Avid MediaFiles/MXF/AVID2.1 20170408/KT8360_8.WA08.58EA58EA6277A.mxf
336,KT8361_1.WA01.58EA58EA6278A; KT8361_7.WA07.58EA58EA6278A; KT8361_8.WA08.58EA58EA6278A;     323  /t 1   ,2:983dfd12f11c1bf696f0411ac63c320f; 2:832debdb187d55e07d12f6085b50cc2c; 2:4f995227172eb50b2036f4afc1fbdcb6,00:00:00:00:100/1,00:01:29:48:100/1,Avid MediaFiles/MXF/AVID2.1 20170408/KT8361_1.WA01.58EA58EA6278A.mxf; Avid MediaFiles/MXF/AVID2.1 20170408/KT8361_7.WA07.58EA58EA6278A.mxf; Avid MediaFiles/MXF/AVID2.1 20170408/KT8361_8.WA08.58EA58EA6278A.mxf
337,KT8362_1.WA01.58EA58EA6279A; KT8362_7.WA07.58EA58EA6279A; KT8362_8.WA08.58EA58EA6279A;     323  /t 2   ,2:a2362ea51cde27e487a98d08ba98b0cc; 2:90eca2f3a2865b678c5f1f2120154d25; 2:79e229d8ce4bd5c88ff653a691bec3a9,00:00:00:00:100/1,00:01:27:76:100/1,Avid MediaFiles/MXF/AVID2.1 20170408/KT8362_1.WA01.58EA58EA6279A.mxf; Avid MediaFiles/MXF/AVID2.1 20170408/KT8362_7.WA07.58EA58EA6279A.mxf; Avid MediaFiles/MXF/AVID2.1 20170408/KT8362_8.WA08.58EA58EA6279A.mxf
338,KT8364_1.WA01.58EA58EA627AA; KT8364_7.WA07.58EA58EA627AA; KT8364_8.WA08.58EA58EA627AA;     323A /t 1   ,2:c8bae7f8f4f26122301c1f67840c0ae6; 2:2ef3d85b367670d11862611a88fce8cf; 2:1a11ac8808ec8d10cdf286f0687039c0,00:00:00:00:100/1,00:01:50:20:100/1,Avid MediaFiles/MXF/AVID2.1 20170408/KT8364_1.WA01.58EA58EA627AA.mxf; Avid MediaFiles/MXF/AVID2.1 20170408/KT8364_7.WA07.58EA58EA627AA.mxf; Avid MediaFiles/MXF/AVID2.1 20170408/KT8364_8.WA08.58EA58EA627AA.mxf
339,KT8365_1.WA01.58EA58EA627BA; KT8365_7.WA07.58EA58EA627BA; KT8365_8.WA08.58EA58EA627BA;     323A /w 2   ,2:84794fbe3e8249f2d7914677ff0f4723; 2:e3d8f3ad44afcb8d1fb598e4f009785e; 2:0023f265d6e5be57c052dfdf40081b78,00:00:00:00:100/1,00:00:45:60:100/1,Avid MediaFiles/MXF/AVID2.1 20170408/KT8365_1.WA01.58EA58EA627BA.mxf; Avid MediaFiles/MXF/AVID2.1 20170408/KT8365_7.WA07.58EA58EA627BA.mxf; Avid MediaFiles/MXF/AVID2.1 20170408/KT8365_8.WA08.58EA58EA627BA.mxf
340,KT8363_1.WA01.58EA58EA6279A; KT8363_7.WA07.58EA58EA627AA; KT8363_8.WA08.58EA58EA627AA;     323  /t 3   ,2:1c0536b66b56704e0997e5948a99974c; 2:93f71fe1531c352328ebda8a2998cb5a; 2:c3778e2bd19ad7f5faf028a255b3f9c4,00:00:00:00:100/1,00:01:30:68:100/1,Avid MediaFiles/MXF/AVID2.1 20170408/KT8363_1.WA01.58EA58EA6279A.mxf; Avid MediaFiles/MXF/AVID2.1 20170408/KT8363_7.WA07.58EA58EA627AA.mxf; Avid MediaFiles/MXF/AVID2.1 20170408/KT8363_8.WA08.58EA58EA627AA.mxf
341,KT8397_1.WA01.58ED58EDD949A; KT8397_2.WA02.58ED58EDD949A; KT8397_3.WA03.58ED58EDD949A; KT8397_4.WA04.58ED58EDD949A; KT8397_5.WA05.58ED58EDD949A; KT8397_7.WA07.58ED58EDD949A; KT8397_8.WA08.58ED58EDD949A;     332  /t 1   ,2:10f5431de7e8f126150f46065253cafc; 2:ca0ec0590006b5323314444567e41ffc; 2:9b32ed934c4a9bc5f9422602e169153a; 2:a2de0fbc0ecace02034be090b3f54a9b; 2:e88a500245182d51bfae26dcf1d48d03; 2:6799ac44cb59734c44b9b3c06e79fecc; 2:e02d89250fdf8942e0aa012eb9d28ecf,00:00:00:00:100/1,00:02:09:96:100/1,Avid MediaFiles/MXF/AVID2.1 20170411/KT8397_1.WA01.58ED58EDD949A.mxf; Avid MediaFiles/MXF/AVID2.1 20170411/KT8397_2.WA02.58ED58EDD949A.mxf; Avid MediaFiles/MXF/AVID2.1 20170411/KT8397_3.WA03.58ED58EDD949A.mxf; Avid MediaFiles/MXF/AVID2.1 20170411/KT8397_4.WA04.58ED58EDD949A.mxf; Avid MediaFiles/MXF/AVID2.1 20170411/KT8397_5.WA05.58ED58EDD949A.mxf; Avid MediaFiles/MXF/AVID2.1 20170411/KT8397_7.WA07.58ED58EDD949A.mxf; Avid MediaFiles/MXF/AVID2.1 20170411/KT8397_8.WA08.58ED58EDD949A.mxf
342,KT8398_1.WA01.58ED58EDD954A; KT8398_2.WA02.58ED58EDD954A; KT8398_3.WA03.58ED58EDD955A; KT8398_4.WA04.58ED58EDD955A; KT8398_5.WA05.58ED58EDD955A; KT8398_7.WA07.58ED58EDD955A; KT8398_8.WA08.58ED58EDD955A;     332  /t 2   ,2:f31f30f7435f2645a2aa6533c42df160; 2:cca523614e6bf7704d629ed2eceb3352; 2:5af3527c278e8f238f28b973b53f771a; 2:2454503a6702f7cffc594a945bd50e4a; 2:5d6678d23e709d534b2edd17910785dd; 2:774abab99046dea4b72fff84a1546733; 2:efde80a134987ca5a4dde994322a5794,00:00:00:00:100/1,00:02:30:20:100/1,Avid MediaFiles/MXF/AVID2.1 20170411/KT8398_1.WA01.58ED58EDD954A.mxf; Avid MediaFiles/MXF/AVID2.1 20170411/KT8398_2.WA02.58ED58EDD954A.mxf; Avid MediaFiles/MXF/AVID2.1 20170411/KT8398_3.WA03.58ED58EDD955A.mxf; Avid MediaFiles/MXF/AVID2.1 20170411/KT8398_4.WA04.58ED58EDD955A.mxf; Avid MediaFiles/MXF/AVID2.1 20170411/KT8398_5.WA05.58ED58EDD955A.mxf; Avid MediaFiles/MXF/AVID2.1 20170411/KT8398_7.WA07.58ED58EDD955A.mxf; Avid MediaFiles/MXF/AVID2.1 20170411/KT8398_8.WA08.58ED58EDD955A.mxf
343,KT8400_1.WA01.58ED58EDD96DA; KT8400_2.WA02.58ED58EDD96DA; KT8400_3.WA03.58ED58EDD96EA; KT8400_4.WA04.58ED58EDD96EA; KT8400_5.WA05.58ED58EDD96EA; KT8400_7.WA07.58ED58EDD96EA; KT8400_8.WA08.58ED58EDD96EA;     332  /n 4   ,2:fa479152b920c129e3c5e41e7262e3f3; 2:f8b54e4413214aaa1c205cf43a0504e4; 2:a4b92abf4042dee89315ddad84fcd0c7; 2:117adae16d66397f4c5c1b0ac0ab6e7b; 2:5e2a9be72508d26e6dd646a2483b7ccb; 2:46057870b0592cec7d870fb3fa761785; 2:b3bf4d6f05d6eb8b62194f0d41d7ffab,00:00:00:00:100/1,00:00:29:92:100/1,Avid MediaFiles/MXF/AVID2.1 20170411/KT8400_1.WA01.58ED58EDD96DA.mxf; Avid MediaFiles/MXF/AVID2.1 20170411/KT8400_2.WA02.58ED58EDD96DA.mxf; Avid MediaFiles/MXF/AVID2.1 20170411/KT8400_3.WA03.58ED58EDD96EA.mxf; Avid MediaFiles/MXF/AVID2.1 20170411/KT8400_4.WA04.58ED58EDD96EA.mxf; Avid MediaFiles/MXF/AVID2.1 20170411/KT8400_5.WA05.58ED58EDD96EA.mxf; Avid MediaFiles/MXF/AVID2.1 20170411/KT8400_7.WA07.58ED58EDD96EA.mxf; Avid MediaFiles/MXF/AVID2.1 20170411/KT8400_8.WA08.58ED58EDD96EA.mxf
344,KT8401_1.WA01.58ED58EDD971A; KT8401_2.WA02.58ED58EDD971A; KT8401_3.WA03.58ED58EDD971A; KT8401_4.WA04.58ED58EDD971A; KT8401_5.WA05.58ED58EDD971A; KT8401_7.WA07.58ED58EDD971A; KT8401_8.WA08.58ED58EDD971A;     332  /t 4   ,2:dbeba9c86060c92501ea5ba5142f98b8; 2:baab756f5d5e920094ce697b4d10bb51; 2:1d1512932d7be9420b2712a2a9b36aa2; 2:23633a128648ab523be4d1aebb845bc8; 2:d50f47294dc73066d0d4b6680fb55573; 2:c7822b09ad0a1c8d6ef63b5d8b0c180f; 2:7ce368d8b5b7327d05d6d7c4d6b58f0e,00:00:00:00:100/1,00:02:11:00:100/1,Avid MediaFiles/MXF/AVID2.1 20170411/KT8401_1.WA01.58ED58EDD971A.mxf; Avid MediaFiles/MXF/AVID2.1 20170411/KT8401_2.WA02.58ED58EDD971A.mxf; Avid MediaFiles/MXF/AVID2.1 20170411/KT8401_3.WA03.58ED58EDD971A.mxf; Avid MediaFiles/MXF/AVID2.1 20170411/KT8401_4.WA04.58ED58EDD971A.mxf; Avid MediaFiles/MXF/AVID2.1 20170411/KT8401_5.WA05.58ED58EDD971A.mxf; Avid MediaFiles/MXF/AVID2.1 20170411/KT8401_7.WA07.58ED58EDD971A.mxf; Avid MediaFiles/MXF/AVID2.1 20170411/KT8401_8.WA08.58ED58EDD971A.mxf
345,KT8402_1.WA01.58ED58EDD97DA; KT8402_2.WA02.58ED58EDD97DA; KT8402_3.WA03.58ED58EDD97DA; KT8402_4.WA04.58ED58EDD97DA; KT8402_5.WA05.58ED58EDD97DA; KT8402_7.WA07.58ED58EDD97DA; KT8402_8.WA08.58ED58EDD97DA;     332  /t 5   ,2:41d3cc30b16203ddfeafc32d63df5ab8; 2:3a8b89fbe5c5f5e22d7887c2cf39c027; 2:8d83a58c38f461a3919663a472bc2c25; 2:18e9241d10a2ebf69de024b1919408c0; 2:1c3e67a1cd7ff81bac026bf00c6f3a72; 2:82c5e9e45855001da7053ba654311b56; 2:51179b6f1557d8d84d098b47fa33a6ec,00:00:00:00:100/1,00:02:03:84:100/1,Avid MediaFiles/MXF/AVID2.1 20170411/KT8402_1.WA01.58ED58EDD97DA.mxf; Avid MediaFiles/MXF/AVID2.1 20170411/KT8402_2.WA02.58ED58EDD97DA.mxf; Avid MediaFiles/MXF/AVID2.1 20170411/KT8402_3.WA03.58ED58EDD97DA.mxf; Avid MediaFiles/MXF/AVID2.1 20170411/KT8402_4.WA04.58ED58EDD97DA.mxf; Avid MediaFiles/MXF/AVID2.1 20170411/KT8402_5.WA05.58ED58EDD97DA.mxf; Avid MediaFiles/MXF/AVID2.1 20170411/KT8402_7.WA07.58ED58EDD97DA.mxf; Avid MediaFiles/MXF/AVID2.1 20170411/KT8402_8.WA08.58ED58EDD97DA.mxf
346,KT8399_1.WA01.58ED58EDD962A; KT8399_2.WA02.58ED58EDD962A; KT8399_3.WA03.58ED58EDD962A; KT8399_4.WA04.58ED58EDD962A; KT8399_5.WA05.58ED58EDD962A; KT8399_7.WA07.58ED58EDD962A; KT8399_8.WA08.58ED58EDD962A;     332  /t 3   ,2:1d779b28c26f97bf40d0345ce0df52a4; 2:6f6cb20b351ed140341b8773000bdb40; 2:4aa47d1b49413b49257367bb54be66ef; 2:d256b85c4391b8af12cd7cca79344078; 2:7573317aed6bf30f39d5c113db161b48; 2:181aea18bb85318ace9453dbd9ce6720; 2:32da7edaac1c0b5f99ae2912d0f7d43e,00:00:00:00:100/1,00:02:05:44:100/1,Avid MediaFiles/MXF/AVID2.1 20170411/KT8399_1.WA01.58ED58EDD962A.mxf; Avid MediaFiles/MXF/AVID2.1 20170411/KT8399_2.WA02.58ED58EDD962A.mxf; Avid MediaFiles/MXF/AVID2.1 20170411/KT8399_3.WA03.58ED58EDD962A.mxf; Avid MediaFiles/MXF/AVID2.1 20170411/KT8399_4.WA04.58ED58EDD962A.mxf; Avid MediaFiles/MXF/AVID2.1 20170411/KT8399_5.WA05.58ED58EDD962A.mxf; Avid MediaFiles/MXF/AVID2.1 20170411/KT8399_7.WA07.58ED58EDD962A.mxf; Avid MediaFiles/MXF/AVID2.1 20170411/KT8399_8.WA08.58ED58EDD962A.mxf
347,KT8403_1.WA01.58ED58EDD988A; KT8403_2.WA02.58ED58EDD988A; KT8403_3.WA03.58ED58EDD988A; KT8403_4.WA04.58ED58EDD988A; KT8403_5.WA05.58ED58EDD988A; KT8403_7.WA07.58ED58EDD988A; KT8403_8.WA08.58ED58EDD988A;     332A /t 1   ,2:d662ae26a55e2b7cce6d3e414f1eadad; 2:ad7577ad25d8682fe49944fe31661802; 2:e4d79bb780be96d46da34f390677f641; 2:e5950304a45241497c3482dbe8d5c312; 2:6bf3b21ece411dd6a5a9959f069a362a; 2:fbc0c0ca1683729c03bd5f891dc81075; 2:656074f772aefd838048d210c72376ca,00:00:00:00:100/1,00:01:57:80:100/1,Avid MediaFiles/MXF/AVID2.1 20170411/KT8403_1.WA01.58ED58EDD988A.mxf; Avid MediaFiles/MXF/AVID2.1 20170411/KT8403_2.WA02.58ED58EDD988A.mxf; Avid MediaFiles/MXF/AVID2.1 20170411/KT8403_3.WA03.58ED58EDD988A.mxf; Avid MediaFiles/MXF/AVID2.1 20170411/KT8403_4.WA04.58ED58EDD988A.mxf; Avid MediaFiles/MXF/AVID2.1 20170411/KT8403_5.WA05.58ED58EDD988A.mxf; Avid MediaFiles/MXF/AVID2.1 20170411/KT8403_7.WA07.58ED58EDD988A.mxf; Avid MediaFiles/MXF/AVID2.1 20170411/KT8403_8.WA08.58ED58EDD988A.mxf
348,KT8404_1.WA01.58ED58EDD993A; KT8404_2.WA02.58ED58EDD993A; KT8404_3.WA03.58ED58EDD993A; KT8404_4.WA04.58ED58EDD993A; KT8404_5.WA05.58ED58EDD993A; KT8404_7.WA07.58ED58EDD993A; KT8404_8.WA08.58ED58EDD993A;     332A /t 2   ,2:90e516b595ef5cc0224d457f806b5c53; 2:2d1ab741f4d2db62a536722ebbb154da; 2:13ce5d93a306ed7272b25a3664dd9c03; 2:f73dbeab7f5051a43d8642a37f4d0bc4; 2:610b21133a4d3853375fffac9bb43cac; 2:40b0ec753b94e78702fa8dd1a0768086; 2:eea845063746971166873543bbaab89c,00:00:00:00:100/1,00:01:39:04:100/1,Avid MediaFiles/MXF/AVID2.1 20170411/KT8404_1.WA01.58ED58EDD993A.mxf; Avid MediaFiles/MXF/AVID2.1 20170411/KT8404_2.WA02.58ED58EDD993A.mxf; Avid MediaFiles/MXF/AVID2.1 20170411/KT8404_3.WA03.58ED58EDD993A.mxf; Avid MediaFiles/MXF/AVID2.1 20170411/KT8404_4.WA04.58ED58EDD993A.mxf; Avid MediaFiles/MXF/AVID2.1 20170411/KT8404_5.WA05.58ED58EDD993A.mxf; Avid MediaFiles/MXF/AVID2.1 20170411/KT8404_7.WA07.58ED58EDD993A.mxf; Avid MediaFiles/MXF/AVID2.1 20170411/KT8404_8.WA08.58ED58EDD993A.mxf
349,KT8406_1.WA01.58ED58EDD9A0A; KT8406_2.WA02.58ED58EDD9A0A; KT8406_3.WA03.58ED58EDD9A0A; KT8406_4.WA04.58ED58EDD9A0A; KT8406_5.WA05.58ED58EDD9A0A; KT8406_7.WA07.58ED58EDD9A0A; KT8406_8.WA08.58ED58EDD9A0A;     332A /t 4   ,2:0cd0fa79fbc693ab85f5ad7dab93b62a; 2:14b9c384be2939e19ccc27d44e4ff2fb; 2:7c3a58b44b729ec34888c53ee073c4a9; 2:628b4b8b7b7a4e11a5024608a8afe149; 2:52fd4242a6d723ef0eb480dc48ec65ad; 2:071db823178df4e1902584bc15e89da8; 2:cbb8a710dbec2cbece93606ec84d5e93,00:00:00:00:100/1,00:00:44:44:100/1,Avid MediaFiles/MXF/AVID2.1 20170411/KT8406_1.WA01.58ED58EDD9A0A.mxf; Avid MediaFiles/MXF/AVID2.1 20170411/KT8406_2.WA02.58ED58EDD9A0A.mxf; Avid MediaFiles/MXF/AVID2.1 20170411/KT8406_3.WA03.58ED58EDD9A0A.mxf; Avid MediaFiles/MXF/AVID2.1 20170411/KT8406_4.WA04.58ED58EDD9A0A.mxf; Avid MediaFiles/MXF/AVID2.1 20170411/KT8406_5.WA05.58ED58EDD9A0A.mxf; Avid MediaFiles/MXF/AVID2.1 20170411/KT8406_7.WA07.58ED58EDD9A0A.mxf; Avid MediaFiles/MXF/AVID2.1 20170411/KT8406_8.WA08.58ED58EDD9A0A.mxf
350,KT8405_1.WA01.58ED58EDD99CA; KT8405_2.WA02.58ED58EDD99CA; KT8405_3.WA03.58ED58EDD99CA; KT8405_4.WA04.58ED58EDD99CA; KT8405_5.WA05.58ED58EDD99CA; KT8405_7.WA07.58ED58EDD99CA; KT8405_8.WA08.58ED58EDD99CA;     332A /t 3   ,2:df1e99af97b9e3784cd250d5943b05ce; 2:623fbd8a3ee4d5a1724883c495ad07f0; 2:e54c9cc044ee0ce80b294be010db2f77; 2:52abac14de583232706bc296456a135b; 2:a4fc55e3fa5bb83726da79fff9ea0511; 2:f1c761f15b3d02ca64599a802ed6c19c; 2:d28a5ef43af3ae5415f17a2239f63bde,00:00:00:00:100/1,00:00:43:96:100/1,Avid MediaFiles/MXF/AVID2.1 20170411/KT8405_1.WA01.58ED58EDD99CA.mxf; Avid MediaFiles/MXF/AVID2.1 20170411/KT8405_2.WA02.58ED58EDD99CA.mxf; Avid MediaFiles/MXF/AVID2.1 20170411/KT8405_3.WA03.58ED58EDD99CA.mxf; Avid MediaFiles/MXF/AVID2.1 20170411/KT8405_4.WA04.58ED58EDD99CA.mxf; Avid MediaFiles/MXF/AVID2.1 20170411/KT8405_5.WA05.58ED58EDD99CA.mxf; Avid MediaFiles/MXF/AVID2.1 20170411/KT8405_7.WA07.58ED58EDD99CA.mxf; Avid MediaFiles/MXF/AVID2.1 20170411/KT8405_8.WA08.58ED58EDD99CA.mxf
351,KT8407_1.WA01.58ED58EDD9A5A; KT8407_2.WA02.58ED58EDD9A5A; KT8407_3.WA03.58ED58EDD9A5A; KT8407_4.WA04.58ED58EDD9A5A; KT8407_5.WA05.58ED58EDD9A5A; KT8407_7.WA07.58ED58EDD9A5A; KT8407_8.WA08.58ED58EDD9A5A;     332B /t 1   ,2:dfeae40e426648252b4bb46e7a7cd771; 2:c394685c65f385ac98651ca1cdc5129c; 2:d9b6d6771ec1306506b93666d4f43199; 2:06fa23be9e9613245232577c1e6aad1e; 2:e725832948c113a9e7d4855ad69f7d48; 2:754d804a949ea8d44acdd9b4d5bada3d; 2:f1a8361293b2b2c7aba5d631ad1755a2,00:00:00:00:100/1,00:02:05:28:100/1,Avid MediaFiles/MXF/AVID2.1 20170411/KT8407_1.WA01.58ED58EDD9A5A.mxf; Avid MediaFiles/MXF/AVID2.1 20170411/KT8407_2.WA02.58ED58EDD9A5A.mxf; Avid MediaFiles/MXF/AVID2.1 20170411/KT8407_3.WA03.58ED58EDD9A5A.mxf; Avid MediaFiles/MXF/AVID2.1 20170411/KT8407_4.WA04.58ED58EDD9A5A.mxf; Avid MediaFiles/MXF/AVID2.1 20170411/KT8407_5.WA05.58ED58EDD9A5A.mxf; Avid MediaFiles/MXF/AVID2.1 20170411/KT8407_7.WA07.58ED58EDD9A5A.mxf; Avid MediaFiles/MXF/AVID2.1 20170411/KT8407_8.WA08.58ED58EDD9A5A.mxf
352,KT8408_1.WA01.58ED58EDD9B0A; KT8408_2.WA02.58ED58EDD9B0A; KT8408_3.WA03.58ED58EDD9B0A; KT8408_4.WA04.58ED58EDD9B0A; KT8408_5.WA05.58ED58EDD9B0A; KT8408_7.WA07.58ED58EDD9B0A; KT8408_8.WA08.58ED58EDD9B0A;     332B /t 2   ,2:6562d3f0a457d50ccc52ab541e132efa; 2:6a4f3bcfd592e5967349fd33f2fd716e; 2:584826a7d867c6b2081cbe3e7ecea203; 2:dc7f3768827584b11187979825b19d9d; 2:0fb2fe54714b4cf13a0aea62f6af5159; 2:b7a3e082e6e9d794a19ea633f8f6471b; 2:b586189d07e574fef07b13ba1b3e7a3a,00:00:00:00:100/1,00:01:15:04:100/1,Avid MediaFiles/MXF/AVID2.1 20170411/KT8408_1.WA01.58ED58EDD9B0A.mxf; Avid MediaFiles/MXF/AVID2.1 20170411/KT8408_2.WA02.58ED58EDD9B0A.mxf; Avid MediaFiles/MXF/AVID2.1 20170411/KT8408_3.WA03.58ED58EDD9B0A.mxf; Avid MediaFiles/MXF/AVID2.1 20170411/KT8408_4.WA04.58ED58EDD9B0A.mxf; Avid MediaFiles/MXF/AVID2.1 20170411/KT8408_5.WA05.58ED58EDD9B0A.mxf; Avid MediaFiles/MXF/AVID2.1 20170411/KT8408_7.WA07.58ED58EDD9B0A.mxf; Avid MediaFiles/MXF/AVID2.1 20170411/KT8408_8.WA08.58ED58EDD9B0A.mxf
353,KT8409_1.WA01.58ED58EDD9B7A; KT8409_2.WA02.58ED58EDD9B7A; KT8409_3.WA03.58ED58EDD9B7A; KT8409_4.WA04.58ED58EDD9B7A; KT8409_5.WA05.58ED58EDD9B7A; KT8409_7.WA07.58ED58EDD9B7A; KT8409_8.WA08.58ED58EDD9B8A;     332B /t 3   ,2:a931045c0fdbd9d35da828d1edad2181; 2:7224efe9823d23b955fca81b68303b96; 2:42ff930f8a94b1394b464ab1d089462a; 2:5e45c2c7c9a06435d22d8443851a9ba2; 2:f9e99ff06a6bd9b61711731f589bcf85; 2:eec8d39321b418fcfc7e0d9873393df2; 2:fcb1470240dfaf619ee6faed03a5e072,00:00:00:00:100/1,00:02:12:08:100/1,Avid MediaFiles/MXF/AVID2.1 20170411/KT8409_1.WA01.58ED58EDD9B7A.mxf; Avid MediaFiles/MXF/AVID2.1 20170411/KT8409_2.WA02.58ED58EDD9B7A.mxf; Avid MediaFiles/MXF/AVID2.1 20170411/KT8409_3.WA03.58ED58EDD9B7A.mxf; Avid MediaFiles/MXF/AVID2.1 20170411/KT8409_4.WA04.58ED58EDD9B7A.mxf; Avid MediaFiles/MXF/AVID2.1 20170411/KT8409_5.WA05.58ED58EDD9B7A.mxf; Avid MediaFiles/MXF/AVID2.1 20170411/KT8409_7.WA07.58ED58EDD9B7A.mxf; Avid MediaFiles/MXF/AVID2.1 20170411/KT8409_8.WA08.58ED58EDD9B8A.mxf
354,KT8410_1.WA01.58ED58EDD9C3A; KT8410_2.WA02.58ED58EDD9C3A; KT8410_3.WA03.58ED58EDD9C3A; KT8410_4.WA04.58ED58EDD9C3A; KT8410_5.WA05.58ED58EDD9C3A; KT8410_7.WA07.58ED58EDD9C4A; KT8410_8.WA08.58ED58EDD9C4A;     332B /t 4   ,2:796c6f33665d742a4b19f2a4257e3983; 2:8b070ac766151a33929a86adf552c370; 2:f40d2d4ef41a727fd639531010fba335; 2:2eac7e8fac6a620a238c11e1e962fa3c; 2:0c94883e042a49b25308b49357131d66; 2:eeb9f0490b3a8f830fad98b3f9edddbd; 2:3e57fff1e7e4650e2824b9fa4fbaaebd,00:00:00:00:100/1,00:02:19:24:100/1,Avid MediaFiles/MXF/AVID2.1 20170411/KT8410_1.WA01.58ED58EDD9C3A.mxf; Avid MediaFiles/MXF/AVID2.1 20170411/KT8410_2.WA02.58ED58EDD9C3A.mxf; Avid MediaFiles/MXF/AVID2.1 20170411/KT8410_3.WA03.58ED58EDD9C3A.mxf; Avid MediaFiles/MXF/AVID2.1 20170411/KT8410_4.WA04.58ED58EDD9C3A.mxf; Avid MediaFiles/MXF/AVID2.1 20170411/KT8410_5.WA05.58ED58EDD9C3A.mxf; Avid MediaFiles/MXF/AVID2.1 20170411/KT8410_7.WA07.58ED58EDD9C4A.mxf; Avid MediaFiles/MXF/AVID2.1 20170411/KT8410_8.WA08.58ED58EDD9C4A.mxf
355,KT8411_1.WA01.58ED58EDD9D0A; KT8411_2.WA02.58ED58EDD9D0A; KT8411_3.WA03.58ED58EDD9D0A; KT8411_4.WA04.58ED58EDD9D0A; KT8411_5.WA05.58ED58EDD9D0A; KT8411_7.WA07.58ED58EDD9D0A; KT8411_8.WA08.58ED58EDD9D0A;     332B /t 5   ,2:f8170b4205d42d851e48fcde2885b45f; 2:30e2aa521f1de401a351448073c1658b; 2:b61536568991ab7c93ce8a12cd20b975; 2:4d641956d16077e1081573e89d55a705; 2:aa0fbd509a04d3d7530581b8a4159d65; 2:68f5bb14a5d0913471834bb235c3d987; 2:efa4ab151f758eddc2b678712367a97f,00:00:00:00:100/1,00:02:22:04:100/1,Avid MediaFiles/MXF/AVID2.1 20170411/KT8411_1.WA01.58ED58EDD9D0A.mxf; Avid MediaFiles/MXF/AVID2.1 20170411/KT8411_2.WA02.58ED58EDD9D0A.mxf; Avid MediaFiles/MXF/AVID2.1 20170411/KT8411_3.WA03.58ED58EDD9D0A.mxf; Avid MediaFiles/MXF/AVID2.1 20170411/KT8411_4.WA04.58ED58EDD9D0A.mxf; Avid MediaFiles/MXF/AVID2.1 20170411/KT8411_5.WA05.58ED58EDD9D0A.mxf; Avid MediaFiles/MXF/AVID2.1 20170411/KT8411_7.WA07.58ED58EDD9D0A.mxf; Avid MediaFiles/MXF/AVID2.1 20170411/KT8411_8.WA08.58ED58EDD9D0A.mxf
356,KT8412_1.WA01.58ED58EDD9DDA; KT8412_2.WA02.58ED58EDD9DDA; KT8412_3.WA03.58ED58EDD9DDA; KT8412_4.WA04.58ED58EDD9DDA; KT8412_5.WA05.58ED58EDD9DDA; KT8412_7.WA07.58ED58EDD9DDA; KT8412_8.WA08.58ED58EDD9DDA;     332C /t 1   ,2:596809825c8b043ec7767df56c1d9854; 2:2570a5d87a635f53a03e978e3f9ac52e; 2:2200b3d051d2b102faed4ba1d65872a5; 2:af2d28421e5c29b865a62326f822983c; 2:ccfff7f20ddab7be2ba6bc3292f070bf; 2:46021e4aeab8c84472ab6d5b7b460ac4; 2:938a6676d2084cc166a029cf362f9249,00:00:00:00:100/1,00:02:39:52:100/1,Avid MediaFiles/MXF/AVID2.1 20170411/KT8412_1.WA01.58ED58EDD9DDA.mxf; Avid MediaFiles/MXF/AVID2.1 20170411/KT8412_2.WA02.58ED58EDD9DDA.mxf; Avid MediaFiles/MXF/AVID2.1 20170411/KT8412_3.WA03.58ED58EDD9DDA.mxf; Avid MediaFiles/MXF/AVID2.1 20170411/KT8412_4.WA04.58ED58EDD9DDA.mxf; Avid MediaFiles/MXF/AVID2.1 20170411/KT8412_5.WA05.58ED58EDD9DDA.mxf; Avid MediaFiles/MXF/AVID2.1 20170411/KT8412_7.WA07.58ED58EDD9DDA.mxf; Avid MediaFiles/MXF/AVID2.1 20170411/KT8412_8.WA08.58ED58EDD9DDA.mxf
357,KT8414_1.WA01.58ED58EDD9F8A; KT8414_2.WA02.58ED58EDD9F9A; KT8414_3.WA03.58ED58EDD9F9A; KT8414_4.WA04.58ED58EDD9F9A; KT8414_7.WA07.58ED58EDD9F9A; KT8414_8.WA08.58ED58EDD9F9A;     346  /t 1   ,2:42869abcb13e5221052f2a7e6e873bb0; 2:d5fc9df3dd1b19359daf80984f16f46b; 2:679fdf98bed5a0c5562c2ff963637c23; 2:4e3d1f783b5a9f9716217f2b794aa56c; 2:1c582693417761c7e92c2729105a8146; 2:ee903e09f515fade7101a32feed17074,00:00:00:00:100/1,00:01:26:92:100/1,Avid MediaFiles/MXF/AVID2.1 20170411/KT8414_1.WA01.58ED58EDD9F8A.mxf; Avid MediaFiles/MXF/AVID2.1 20170411/KT8414_2.WA02.58ED58EDD9F9A.mxf; Avid MediaFiles/MXF/AVID2.1 20170411/KT8414_3.WA03.58ED58EDD9F9A.mxf; Avid MediaFiles/MXF/AVID2.1 20170411/KT8414_4.WA04.58ED58EDD9F9A.mxf; Avid MediaFiles/MXF/AVID2.1 20170411/KT8414_7.WA07.58ED58EDD9F9A.mxf; Avid MediaFiles/MXF/AVID2.1 20170411/KT8414_8.WA08.58ED58EDD9F9A.mxf
358,KT8413_1.WA01.58ED58EDD9EBA; KT8413_2.WA02.58ED58EDD9EBA; KT8413_3.WA03.58ED58EDD9EBA; KT8413_4.WA04.58ED58EDD9EBA; KT8413_5.WA05.58ED58EDD9EBA; KT8413_7.WA07.58ED58EDD9ECA; KT8413_8.WA08.58ED58EDD9ECA;     332C /t 2   ,2:d04046968f348df34020d7abff37926e; 2:fa6fc57e60c66ddeac0a2549c6bfc3f9; 2:72b13fe404ac5834908084fc0c5fa7b2; 2:368ddd9aeb1bc6a889317643ad4fa58a; 2:63959e51a89dc1fd9050c1a0b924fd7d; 2:56f8b8a7d356b2d6ce82c655c681b504; 2:0e71ee7c78b79c619b431722655d0d03,00:00:00:00:100/1,00:02:24:28:100/1,Avid MediaFiles/MXF/AVID2.1 20170411/KT8413_1.WA01.58ED58EDD9EBA.mxf; Avid MediaFiles/MXF/AVID2.1 20170411/KT8413_2.WA02.58ED58EDD9EBA.mxf; Avid MediaFiles/MXF/AVID2.1 20170411/KT8413_3.WA03.58ED58EDD9EBA.mxf; Avid MediaFiles/MXF/AVID2.1 20170411/KT8413_4.WA04.58ED58EDD9EBA.mxf; Avid MediaFiles/MXF/AVID2.1 20170411/KT8413_5.WA05.58ED58EDD9EBA.mxf; Avid MediaFiles/MXF/AVID2.1 20170411/KT8413_7.WA07.58ED58EDD9ECA.mxf; Avid MediaFiles/MXF/AVID2.1 20170411/KT8413_8.WA08.58ED58EDD9ECA.mxf
359,KT8415_1.WA01.58ED58EDD9FFA; KT8415_2.WA02.58ED58EDDA00A; KT8415_3.WA03.58ED58EDDA00A; KT8415_4.WA04.58ED58EDDA00A; KT8415_7.WA07.58ED58EDDA00A; KT8415_8.WA08.58ED58EDDA00A;     346  /t 2   ,2:0d797343b005afff51278659694d45b0; 2:ea4cafaa1e2b194608c826f5c2e4d0de; 2:82f9efba6a13451f89d93b35e46d35f9; 2:67a944313d36ce0d6b4a5ac2387a2512; 2:69428605a7ce3d6e63b0201ccec19898; 2:d5a710cd8ab33b83f69117175a3f14c5,00:00:00:00:100/1,00:01:31:56:100/1,Avid MediaFiles/MXF/AVID2.1 20170411/KT8415_1.WA01.58ED58EDD9FFA.mxf; Avid MediaFiles/MXF/AVID2.1 20170411/KT8415_2.WA02.58ED58EDDA00A.mxf; Avid MediaFiles/MXF/AVID2.1 20170411/KT8415_3.WA03.58ED58EDDA00A.mxf; Avid MediaFiles/MXF/AVID2.1 20170411/KT8415_4.WA04.58ED58EDDA00A.mxf; Avid MediaFiles/MXF/AVID2.1 20170411/KT8415_7.WA07.58ED58EDDA00A.mxf; Avid MediaFiles/MXF/AVID2.1 20170411/KT8415_8.WA08.58ED58EDDA00A.mxf
360,KT8416_1.WA01.58ED58EDDA07A; KT8416_2.WA02.58ED58EDDA07A; KT8416_3.WA03.58ED58EDDA07A; KT8416_4.WA04.58ED58EDDA07A; KT8416_7.WA07.58ED58EDDA07A; KT8416_8.WA08.58ED58EDDA07A;     346  /t 3   ,2:462cfca810ba71ab82a6553d4e324a95; 2:7e6712ad82a3d701c9ace39543b28f46; 2:52ba5d901325b24a167fae94c36b8a31; 2:3e5b641392fe0161ab5bfe0953bc3cd2; 2:8465f7405091e109dc9a1ed9498d87e2; 2:36b8e11440c8a5ef4aac5b1b9aeac584,00:00:00:00:100/1,00:01:27:32:100/1,Avid MediaFiles/MXF/AVID2.1 20170411/KT8416_1.WA01.58ED58EDDA07A.mxf; Avid MediaFiles/MXF/AVID2.1 20170411/KT8416_2.WA02.58ED58EDDA07A.mxf; Avid MediaFiles/MXF/AVID2.1 20170411/KT8416_3.WA03.58ED58EDDA07A.mxf; Avid MediaFiles/MXF/AVID2.1 20170411/KT8416_4.WA04.58ED58EDDA07A.mxf; Avid MediaFiles/MXF/AVID2.1 20170411/KT8416_7.WA07.58ED58EDDA07A.mxf; Avid MediaFiles/MXF/AVID2.1 20170411/KT8416_8.WA08.58ED58EDDA07A.mxf
361,KT8417_1.WA01.58ED58EDDA0EA; KT8417_2.WA02.58ED58EDDA0EA; KT8417_3.WA03.58ED58EDDA0EA; KT8417_4.WA04.58ED58EDDA0EA; KT8417_7.WA07.58ED58EDDA0EA; KT8417_8.WA08.58ED58EDDA0EA;     346  /t 4   ,2:7791322bda5e264ce41c8c34545c1d9f; 2:b13c2904d170a6756d26e186ff8cb727; 2:5b258ce329ac6bb634adfde8f1def0c2; 2:4d043678be667c160fb6aac13ed59ff4; 2:96fc43b72ebed6a6331dc558673acf3d; 2:d2f7ae71e3ddc0a63c6322234b5ed39d,00:00:00:00:100/1,00:01:28:28:100/1,Avid MediaFiles/MXF/AVID2.1 20170411/KT8417_1.WA01.58ED58EDDA0EA.mxf; Avid MediaFiles/MXF/AVID2.1 20170411/KT8417_2.WA02.58ED58EDDA0EA.mxf; Avid MediaFiles/MXF/AVID2.1 20170411/KT8417_3.WA03.58ED58EDDA0EA.mxf; Avid MediaFiles/MXF/AVID2.1 20170411/KT8417_4.WA04.58ED58EDDA0EA.mxf; Avid MediaFiles/MXF/AVID2.1 20170411/KT8417_7.WA07.58ED58EDDA0EA.mxf; Avid MediaFiles/MXF/AVID2.1 20170411/KT8417_8.WA08.58ED58EDDA0EA.mxf
362,KT8418_1.WA01.58ED58EDDA15A; KT8418_2.WA02.58ED58EDDA15A; KT8418_3.WA03.58ED58EDDA15A; KT8418_4.WA04.58ED58EDDA15A; KT8418_7.WA07.58ED58EDDA15A; KT8418_8.WA08.58ED58EDDA15A;     346  /t 5   ,2:ce41d3831b5ebd4ad1f5bc7ae1edbf5a; 2:5a9424f7e205b84512367aea5643a3f3; 2:0cc476ac06415de3155958fae50159d7; 2:1029ee50adb2246ac1d3b0adbad06e99; 2:364d8d8bb8ef6e167b66bc9a388418ce; 2:76df0d9e40e6510021306857051f571a,00:00:00:00:100/1,00:01:27:84:100/1,Avid MediaFiles/MXF/AVID2.1 20170411/KT8418_1.WA01.58ED58EDDA15A.mxf; Avid MediaFiles/MXF/AVID2.1 20170411/KT8418_2.WA02.58ED58EDDA15A.mxf; Avid MediaFiles/MXF/AVID2.1 20170411/KT8418_3.WA03.58ED58EDDA15A.mxf; Avid MediaFiles/MXF/AVID2.1 20170411/KT8418_4.WA04.58ED58EDDA15A.mxf; Avid MediaFiles/MXF/AVID2.1 20170411/KT8418_7.WA07.58ED58EDDA15A.mxf; Avid MediaFiles/MXF/AVID2.1 20170411/KT8418_8.WA08.58ED58EDDA15A.mxf
363,KT8419_1.WA01.58ED58EDDA1CA; KT8419_2.WA02.58ED58EDDA1CA; KT8419_3.WA03.58ED58EDDA1CA; KT8419_4.WA04.58ED58EDDA1CA; KT8419_7.WA07.58ED58EDDA1CA; KT8419_8.WA08.58ED58EDDA1CA;     346A /t 1   ,2:22df2da88753ad9c5413a85f1d38087d; 2:db4fdfccc2a1c735fc425b5243c9b0ec; 2:ef8e7f96c4e818e0876e86380f060530; 2:a0abb319b0eeb741c4af17bf8ee41563; 2:0652b70ba21f3185f0a2e2153e11c2d3; 2:d51aa4138a27aec29d3abf296f66d743,00:00:00:00:100/1,00:01:42:64:100/1,Avid MediaFiles/MXF/AVID2.1 20170411/KT8419_1.WA01.58ED58EDDA1CA.mxf; Avid MediaFiles/MXF/AVID2.1 20170411/KT8419_2.WA02.58ED58EDDA1CA.mxf; Avid MediaFiles/MXF/AVID2.1 20170411/KT8419_3.WA03.58ED58EDDA1CA.mxf; Avid MediaFiles/MXF/AVID2.1 20170411/KT8419_4.WA04.58ED58EDDA1CA.mxf; Avid MediaFiles/MXF/AVID2.1 20170411/KT8419_7.WA07.58ED58EDDA1CA.mxf; Avid MediaFiles/MXF/AVID2.1 20170411/KT8419_8.WA08.58ED58EDDA1CA.mxf
364,KT8420_1.WA01.58ED58EDDA24A; KT8420_2.WA02.58ED58EDDA24A; KT8420_3.WA03.58ED58EDDA24A; KT8420_4.WA04.58ED58EDDA24A; KT8420_7.WA07.58ED58EDDA24A; KT8420_8.WA08.58ED58EDDA24A;     346A /t 2   ,2:b75be430fad65d6648b7444501377fc3; 2:78fadee9978bfda88acea1b8fdd24e7c; 2:cc203ab5af24d24021e18b1e37fb49f3; 2:46e1667dcdacb2dddd49bb920520a84f; 2:ac692055b835df54e156ee65e2f5912f; 2:60affcc8066e90122cbc99138df6710f,00:00:00:00:100/1,00:01:36:76:100/1,Avid MediaFiles/MXF/AVID2.1 20170411/KT8420_1.WA01.58ED58EDDA24A.mxf; Avid MediaFiles/MXF/AVID2.1 20170411/KT8420_2.WA02.58ED58EDDA24A.mxf; Avid MediaFiles/MXF/AVID2.1 20170411/KT8420_3.WA03.58ED58EDDA24A.mxf; Avid MediaFiles/MXF/AVID2.1 20170411/KT8420_4.WA04.58ED58EDDA24A.mxf; Avid MediaFiles/MXF/AVID2.1 20170411/KT8420_7.WA07.58ED58EDDA24A.mxf; Avid MediaFiles/MXF/AVID2.1 20170411/KT8420_8.WA08.58ED58EDDA24A.mxf
365,KT8421_1.WA01.58ED58EDDA2CA; KT8421_2.WA02.58ED58EDDA2CA; KT8421_3.WA03.58ED58EDDA2CA; KT8421_4.WA04.58ED58EDDA2CA; KT8421_7.WA07.58ED58EDDA2CA; KT8421_8.WA08.58ED58EDDA2CA;     346B /t 1   ,2:3c0d109a2fb7d4b74c963b70bfc77c1a; 2:e8a4314a3c2606fceafa9e9b667f9a3b; 2:a565af3c9c83419f96d038ffffa611cc; 2:be759ee1bf1e638d6983a9178c4fa6a8; 2:a5290913d44e1cf1cae4273f97880a61; 2:9e46009efdc36eecfeeeeb0ea3494dbf,00:00:00:00:100/1,00:01:41:60:100/1,Avid MediaFiles/MXF/AVID2.1 20170411/KT8421_1.WA01.58ED58EDDA2CA.mxf; Avid MediaFiles/MXF/AVID2.1 20170411/KT8421_2.WA02.58ED58EDDA2CA.mxf; Avid MediaFiles/MXF/AVID2.1 20170411/KT8421_3.WA03.58ED58EDDA2CA.mxf; Avid MediaFiles/MXF/AVID2.1 20170411/KT8421_4.WA04.58ED58EDDA2CA.mxf; Avid MediaFiles/MXF/AVID2.1 20170411/KT8421_7.WA07.58ED58EDDA2CA.mxf; Avid MediaFiles/MXF/AVID2.1 20170411/KT8421_8.WA08.58ED58EDDA2CA.mxf
366,KT8422_1.WA01.58ED58EDDA34A; KT8422_2.WA02.58ED58EDDA34A; KT8422_3.WA03.58ED58EDDA34A; KT8422_4.WA04.58ED58EDDA34A; KT8422_7.WA07.58ED58EDDA34A; KT8422_8.WA08.58ED58EDDA34A;     346B /t 2   ,2:9ab7d611a12863d88f16f132efb886d1; 2:75c447927cbc87289fc3f4ad3f415b87; 2:8e655b555f9e40e42dda554d6394105f; 2:e27aeb119d9c263826079ea7c97fe676; 2:4e222305d816442b63665d829be64893; 2:ec5d7cd1dd41e4ce65cee35e806a0b6f,00:00:00:00:100/1,00:01:10:52:100/1,Avid MediaFiles/MXF/AVID2.1 20170411/KT8422_1.WA01.58ED58EDDA34A.mxf; Avid MediaFiles/MXF/AVID2.1 20170411/KT8422_2.WA02.58ED58EDDA34A.mxf; Avid MediaFiles/MXF/AVID2.1 20170411/KT8422_3.WA03.58ED58EDDA34A.mxf; Avid MediaFiles/MXF/AVID2.1 20170411/KT8422_4.WA04.58ED58EDDA34A.mxf; Avid MediaFiles/MXF/AVID2.1 20170411/KT8422_7.WA07.58ED58EDDA34A.mxf; Avid MediaFiles/MXF/AVID2.1 20170411/KT8422_8.WA08.58ED58EDDA34A.mxf
367,KT8423_1.WA01.58ED58EDDA3AA; KT8423_2.WA02.58ED58EDDA3AA; KT8423_3.WA03.58ED58EDDA3AA; KT8423_7.WA07.58ED58EDDA3AA; KT8423_8.WA08.58ED58EDDA3AA;     346C /n 1   ,2:1f5b909968400ee0a8285425d3f80840; 2:ff0313ef5d442c23173c3588882a5ec8; 2:ad4d17663240775ea41a9d50e8948e15; 2:f9a3367d66cc1b84bfc6136c3b836613; 2:50bc2689d633e0ec5dfdf8461262733f,00:00:00:00:100/1,00:00:21:24:100/1,Avid MediaFiles/MXF/AVID2.1 20170411/KT8423_1.WA01.58ED58EDDA3AA.mxf; Avid MediaFiles/MXF/AVID2.1 20170411/KT8423_2.WA02.58ED58EDDA3AA.mxf; Avid MediaFiles/MXF/AVID2.1 20170411/KT8423_3.WA03.58ED58EDDA3AA.mxf; Avid MediaFiles/MXF/AVID2.1 20170411/KT8423_7.WA07.58ED58EDDA3AA.mxf; Avid MediaFiles/MXF/AVID2.1 20170411/KT8423_8.WA08.58ED58EDDA3AA.mxf
368,KT8424_1.WA01.58ED58EDDA3CA; KT8424_2.WA02.58ED58EDDA3CA; KT8424_3.WA03.58ED58EDDA3CA; KT8424_7.WA07.58ED58EDDA3CA; KT8424_8.WA08.58ED58EDDA3CA;     346C /t 1   ,2:b641acd1169e641b1ad021188accad21; 2:e16f8e4fc15f5644e4772ac609219eda; 2:e948fab97201f7a9141d8e09e19fe05e; 2:cfc3a8a75af6fb200f78706fc2ddc0bf; 2:5131f0e9351fe14be83f85046c85362a,00:00:00:00:100/1,00:01:16:72:100/1,Avid MediaFiles/MXF/AVID2.1 20170411/KT8424_1.WA01.58ED58EDDA3CA.mxf; Avid MediaFiles/MXF/AVID2.1 20170411/KT8424_2.WA02.58ED58EDDA3CA.mxf; Avid MediaFiles/MXF/AVID2.1 20170411/KT8424_3.WA03.58ED58EDDA3CA.mxf; Avid MediaFiles/MXF/AVID2.1 20170411/KT8424_7.WA07.58ED58EDDA3CA.mxf; Avid MediaFiles/MXF/AVID2.1 20170411/KT8424_8.WA08.58ED58EDDA3CA.mxf
369,KT8425_1.WA01.58ED58EDDA41A; KT8425_2.WA02.58ED58EDDA41A; KT8425_3.WA03.58ED58EDDA41A; KT8425_7.WA07.58ED58EDDA41A; KT8425_8.WA08.58ED58EDDA41A;     346C /t 2   ,2:e127a3063f4b9cee01e2e138c39843a2; 2:e1b920d0a9f0ab1e608ff5e02c61803c; 2:96600531987b7693c0646e4bc1dac24c; 2:e27662047a94917b74581533ae18cf4c; 2:8a7d9969f886fcf1ec77aaae6d779454,00:00:00:00:100/1,00:01:39:04:100/1,Avid MediaFiles/MXF/AVID2.1 20170411/KT8425_1.WA01.58ED58EDDA41A.mxf; Avid MediaFiles/MXF/AVID2.1 20170411/KT8425_2.WA02.58ED58EDDA41A.mxf; Avid MediaFiles/MXF/AVID2.1 20170411/KT8425_3.WA03.58ED58EDDA41A.mxf; Avid MediaFiles/MXF/AVID2.1 20170411/KT8425_7.WA07.58ED58EDDA41A.mxf; Avid MediaFiles/MXF/AVID2.1 20170411/KT8425_8.WA08.58ED58EDDA41A.mxf
370,KT8426_1.WA01.58ED58EDDA48A; KT8426_2.WA02.58ED58EDDA48A; KT8426_3.WA03.58ED58EDDA48A; KT8426_7.WA07.58ED58EDDA48A; KT8426_8.WA08.58ED58EDDA48A;     346D /t 1   ,2:848404d0073f9623457264a066cf500f; 2:aa7b8ec7b9f0e57619f4edfe7d64783e; 2:39068def713a988a25fc292f6fe4c51a; 2:86cc53eccfb736040e5b9e90739ff17f; 2:ca479d08e7d22c05bdc26668efd9686f,00:00:00:00:100/1,00:01:39:92:100/1,Avid MediaFiles/MXF/AVID2.1 20170411/KT8426_1.WA01.58ED58EDDA48A.mxf; Avid MediaFiles/MXF/AVID2.1 20170411/KT8426_2.WA02.58ED58EDDA48A.mxf; Avid MediaFiles/MXF/AVID2.1 20170411/KT8426_3.WA03.58ED58EDDA48A.mxf; Avid MediaFiles/MXF/AVID2.1 20170411/KT8426_7.WA07.58ED58EDDA48A.mxf; Avid MediaFiles/MXF/AVID2.1 20170411/KT8426_8.WA08.58ED58EDDA48A.mxf
371,KT8427_1.WA01.58ED58EDDA4EA; KT8427_2.WA02.58ED58EDDA4EA; KT8427_3.WA03.58ED58EDDA4EA; KT8427_7.WA07.58ED58EDDA4EA; KT8427_8.WA08.58ED58EDDA4EA;     330  /t 1   ,2:9cf1d096f7f9fbbe92e5ceb280f24e18; 2:22df649eedf677c61af47174b7eaeb80; 2:fba69ef7d6bd73741e3aac0e5d29f47c; 2:428f6dfbaec82abffa4b7c5f8cc7fb50; 2:df9cc820afd7333b3cb1dcb5f901b90d,00:00:00:00:100/1,00:00:35:48:100/1,Avid MediaFiles/MXF/AVID2.1 20170411/KT8427_1.WA01.58ED58EDDA4EA.mxf; Avid MediaFiles/MXF/AVID2.1 20170411/KT8427_2.WA02.58ED58EDDA4EA.mxf; Avid MediaFiles/MXF/AVID2.1 20170411/KT8427_3.WA03.58ED58EDDA4EA.mxf; Avid MediaFiles/MXF/AVID2.1 20170411/KT8427_7.WA07.58ED58EDDA4EA.mxf; Avid MediaFiles/MXF/AVID2.1 20170411/KT8427_8.WA08.58ED58EDDA4EA.mxf
372,KT8428_1.WA01.58ED58EDDA51A; KT8428_2.WA02.58ED58EDDA51A; KT8428_3.WA03.58ED58EDDA51A; KT8428_7.WA07.58ED58EDDA51A; KT8428_8.WA08.58ED58EDDA51A;     330  /t 2   ,2:45850f68e80056372679336af4ff217d; 2:fb9cbba02133ab0a6075d9be55d3ff6e; 2:b2d3932e2a81244552c8108e5d2727a6; 2:8d14d9a0edafac0dce5c6fd9281bcd5f; 2:17ed5adb47319bd899d91e981b90923f,00:00:00:00:100/1,00:01:21:16:100/1,Avid MediaFiles/MXF/AVID2.1 20170411/KT8428_1.WA01.58ED58EDDA51A.mxf; Avid MediaFiles/MXF/AVID2.1 20170411/KT8428_2.WA02.58ED58EDDA51A.mxf; Avid MediaFiles/MXF/AVID2.1 20170411/KT8428_3.WA03.58ED58EDDA51A.mxf; Avid MediaFiles/MXF/AVID2.1 20170411/KT8428_7.WA07.58ED58EDDA51A.mxf; Avid MediaFiles/MXF/AVID2.1 20170411/KT8428_8.WA08.58ED58EDDA51A.mxf
373,KT8429_1.WA01.58ED58EDDA56A; KT8429_2.WA02.58ED58EDDA56A; KT8429_3.WA03.58ED58EDDA56A; KT8429_7.WA07.58ED58EDDA57A; KT8429_8.WA08.58ED58EDDA57A;     330  /t 3   ,2:233c80d4b8aa4aa7e27f4409cce39379; 2:200c2322bac23d8ce5e1e169d699c128; 2:946656952d13ad9ea7814271da34274e; 2:9d1bb704e63c485bc303eaede2a9a1cf; 2:81171c9a2cfda044b604c43a975225fb,00:00:00:00:100/1,00:01:06:72:100/1,Avid MediaFiles/MXF/AVID2.1 20170411/KT8429_1.WA01.58ED58EDDA56A.mxf; Avid MediaFiles/MXF/AVID2.1 20170411/KT8429_2.WA02.58ED58EDDA56A.mxf; Avid MediaFiles/MXF/AVID2.1 20170411/KT8429_3.WA03.58ED58EDDA56A.mxf; Avid MediaFiles/MXF/AVID2.1 20170411/KT8429_7.WA07.58ED58EDDA57A.mxf; Avid MediaFiles/MXF/AVID2.1 20170411/KT8429_8.WA08.58ED58EDDA57A.mxf
374,KT8430_1.WA01.58ED58EDDA5BA; KT8430_2.WA02.58ED58EDDA5BA; KT8430_3.WA03.58ED58EDDA5BA; KT8430_7.WA07.58ED58EDDA5BA; KT8430_8.WA08.58ED58EDDA5BA;     330  /t 4   ,2:2482ddf7ff770b37abd1ef8627564a7e; 2:349bda962801c02cbc143d8c579abecc; 2:8cb9a50792846ac8af2cd98f4f907f44; 2:1f63f3ad40e3c46242f52b3fe59d474f; 2:baba2e27050a5ecc39ecdce8f9b54af1,00:00:00:00:100/1,00:01:17:56:100/1,Avid MediaFiles/MXF/AVID2.1 20170411/KT8430_1.WA01.58ED58EDDA5BA.mxf; Avid MediaFiles/MXF/AVID2.1 20170411/KT8430_2.WA02.58ED58EDDA5BA.mxf; Avid MediaFiles/MXF/AVID2.1 20170411/KT8430_3.WA03.58ED58EDDA5BA.mxf; Avid MediaFiles/MXF/AVID2.1 20170411/KT8430_7.WA07.58ED58EDDA5BA.mxf; Avid MediaFiles/MXF/AVID2.1 20170411/KT8430_8.WA08.58ED58EDDA5BA.mxf
375,KT8431_1.WA01.58ED58EDDA60A; KT8431_2.WA02.58ED58EDDA60A; KT8431_3.WA03.58ED58EDDA60A; KT8431_7.WA07.58ED58EDDA60A; KT8431_8.WA08.58ED58EDDA60A;     330A /t 1   ,2:32f295737244e6301d5f69d912e65013; 2:39258f264a580dbadbb9bb7130be4764; 2:f03faff4e001fe1addb674f847db6ac8; 2:eafee0055a6b05548bb7bd4904956dd9; 2:2b918050ff95ccca081974abc69af891,00:00:00:00:100/1,00:01:17:08:100/1,Avid MediaFiles/MXF/AVID2.1 20170411/KT8431_1.WA01.58ED58EDDA60A.mxf; Avid MediaFiles/MXF/AVID2.1 20170411/KT8431_2.WA02.58ED58EDDA60A.mxf; Avid MediaFiles/MXF/AVID2.1 20170411/KT8431_3.WA03.58ED58EDDA60A.mxf; Avid MediaFiles/MXF/AVID2.1 20170411/KT8431_7.WA07.58ED58EDDA60A.mxf; Avid MediaFiles/MXF/AVID2.1 20170411/KT8431_8.WA08.58ED58EDDA60A.mxf
376,KT8432_1.WA01.58ED58EDDA66A; KT8432_2.WA02.58ED58EDDA66A; KT8432_3.WA03.58ED58EDDA66A; KT8432_7.WA07.58ED58EDDA66A; KT8432_8.WA08.58ED58EDDA66A;     330B /t 1   ,2:30ef1315dfb3533369b2e18c2188d880; 2:582ec03590b69cfd3d943121f3aee46e; 2:7a81cf875f206a78ea4049de9ec4f995; 2:01d43db59b83b46e320ab69d70b312fe; 2:6d94fae856706e9df12f07ef09a79908,00:00:00:00:100/1,00:01:16:40:100/1,Avid MediaFiles/MXF/AVID2.1 20170411/KT8432_1.WA01.58ED58EDDA66A.mxf; Avid MediaFiles/MXF/AVID2.1 20170411/KT8432_2.WA02.58ED58EDDA66A.mxf; Avid MediaFiles/MXF/AVID2.1 20170411/KT8432_3.WA03.58ED58EDDA66A.mxf; Avid MediaFiles/MXF/AVID2.1 20170411/KT8432_7.WA07.58ED58EDDA66A.mxf; Avid MediaFiles/MXF/AVID2.1 20170411/KT8432_8.WA08.58ED58EDDA66A.mxf
377,KT8433_1.WA01.58ED58EDDA6BA; KT8433_2.WA02.58ED58EDDA6BA; KT8433_3.WA03.58ED58EDDA6BA; KT8433_7.WA07.58ED58EDDA6BA; KT8433_8.WA08.58ED58EDDA6BA;     330B /t 2   ,2:bd07097074c689ca9198283158ce8de1; 2:ff508702449995e2ca47108d66ed2696; 2:3a002ab33d4abfd73c40486319400236; 2:bf2eac200b931da05da20cbce2f5a023; 2:f202afa69786a943c3918721fae03911,00:00:00:00:100/1,00:01:17:56:100/1,Avid MediaFiles/MXF/AVID2.1 20170411/KT8433_1.WA01.58ED58EDDA6BA.mxf; Avid MediaFiles/MXF/AVID2.1 20170411/KT8433_2.WA02.58ED58EDDA6BA.mxf; Avid MediaFiles/MXF/AVID2.1 20170411/KT8433_3.WA03.58ED58EDDA6BA.mxf; Avid MediaFiles/MXF/AVID2.1 20170411/KT8433_7.WA07.58ED58EDDA6BA.mxf; Avid MediaFiles/MXF/AVID2.1 20170411/KT8433_8.WA08.58ED58EDDA6BA.mxf
378,KT8434_1.WA01.58ED58EDDA70A; KT8434_2.WA02.58ED58EDDA70A; KT8434_3.WA03.58ED58EDDA70A; KT8434_7.WA07.58ED58EDDA70A; KT8434_8.WA08.58ED58EDDA70A;     330B /t 3   ,2:8929137fb09fdac482048e7fac887c7b; 2:72991746fff8779fcf67f3d81b1117c7; 2:28e574d9a59c6639d8467254748a0f26; 2:ed8f4b2cce78e73dc7563712311d2f13; 2:043a5a0042a2202075c6cf245a11de9d,00:00:00:00:100/1,00:01:18:32:100/1,Avid MediaFiles/MXF/AVID2.1 20170411/KT8434_1.WA01.58ED58EDDA70A.mxf; Avid MediaFiles/MXF/AVID2.1 20170411/KT8434_2.WA02.58ED58EDDA70A.mxf; Avid MediaFiles/MXF/AVID2.1 20170411/KT8434_3.WA03.58ED58EDDA70A.mxf; Avid MediaFiles/MXF/AVID2.1 20170411/KT8434_7.WA07.58ED58EDDA70A.mxf; Avid MediaFiles/MXF/AVID2.1 20170411/KT8434_8.WA08.58ED58EDDA70A.mxf
379,KT8435_1.WA01.58ED58EDDA76A; KT8435_2.WA02.58ED58EDDA76A; KT8435_3.WA03.58ED58EDDA76A; KT8435_7.WA07.58ED58EDDA76A; KT8435_8.WA08.58ED58EDDA76A;     339  /t 1   ,2:3d96e078fadddff71a8e9dcd6a6085c5; 2:f665f6dea986309d93cfc877a03df91e; 2:8be6981a2cf34bb1ac943ac76269f0fe; 2:ce5f478414ffc8519debbb38e76eff81; 2:37460ea27d5384c6f444ad578d992056,00:00:00:00:100/1,00:01:46:00:100/1,Avid MediaFiles/MXF/AVID2.1 20170411/KT8435_1.WA01.58ED58EDDA76A.mxf; Avid MediaFiles/MXF/AVID2.1 20170411/KT8435_2.WA02.58ED58EDDA76A.mxf; Avid MediaFiles/MXF/AVID2.1 20170411/KT8435_3.WA03.58ED58EDDA76A.mxf; Avid MediaFiles/MXF/AVID2.1 20170411/KT8435_7.WA07.58ED58EDDA76A.mxf; Avid MediaFiles/MXF/AVID2.1 20170411/KT8435_8.WA08.58ED58EDDA76A.mxf
380,KT8436_1.WA01.58ED58EDDA7DA; KT8436_2.WA02.58ED58EDDA7DA; KT8436_3.WA03.58ED58EDDA7DA; KT8436_7.WA07.58ED58EDDA7DA; KT8436_8.WA08.58ED58EDDA7DA;     339  /t 2   ,2:1aa75efede6737c5f8f208d168c0ea71; 2:bfd4fb7d3765c077a48e734aa3bf3af1; 2:0fb8778e9d2b6cb6290e7e0faae36576; 2:5fd2f285e8ae91d3c85cac15cd33101c; 2:5532312f2baadef7d80dc315f086a7d3,00:00:00:00:100/1,00:01:16:12:100/1,Avid MediaFiles/MXF/AVID2.1 20170411/KT8436_1.WA01.58ED58EDDA7DA.mxf; Avid MediaFiles/MXF/AVID2.1 20170411/KT8436_2.WA02.58ED58EDDA7DA.mxf; Avid MediaFiles/MXF/AVID2.1 20170411/KT8436_3.WA03.58ED58EDDA7DA.mxf; Avid MediaFiles/MXF/AVID2.1 20170411/KT8436_7.WA07.58ED58EDDA7DA.mxf; Avid MediaFiles/MXF/AVID2.1 20170411/KT8436_8.WA08.58ED58EDDA7DA.mxf
381,KT8437_1.WA01.58ED58EDDA82A; KT8437_2.WA02.58ED58EDDA82A; KT8437_3.WA03.58ED58EDDA82A; KT8437_7.WA07.58ED58EDDA82A; KT8437_8.WA08.58ED58EDDA82A;     339  /t 3   ,2:dd1a45a2e0e78181f3bd121f6532f17b; 2:d99381ccb641e1deda8f3cbabe46fc0e; 2:0598abf2d1a8dba537bce09aed6f2139; 2:4941c76da341e942a5058fc0e827616d; 2:0bf8ec345270ddbf5b834c726a989200,00:00:00:00:100/1,00:01:41:72:100/1,Avid MediaFiles/MXF/AVID2.1 20170411/KT8437_1.WA01.58ED58EDDA82A.mxf; Avid MediaFiles/MXF/AVID2.1 20170411/KT8437_2.WA02.58ED58EDDA82A.mxf; Avid MediaFiles/MXF/AVID2.1 20170411/KT8437_3.WA03.58ED58EDDA82A.mxf; Avid MediaFiles/MXF/AVID2.1 20170411/KT8437_7.WA07.58ED58EDDA82A.mxf; Avid MediaFiles/MXF/AVID2.1 20170411/KT8437_8.WA08.58ED58EDDA82A.mxf
382,KT8438_1.WA01.58ED58EDDA89A; KT8438_2.WA02.58ED58EDDA89A; KT8438_3.WA03.58ED58EDDA89A; KT8438_7.WA07.58ED58EDDA89A; KT8438_8.WA08.58ED58EDDA89A;     339  /t 4   ,2:fc408a9e9ee339d1f30bedc94ecf3fdf; 2:094c1236ecdf59ab9c032958f042baf8; 2:d387289709589530e7d28516d0dab86f; 2:3d669b85094dd72a4774319400c5f05a; 2:3a772b567063185bda82ab0f2edf511a,00:00:00:00:100/1,00:01:40:04:100/1,Avid MediaFiles/MXF/AVID2.1 20170411/KT8438_1.WA01.58ED58EDDA89A.mxf; Avid MediaFiles/MXF/AVID2.1 20170411/KT8438_2.WA02.58ED58EDDA89A.mxf; Avid MediaFiles/MXF/AVID2.1 20170411/KT8438_3.WA03.58ED58EDDA89A.mxf; Avid MediaFiles/MXF/AVID2.1 20170411/KT8438_7.WA07.58ED58EDDA89A.mxf; Avid MediaFiles/MXF/AVID2.1 20170411/KT8438_8.WA08.58ED58EDDA89A.mxf
383,KT8439_1.WA01.58ED58EDDA8FA; KT8439_2.WA02.58ED58EDDA8FA; KT8439_3.WA03.58ED58EDDA8FA; KT8439_7.WA07.58ED58EDDA8FA; KT8439_8.WA08.58ED58EDDA8FA;     339  /t 5   ,2:e6b366c8e96cf576361e84a6f0cb1aa4; 2:ef237aefb35fb7299ce942da1188fdf0; 2:ee0d9b6815086e0f95a7c1d565325d13; 2:c072fa773f126eb1d97827c4f57d2f21; 2:7717734b8ecb2c8a631d21542f62b527,00:00:00:00:100/1,00:01:53:08:100/1,Avid MediaFiles/MXF/AVID2.1 20170411/KT8439_1.WA01.58ED58EDDA8FA.mxf; Avid MediaFiles/MXF/AVID2.1 20170411/KT8439_2.WA02.58ED58EDDA8FA.mxf; Avid MediaFiles/MXF/AVID2.1 20170411/KT8439_3.WA03.58ED58EDDA8FA.mxf; Avid MediaFiles/MXF/AVID2.1 20170411/KT8439_7.WA07.58ED58EDDA8FA.mxf; Avid MediaFiles/MXF/AVID2.1 20170411/KT8439_8.WA08.58ED58EDDA8FA.mxf
384,KT8440_1.WA01.58ED58EDDA97A; KT8440_2.WA02.58ED58EDDA97A; KT8440_3.WA03.58ED58EDDA97A; KT8440_7.WA07.58ED58EDDA97A; KT8440_8.WA08.58ED58EDDA97A;     339  /t 6   ,2:4ce9950c3eae01a57d7212e5b71f6796; 2:b17d7c24d3ba1a49e1bf39a764ffe367; 2:a720b7408b026fc79ce1fea35fc0907e; 2:86ac389b3dde6c11079fe4d96cac2d44; 2:4cd4df779527a4d891ba15af0ddcc6f8,00:00:00:00:100/1,00:01:22:36:100/1,Avid MediaFiles/MXF/AVID2.1 20170411/KT8440_1.WA01.58ED58EDDA97A.mxf; Avid MediaFiles/MXF/AVID2.1 20170411/KT8440_2.WA02.58ED58EDDA97A.mxf; Avid MediaFiles/MXF/AVID2.1 20170411/KT8440_3.WA03.58ED58EDDA97A.mxf; Avid MediaFiles/MXF/AVID2.1 20170411/KT8440_7.WA07.58ED58EDDA97A.mxf; Avid MediaFiles/MXF/AVID2.1 20170411/KT8440_8.WA08.58ED58EDDA97A.mxf
385,KT8442_1.WA01.58ED58EDDAA3A; KT8442_2.WA02.58ED58EDDAA3A; KT8442_3.WA03.58ED58EDDAA3A; KT8442_7.WA07.58ED58EDDAA3A; KT8442_8.WA08.58ED58EDDAA3A;     339A /t 1   ,2:37358facd93c78169d3a132e551ea2c5; 2:ec63c964355cc16907c45e0e77bd4879; 2:73397a3eafde5be292eb7f941c0e245d; 2:7bd9573abf224697f97dae5b5a019d9a; 2:6bc70243f2140496abd243465a90a212,00:00:00:00:100/1,00:00:48:08:100/1,Avid MediaFiles/MXF/AVID2.1 20170411/KT8442_1.WA01.58ED58EDDAA3A.mxf; Avid MediaFiles/MXF/AVID2.1 20170411/KT8442_2.WA02.58ED58EDDAA3A.mxf; Avid MediaFiles/MXF/AVID2.1 20170411/KT8442_3.WA03.58ED58EDDAA3A.mxf; Avid MediaFiles/MXF/AVID2.1 20170411/KT8442_7.WA07.58ED58EDDAA3A.mxf; Avid MediaFiles/MXF/AVID2.1 20170411/KT8442_8.WA08.58ED58EDDAA3A.mxf
386,KT8441_1.WA01.58ED58EDDA9CA; KT8441_2.WA02.58ED58EDDA9CA; KT8441_3.WA03.58ED58EDDA9CA; KT8441_7.WA07.58ED58EDDA9CA; KT8441_8.WA08.58ED58EDDA9CA;     339  /t 7   ,2:2310afdfb7b24fecbb1bca0121acd77f; 2:e2980c623d9055a2f1123403a61ff702; 2:911ab01850d01f2d541faa305c094ad9; 2:0542ee3603b2c40d15ac840d557713a1; 2:ba5552ce203b2fceda1276045fd6ed22,00:00:00:00:100/1,00:01:45:16:100/1,Avid MediaFiles/MXF/AVID2.1 20170411/KT8441_1.WA01.58ED58EDDA9CA.mxf; Avid MediaFiles/MXF/AVID2.1 20170411/KT8441_2.WA02.58ED58EDDA9CA.mxf; Avid MediaFiles/MXF/AVID2.1 20170411/KT8441_3.WA03.58ED58EDDA9CA.mxf; Avid MediaFiles/MXF/AVID2.1 20170411/KT8441_7.WA07.58ED58EDDA9CA.mxf; Avid MediaFiles/MXF/AVID2.1 20170411/KT8441_8.WA08.58ED58EDDA9CA.mxf
387,KT8443_1.WA01.58ED58EDDAA7A; KT8443_2.WA02.58ED58EDDAA7A; KT8443_3.WA03.58ED58EDDAA7A; KT8443_7.WA07.58ED58EDDAA7A; KT8443_8.WA08.58ED58EDDAA7A;     339A /t 2   ,2:8759d3fa726189489dd801f657671783; 2:52cc2161289a22b7a2c455eb9134a5cd; 2:07827c6a5a8c6ae3638a715def9af076; 2:a4d80b5b88fef62b5b02e78f55fc00c0; 2:e97b231c6921e9ee486452a00f9abf13,00:00:00:00:100/1,00:01:55:28:100/1,Avid MediaFiles/MXF/AVID2.1 20170411/KT8443_1.WA01.58ED58EDDAA7A.mxf; Avid MediaFiles/MXF/AVID2.1 20170411/KT8443_2.WA02.58ED58EDDAA7A.mxf; Avid MediaFiles/MXF/AVID2.1 20170411/KT8443_3.WA03.58ED58EDDAA7A.mxf; Avid MediaFiles/MXF/AVID2.1 20170411/KT8443_7.WA07.58ED58EDDAA7A.mxf; Avid MediaFiles/MXF/AVID2.1 20170411/KT8443_8.WA08.58ED58EDDAA7A.mxf
388,KT8444_1.WA01.58ED58EDDAAEA; KT8444_2.WA02.58ED58EDDAAEA; KT8444_3.WA03.58ED58EDDAAEA; KT8444_7.WA07.58ED58EDDAAEA; KT8444_8.WA08.58ED58EDDAAFA;     339A /t 3   ,2:95d16917538279ec523379c870321af9; 2:adde476afd41c10739f1a5c439689d29; 2:63838d1d278b6e588886dfb40f41dac2; 2:4f8e7850c5a1c4ab264cdf135383c4a1; 2:daebd45460620084dfe168ff65a312b0,00:00:00:00:100/1,00:01:42:88:100/1,Avid MediaFiles/MXF/AVID2.1 20170411/KT8444_1.WA01.58ED58EDDAAEA.mxf; Avid MediaFiles/MXF/AVID2.1 20170411/KT8444_2.WA02.58ED58EDDAAEA.mxf; Avid MediaFiles/MXF/AVID2.1 20170411/KT8444_3.WA03.58ED58EDDAAEA.mxf; Avid MediaFiles/MXF/AVID2.1 20170411/KT8444_7.WA07.58ED58EDDAAEA.mxf; Avid MediaFiles/MXF/AVID2.1 20170411/KT8444_8.WA08.58ED58EDDAAFA.mxf
389,KT8445_1.WA01.58ED58EDDAB5A; KT8445_2.WA02.58ED58EDDAB5A; KT8445_3.WA03.58ED58EDDAB5A; KT8445_7.WA07.58ED58EDDAB5A; KT8445_8.WA08.58ED58EDDAB5A;     339B /t 1   ,2:d1aca2b000c01a81bbc63f861a3e4e3c; 2:50072a8586780053057d0865c8f0e14d; 2:3b337b5a02ad391ba02017e3d4ddb0a0; 2:255e9453f43e6cc686991f8652d860e3; 2:f8ccfae3d02c1a514e6380bd3144dcff,00:00:00:00:100/1,00:00:59:88:100/1,Avid MediaFiles/MXF/AVID2.1 20170411/KT8445_1.WA01.58ED58EDDAB5A.mxf; Avid MediaFiles/MXF/AVID2.1 20170411/KT8445_2.WA02.58ED58EDDAB5A.mxf; Avid MediaFiles/MXF/AVID2.1 20170411/KT8445_3.WA03.58ED58EDDAB5A.mxf; Avid MediaFiles/MXF/AVID2.1 20170411/KT8445_7.WA07.58ED58EDDAB5A.mxf; Avid MediaFiles/MXF/AVID2.1 20170411/KT8445_8.WA08.58ED58EDDAB5A.mxf
390,KT8446_1.WA01.58ED58EDDAB9A; KT8446_2.WA02.58ED58EDDABAA; KT8446_3.WA03.58ED58EDDABAA; KT8446_7.WA07.58ED58EDDABAA; KT8446_8.WA08.58ED58EDDABAA;     339B /t 2   ,2:7c839fd8c1113193db7a7fd84f82fac5; 2:b35c50769646de0658cbb4dcd0426dd3; 2:21d205ad79d56755877d75fd13052b63; 2:c95ec739fc90739aba9c1ef6b350fc6b; 2:83ccfa2165f536a42455bc945149b6b1,00:00:00:00:100/1,00:01:22:84:100/1,Avid MediaFiles/MXF/AVID2.1 20170411/KT8446_1.WA01.58ED58EDDAB9A.mxf; Avid MediaFiles/MXF/AVID2.1 20170411/KT8446_2.WA02.58ED58EDDABAA.mxf; Avid MediaFiles/MXF/AVID2.1 20170411/KT8446_3.WA03.58ED58EDDABAA.mxf; Avid MediaFiles/MXF/AVID2.1 20170411/KT8446_7.WA07.58ED58EDDABAA.mxf; Avid MediaFiles/MXF/AVID2.1 20170411/KT8446_8.WA08.58ED58EDDABAA.mxf
391,KT8447_1.WA01.58ED58EDDABFA; KT8447_2.WA02.58ED58EDDABFA; KT8447_3.WA03.58ED58EDDABFA; KT8447_7.WA07.58ED58EDDABFA; KT8447_8.WA08.58ED58EDDABFA;     339B /t 3   ,2:47523cb0c7baa9b5878db48adfece9ac; 2:3e49d96acbd6588461e6c38b6bce935e; 2:50bb193bb0a8a64290d841a76bef186b; 2:d72c82fea6022f5179e34b26fc4a0ea0; 2:c27580a4a6bc7af4cb443d4510d412cc,00:00:00:00:100/1,00:01:17:20:100/1,Avid MediaFiles/MXF/AVID2.1 20170411/KT8447_1.WA01.58ED58EDDABFA.mxf; Avid MediaFiles/MXF/AVID2.1 20170411/KT8447_2.WA02.58ED58EDDABFA.mxf; Avid MediaFiles/MXF/AVID2.1 20170411/KT8447_3.WA03.58ED58EDDABFA.mxf; Avid MediaFiles/MXF/AVID2.1 20170411/KT8447_7.WA07.58ED58EDDABFA.mxf; Avid MediaFiles/MXF/AVID2.1 20170411/KT8447_8.WA08.58ED58EDDABFA.mxf
392,KT8449_1.WA01.58ED58EDDACAA; KT8449_2.WA02.58ED58EDDACAA; KT8449_3.WA03.58ED58EDDACAA; KT8449_7.WA07.58ED58EDDACAA; KT8449_8.WA08.58ED58EDDACAA;     348  /t 2   ,2:2102acb16ad1ad4d17fae8dc961d12ae; 2:f1b69fbc0977fb8bec2d84d27e37ace3; 2:261b0a0b9a4c33c3529ce1ce018dbb28; 2:5c2736553015f848f11918c959088173; 2:4fa317d78e38d76f4f13a91f4680ce96,00:00:00:00:100/1,00:01:22:16:100/1,Avid MediaFiles/MXF/AVID2.1 20170411/KT8449_1.WA01.58ED58EDDACAA.mxf; Avid MediaFiles/MXF/AVID2.1 20170411/KT8449_2.WA02.58ED58EDDACAA.mxf; Avid MediaFiles/MXF/AVID2.1 20170411/KT8449_3.WA03.58ED58EDDACAA.mxf; Avid MediaFiles/MXF/AVID2.1 20170411/KT8449_7.WA07.58ED58EDDACAA.mxf; Avid MediaFiles/MXF/AVID2.1 20170411/KT8449_8.WA08.58ED58EDDACAA.mxf
393,KT8448_1.WA01.58ED58EDDAC4A; KT8448_2.WA02.58ED58EDDAC4A; KT8448_3.WA03.58ED58EDDAC4A; KT8448_7.WA07.58ED58EDDAC4A; KT8448_8.WA08.58ED58EDDAC4A;     348  /t 1   ,2:7f589f1723d0426304a76808b1f9539d; 2:bfc3dcbf176c4cb838c535b3a6a6deb9; 2:1aeac41c8cd8a61661df2d7fe8890502; 2:242e454a1797e400f0c61837989bab1d; 2:d1f2327b3f8551debb0f99bc1318a9d3,00:00:00:00:100/1,00:01:18:16:100/1,Avid MediaFiles/MXF/AVID2.1 20170411/KT8448_1.WA01.58ED58EDDAC4A.mxf; Avid MediaFiles/MXF/AVID2.1 20170411/KT8448_2.WA02.58ED58EDDAC4A.mxf; Avid MediaFiles/MXF/AVID2.1 20170411/KT8448_3.WA03.58ED58EDDAC4A.mxf; Avid MediaFiles/MXF/AVID2.1 20170411/KT8448_7.WA07.58ED58EDDAC4A.mxf; Avid MediaFiles/MXF/AVID2.1 20170411/KT8448_8.WA08.58ED58EDDAC4A.mxf
394,KT8450_1.WA01.58ED58EDDACFA; KT8450_2.WA02.58ED58EDDACFA; KT8450_3.WA03.58ED58EDDACFA; KT8450_7.WA07.58ED58EDDACFA; KT8450_8.WA08.58ED58EDDACFA;     348  /t 3   ,2:b65e026b2c724ef61c6771569f22f6b7; 2:f5a99e1064bb2d3a16f6c2d0f1cdaa80; 2:4e8bdd1160b0ba5ed88c44b4f447d81d; 2:bc2d3c7206f811863e985f258264a86c; 2:e837dcac6563f1cf57b6e9fe5c756328,00:00:00:00:100/1,00:01:23:24:100/1,Avid MediaFiles/MXF/AVID2.1 20170411/KT8450_1.WA01.58ED58EDDACFA.mxf; Avid MediaFiles/MXF/AVID2.1 20170411/KT8450_2.WA02.58ED58EDDACFA.mxf; Avid MediaFiles/MXF/AVID2.1 20170411/KT8450_3.WA03.58ED58EDDACFA.mxf; Avid MediaFiles/MXF/AVID2.1 20170411/KT8450_7.WA07.58ED58EDDACFA.mxf; Avid MediaFiles/MXF/AVID2.1 20170411/KT8450_8.WA08.58ED58EDDACFA.mxf
395,KT8451_1.WA01.58ED58EDDAD5A; KT8451_2.WA02.58ED58EDDAD5A; KT8451_3.WA03.58ED58EDDAD5A; KT8451_7.WA07.58ED58EDDAD5A; KT8451_8.WA08.58ED58EDDAD5A;     348A /t 1   ,2:77ba3f28594fe8c3291db17b3e7c7391; 2:18ffc7fb03aacc6f5c8044ce8dbc835c; 2:57c45172cd80b45dee9a8bb23ac62687; 2:05e0a1d58503e9241897147cea45e5ad; 2:b05e93996cf57c9b4be0c00ba6459d6b,00:00:00:00:100/1,00:01:00:88:100/1,Avid MediaFiles/MXF/AVID2.1 20170411/KT8451_1.WA01.58ED58EDDAD5A.mxf; Avid MediaFiles/MXF/AVID2.1 20170411/KT8451_2.WA02.58ED58EDDAD5A.mxf; Avid MediaFiles/MXF/AVID2.1 20170411/KT8451_3.WA03.58ED58EDDAD5A.mxf; Avid MediaFiles/MXF/AVID2.1 20170411/KT8451_7.WA07.58ED58EDDAD5A.mxf; Avid MediaFiles/MXF/AVID2.1 20170411/KT8451_8.WA08.58ED58EDDAD5A.mxf
396,KT8452_1.WA01.58ED58EDDAD9A; KT8452_2.WA02.58ED58EDDAD9A; KT8452_3.WA03.58ED58EDDAD9A; KT8452_7.WA07.58ED58EDDAD9A; KT8452_8.WA08.58ED58EDDAD9A;     348A /t 2   ,2:285e2720d8510b370c188a5fc6a222e4; 2:c26c6df1c521434d7ce508dfe98ad2ae; 2:198fdc8fd2a893e6e780ee7cccaeae7b; 2:d6a3e58f0d732cad29a692be5cb9db31; 2:5d129127fc7ac9784ddbebef4c4030a7,00:00:00:00:100/1,00:01:20:96:100/1,Avid MediaFiles/MXF/AVID2.1 20170411/KT8452_1.WA01.58ED58EDDAD9A.mxf; Avid MediaFiles/MXF/AVID2.1 20170411/KT8452_2.WA02.58ED58EDDAD9A.mxf; Avid MediaFiles/MXF/AVID2.1 20170411/KT8452_3.WA03.58ED58EDDAD9A.mxf; Avid MediaFiles/MXF/AVID2.1 20170411/KT8452_7.WA07.58ED58EDDAD9A.mxf; Avid MediaFiles/MXF/AVID2.1 20170411/KT8452_8.WA08.58ED58EDDAD9A.mxf
397,KT8453_1.WA01.58ED58EDDADFA; KT8453_2.WA02.58ED58EDDADFA; KT8453_3.WA03.58ED58EDDADFA; KT8453_7.WA07.58ED58EDDADFA; KT8453_8.WA08.58ED58EDDADFA;     348A /t 3   ,2:d24c39d10d0b9763860b93b606619aa3; 2:f716e9cfe6c092550e7db0d125ec834b; 2:a292a70c0fec0084a5416d925ea40f27; 2:0216b8df93ded277246d56311756d83e; 2:c58c04f7b0db4d290ea71c1bb11d024f,00:00:00:00:100/1,00:01:15:76:100/1,Avid MediaFiles/MXF/AVID2.1 20170411/KT8453_1.WA01.58ED58EDDADFA.mxf; Avid MediaFiles/MXF/AVID2.1 20170411/KT8453_2.WA02.58ED58EDDADFA.mxf; Avid MediaFiles/MXF/AVID2.1 20170411/KT8453_3.WA03.58ED58EDDADFA.mxf; Avid MediaFiles/MXF/AVID2.1 20170411/KT8453_7.WA07.58ED58EDDADFA.mxf; Avid MediaFiles/MXF/AVID2.1 20170411/KT8453_8.WA08.58ED58EDDADFA.mxf
398,KT8454_1.WA01.58ED58EDDAE4A; KT8454_2.WA02.58ED58EDDAE4A; KT8454_3.WA03.58ED58EDDAE4A; KT8454_7.WA07.58ED58EDDAE4A; KT8454_8.WA08.58ED58EDDAE4A;     348A /t 4   ,2:7db4d802efc3e0819bd7a860cd7422c4; 2:b80ce396ef25d5f03769994436bde7e3; 2:42538676ee04574d6d6d13d1e046cd85; 2:2f54e5811706ff0a1f7dd96dbf6a6420; 2:5041c68159793405e011a4ce3ef3c910,00:00:00:00:100/1,00:01:26:64:100/1,Avid MediaFiles/MXF/AVID2.1 20170411/KT8454_1.WA01.58ED58EDDAE4A.mxf; Avid MediaFiles/MXF/AVID2.1 20170411/KT8454_2.WA02.58ED58EDDAE4A.mxf; Avid MediaFiles/MXF/AVID2.1 20170411/KT8454_3.WA03.58ED58EDDAE4A.mxf; Avid MediaFiles/MXF/AVID2.1 20170411/KT8454_7.WA07.58ED58EDDAE4A.mxf; Avid MediaFiles/MXF/AVID2.1 20170411/KT8454_8.WA08.58ED58EDDAE4A.mxf
399,KT8455-5.WA05.58ED58EDDAEAA; KT8455-6.WA06.58ED58EDDAEAA;     348A /w 5   ,2:2ad020938add09a43f8ef1cd46c5f728; 2:08139ec08be2f7182cb94f59bb946c65,00:00:00:00:100/1,00:01:40:24:100/1,Avid MediaFiles/MXF/AVID2.1 20170411/KT8455-5.WA05.58ED58EDDAEAA.mxf; Avid MediaFiles/MXF/AVID2.1 20170411/KT8455-6.WA06.58ED58EDDAEAA.mxf
400,KT8455_1.WA01.58ED58EDDAEDA; KT8455_7.WA07.58ED58EDDAEDA; KT8455_8.WA08.58ED58EDDAEDA;     348A /w 5   ,2:e158ae8bcd979467cae773cb3ffb52c7; 2:b1b50f691d67184ad3fdb2e9e0c147ff; 2:15c9037e75e3a42c20ede75b38e07a47,00:00:00:00:100/1,00:01:40:24:100/1,Avid MediaFiles/MXF/AVID2.1 20170411/KT8455_1.WA01.58ED58EDDAEDA.mxf; Avid MediaFiles/MXF/AVID2.1 20170411/KT8455_7.WA07.58ED58EDDAEDA.mxf; Avid MediaFiles/MXF/AVID2.1 20170411/KT8455_8.WA08.58ED58EDDAEDA.mxf
401,KT8456-5.WA05.58ED58EDDAF1A; KT8456-6.WA06.58ED58EDDAF1A;     348A /w 6   ,2:771771bd4821a99782afb0029188e892; 2:d30d7691893d468ad52b95c0e3f6a163,00:00:00:00:100/1,00:00:33:04:100/1,Avid MediaFiles/MXF/AVID2.1 20170411/KT8456-5.WA05.58ED58EDDAF1A.mxf; Avid MediaFiles/MXF/AVID2.1 20170411/KT8456-6.WA06.58ED58EDDAF1A.mxf
402,KT8456_1.WA01.58ED58EDDAF2A; KT8456_7.WA07.58ED58EDDAF2A; KT8456_8.WA08.58ED58EDDAF2A;     348A /w 6   ,2:c42c0eee00bf1980cb6ce92710e6200b; 2:43d2a9e6c040ad5b21e4683fa26adcb9; 2:1be2103bfdc49e8680aafd772f09baaa,00:00:00:00:100/1,00:00:33:04:100/1,Avid MediaFiles/MXF/AVID2.1 20170411/KT8456_1.WA01.58ED58EDDAF2A.mxf; Avid MediaFiles/MXF/AVID2.1 20170411/KT8456_7.WA07.58ED58EDDAF2A.mxf; Avid MediaFiles/MXF/AVID2.1 20170411/KT8456_8.WA08.58ED58EDDAF2A.mxf
403,KT8457-5.WA05.58ED58EDDAF3A; KT8457-6.WA06.58ED58EDDAF3A;     348A /w 7   ,2:c2a1eb3042d752794084c5d2618fb0bd; 2:ca15663ac3859d2e395f26980d153dc6,00:00:00:00:100/1,00:02:11:84:100/1,Avid MediaFiles/MXF/AVID2.1 20170411/KT8457-5.WA05.58ED58EDDAF3A.mxf; Avid MediaFiles/MXF/AVID2.1 20170411/KT8457-6.WA06.58ED58EDDAF3A.mxf
404,KT8457_1.WA01.58ED58EDDAF7A; KT8457_7.WA07.58ED58EDDAF7A; KT8457_8.WA08.58ED58EDDAF7A;     348A /w 7   ,2:6e0ff640990309be9715fe80f0791722; 2:f399ebc3bc67bb9418713950210770d3; 2:b659e8b2e4805d50f41e0a0e22f4ba52,00:00:00:00:100/1,00:02:11:84:100/1,Avid MediaFiles/MXF/AVID2.1 20170411/KT8457_1.WA01.58ED58EDDAF7A.mxf; Avid MediaFiles/MXF/AVID2.1 20170411/KT8457_7.WA07.58ED58EDDAF7A.mxf; Avid MediaFiles/MXF/AVID2.1 20170411/KT8457_8.WA08.58ED58EDDAF7A.mxf
405,KT8460_1.WA01.58EF58EF459AA; KT8460_2.WA02.58EF58EF459AA; KT8460_3.WA03.58EF58EF459AA; KT8460_4.WA04.58EF58EF459AA; KT8460_7.WA07.58EF58EF459AA; KT8460_8.WA08.58EF58EF459AA;     523  /t 1   ,2:373ceb51ff5e69617b57bfccb1ef93c8; 2:f77c5ceab7d9c0a170156001bbe7dfab; 2:ad38b424abbc590b5b7de873c36d5818; 2:1e31a1d06effc16051aaefb9f9a0cc82; 2:36364ca51c84fb43c9c4928885fa90a6; 2:b37b5f62a27e103b726aa2dd2e2b4dfb,00:00:00:00:100/1,00:02:42:12:100/1,Avid MediaFiles/MXF/AVID2.1 20170412/KT8460_1.WA01.58EF58EF459AA.mxf; Avid MediaFiles/MXF/AVID2.1 20170412/KT8460_2.WA02.58EF58EF459AA.mxf; Avid MediaFiles/MXF/AVID2.1 20170412/KT8460_3.WA03.58EF58EF459AA.mxf; Avid MediaFiles/MXF/AVID2.1 20170412/KT8460_4.WA04.58EF58EF459AA.mxf; Avid MediaFiles/MXF/AVID2.1 20170412/KT8460_7.WA07.58EF58EF459AA.mxf; Avid MediaFiles/MXF/AVID2.1 20170412/KT8460_8.WA08.58EF58EF459AA.mxf
406,KT8458_1.WA01.58EF58EF4593A; KT8458_2.WA02.58EF58EF4593A; KT8458_3.WA03.58EF58EF4593A; KT8458_4.WA04.58EF58EF4593A; KT8458_7.WA07.58EF58EF4593A; KT8458_8.WA08.58EF58EF4593A;     523  /n 1   ,2:180e6b222d25a6731a5dce07a3b339e6; 2:b97be4f220675d2fcd453c9f8018c388; 2:9695678c575db32adb9b0dd61fcc4f81; 2:01a634a00e7419696a65b4edbfffad62; 2:8b39a48896f467edfb6a3864616ca6e7; 2:a224d64a2bb905404a6b3fb609bb448c,00:00:00:00:100/1,00:00:23:04:100/1,Avid MediaFiles/MXF/AVID2.1 20170412/KT8458_1.WA01.58EF58EF4593A.mxf; Avid MediaFiles/MXF/AVID2.1 20170412/KT8458_2.WA02.58EF58EF4593A.mxf; Avid MediaFiles/MXF/AVID2.1 20170412/KT8458_3.WA03.58EF58EF4593A.mxf; Avid MediaFiles/MXF/AVID2.1 20170412/KT8458_4.WA04.58EF58EF4593A.mxf; Avid MediaFiles/MXF/AVID2.1 20170412/KT8458_7.WA07.58EF58EF4593A.mxf; Avid MediaFiles/MXF/AVID2.1 20170412/KT8458_8.WA08.58EF58EF4593A.mxf
407,KT8459_1.WA01.58EF58EF4595A; KT8459_2.WA02.58EF58EF4595A; KT8459_3.WA03.58EF58EF4595A; KT8459_4.WA04.58EF58EF4595A; KT8459_7.WA07.58EF58EF4595A; KT8459_8.WA08.58EF58EF4595A;     523  /n 1   ,2:9a9ee6ebbab60c2f1d1661df22826da5; 2:0184a77cb3d48fc3bba4f065dfd3a2d4; 2:db75c47ba8ff812af2f7e1baeda81eeb; 2:193fbd97fa2559ab70ef7a264c245eaa; 2:d6c4d2f3008f140359bdc8137724d894; 2:8e822608cd43108ede9128e839d54f05,00:00:00:00:100/1,00:01:00:64:100/1,Avid MediaFiles/MXF/AVID2.1 20170412/KT8459_1.WA01.58EF58EF4595A.mxf; Avid MediaFiles/MXF/AVID2.1 20170412/KT8459_2.WA02.58EF58EF4595A.mxf; Avid MediaFiles/MXF/AVID2.1 20170412/KT8459_3.WA03.58EF58EF4595A.mxf; Avid MediaFiles/MXF/AVID2.1 20170412/KT8459_4.WA04.58EF58EF4595A.mxf; Avid MediaFiles/MXF/AVID2.1 20170412/KT8459_7.WA07.58EF58EF4595A.mxf; Avid MediaFiles/MXF/AVID2.1 20170412/KT8459_8.WA08.58EF58EF4595A.mxf
408,KT8461_1.WA01.58EF58EF45A7A; KT8461_2.WA02.58EF58EF45A7A; KT8461_3.WA03.58EF58EF45A7A; KT8461_4.WA04.58EF58EF45A7A; KT8461_7.WA07.58EF58EF45A7A; KT8461_8.WA08.58EF58EF45A7A;     523  /t 2   ,2:36c81cc4c460cf80bc33a74e3c0c01f4; 2:432f143949e551953707b3762c80a969; 2:286869933150030f06fc0ce5fd85ecc7; 2:b29a695cfeffbfce6b7f9afebf96ffba; 2:84532e609bffc65c20921587ae2449a6; 2:884fc8eacb14f4e778f8e590764c933f,00:00:00:00:100/1,00:02:30:72:100/1,Avid MediaFiles/MXF/AVID2.1 20170412/KT8461_1.WA01.58EF58EF45A7A.mxf; Avid MediaFiles/MXF/AVID2.1 20170412/KT8461_2.WA02.58EF58EF45A7A.mxf; Avid MediaFiles/MXF/AVID2.1 20170412/KT8461_3.WA03.58EF58EF45A7A.mxf; Avid MediaFiles/MXF/AVID2.1 20170412/KT8461_4.WA04.58EF58EF45A7A.mxf; Avid MediaFiles/MXF/AVID2.1 20170412/KT8461_7.WA07.58EF58EF45A7A.mxf; Avid MediaFiles/MXF/AVID2.1 20170412/KT8461_8.WA08.58EF58EF45A7A.mxf
409,KT8462_1.WA01.58EF58EF45B2A; KT8462_2.WA02.58EF58EF45B2A; KT8462_3.WA03.58EF58EF45B2A; KT8462_4.WA04.58EF58EF45B2A; KT8462_7.WA07.58EF58EF45B2A; KT8462_8.WA08.58EF58EF45B2A;     523  /t 3   ,2:07460f6fbbb461f87c0524cd8970864f; 2:9fc10c48c0d876ccea98625697947f20; 2:070018d974aba1c8a5b5e570c52fd5cc; 2:712f00595df8d9a11eaed655da46c08e; 2:e8c0875f12135d88f0fd6ac18c2ba0a4; 2:30848d7bf347f46668b88379eaac5b35,00:00:00:00:100/1,00:01:06:92:100/1,Avid MediaFiles/MXF/AVID2.1 20170412/KT8462_1.WA01.58EF58EF45B2A.mxf; Avid MediaFiles/MXF/AVID2.1 20170412/KT8462_2.WA02.58EF58EF45B2A.mxf; Avid MediaFiles/MXF/AVID2.1 20170412/KT8462_3.WA03.58EF58EF45B2A.mxf; Avid MediaFiles/MXF/AVID2.1 20170412/KT8462_4.WA04.58EF58EF45B2A.mxf; Avid MediaFiles/MXF/AVID2.1 20170412/KT8462_7.WA07.58EF58EF45B2A.mxf; Avid MediaFiles/MXF/AVID2.1 20170412/KT8462_8.WA08.58EF58EF45B2A.mxf
410,KT8463_1.WA01.58EF58EF45B8A; KT8463_2.WA02.58EF58EF45B8A; KT8463_3.WA03.58EF58EF45B8A; KT8463_4.WA04.58EF58EF45B8A; KT8463_7.WA07.58EF58EF45B8A; KT8463_8.WA08.58EF58EF45B8A;     523  /t 4   ,2:b5c4e1df26a08225ec173b2e4c4adc04; 2:68b060886101dcdca349a80134bd15a2; 2:2df78955961ec5ec1286b6b119cd2c0d; 2:639b1268b3431d0bef4dc770f0f19606; 2:af670fd8ae63f19f1c13695b7c1b71d1; 2:21aee448eedaf2f6634d175b4ae19df3,00:00:00:00:100/1,00:02:36:48:100/1,Avid MediaFiles/MXF/AVID2.1 20170412/KT8463_1.WA01.58EF58EF45B8A.mxf; Avid MediaFiles/MXF/AVID2.1 20170412/KT8463_2.WA02.58EF58EF45B8A.mxf; Avid MediaFiles/MXF/AVID2.1 20170412/KT8463_3.WA03.58EF58EF45B8A.mxf; Avid MediaFiles/MXF/AVID2.1 20170412/KT8463_4.WA04.58EF58EF45B8A.mxf; Avid MediaFiles/MXF/AVID2.1 20170412/KT8463_7.WA07.58EF58EF45B8A.mxf; Avid MediaFiles/MXF/AVID2.1 20170412/KT8463_8.WA08.58EF58EF45B8A.mxf
411,KT8464_1.WA01.58EF58EF45C4A; KT8464_2.WA02.58EF58EF45C4A; KT8464_3.WA03.58EF58EF45C4A; KT8464_4.WA04.58EF58EF45C4A; KT8464_7.WA07.58EF58EF45C4A; KT8464_8.WA08.58EF58EF45C4A;     523  /t 5   ,2:93f37516f2dc39af4edad945d0f5b4dd; 2:d3f662cfaa96dc51228d271537135969; 2:8242576c52cba943fcf20ebc34eeb04f; 2:742389cd4e7c0201f081d66e758e4e2e; 2:e97c4c06d5b2ec8d6f4d63911281c12f; 2:cf8cf0da5c7f1e426a6967aa4bf844a5,00:00:00:00:100/1,00:02:22:96:100/1,Avid MediaFiles/MXF/AVID2.1 20170412/KT8464_1.WA01.58EF58EF45C4A.mxf; Avid MediaFiles/MXF/AVID2.1 20170412/KT8464_2.WA02.58EF58EF45C4A.mxf; Avid MediaFiles/MXF/AVID2.1 20170412/KT8464_3.WA03.58EF58EF45C4A.mxf; Avid MediaFiles/MXF/AVID2.1 20170412/KT8464_4.WA04.58EF58EF45C4A.mxf; Avid MediaFiles/MXF/AVID2.1 20170412/KT8464_7.WA07.58EF58EF45C4A.mxf; Avid MediaFiles/MXF/AVID2.1 20170412/KT8464_8.WA08.58EF58EF45C4A.mxf
412,KT8465_1.WA01.58EF58EF45CFA; KT8465_2.WA02.58EF58EF45CFA; KT8465_3.WA03.58EF58EF45CFA; KT8465_4.WA04.58EF58EF45CFA; KT8465_7.WA07.58EF58EF45CFA; KT8465_8.WA08.58EF58EF45CFA;     523A /t 1   ,2:6f6ea54ece5e3af9797823f309f6de26; 2:cd67704a381066499a6ca7cc2efe33f9; 2:b92a934e79297fcd9ace9c70714031fb; 2:49ef04ade473ad339c66fb40f76eeb83; 2:ef1f0253f2b0538e024057ae33dfc083; 2:cd9a143c61371729e1ff6e75cac34fd4,00:00:00:00:100/1,00:01:11:20:100/1,Avid MediaFiles/MXF/AVID2.1 20170412/KT8465_1.WA01.58EF58EF45CFA.mxf; Avid MediaFiles/MXF/AVID2.1 20170412/KT8465_2.WA02.58EF58EF45CFA.mxf; Avid MediaFiles/MXF/AVID2.1 20170412/KT8465_3.WA03.58EF58EF45CFA.mxf; Avid MediaFiles/MXF/AVID2.1 20170412/KT8465_4.WA04.58EF58EF45CFA.mxf; Avid MediaFiles/MXF/AVID2.1 20170412/KT8465_7.WA07.58EF58EF45CFA.mxf; Avid MediaFiles/MXF/AVID2.1 20170412/KT8465_8.WA08.58EF58EF45CFA.mxf
413,KT8466_1.WA01.58EF58EF45D5A; KT8466_2.WA02.58EF58EF45D5A; KT8466_3.WA03.58EF58EF45D5A; KT8466_4.WA04.58EF58EF45D5A; KT8466_7.WA07.58EF58EF45D5A; KT8466_8.WA08.58EF58EF45D5A;     523A /t 2   ,2:9cdcd6446753be8e7db5428915b3fafc; 2:719f59f26503099ebf2a4e0f49af6b42; 2:43a77f450f5604501f02231def6f3bcc; 2:642de50677acd0c0c1654516fc177b3a; 2:05daee96f100741c45a3f881e58ea045; 2:953e36f99443ce0a67bcbcff24ee67ca,00:00:00:00:100/1,00:02:20:92:100/1,Avid MediaFiles/MXF/AVID2.1 20170412/KT8466_1.WA01.58EF58EF45D5A.mxf; Avid MediaFiles/MXF/AVID2.1 20170412/KT8466_2.WA02.58EF58EF45D5A.mxf; Avid MediaFiles/MXF/AVID2.1 20170412/KT8466_3.WA03.58EF58EF45D5A.mxf; Avid MediaFiles/MXF/AVID2.1 20170412/KT8466_4.WA04.58EF58EF45D5A.mxf; Avid MediaFiles/MXF/AVID2.1 20170412/KT8466_7.WA07.58EF58EF45D5A.mxf; Avid MediaFiles/MXF/AVID2.1 20170412/KT8466_8.WA08.58EF58EF45D5A.mxf
414,KT8467_1.WA01.58EF58EF45DFA; KT8467_2.WA02.58EF58EF45DFA; KT8467_3.WA03.58EF58EF45E0A; KT8467_4.WA04.58EF58EF45E0A; KT8467_7.WA07.58EF58EF45E0A; KT8467_8.WA08.58EF58EF45E0A;     523A /t 3   ,2:3bb67e8297f9f53f43b1afd7ed3bddd4; 2:ea916b2e86c799cdf415062dc350124e; 2:b2a9b7aab2904e60dd027f52d62ed6b0; 2:d334e451dc62d6e112c383cf2284709e; 2:0aec8a0115605d16146b208b941f915d; 2:366e1d7ef11f3120dd628c129f72e275,00:00:00:00:100/1,00:02:19:84:100/1,Avid MediaFiles/MXF/AVID2.1 20170412/KT8467_1.WA01.58EF58EF45DFA.mxf; Avid MediaFiles/MXF/AVID2.1 20170412/KT8467_2.WA02.58EF58EF45DFA.mxf; Avid MediaFiles/MXF/AVID2.1 20170412/KT8467_3.WA03.58EF58EF45E0A.mxf; Avid MediaFiles/MXF/AVID2.1 20170412/KT8467_4.WA04.58EF58EF45E0A.mxf; Avid MediaFiles/MXF/AVID2.1 20170412/KT8467_7.WA07.58EF58EF45E0A.mxf; Avid MediaFiles/MXF/AVID2.1 20170412/KT8467_8.WA08.58EF58EF45E0A.mxf
415,KT8468_1.WA01.58EF58EF45EAA; KT8468_2.WA02.58EF58EF45EAA; KT8468_3.WA03.58EF58EF45EAA; KT8468_4.WA04.58EF58EF45EAA; KT8468_7.WA07.58EF58EF45EAA; KT8468_8.WA08.58EF58EF45EAA;     523B /t 1   ,2:aeaa18504f8c43d4f1ba75a7abbb9471; 2:de4670f1820fdbf428bf89b2a2df7ad8; 2:9deb74d2e3ce2a788de193b4d6aaba27; 2:7ef78b71e2600d7020e50c9b8947eccd; 2:ac586abab6c60d7f7c205f2c3c94f469; 2:7c35b0c9b4f29894fd4671672b96ed9f,00:00:00:00:100/1,00:02:18:76:100/1,Avid MediaFiles/MXF/AVID2.1 20170412/KT8468_1.WA01.58EF58EF45EAA.mxf; Avid MediaFiles/MXF/AVID2.1 20170412/KT8468_2.WA02.58EF58EF45EAA.mxf; Avid MediaFiles/MXF/AVID2.1 20170412/KT8468_3.WA03.58EF58EF45EAA.mxf; Avid MediaFiles/MXF/AVID2.1 20170412/KT8468_4.WA04.58EF58EF45EAA.mxf; Avid MediaFiles/MXF/AVID2.1 20170412/KT8468_7.WA07.58EF58EF45EAA.mxf; Avid MediaFiles/MXF/AVID2.1 20170412/KT8468_8.WA08.58EF58EF45EAA.mxf
416,KT8469_1.WA01.58EF58EF45F5A; KT8469_2.WA02.58EF58EF45F5A; KT8469_3.WA03.58EF58EF45F5A; KT8469_4.WA04.58EF58EF45F5A; KT8469_7.WA07.58EF58EF45F5A; KT8469_8.WA08.58EF58EF45F5A;     523B /t 2   ,2:58703dd2db2c4b515061a3273f221db6; 2:20f8f2b537fc04fc478b8085699c3ee8; 2:f3dd6b6c8f0964f7b7720823e0db04a7; 2:ff0b0dbba208bdcfbf1b442cacfcc0c3; 2:0f3a700bd68edbf7fc4f2af4e3fe7b6e; 2:b9b207e7bf371c2ffe7982c64af7a48d,00:00:00:00:100/1,00:02:12:88:100/1,Avid MediaFiles/MXF/AVID2.1 20170412/KT8469_1.WA01.58EF58EF45F5A.mxf; Avid MediaFiles/MXF/AVID2.1 20170412/KT8469_2.WA02.58EF58EF45F5A.mxf; Avid MediaFiles/MXF/AVID2.1 20170412/KT8469_3.WA03.58EF58EF45F5A.mxf; Avid MediaFiles/MXF/AVID2.1 20170412/KT8469_4.WA04.58EF58EF45F5A.mxf; Avid MediaFiles/MXF/AVID2.1 20170412/KT8469_7.WA07.58EF58EF45F5A.mxf; Avid MediaFiles/MXF/AVID2.1 20170412/KT8469_8.WA08.58EF58EF45F5A.mxf
417,KT8472_1.WA01.58EF58EF4609A; KT8472_2.WA02.58EF58EF4609A; KT8472_3.WA03.58EF58EF4609A; KT8472_4.WA04.58EF58EF4609A; KT8472_7.WA07.58EF58EF4609A; KT8472_8.WA08.58EF58EF4609A;     523C /t 3   ,2:ecdbc008232e00e7be44ef270d3114ab; 2:8ae895fa89647575cbcac1265ea04bb6; 2:aabb8aee4826808ffeec3f56ff3acd72; 2:4383965746fbed6204f92e98e711e18e; 2:1e18fd1149acfd9614e9501fa6851b06; 2:937b58734904c4e7000383369cd34743,00:00:00:00:100/1,00:00:41:12:100/1,Avid MediaFiles/MXF/AVID2.1 20170412/KT8472_1.WA01.58EF58EF4609A.mxf; Avid MediaFiles/MXF/AVID2.1 20170412/KT8472_2.WA02.58EF58EF4609A.mxf; Avid MediaFiles/MXF/AVID2.1 20170412/KT8472_3.WA03.58EF58EF4609A.mxf; Avid MediaFiles/MXF/AVID2.1 20170412/KT8472_4.WA04.58EF58EF4609A.mxf; Avid MediaFiles/MXF/AVID2.1 20170412/KT8472_7.WA07.58EF58EF4609A.mxf; Avid MediaFiles/MXF/AVID2.1 20170412/KT8472_8.WA08.58EF58EF4609A.mxf
418,KT8470_1.WA01.58EF58EF45FFA; KT8470_2.WA02.58EF58EF45FFA; KT8470_3.WA03.58EF58EF45FFA; KT8470_4.WA04.58EF58EF45FFA; KT8470_7.WA07.58EF58EF45FFA; KT8470_8.WA08.58EF58EF45FFA;     523C /t 1   ,2:95cbf0a3323a12d4006c45e0568eb055; 2:4e178e64980ad845d8902f53ca4b811b; 2:0ee18cf0a94b87bdc1d5767588013b88; 2:0584b09a94577bfb14bc749c189a80e5; 2:fc82406867c5c20627568ffeb5087ca5; 2:6893174faf35aa534dcae30ad5647bb4,00:00:00:00:100/1,00:01:03:20:100/1,Avid MediaFiles/MXF/AVID2.1 20170412/KT8470_1.WA01.58EF58EF45FFA.mxf; Avid MediaFiles/MXF/AVID2.1 20170412/KT8470_2.WA02.58EF58EF45FFA.mxf; Avid MediaFiles/MXF/AVID2.1 20170412/KT8470_3.WA03.58EF58EF45FFA.mxf; Avid MediaFiles/MXF/AVID2.1 20170412/KT8470_4.WA04.58EF58EF45FFA.mxf; Avid MediaFiles/MXF/AVID2.1 20170412/KT8470_7.WA07.58EF58EF45FFA.mxf; Avid MediaFiles/MXF/AVID2.1 20170412/KT8470_8.WA08.58EF58EF45FFA.mxf
419,KT8471_1.WA01.58EF58EF4605A; KT8471_2.WA02.58EF58EF4605A; KT8471_3.WA03.58EF58EF4605A; KT8471_4.WA04.58EF58EF4605A; KT8471_7.WA07.58EF58EF4605A; KT8471_8.WA08.58EF58EF4605A;     523C /t 2   ,2:9b6bf5db2da62e7e39af81973ec83c6f; 2:5fcffb81c3cb6bf85a89b3af4f00747b; 2:f34f2ebba35714766e0107f1647f2ec4; 2:89e6af0f679efb0ff5fe750248aa1fce; 2:997042fe78ecf845b80d3244c7ba874c; 2:a45b32c2cc58a24a5c0bd8044e6bc708,00:00:00:00:100/1,00:00:55:96:100/1,Avid MediaFiles/MXF/AVID2.1 20170412/KT8471_1.WA01.58EF58EF4605A.mxf; Avid MediaFiles/MXF/AVID2.1 20170412/KT8471_2.WA02.58EF58EF4605A.mxf; Avid MediaFiles/MXF/AVID2.1 20170412/KT8471_3.WA03.58EF58EF4605A.mxf; Avid MediaFiles/MXF/AVID2.1 20170412/KT8471_4.WA04.58EF58EF4605A.mxf; Avid MediaFiles/MXF/AVID2.1 20170412/KT8471_7.WA07.58EF58EF4605A.mxf; Avid MediaFiles/MXF/AVID2.1 20170412/KT8471_8.WA08.58EF58EF4605A.mxf
420,KT8475_1.WA01.58EF58EF4617A; KT8475_2.WA02.58EF58EF4617A; KT8475_3.WA03.58EF58EF4617A; KT8475_4.WA04.58EF58EF4617A; KT8475_7.WA07.58EF58EF4617A; KT8475_8.WA08.58EF58EF4617A;     523D /t 1   ,2:fe5e5e557b5694b43978ce2d7d74ab49; 2:496ef9a2d64a13231ba6d0289a329566; 2:a11daf9bd1e272276201580333e3ba08; 2:70260202aaefe37a9fd7de6580a5e8b6; 2:a2d5018a326ec91e971fd8dc36d7c3b2; 2:4030d788d86d7fe55fd6f3ee5e997b9b,00:00:00:00:100/1,00:02:17:96:100/1,Avid MediaFiles/MXF/AVID2.1 20170412/KT8475_1.WA01.58EF58EF4617A.mxf; Avid MediaFiles/MXF/AVID2.1 20170412/KT8475_2.WA02.58EF58EF4617A.mxf; Avid MediaFiles/MXF/AVID2.1 20170412/KT8475_3.WA03.58EF58EF4617A.mxf; Avid MediaFiles/MXF/AVID2.1 20170412/KT8475_4.WA04.58EF58EF4617A.mxf; Avid MediaFiles/MXF/AVID2.1 20170412/KT8475_7.WA07.58EF58EF4617A.mxf; Avid MediaFiles/MXF/AVID2.1 20170412/KT8475_8.WA08.58EF58EF4617A.mxf
421,KT8473_1.WA01.58EF58EF460DA; KT8473_2.WA02.58EF58EF460DA; KT8473_3.WA03.58EF58EF460DA; KT8473_4.WA04.58EF58EF460DA; KT8473_7.WA07.58EF58EF460DA; KT8473_8.WA08.58EF58EF460DA;     523C /t 4   ,2:66ecc26395cbe74607a7ddb14f63efb0; 2:8c2daaecd5c7902866c1b600f99c7051; 2:f03302e8016f09dfc538dccc0f10b408; 2:c88b2e3a983ffc7c478348c064c258c6; 2:58807558bcff9bd4e6af3ee219269615; 2:f6d84b1f0b323bb6def73df2561a97ea,00:00:00:00:100/1,00:00:55:84:100/1,Avid MediaFiles/MXF/AVID2.1 20170412/KT8473_1.WA01.58EF58EF460DA.mxf; Avid MediaFiles/MXF/AVID2.1 20170412/KT8473_2.WA02.58EF58EF460DA.mxf; Avid MediaFiles/MXF/AVID2.1 20170412/KT8473_3.WA03.58EF58EF460DA.mxf; Avid MediaFiles/MXF/AVID2.1 20170412/KT8473_4.WA04.58EF58EF460DA.mxf; Avid MediaFiles/MXF/AVID2.1 20170412/KT8473_7.WA07.58EF58EF460DA.mxf; Avid MediaFiles/MXF/AVID2.1 20170412/KT8473_8.WA08.58EF58EF460DA.mxf
422,KT8474_1.WA01.58EF58EF4612A; KT8474_2.WA02.58EF58EF4612A; KT8474_3.WA03.58EF58EF4612A; KT8474_4.WA04.58EF58EF4612A; KT8474_7.WA07.58EF58EF4612A; KT8474_8.WA08.58EF58EF4612A;     523C /t 5   ,2:0e051ef307984f2ecf31fd4961219ef0; 2:d4467bdbf165217bc05bfe925f38f99f; 2:bd7bc24cf7f25e4dfba83c28b36d2058; 2:52b01cae32e42243c8b17bca58844373; 2:3d169fe6736703af1ae036fce7ac96a0; 2:4ac40241bb1eb96d57061708b964a533,00:00:00:00:100/1,00:00:56:00:100/1,Avid MediaFiles/MXF/AVID2.1 20170412/KT8474_1.WA01.58EF58EF4612A.mxf; Avid MediaFiles/MXF/AVID2.1 20170412/KT8474_2.WA02.58EF58EF4612A.mxf; Avid MediaFiles/MXF/AVID2.1 20170412/KT8474_3.WA03.58EF58EF4612A.mxf; Avid MediaFiles/MXF/AVID2.1 20170412/KT8474_4.WA04.58EF58EF4612A.mxf; Avid MediaFiles/MXF/AVID2.1 20170412/KT8474_7.WA07.58EF58EF4612A.mxf; Avid MediaFiles/MXF/AVID2.1 20170412/KT8474_8.WA08.58EF58EF4612A.mxf
423,KT8476_1.WA01.58EF58EF4621A; KT8476_2.WA02.58EF58EF4621A; KT8476_3.WA03.58EF58EF4621A; KT8476_4.WA04.58EF58EF4621A; KT8476_7.WA07.58EF58EF4622A; KT8476_8.WA08.58EF58EF4622A;     523D /t 2   ,2:252167e10090acb3baa1b5bffc58ffb0; 2:2194c2c3a2b5d1c2182e44194e84eb4f; 2:8b20e4668c567bedd95904b3c0b72911; 2:b32cf48fc87b7d032c53d06fb3e7abb2; 2:c39a6b37d5d2f579658e086ebdd6fa98; 2:3f576e11041be631c85b383198dc46bb,00:00:00:00:100/1,00:03:01:80:100/1,Avid MediaFiles/MXF/AVID2.1 20170412/KT8476_1.WA01.58EF58EF4621A.mxf; Avid MediaFiles/MXF/AVID2.1 20170412/KT8476_2.WA02.58EF58EF4621A.mxf; Avid MediaFiles/MXF/AVID2.1 20170412/KT8476_3.WA03.58EF58EF4621A.mxf; Avid MediaFiles/MXF/AVID2.1 20170412/KT8476_4.WA04.58EF58EF4621A.mxf; Avid MediaFiles/MXF/AVID2.1 20170412/KT8476_7.WA07.58EF58EF4622A.mxf; Avid MediaFiles/MXF/AVID2.1 20170412/KT8476_8.WA08.58EF58EF4622A.mxf
424,KT8477_1.WA01.58EF58EF462FA; KT8477_2.WA02.58EF58EF462FA; KT8477_7.WA07.58EF58EF4630A; KT8477_8.WA08.58EF58EF4630A;     523  /w 1   ,2:87e2b681a8bc9a8cda1bf6879428466a; 2:de5e56acd7bb9f489d265e43bd0b4429; 2:3dee695fc340e6e54afa760970074f6a; 2:5b98c87787cdc9f4584ebe1f9e582cb8,00:00:00:00:100/1,00:01:16:00:100/1,Avid MediaFiles/MXF/AVID2.1 20170412/KT8477_1.WA01.58EF58EF462FA.mxf; Avid MediaFiles/MXF/AVID2.1 20170412/KT8477_2.WA02.58EF58EF462FA.mxf; Avid MediaFiles/MXF/AVID2.1 20170412/KT8477_7.WA07.58EF58EF4630A.mxf; Avid MediaFiles/MXF/AVID2.1 20170412/KT8477_8.WA08.58EF58EF4630A.mxf
425,KT8478-5.WA05.58EF58EF4634A; KT8478-6.WA06.58EF58EF4634A;     523  /w 2   ,2:54d5f8f517570dfbd129f8adfc331136; 2:48a2c71ec29731ad6cb39ec905fb5a14,00:00:00:00:100/1,00:02:24:88:100/1,Avid MediaFiles/MXF/AVID2.1 20170412/KT8478-5.WA05.58EF58EF4634A.mxf; Avid MediaFiles/MXF/AVID2.1 20170412/KT8478-6.WA06.58EF58EF4634A.mxf
426,KT8478_1.WA01.58EF58EF4637A; KT8478_7.WA07.58EF58EF4637A; KT8478_8.WA08.58EF58EF4637A;     523  /w 2   ,2:c38516b4381d020665499ca6efd18d49; 2:752f7aadeea2177caae717e72529d799; 2:cb4e4b9762e12c91fc681da6e7d5bdd3,00:00:00:00:100/1,00:02:24:88:100/1,Avid MediaFiles/MXF/AVID2.1 20170412/KT8478_1.WA01.58EF58EF4637A.mxf; Avid MediaFiles/MXF/AVID2.1 20170412/KT8478_7.WA07.58EF58EF4637A.mxf; Avid MediaFiles/MXF/AVID2.1 20170412/KT8478_8.WA08.58EF58EF4637A.mxf
427,KT8479-5.WA05.58EF58EF463DA; KT8479-6.WA06.58EF58EF463DA;     523  /w 3   ,2:72942f4cca2edae85657f4d5f77f8986; 2:377479159fc40affb0d0b406fffd0cd0,00:00:00:00:100/1,00:01:00:52:100/1,Avid MediaFiles/MXF/AVID2.1 20170412/KT8479-5.WA05.58EF58EF463DA.mxf; Avid MediaFiles/MXF/AVID2.1 20170412/KT8479-6.WA06.58EF58EF463DA.mxf
428,KT8479_1.WA01.58EF58EF463FA; KT8479_4.WA04.58EF58EF463FA; KT8479_7.WA07.58EF58EF463FA; KT8479_8.WA08.58EF58EF463FA;     523  /w 3   ,2:0653ab0f40488d30cec046c108af3ef4; 2:6e8ee2ae856d9a6dab9a6567c6c62420; 2:e17fa8bc9a7fe7a218b7b4546c7742b1; 2:45e5b6678dccda08f4d03f318ce4aa6d,00:00:00:00:100/1,00:01:00:52:100/1,Avid MediaFiles/MXF/AVID2.1 20170412/KT8479_1.WA01.58EF58EF463FA.mxf; Avid MediaFiles/MXF/AVID2.1 20170412/KT8479_4.WA04.58EF58EF463FA.mxf; Avid MediaFiles/MXF/AVID2.1 20170412/KT8479_7.WA07.58EF58EF463FA.mxf; Avid MediaFiles/MXF/AVID2.1 20170412/KT8479_8.WA08.58EF58EF463FA.mxf
429,KT8480-5.WA05.58EF58EF4642A; KT8480-6.WA06.58EF58EF4642A;     523  /w 4   ,2:f4183e343ad87660c41f3a907504c053; 2:3e8a4fc480e398a1c498cea483a64906,00:00:00:00:100/1,00:02:24:32:100/1,Avid MediaFiles/MXF/AVID2.1 20170412/KT8480-5.WA05.58EF58EF4642A.mxf; Avid MediaFiles/MXF/AVID2.1 20170412/KT8480-6.WA06.58EF58EF4642A.mxf
430,KT8480_1.WA01.58EF58EF4646A; KT8480_4.WA04.58EF58EF4646A; KT8480_7.WA07.58EF58EF4646A; KT8480_8.WA08.58EF58EF4646A;     523  /w 4   ,2:57ac83759873ff49e8fe9178c17e8a86; 2:d47f1ed60a804d1d78347822969f34ea; 2:252dab8d0c8ddbb971577956ac5753c8; 2:6da939be090334e6a60aa1b11404d11d,00:00:00:00:100/1,00:02:24:32:100/1,Avid MediaFiles/MXF/AVID2.1 20170412/KT8480_1.WA01.58EF58EF4646A.mxf; Avid MediaFiles/MXF/AVID2.1 20170412/KT8480_4.WA04.58EF58EF4646A.mxf; Avid MediaFiles/MXF/AVID2.1 20170412/KT8480_7.WA07.58EF58EF4646A.mxf; Avid MediaFiles/MXF/AVID2.1 20170412/KT8480_8.WA08.58EF58EF4646A.mxf
431,KT8481-5.WA05.58EF58EF464DA; KT8481-6.WA06.58EF58EF464DA;     523  /w 5   ,2:beb4d2403e67efb517c728d542a51465; 2:fb67c4c3b6a9180a01bc02ce289d68e8,00:00:00:00:100/1,00:01:16:68:100/1,Avid MediaFiles/MXF/AVID2.1 20170412/KT8481-5.WA05.58EF58EF464DA.mxf; Avid MediaFiles/MXF/AVID2.1 20170412/KT8481-6.WA06.58EF58EF464DA.mxf
432,KT8482-5.WA05.58EF58EF4653A; KT8482-6.WA06.58EF58EF4653A;     339  /w 1   ,2:59c055348845bb98ddbab9219904cdbf; 2:c3d01b6878717725188b59226fb96121,00:00:00:00:100/1,00:01:06:64:100/1,Avid MediaFiles/MXF/AVID2.1 20170412/KT8482-5.WA05.58EF58EF4653A.mxf; Avid MediaFiles/MXF/AVID2.1 20170412/KT8482-6.WA06.58EF58EF4653A.mxf
433,KT8481_1.WA01.58EF58EF464FA; KT8481_7.WA07.58EF58EF464FA; KT8481_8.WA08.58EF58EF4650A;     523  /w 5   ,2:6f52656788111d7a443368c9a4072427; 2:3a3a00036862fb24f8ab3ad5bc16c637; 2:e71c55671678d5af1fdb8d6f6f45b016,00:00:00:00:100/1,00:01:16:68:100/1,Avid MediaFiles/MXF/AVID2.1 20170412/KT8481_1.WA01.58EF58EF464FA.mxf; Avid MediaFiles/MXF/AVID2.1 20170412/KT8481_7.WA07.58EF58EF464FA.mxf; Avid MediaFiles/MXF/AVID2.1 20170412/KT8481_8.WA08.58EF58EF4650A.mxf
434,KT8483-5.WA05.58EF58EF4657A; KT8483-6.WA06.58EF58EF4657A;     339  /w 2   ,2:d1dadb2fe1df1b45d359ee810de1c61e; 2:280344473877a68630d34db7ff3094fb,00:00:00:00:100/1,00:01:55:52:100/1,Avid MediaFiles/MXF/AVID2.1 20170412/KT8483-5.WA05.58EF58EF4657A.mxf; Avid MediaFiles/MXF/AVID2.1 20170412/KT8483-6.WA06.58EF58EF4657A.mxf
435,KT8482_1.WA01.58EF58EF4654A; KT8482_7.WA07.58EF58EF4654A; KT8482_8.WA08.58EF58EF4655A;     339  /w 1   ,2:1d8495155162b604c3b15cd9386dc234; 2:643d4491d99926452fdc92046ea57d46; 2:5dc49b8b80ddd855be2cd11e87da09f7,00:00:00:00:100/1,00:01:06:64:100/1,Avid MediaFiles/MXF/AVID2.1 20170412/KT8482_1.WA01.58EF58EF4654A.mxf; Avid MediaFiles/MXF/AVID2.1 20170412/KT8482_7.WA07.58EF58EF4654A.mxf; Avid MediaFiles/MXF/AVID2.1 20170412/KT8482_8.WA08.58EF58EF4655A.mxf
436,KT8483_1.WA01.58EF58EF465AA; KT8483_7.WA07.58EF58EF465AA; KT8483_8.WA08.58EF58EF465AA;     339  /w 2   ,2:e92a77e40a18e19eca35f127bc334087; 2:bae53cbd9794d02c684c78d18d13f9d1; 2:02f4fc497149c39e99d7779a0738a367,00:00:00:00:100/1,00:01:55:52:100/1,Avid MediaFiles/MXF/AVID2.1 20170412/KT8483_1.WA01.58EF58EF465AA.mxf; Avid MediaFiles/MXF/AVID2.1 20170412/KT8483_7.WA07.58EF58EF465AA.mxf; Avid MediaFiles/MXF/AVID2.1 20170412/KT8483_8.WA08.58EF58EF465AA.mxf
437,KT8485_1.WA01.58EF58EF4662A; KT8485_2.WA02.58EF58EF4662A; KT8485_3.WA03.58EF58EF4662A; KT8485_4.WA04.58EF58EF4662A; KT8485_7.WA07.58EF58EF4662A; KT8485_8.WA08.58EF58EF4662A;     530  /t 1   ,2:2d124568490382ba32cd39df74a37e92; 2:d455ddc6fbb09edf3dd4180bc9e3565d; 2:f4be0b09e8f732db65d931b0d9e6a746; 2:b44349f8b36268c7dafe6c937a0ab409; 2:da1e7f7ef3d7e129daac04ef24117dea; 2:8422b8ff4d18f431cf1f8fe79441eca1,00:00:00:00:100/1,00:01:19:16:100/1,Avid MediaFiles/MXF/AVID2.1 20170412/KT8485_1.WA01.58EF58EF4662A.mxf; Avid MediaFiles/MXF/AVID2.1 20170412/KT8485_2.WA02.58EF58EF4662A.mxf; Avid MediaFiles/MXF/AVID2.1 20170412/KT8485_3.WA03.58EF58EF4662A.mxf; Avid MediaFiles/MXF/AVID2.1 20170412/KT8485_4.WA04.58EF58EF4662A.mxf; Avid MediaFiles/MXF/AVID2.1 20170412/KT8485_7.WA07.58EF58EF4662A.mxf; Avid MediaFiles/MXF/AVID2.1 20170412/KT8485_8.WA08.58EF58EF4662A.mxf
438,KT8486_1.WA01.58EF58EF4668A; KT8486_2.WA02.58EF58EF4668A; KT8486_3.WA03.58EF58EF4668A; KT8486_4.WA04.58EF58EF4668A; KT8486_7.WA07.58EF58EF4668A; KT8486_8.WA08.58EF58EF4668A;     530  /t 2   ,2:9b9ce7c15d793d6eb6f9d24331fbba62; 2:51862af3251fed323c199d20219d8b0b; 2:da4dffaa52b941e7b4dad321a5d8ca05; 2:51ea1e2f641826dcd363372b286dc790; 2:759e010b536cd94a1dd02ffc3ebf63ff; 2:9c5debb228723eb6da7bf43b7165b0af,00:00:00:00:100/1,00:01:15:48:100/1,Avid MediaFiles/MXF/AVID2.1 20170412/KT8486_1.WA01.58EF58EF4668A.mxf; Avid MediaFiles/MXF/AVID2.1 20170412/KT8486_2.WA02.58EF58EF4668A.mxf; Avid MediaFiles/MXF/AVID2.1 20170412/KT8486_3.WA03.58EF58EF4668A.mxf; Avid MediaFiles/MXF/AVID2.1 20170412/KT8486_4.WA04.58EF58EF4668A.mxf; Avid MediaFiles/MXF/AVID2.1 20170412/KT8486_7.WA07.58EF58EF4668A.mxf; Avid MediaFiles/MXF/AVID2.1 20170412/KT8486_8.WA08.58EF58EF4668A.mxf
439,KT8484_1.WA01.58EF58EF465FA; KT8484_2.WA02.58EF58EF465FA; KT8484_3.WA03.58EF58EF465FA; KT8484_4.WA04.58EF58EF465FA; KT8484_7.WA07.58EF58EF465FA; KT8484_8.WA08.58EF58EF465FA;     530  /n 1   ,2:8ec2ca809924f536994880280ddc8e83; 2:b76493d7ce5ba018f16ba6aa88f2f3a0; 2:51231f379d0ac8c6a818a266dc4b51d3; 2:724e7369f593cff5c11b804d355544d2; 2:6e5e2799a49797ec10dd9813d6beb222; 2:1728b37caca599d05fb25fdf6081cbdb,00:00:00:00:100/1,00:00:32:36:100/1,Avid MediaFiles/MXF/AVID2.1 20170412/KT8484_1.WA01.58EF58EF465FA.mxf; Avid MediaFiles/MXF/AVID2.1 20170412/KT8484_2.WA02.58EF58EF465FA.mxf; Avid MediaFiles/MXF/AVID2.1 20170412/KT8484_3.WA03.58EF58EF465FA.mxf; Avid MediaFiles/MXF/AVID2.1 20170412/KT8484_4.WA04.58EF58EF465FA.mxf; Avid MediaFiles/MXF/AVID2.1 20170412/KT8484_7.WA07.58EF58EF465FA.mxf; Avid MediaFiles/MXF/AVID2.1 20170412/KT8484_8.WA08.58EF58EF465FA.mxf
440,KT8487_1.WA01.58EF58EF466EA; KT8487_2.WA02.58EF58EF466EA; KT8487_3.WA03.58EF58EF466EA; KT8487_4.WA04.58EF58EF466FA; KT8487_7.WA07.58EF58EF466FA; KT8487_8.WA08.58EF58EF466FA;     530  /t 3   ,2:9859b39139deea29465313298af195d9; 2:7d80e233e156779583f6a1b4f813da30; 2:8fdebb23b110b145a26ad8982326caba; 2:86377980a3abd1caf98fce1ed323e0aa; 2:57e39a042d0cc0090b0ebbc316f49c53; 2:2bd2d7b94695036996723e197a877fc3,00:00:00:00:100/1,00:01:15:48:100/1,Avid MediaFiles/MXF/AVID2.1 20170412/KT8487_1.WA01.58EF58EF466EA.mxf; Avid MediaFiles/MXF/AVID2.1 20170412/KT8487_2.WA02.58EF58EF466EA.mxf; Avid MediaFiles/MXF/AVID2.1 20170412/KT8487_3.WA03.58EF58EF466EA.mxf; Avid MediaFiles/MXF/AVID2.1 20170412/KT8487_4.WA04.58EF58EF466FA.mxf; Avid MediaFiles/MXF/AVID2.1 20170412/KT8487_7.WA07.58EF58EF466FA.mxf; Avid MediaFiles/MXF/AVID2.1 20170412/KT8487_8.WA08.58EF58EF466FA.mxf
441,KT8488_1.WA01.58EF58EF4675A; KT8488_2.WA02.58EF58EF4675A; KT8488_3.WA03.58EF58EF4675A; KT8488_4.WA04.58EF58EF4675A; KT8488_7.WA07.58EF58EF4675A; KT8488_8.WA08.58EF58EF4675A;     530  /t 4   ,2:b9a51d9abcc8faa8cbf1b2019b15ac62; 2:39db6ac8d4f92b0bf20dc3a3e70a6779; 2:7d84ce8771f4af167cc3ead5ac5c8bbd; 2:2d97ea9a24a430d374e73cf202f8150a; 2:ffaad6fddfb3ff365552b45bcc872fb9; 2:39e8018de4a72a5a962cdad3b975c195,00:00:00:00:100/1,00:01:17:44:100/1,Avid MediaFiles/MXF/AVID2.1 20170412/KT8488_1.WA01.58EF58EF4675A.mxf; Avid MediaFiles/MXF/AVID2.1 20170412/KT8488_2.WA02.58EF58EF4675A.mxf; Avid MediaFiles/MXF/AVID2.1 20170412/KT8488_3.WA03.58EF58EF4675A.mxf; Avid MediaFiles/MXF/AVID2.1 20170412/KT8488_4.WA04.58EF58EF4675A.mxf; Avid MediaFiles/MXF/AVID2.1 20170412/KT8488_7.WA07.58EF58EF4675A.mxf; Avid MediaFiles/MXF/AVID2.1 20170412/KT8488_8.WA08.58EF58EF4675A.mxf
442,KT8489_1.WA01.58EF58EF467BA; KT8489_2.WA02.58EF58EF467BA; KT8489_3.WA03.58EF58EF467BA; KT8489_4.WA04.58EF58EF467BA; KT8489_7.WA07.58EF58EF467BA; KT8489_8.WA08.58EF58EF467BA;     530  /t 5   ,2:e1ae33eda0a4c20fbec47a55b6866037; 2:7b7c80b95404dcc60dbf5f4f990317cb; 2:9b8e51e43a3d742f1f096127e7ee6f43; 2:2ed1c7fa8ed3325b7f26220282c90be2; 2:db5eae17fa40fa89253df75ee9018a09; 2:9c85a8045837dfde51cdcc90ff2963c4,00:00:00:00:100/1,00:00:39:08:100/1,Avid MediaFiles/MXF/AVID2.1 20170412/KT8489_1.WA01.58EF58EF467BA.mxf; Avid MediaFiles/MXF/AVID2.1 20170412/KT8489_2.WA02.58EF58EF467BA.mxf; Avid MediaFiles/MXF/AVID2.1 20170412/KT8489_3.WA03.58EF58EF467BA.mxf; Avid MediaFiles/MXF/AVID2.1 20170412/KT8489_4.WA04.58EF58EF467BA.mxf; Avid MediaFiles/MXF/AVID2.1 20170412/KT8489_7.WA07.58EF58EF467BA.mxf; Avid MediaFiles/MXF/AVID2.1 20170412/KT8489_8.WA08.58EF58EF467BA.mxf
443,KT8490_1.WA01.58EF58EF467EA; KT8490_2.WA02.58EF58EF467EA; KT8490_3.WA03.58EF58EF467EA; KT8490_4.WA04.58EF58EF467EA; KT8490_7.WA07.58EF58EF467EA; KT8490_8.WA08.58EF58EF467FA;     530  /t 6   ,2:473ca352fd5a307afb22e70bf943dddf; 2:a95c42680d7b5c69835ce9c7448e1176; 2:0c2f7169ed5f97cb38c8e2294c8580e3; 2:f9c5614951c635ef1733962ea9567bb4; 2:64b48b83eb88507cf23d585df865c7dd; 2:58f498dba9543b93aa4d83c84e7f2c24,00:00:00:00:100/1,00:01:18:16:100/1,Avid MediaFiles/MXF/AVID2.1 20170412/KT8490_1.WA01.58EF58EF467EA.mxf; Avid MediaFiles/MXF/AVID2.1 20170412/KT8490_2.WA02.58EF58EF467EA.mxf; Avid MediaFiles/MXF/AVID2.1 20170412/KT8490_3.WA03.58EF58EF467EA.mxf; Avid MediaFiles/MXF/AVID2.1 20170412/KT8490_4.WA04.58EF58EF467EA.mxf; Avid MediaFiles/MXF/AVID2.1 20170412/KT8490_7.WA07.58EF58EF467EA.mxf; Avid MediaFiles/MXF/AVID2.1 20170412/KT8490_8.WA08.58EF58EF467FA.mxf
444,KT8491_1.WA01.58EF58EF4685A; KT8491_2.WA02.58EF58EF4685A; KT8491_3.WA03.58EF58EF4685A; KT8491_4.WA04.58EF58EF4685A; KT8491_7.WA07.58EF58EF4685A; KT8491_8.WA08.58EF58EF4685A;     530A /t 1   ,2:c471ea1bd676af5e311149c2e5c5067a; 2:67e663c7616c147f861ff7ed73fce9b1; 2:d818568eed0010b6a37e54c57df72689; 2:1c3e9e0a0ce879eb69d2141c936a2a76; 2:1d4169ee719ce4c9649bc850c8cb024e; 2:8bcc5734409ddfafa874164f70de6bf3,00:00:00:00:100/1,00:01:17:36:100/1,Avid MediaFiles/MXF/AVID2.1 20170412/KT8491_1.WA01.58EF58EF4685A.mxf; Avid MediaFiles/MXF/AVID2.1 20170412/KT8491_2.WA02.58EF58EF4685A.mxf; Avid MediaFiles/MXF/AVID2.1 20170412/KT8491_3.WA03.58EF58EF4685A.mxf; Avid MediaFiles/MXF/AVID2.1 20170412/KT8491_4.WA04.58EF58EF4685A.mxf; Avid MediaFiles/MXF/AVID2.1 20170412/KT8491_7.WA07.58EF58EF4685A.mxf; Avid MediaFiles/MXF/AVID2.1 20170412/KT8491_8.WA08.58EF58EF4685A.mxf
445,KT8492_1.WA01.58EF58EF468BA; KT8492_2.WA02.58EF58EF468BA; KT8492_3.WA03.58EF58EF468BA; KT8492_4.WA04.58EF58EF468BA; KT8492_7.WA07.58EF58EF468BA; KT8492_8.WA08.58EF58EF468BA;     530A /t 2   ,2:a0db8fe1e0cdba042a7d838386eeb8c8; 2:1898a8bf5dcb03eddfcfa0508171581e; 2:64e7b0b1a72dc2731a94aa6e2c372ecd; 2:b3129cbe4e2a7a06d88329dfbb6fe2e6; 2:ca6509e450c7019447d737bd28030d49; 2:f02b7cd81981d673b7c96ae5e8bb6f00,00:00:00:00:100/1,00:01:17:76:100/1,Avid MediaFiles/MXF/AVID2.1 20170412/KT8492_1.WA01.58EF58EF468BA.mxf; Avid MediaFiles/MXF/AVID2.1 20170412/KT8492_2.WA02.58EF58EF468BA.mxf; Avid MediaFiles/MXF/AVID2.1 20170412/KT8492_3.WA03.58EF58EF468BA.mxf; Avid MediaFiles/MXF/AVID2.1 20170412/KT8492_4.WA04.58EF58EF468BA.mxf; Avid MediaFiles/MXF/AVID2.1 20170412/KT8492_7.WA07.58EF58EF468BA.mxf; Avid MediaFiles/MXF/AVID2.1 20170412/KT8492_8.WA08.58EF58EF468BA.mxf
446,KT8493_1.WA01.58EF58EF4691A; KT8493_2.WA02.58EF58EF4691A; KT8493_3.WA03.58EF58EF4691A; KT8493_4.WA04.58EF58EF4691A; KT8493_7.WA07.58EF58EF4691A; KT8493_8.WA08.58EF58EF4692A;     530A /t 3   ,2:036362e7c6c2892190deb9168b087835; 2:7e77bbaacd93cfe796ff019ef462e855; 2:7d3fe20ccc26d2925c7d6e5dfd599fae; 2:eee20cbe9b7ea0469eb25826ab73ca91; 2:e34ce1a805e6e544acbe74c961da932a; 2:b34f23bc11f7dbbf582c515e1154d87e,00:00:00:00:100/1,00:01:19:52:100/1,Avid MediaFiles/MXF/AVID2.1 20170412/KT8493_1.WA01.58EF58EF4691A.mxf; Avid MediaFiles/MXF/AVID2.1 20170412/KT8493_2.WA02.58EF58EF4691A.mxf; Avid MediaFiles/MXF/AVID2.1 20170412/KT8493_3.WA03.58EF58EF4691A.mxf; Avid MediaFiles/MXF/AVID2.1 20170412/KT8493_4.WA04.58EF58EF4691A.mxf; Avid MediaFiles/MXF/AVID2.1 20170412/KT8493_7.WA07.58EF58EF4691A.mxf; Avid MediaFiles/MXF/AVID2.1 20170412/KT8493_8.WA08.58EF58EF4692A.mxf
447,KT8494_1.WA01.58EF58EF4698A; KT8494_2.WA02.58EF58EF4698A; KT8494_3.WA03.58EF58EF4698A; KT8494_4.WA04.58EF58EF4698A; KT8494_7.WA07.58EF58EF4698A; KT8494_8.WA08.58EF58EF4698A;    B530  /t 1   ,2:ed6b784ec6f3e0a5254ba25d19eab372; 2:7d4cf3a550fd74bd2ba1244e434c9991; 2:d93a45ce316c58dd06cdc4ac70e4fda5; 2:6f036a2ea05a9002bc3f4acf7b012764; 2:0f26f53eae9f07bf430e108c47a5d442; 2:0669a32e5f9c5da46515b696a63e3499,00:00:00:00:100/1,00:01:43:72:100/1,Avid MediaFiles/MXF/AVID2.1 20170412/KT8494_1.WA01.58EF58EF4698A.mxf; Avid MediaFiles/MXF/AVID2.1 20170412/KT8494_2.WA02.58EF58EF4698A.mxf; Avid MediaFiles/MXF/AVID2.1 20170412/KT8494_3.WA03.58EF58EF4698A.mxf; Avid MediaFiles/MXF/AVID2.1 20170412/KT8494_4.WA04.58EF58EF4698A.mxf; Avid MediaFiles/MXF/AVID2.1 20170412/KT8494_7.WA07.58EF58EF4698A.mxf; Avid MediaFiles/MXF/AVID2.1 20170412/KT8494_8.WA08.58EF58EF4698A.mxf
448,KT8495_1.WA01.58EF58EF46A0A; KT8495_2.WA02.58EF58EF46A0A; KT8495_3.WA03.58EF58EF46A0A; KT8495_4.WA04.58EF58EF46A0A; KT8495_7.WA07.58EF58EF46A0A; KT8495_8.WA08.58EF58EF46A0A;    B530  /t 2   ,2:11131039bd0b92579463f04a18b2bfae; 2:1ad21342702b44c1dabd47f6008eb430; 2:7ed21f254f199de414965494b3e33d94; 2:9b570ad87415114282997dae82510359; 2:c9f1bceb104bded3b26b81e580e69280; 2:97a452f183839c2cb6549e6e3134a5d6,00:00:00:00:100/1,00:00:54:72:100/1,Avid MediaFiles/MXF/AVID2.1 20170412/KT8495_1.WA01.58EF58EF46A0A.mxf; Avid MediaFiles/MXF/AVID2.1 20170412/KT8495_2.WA02.58EF58EF46A0A.mxf; Avid MediaFiles/MXF/AVID2.1 20170412/KT8495_3.WA03.58EF58EF46A0A.mxf; Avid MediaFiles/MXF/AVID2.1 20170412/KT8495_4.WA04.58EF58EF46A0A.mxf; Avid MediaFiles/MXF/AVID2.1 20170412/KT8495_7.WA07.58EF58EF46A0A.mxf; Avid MediaFiles/MXF/AVID2.1 20170412/KT8495_8.WA08.58EF58EF46A0A.mxf
449,KT8496_1.WA01.58EF58EF46A5A; KT8496_2.WA02.58EF58EF46A5A; KT8496_3.WA03.58EF58EF46A5A; KT8496_4.WA04.58EF58EF46A5A; KT8496_7.WA07.58EF58EF46A5A; KT8496_8.WA08.58EF58EF46A5A;    B530  /t 3   ,2:bdca8640e31e083777f43e4818de5cd9; 2:5b8c652d78bb94f8a004b610f8955719; 2:a37b12253c3001e58e5271e26bf243c7; 2:c727cb531987918a824ae9723c865d13; 2:602668dcd3fe60230ee101e2234e5648; 2:b792eff8af406d68e14c325a1894b854,00:00:00:00:100/1,00:01:34:04:100/1,Avid MediaFiles/MXF/AVID2.1 20170412/KT8496_1.WA01.58EF58EF46A5A.mxf; Avid MediaFiles/MXF/AVID2.1 20170412/KT8496_2.WA02.58EF58EF46A5A.mxf; Avid MediaFiles/MXF/AVID2.1 20170412/KT8496_3.WA03.58EF58EF46A5A.mxf; Avid MediaFiles/MXF/AVID2.1 20170412/KT8496_4.WA04.58EF58EF46A5A.mxf; Avid MediaFiles/MXF/AVID2.1 20170412/KT8496_7.WA07.58EF58EF46A5A.mxf; Avid MediaFiles/MXF/AVID2.1 20170412/KT8496_8.WA08.58EF58EF46A5A.mxf
450,KT8497_1.WA01.58EF58EF46ACA; KT8497_2.WA02.58EF58EF46ACA; KT8497_3.WA03.58EF58EF46ACA; KT8497_4.WA04.58EF58EF46ACA; KT8497_7.WA07.58EF58EF46ACA; KT8497_8.WA08.58EF58EF46ACA;    B530A /t 1   ,2:e23d1c3f1d74115b2126e046efeaf0cc; 2:f03dd78339ae7d598e8a50a2579a89c3; 2:325d1195755877c86b48e99194dd5eea; 2:fd5e8539242cdd11cf3ee7bdc5d36f9f; 2:ea7ec7e74ab961e5f11b02e7d121ff5f; 2:b309e8bc2d65c93e80429fe3c97d1216,00:00:00:00:100/1,00:01:37:12:100/1,Avid MediaFiles/MXF/AVID2.1 20170412/KT8497_1.WA01.58EF58EF46ACA.mxf; Avid MediaFiles/MXF/AVID2.1 20170412/KT8497_2.WA02.58EF58EF46ACA.mxf; Avid MediaFiles/MXF/AVID2.1 20170412/KT8497_3.WA03.58EF58EF46ACA.mxf; Avid MediaFiles/MXF/AVID2.1 20170412/KT8497_4.WA04.58EF58EF46ACA.mxf; Avid MediaFiles/MXF/AVID2.1 20170412/KT8497_7.WA07.58EF58EF46ACA.mxf; Avid MediaFiles/MXF/AVID2.1 20170412/KT8497_8.WA08.58EF58EF46ACA.mxf
451,KT8498_1.WA01.58EF58EF46B4A; KT8498_2.WA02.58EF58EF46B4A; KT8498_3.WA03.58EF58EF46B4A; KT8498_4.WA04.58EF58EF46B4A; KT8498_7.WA07.58EF58EF46B4A; KT8498_8.WA08.58EF58EF46B4A;    B530B /t 1   ,2:3f12f8f34783206d8150f8063ec30b4b; 2:bac2b05bb180bddd8c6cc719807a72b9; 2:5d8aef85d43955aeebab56d0b12c2a54; 2:ed867f13de6906d766299872cae868f3; 2:bcf7f30f4d877a3dd947d5b63c2b79a1; 2:70af3639ef5ff9742bcb924cee93d111,00:00:00:00:100/1,00:01:34:48:100/1,Avid MediaFiles/MXF/AVID2.1 20170412/KT8498_1.WA01.58EF58EF46B4A.mxf; Avid MediaFiles/MXF/AVID2.1 20170412/KT8498_2.WA02.58EF58EF46B4A.mxf; Avid MediaFiles/MXF/AVID2.1 20170412/KT8498_3.WA03.58EF58EF46B4A.mxf; Avid MediaFiles/MXF/AVID2.1 20170412/KT8498_4.WA04.58EF58EF46B4A.mxf; Avid MediaFiles/MXF/AVID2.1 20170412/KT8498_7.WA07.58EF58EF46B4A.mxf; Avid MediaFiles/MXF/AVID2.1 20170412/KT8498_8.WA08.58EF58EF46B4A.mxf
452,KT8499_1.WA01.58EF58EF46BCA; KT8499_2.WA02.58EF58EF46BCA; KT8499_3.WA03.58EF58EF46BCA; KT8499_4.WA04.58EF58EF46BCA; KT8499_7.WA07.58EF58EF46BCA; KT8499_8.WA08.58EF58EF46BCA;    B530B /t 2   ,2:267d757970269bd9b43797ce749e2980; 2:6ac88f96ee44db413b9d05c807f15b6a; 2:f352ca6b1569ffef90033a4d315162ef; 2:805c944e4b88ab5ece0cef3d04b1e120; 2:89672b322ae409df03303b41e055311e; 2:005ec4cf645994e3d0f83dfd0a8dab17,00:00:00:00:100/1,00:01:05:08:100/1,Avid MediaFiles/MXF/AVID2.1 20170412/KT8499_1.WA01.58EF58EF46BCA.mxf; Avid MediaFiles/MXF/AVID2.1 20170412/KT8499_2.WA02.58EF58EF46BCA.mxf; Avid MediaFiles/MXF/AVID2.1 20170412/KT8499_3.WA03.58EF58EF46BCA.mxf; Avid MediaFiles/MXF/AVID2.1 20170412/KT8499_4.WA04.58EF58EF46BCA.mxf; Avid MediaFiles/MXF/AVID2.1 20170412/KT8499_7.WA07.58EF58EF46BCA.mxf; Avid MediaFiles/MXF/AVID2.1 20170412/KT8499_8.WA08.58EF58EF46BCA.mxf
453,KT8500_1.WA01.58EF58EF46C1A; KT8500_2.WA02.58EF58EF46C1A; KT8500_3.WA03.58EF58EF46C1A; KT8500_4.WA04.58EF58EF46C1A; KT8500_7.WA07.58EF58EF46C1A; KT8500_8.WA08.58EF58EF46C1A;    B530B /t 3   ,2:3dc62d0cfc2cfd5e17229acd48dbacce; 2:a2eb8d4c5126efdb104bd824dc923f9c; 2:3fb86f0916ccd66686f68e74681718a7; 2:710fdc11e9f1e3279484cd5cb2c8240f; 2:389c616c4a42d99fd23c33571a2d43b3; 2:b96b3386316ce96b1132e58872b3d4b7,00:00:00:00:100/1,00:01:28:80:100/1,Avid MediaFiles/MXF/AVID2.1 20170412/KT8500_1.WA01.58EF58EF46C1A.mxf; Avid MediaFiles/MXF/AVID2.1 20170412/KT8500_2.WA02.58EF58EF46C1A.mxf; Avid MediaFiles/MXF/AVID2.1 20170412/KT8500_3.WA03.58EF58EF46C1A.mxf; Avid MediaFiles/MXF/AVID2.1 20170412/KT8500_4.WA04.58EF58EF46C1A.mxf; Avid MediaFiles/MXF/AVID2.1 20170412/KT8500_7.WA07.58EF58EF46C1A.mxf; Avid MediaFiles/MXF/AVID2.1 20170412/KT8500_8.WA08.58EF58EF46C1A.mxf
454,KT8501_1.WA01.58EF58EF46C8A; KT8501_2.WA02.58EF58EF46C8A; KT8501_3.WA03.58EF58EF46C8A; KT8501_4.WA04.58EF58EF46C8A; KT8501_7.WA07.58EF58EF46C8A; KT8501_8.WA08.58EF58EF46C8A;    B530C /t 1   ,2:51ae554f9db262b4d5dd4baad2473548; 2:f09321fa56ae6fef513182f8792ad0b2; 2:e456079ace49d059b857bae5dd511936; 2:7896d5105ececcbbcffc8472b11406d3; 2:1394f352a469c4fa4e5b5e45cb83b94d; 2:cd3976d29faaacf28047767340a578a8,00:00:00:00:100/1,00:00:43:16:100/1,Avid MediaFiles/MXF/AVID2.1 20170412/KT8501_1.WA01.58EF58EF46C8A.mxf; Avid MediaFiles/MXF/AVID2.1 20170412/KT8501_2.WA02.58EF58EF46C8A.mxf; Avid MediaFiles/MXF/AVID2.1 20170412/KT8501_3.WA03.58EF58EF46C8A.mxf; Avid MediaFiles/MXF/AVID2.1 20170412/KT8501_4.WA04.58EF58EF46C8A.mxf; Avid MediaFiles/MXF/AVID2.1 20170412/KT8501_7.WA07.58EF58EF46C8A.mxf; Avid MediaFiles/MXF/AVID2.1 20170412/KT8501_8.WA08.58EF58EF46C8A.mxf
455,KT8502_1.WA01.58EF58EF46CCA; KT8502_2.WA02.58EF58EF46CCA; KT8502_3.WA03.58EF58EF46CCA; KT8502_4.WA04.58EF58EF46CCA; KT8502_7.WA07.58EF58EF46CCA; KT8502_8.WA08.58EF58EF46CCA;    B530C /t 2   ,2:dc81a06f7be70ecdb133213754769c1f; 2:32e89dd9a12c9c81ee03460319688f3f; 2:02cc0e2aefe189b7b399fca2347dfef9; 2:a3be2af237e34e703de6a015671ae615; 2:cb36f938c265d725131e191d7e39aad4; 2:797dfb6fe3a6933817eb69ae2982465e,00:00:00:00:100/1,00:01:30:16:100/1,Avid MediaFiles/MXF/AVID2.1 20170412/KT8502_1.WA01.58EF58EF46CCA.mxf; Avid MediaFiles/MXF/AVID2.1 20170412/KT8502_2.WA02.58EF58EF46CCA.mxf; Avid MediaFiles/MXF/AVID2.1 20170412/KT8502_3.WA03.58EF58EF46CCA.mxf; Avid MediaFiles/MXF/AVID2.1 20170412/KT8502_4.WA04.58EF58EF46CCA.mxf; Avid MediaFiles/MXF/AVID2.1 20170412/KT8502_7.WA07.58EF58EF46CCA.mxf; Avid MediaFiles/MXF/AVID2.1 20170412/KT8502_8.WA08.58EF58EF46CCA.mxf
456,KT8503_1.WA01.58EF58EF46D3A; KT8503_2.WA02.58EF58EF46D3A; KT8503_3.WA03.58EF58EF46D3A; KT8503_4.WA04.58EF58EF46D3A; KT8503_7.WA07.58EF58EF46D3A; KT8503_8.WA08.58EF58EF46D3A;    B530D /t 1   ,2:c72973be41c2af7628f16e7fa24eabab; 2:e2d312182e04e7a356add2293b9a48c9; 2:e16cf5a0d00a483c4ed7d528f6b2c7b2; 2:9ab14f040c310f41e92986678e774688; 2:08ad743ce3ab8d20d44a20bc0989ef47; 2:8a2e4ae9d888191654cec5dbb2ac5542,00:00:00:00:100/1,00:01:31:12:100/1,Avid MediaFiles/MXF/AVID2.1 20170412/KT8503_1.WA01.58EF58EF46D3A.mxf; Avid MediaFiles/MXF/AVID2.1 20170412/KT8503_2.WA02.58EF58EF46D3A.mxf; Avid MediaFiles/MXF/AVID2.1 20170412/KT8503_3.WA03.58EF58EF46D3A.mxf; Avid MediaFiles/MXF/AVID2.1 20170412/KT8503_4.WA04.58EF58EF46D3A.mxf; Avid MediaFiles/MXF/AVID2.1 20170412/KT8503_7.WA07.58EF58EF46D3A.mxf; Avid MediaFiles/MXF/AVID2.1 20170412/KT8503_8.WA08.58EF58EF46D3A.mxf
457,KT8505_1.WA01.58EF58EF46E2A; KT8505_2.WA02.58EF58EF46E2A; KT8505_3.WA03.58EF58EF46E2A; KT8505_7.WA07.58EF58EF46E2A; KT8505_8.WA08.58EF58EF46E2A;     537  /t 1   ,2:bc8e9a5812d4c09b287546435aa210a6; 2:611c8d37f752e2b21fab53ba6b42a9c1; 2:e61269a71a874abae11950925b5cea7d; 2:530741f674478596ad84943f4c1e2015; 2:5baf2ca303813b7cdd64326bb2a4f15f,00:00:00:00:100/1,00:01:51:04:100/1,Avid MediaFiles/MXF/AVID2.1 20170412/KT8505_1.WA01.58EF58EF46E2A.mxf; Avid MediaFiles/MXF/AVID2.1 20170412/KT8505_2.WA02.58EF58EF46E2A.mxf; Avid MediaFiles/MXF/AVID2.1 20170412/KT8505_3.WA03.58EF58EF46E2A.mxf; Avid MediaFiles/MXF/AVID2.1 20170412/KT8505_7.WA07.58EF58EF46E2A.mxf; Avid MediaFiles/MXF/AVID2.1 20170412/KT8505_8.WA08.58EF58EF46E2A.mxf
458,KT8504_1.WA01.58EF58EF46DAA; KT8504_2.WA02.58EF58EF46DBA; KT8504_3.WA03.58EF58EF46DBA; KT8504_4.WA04.58EF58EF46DBA; KT8504_7.WA07.58EF58EF46DBA; KT8504_8.WA08.58EF58EF46DBA;    B530D /t 2   ,2:800de1d5662b62e2758c29e9738236ee; 2:fc55f9c3816ac362958a450718209106; 2:787f5288230eb0aecbe208ce41a39f34; 2:80500cea5bf3f4fa079e7b16d29fc6dc; 2:27a2e9ee042243b791d273e1c3da9ec1; 2:34000773159956410fb5aafb3049d5a4,00:00:00:00:100/1,00:01:30:88:100/1,Avid MediaFiles/MXF/AVID2.1 20170412/KT8504_1.WA01.58EF58EF46DAA.mxf; Avid MediaFiles/MXF/AVID2.1 20170412/KT8504_2.WA02.58EF58EF46DBA.mxf; Avid MediaFiles/MXF/AVID2.1 20170412/KT8504_3.WA03.58EF58EF46DBA.mxf; Avid MediaFiles/MXF/AVID2.1 20170412/KT8504_4.WA04.58EF58EF46DBA.mxf; Avid MediaFiles/MXF/AVID2.1 20170412/KT8504_7.WA07.58EF58EF46DBA.mxf; Avid MediaFiles/MXF/AVID2.1 20170412/KT8504_8.WA08.58EF58EF46DBA.mxf
459,KT8506_1.WA01.58EF58EF46E9A; KT8506_2.WA02.58EF58EF46E9A; KT8506_3.WA03.58EF58EF46E9A; KT8506_7.WA07.58EF58EF46E9A; KT8506_8.WA08.58EF58EF46E9A;     537  /t 2   ,2:6b22d1164d7ea801294f2092facdbdc8; 2:c31787a52b083674a299ac00360df150; 2:87b94c62beeaad990b5bb625d7f31edb; 2:13df658d9aff4cc1c3a4798d14349a0d; 2:bc3baf39c197f25f11e04b17878a064e,00:00:00:00:100/1,00:00:35:28:100/1,Avid MediaFiles/MXF/AVID2.1 20170412/KT8506_1.WA01.58EF58EF46E9A.mxf; Avid MediaFiles/MXF/AVID2.1 20170412/KT8506_2.WA02.58EF58EF46E9A.mxf; Avid MediaFiles/MXF/AVID2.1 20170412/KT8506_3.WA03.58EF58EF46E9A.mxf; Avid MediaFiles/MXF/AVID2.1 20170412/KT8506_7.WA07.58EF58EF46E9A.mxf; Avid MediaFiles/MXF/AVID2.1 20170412/KT8506_8.WA08.58EF58EF46E9A.mxf
460,KT8507_1.WA01.58EF58EF46ECA; KT8507_2.WA02.58EF58EF46ECA; KT8507_3.WA03.58EF58EF46ECA; KT8507_7.WA07.58EF58EF46ECA; KT8507_8.WA08.58EF58EF46ECA;     537  /t 3   ,2:32cefb621f7fd1f9389c624795e2b72b; 2:d4a6174a537ad20c52864f782a1d4a0c; 2:328e2ec8a0e65dddbebf7199ae383c89; 2:71a23b4346e3a67ad63c06045bb40430; 2:3f09433e9fcbbbf027f55e329e6c6c95,00:00:00:00:100/1,00:00:48:76:100/1,Avid MediaFiles/MXF/AVID2.1 20170412/KT8507_1.WA01.58EF58EF46ECA.mxf; Avid MediaFiles/MXF/AVID2.1 20170412/KT8507_2.WA02.58EF58EF46ECA.mxf; Avid MediaFiles/MXF/AVID2.1 20170412/KT8507_3.WA03.58EF58EF46ECA.mxf; Avid MediaFiles/MXF/AVID2.1 20170412/KT8507_7.WA07.58EF58EF46ECA.mxf; Avid MediaFiles/MXF/AVID2.1 20170412/KT8507_8.WA08.58EF58EF46ECA.mxf
461,KT8508_1.WA01.58EF58EF46EFA; KT8508_2.WA02.58EF58EF46EFA; KT8508_3.WA03.58EF58EF46EFA; KT8508_7.WA07.58EF58EF46EFA; KT8508_8.WA08.58EF58EF46EFA;     537  /t 4   ,2:9f0ac76692b8c38a9e64a2e53d91e70e; 2:049512c9b2ae09d5ce7e7f680d462476; 2:b4150f9eb6a9538fb6852cb6f8c76238; 2:d771a9fefc216abc834eff9fc5f5fd56; 2:c83a57d1b1a5bb98f8c2a56c93354f78,00:00:00:00:100/1,00:01:17:08:100/1,Avid MediaFiles/MXF/AVID2.1 20170412/KT8508_1.WA01.58EF58EF46EFA.mxf; Avid MediaFiles/MXF/AVID2.1 20170412/KT8508_2.WA02.58EF58EF46EFA.mxf; Avid MediaFiles/MXF/AVID2.1 20170412/KT8508_3.WA03.58EF58EF46EFA.mxf; Avid MediaFiles/MXF/AVID2.1 20170412/KT8508_7.WA07.58EF58EF46EFA.mxf; Avid MediaFiles/MXF/AVID2.1 20170412/KT8508_8.WA08.58EF58EF46EFA.mxf
462,KT8509_1.WA01.58EF58EF46F5A; KT8509_2.WA02.58EF58EF46F5A; KT8509_3.WA03.58EF58EF46F5A; KT8509_7.WA07.58EF58EF46F5A; KT8509_8.WA08.58EF58EF46F5A;     537  /t 5   ,2:8d15b6ed89a9b0a631e6a2114698befb; 2:8ca74ee53829f3f459f934ecd7048c4d; 2:8693b6843d422a32c5118150154161bd; 2:06bf4b189311701aede925434a44de43; 2:b5d3152c80f5e7bb37b629de382377d1,00:00:00:00:100/1,00:01:44:40:100/1,Avid MediaFiles/MXF/AVID2.1 20170412/KT8509_1.WA01.58EF58EF46F5A.mxf; Avid MediaFiles/MXF/AVID2.1 20170412/KT8509_2.WA02.58EF58EF46F5A.mxf; Avid MediaFiles/MXF/AVID2.1 20170412/KT8509_3.WA03.58EF58EF46F5A.mxf; Avid MediaFiles/MXF/AVID2.1 20170412/KT8509_7.WA07.58EF58EF46F5A.mxf; Avid MediaFiles/MXF/AVID2.1 20170412/KT8509_8.WA08.58EF58EF46F5A.mxf
463,KT8510_1.WA01.58EF58EF46FBA; KT8510_2.WA02.58EF58EF46FBA; KT8510_3.WA03.58EF58EF46FBA; KT8510_7.WA07.58EF58EF46FCA; KT8510_8.WA08.58EF58EF46FCA;     537  /t 6   ,2:0b7c50b102089d0020b62a904e96800e; 2:83c266e788c0064ca8deffc9233ee8de; 2:98665359b497f5ef17aa1aebaf35b52d; 2:c00fcb2697cce4ead42e317287c19355; 2:5e3738792a4a94b36a61f2a3c342feb0,00:00:00:00:100/1,00:01:37:00:100/1,Avid MediaFiles/MXF/AVID2.1 20170412/KT8510_1.WA01.58EF58EF46FBA.mxf; Avid MediaFiles/MXF/AVID2.1 20170412/KT8510_2.WA02.58EF58EF46FBA.mxf; Avid MediaFiles/MXF/AVID2.1 20170412/KT8510_3.WA03.58EF58EF46FBA.mxf; Avid MediaFiles/MXF/AVID2.1 20170412/KT8510_7.WA07.58EF58EF46FCA.mxf; Avid MediaFiles/MXF/AVID2.1 20170412/KT8510_8.WA08.58EF58EF46FCA.mxf
464,KT8511_1.WA01.58EF58EF4702A; KT8511_2.WA02.58EF58EF4702A; KT8511_3.WA03.58EF58EF4702A; KT8511_7.WA07.58EF58EF4702A; KT8511_8.WA08.58EF58EF4702A;     537A /t 1   ,2:eca8481639153df79781ccd3e3f9ac5a; 2:8948ddae686f912621aeea91c92b0dae; 2:9a72a65a644279de3a7afa2c97de730c; 2:c740ea22484e30cf576368e8ffee48d3; 2:cee8255836bfc9c8d5b114b142d9ab8c,00:00:00:00:100/1,00:02:07:88:100/1,Avid MediaFiles/MXF/AVID2.1 20170412/KT8511_1.WA01.58EF58EF4702A.mxf; Avid MediaFiles/MXF/AVID2.1 20170412/KT8511_2.WA02.58EF58EF4702A.mxf; Avid MediaFiles/MXF/AVID2.1 20170412/KT8511_3.WA03.58EF58EF4702A.mxf; Avid MediaFiles/MXF/AVID2.1 20170412/KT8511_7.WA07.58EF58EF4702A.mxf; Avid MediaFiles/MXF/AVID2.1 20170412/KT8511_8.WA08.58EF58EF4702A.mxf
465,KT8512_2.WA02.58EF58EF470AA; KT8512_7.WA07.58EF58EF470AA; KT8512_8.WA08.58EF58EF470AA;     523  /w 1   ,2:10521b44d55fa35221e0fca80acca687; 2:b1dd3f21df4c6948268f5d19ecb1bd3b; 2:876ba15d946492a217e069ec44174ab2,00:00:00:00:100/1,00:01:16:92:100/1,Avid MediaFiles/MXF/AVID2.1 20170412/KT8512_2.WA02.58EF58EF470AA.mxf; Avid MediaFiles/MXF/AVID2.1 20170412/KT8512_7.WA07.58EF58EF470AA.mxf; Avid MediaFiles/MXF/AVID2.1 20170412/KT8512_8.WA08.58EF58EF470AA.mxf
466,KT8514_1.WA01.58F058F092D9A; KT8514_2.WA02.58F058F092D9A; KT8514_3.WA03.58F058F092D9A; KT8514_7.WA07.58F058F092D9A; KT8514_8.WA08.58F058F092D9A;     628  /t 1   ,2:0dc5a1a1cca017a46eae69e666ccd4f1; 2:eda7d8fcdf51a3e82287442b3d7e68d0; 2:f34c58391e8fe5088117b3a7953fef66; 2:e7c814152465ce332b7588596888d398; 2:d53f7c9344fc89c589b8b7ab75f5bf44,00:00:00:00:100/1,00:02:39:24:100/1,Avid MediaFiles/MXF/AVID2.1 20170413/KT8514_1.WA01.58F058F092D9A.mxf; Avid MediaFiles/MXF/AVID2.1 20170413/KT8514_2.WA02.58F058F092D9A.mxf; Avid MediaFiles/MXF/AVID2.1 20170413/KT8514_3.WA03.58F058F092D9A.mxf; Avid MediaFiles/MXF/AVID2.1 20170413/KT8514_7.WA07.58F058F092D9A.mxf; Avid MediaFiles/MXF/AVID2.1 20170413/KT8514_8.WA08.58F058F092D9A.mxf
467,KT8513_1.WA01.58F058F092D8A; KT8513_2.WA02.58F058F092D8A; KT8513_3.WA03.58F058F092D8A; KT8513_7.WA07.58F058F092D8A; KT8513_8.WA08.58F058F092D8A;     523  /n 2   ,2:74d1278710f4d8f15dd11fc3d06184bb; 2:ab33385c03ce463755a03510a890ea64; 2:70a6c3249dc74e0b1926c49a0b0d2f3b; 2:01172a351874df12b265a8b36fbb1fb7; 2:e7f0f7a8879271d0be0dc5e2b5339c74,00:00:00:00:100/1,00:00:07:20:100/1,Avid MediaFiles/MXF/AVID2.1 20170413/KT8513_1.WA01.58F058F092D8A.mxf; Avid MediaFiles/MXF/AVID2.1 20170413/KT8513_2.WA02.58F058F092D8A.mxf; Avid MediaFiles/MXF/AVID2.1 20170413/KT8513_3.WA03.58F058F092D8A.mxf; Avid MediaFiles/MXF/AVID2.1 20170413/KT8513_7.WA07.58F058F092D8A.mxf; Avid MediaFiles/MXF/AVID2.1 20170413/KT8513_8.WA08.58F058F092D8A.mxf
468,KT8515_1.WA01.58F058F092E3A; KT8515_2.WA02.58F058F092E3A; KT8515_3.WA03.58F058F092E3A; KT8515_7.WA07.58F058F092E3A; KT8515_8.WA08.58F058F092E3A;     628  /t 2   ,2:3c8cdcd23e062ef8cfb2f0c9730c61e8; 2:984ff6b5c0be65ad504ef6443676d485; 2:c048dab11b4b6605628f32ebda19d991; 2:60ffd1b541471496a4d08c10ad42a7e4; 2:b9e720fd9480c1d67ce4d9d51af3825c,00:00:00:00:100/1,00:02:38:24:100/1,Avid MediaFiles/MXF/AVID2.1 20170413/KT8515_1.WA01.58F058F092E3A.mxf; Avid MediaFiles/MXF/AVID2.1 20170413/KT8515_2.WA02.58F058F092E3A.mxf; Avid MediaFiles/MXF/AVID2.1 20170413/KT8515_3.WA03.58F058F092E3A.mxf; Avid MediaFiles/MXF/AVID2.1 20170413/KT8515_7.WA07.58F058F092E3A.mxf; Avid MediaFiles/MXF/AVID2.1 20170413/KT8515_8.WA08.58F058F092E3A.mxf
469,KT8516_1.WA01.58F058F092EDA; KT8516_2.WA02.58F058F092EDA; KT8516_3.WA03.58F058F092EDA; KT8516_7.WA07.58F058F092EDA; KT8516_8.WA08.58F058F092EDA;     628  /t 3   ,2:a996766c64e13907a840e5f69c699635; 2:74ebd522bdfe3b3e994763e4c4919be7; 2:10f5fc09ee6a38f35b426e1a3077d2e0; 2:b567393962948f445723447ebb4230e8; 2:01bada91dc7b668a7db196be95d1cd2d,00:00:00:00:100/1,00:03:09:24:100/1,Avid MediaFiles/MXF/AVID2.1 20170413/KT8516_1.WA01.58F058F092EDA.mxf; Avid MediaFiles/MXF/AVID2.1 20170413/KT8516_2.WA02.58F058F092EDA.mxf; Avid MediaFiles/MXF/AVID2.1 20170413/KT8516_3.WA03.58F058F092EDA.mxf; Avid MediaFiles/MXF/AVID2.1 20170413/KT8516_7.WA07.58F058F092EDA.mxf; Avid MediaFiles/MXF/AVID2.1 20170413/KT8516_8.WA08.58F058F092EDA.mxf
470,KT8517_1.WA01.58F058F092F9A; KT8517_2.WA02.58F058F092F9A; KT8517_3.WA03.58F058F092F9A; KT8517_7.WA07.58F058F092F9A; KT8517_8.WA08.58F058F092F9A;     628  /n 4   ,2:b1bc972274f09d19521b1f6497511d5d; 2:5a8b2e47d25182c7862729c08004fbce; 2:8c10b6e75d83c0cb4d3be434770cd6ab; 2:f1595bc31c3cbef4d5d519fad71e7613; 2:ab932beccbc217840fbbd347ab0b2153,00:00:00:00:100/1,00:00:12:92:100/1,Avid MediaFiles/MXF/AVID2.1 20170413/KT8517_1.WA01.58F058F092F9A.mxf; Avid MediaFiles/MXF/AVID2.1 20170413/KT8517_2.WA02.58F058F092F9A.mxf; Avid MediaFiles/MXF/AVID2.1 20170413/KT8517_3.WA03.58F058F092F9A.mxf; Avid MediaFiles/MXF/AVID2.1 20170413/KT8517_7.WA07.58F058F092F9A.mxf; Avid MediaFiles/MXF/AVID2.1 20170413/KT8517_8.WA08.58F058F092F9A.mxf
471,KT8518_1.WA01.58F058F092FBA; KT8518_2.WA02.58F058F092FBA; KT8518_3.WA03.58F058F092FBA; KT8518_7.WA07.58F058F092FBA; KT8518_8.WA08.58F058F092FBA;     628  /t 4   ,2:c7fd8c2504e83dc3b56824bcde205fec; 2:7c75dc9b2dc67fcddbb7457f768c8f2a; 2:ed4f6023d452ca881a2e97d8294d65e1; 2:6509caa1dd7b28511d7dde1f01ec230f; 2:c4ad19967aa94e4dfc2ac062e6ebe06d,00:00:00:00:100/1,00:00:58:80:100/1,Avid MediaFiles/MXF/AVID2.1 20170413/KT8518_1.WA01.58F058F092FBA.mxf; Avid MediaFiles/MXF/AVID2.1 20170413/KT8518_2.WA02.58F058F092FBA.mxf; Avid MediaFiles/MXF/AVID2.1 20170413/KT8518_3.WA03.58F058F092FBA.mxf; Avid MediaFiles/MXF/AVID2.1 20170413/KT8518_7.WA07.58F058F092FBA.mxf; Avid MediaFiles/MXF/AVID2.1 20170413/KT8518_8.WA08.58F058F092FBA.mxf
472,KT8520_1.WA01.58F058F09308A; KT8520_2.WA02.58F058F09308A; KT8520_3.WA03.58F058F09308A; KT8520_7.WA07.58F058F09308A; KT8520_8.WA08.58F058F09308A;     628A /t 1   ,2:fb8ab37ebf80b4e8f299e32cffd3c176; 2:f6e83ad8d3aa7a49ddfabf0be19be158; 2:99573a4587d732cc9be4b2da18006dda; 2:f49446682bd94a056f65bd585f1881a4; 2:b72f70e4a760655fab40e94cfe651e27,00:00:00:00:100/1,00:01:35:92:100/1,Avid MediaFiles/MXF/AVID2.1 20170413/KT8520_1.WA01.58F058F09308A.mxf; Avid MediaFiles/MXF/AVID2.1 20170413/KT8520_2.WA02.58F058F09308A.mxf; Avid MediaFiles/MXF/AVID2.1 20170413/KT8520_3.WA03.58F058F09308A.mxf; Avid MediaFiles/MXF/AVID2.1 20170413/KT8520_7.WA07.58F058F09308A.mxf; Avid MediaFiles/MXF/AVID2.1 20170413/KT8520_8.WA08.58F058F09308A.mxf
473,KT8519_1.WA01.58F058F092FFA; KT8519_2.WA02.58F058F092FFA; KT8519_3.WA03.58F058F092FFA; KT8519_7.WA07.58F058F092FFA; KT8519_8.WA08.58F058F092FFA;     628  /t 5   ,2:26a3c1aee48f3cfd0213e4e05a1cfc01; 2:e3c48d7f57a98f14907c30cc00b86966; 2:6eb0e9e4874dde6049c6e7de831fac4d; 2:b6e72598db9f75355565fca9b02c3c1b; 2:6d5abd2c7d4a75fa06c6194ee4729369,00:00:00:00:100/1,00:02:29:92:100/1,Avid MediaFiles/MXF/AVID2.1 20170413/KT8519_1.WA01.58F058F092FFA.mxf; Avid MediaFiles/MXF/AVID2.1 20170413/KT8519_2.WA02.58F058F092FFA.mxf; Avid MediaFiles/MXF/AVID2.1 20170413/KT8519_3.WA03.58F058F092FFA.mxf; Avid MediaFiles/MXF/AVID2.1 20170413/KT8519_7.WA07.58F058F092FFA.mxf; Avid MediaFiles/MXF/AVID2.1 20170413/KT8519_8.WA08.58F058F092FFA.mxf
474,KT8521_1.WA01.58F058F0930FA; KT8521_2.WA02.58F058F0930FA; KT8521_3.WA03.58F058F0930FA; KT8521_7.WA07.58F058F0930FA; KT8521_8.WA08.58F058F0930FA;     628A /t 2   ,2:384a24a745630f9377e57f742fba3027; 2:5f31bb380de69dad905ed9398cddd671; 2:90209bfd4070450d9f75da8d2bf2bad8; 2:a3c682b2edfa3d4168f0b4ecd5a91fcf; 2:734d049388547417a748211ec451f9f2,00:00:00:00:100/1,00:01:50:88:100/1,Avid MediaFiles/MXF/AVID2.1 20170413/KT8521_1.WA01.58F058F0930FA.mxf; Avid MediaFiles/MXF/AVID2.1 20170413/KT8521_2.WA02.58F058F0930FA.mxf; Avid MediaFiles/MXF/AVID2.1 20170413/KT8521_3.WA03.58F058F0930FA.mxf; Avid MediaFiles/MXF/AVID2.1 20170413/KT8521_7.WA07.58F058F0930FA.mxf; Avid MediaFiles/MXF/AVID2.1 20170413/KT8521_8.WA08.58F058F0930FA.mxf
475,KT8522_1.WA01.58F058F09316A; KT8522_2.WA02.58F058F09316A; KT8522_3.WA03.58F058F09316A; KT8522_7.WA07.58F058F09316A; KT8522_8.WA08.58F058F09316A;     628A /t 3   ,2:468f33f33c2000e1dd5e220fb3a66630; 2:9c6b8983e7e1cb8dd558cdd0629c036e; 2:751a87df7ad4587d1dbf601b283b56c5; 2:b8d34e5bc3d1aa3dfc0fa89e1b07e96c; 2:4b46c57f31f6b4bbdc2802fdbf1dc73d,00:00:00:00:100/1,00:02:45:16:100/1,Avid MediaFiles/MXF/AVID2.1 20170413/KT8522_1.WA01.58F058F09316A.mxf; Avid MediaFiles/MXF/AVID2.1 20170413/KT8522_2.WA02.58F058F09316A.mxf; Avid MediaFiles/MXF/AVID2.1 20170413/KT8522_3.WA03.58F058F09316A.mxf; Avid MediaFiles/MXF/AVID2.1 20170413/KT8522_7.WA07.58F058F09316A.mxf; Avid MediaFiles/MXF/AVID2.1 20170413/KT8522_8.WA08.58F058F09316A.mxf
476,KT8523_1.WA01.58F058F09321A; KT8523_2.WA02.58F058F09321A; KT8523_3.WA03.58F058F09321A; KT8523_7.WA07.58F058F09321A; KT8523_8.WA08.58F058F09321A;     628A /t 4   ,2:494b1280f01ba8c1f9f31cb97bb59d7a; 2:dc613675fad8cbc492f59cae4ce06893; 2:2f9f0ce89561938fae9e3757cb62e0fa; 2:8d1eeebdc626ae41d8690d430c2430c7; 2:e98986da07dc3e0e6d214848db9f4fdf,00:00:00:00:100/1,00:01:35:16:100/1,Avid MediaFiles/MXF/AVID2.1 20170413/KT8523_1.WA01.58F058F09321A.mxf; Avid MediaFiles/MXF/AVID2.1 20170413/KT8523_2.WA02.58F058F09321A.mxf; Avid MediaFiles/MXF/AVID2.1 20170413/KT8523_3.WA03.58F058F09321A.mxf; Avid MediaFiles/MXF/AVID2.1 20170413/KT8523_7.WA07.58F058F09321A.mxf; Avid MediaFiles/MXF/AVID2.1 20170413/KT8523_8.WA08.58F058F09321A.mxf
477,KT8524_1.WA01.58F058F09327A; KT8524_2.WA02.58F058F09327A; KT8524_3.WA03.58F058F09327A; KT8524_7.WA07.58F058F09327A; KT8524_8.WA08.58F058F09327A;     628A /t 5   ,2:1b8ab30227581f6f762f6be71d6fa1ca; 2:a132b17c4d43e9d239ad3c9533ad34c3; 2:23bbff83d30afa453ff16aa9b6f4f49f; 2:d1b1d09683c89696f93379c7142f6e93; 2:31d7e27ec937f2a89fe6cff78390139f,00:00:00:00:100/1,00:02:51:04:100/1,Avid MediaFiles/MXF/AVID2.1 20170413/KT8524_1.WA01.58F058F09327A.mxf; Avid MediaFiles/MXF/AVID2.1 20170413/KT8524_2.WA02.58F058F09327A.mxf; Avid MediaFiles/MXF/AVID2.1 20170413/KT8524_3.WA03.58F058F09327A.mxf; Avid MediaFiles/MXF/AVID2.1 20170413/KT8524_7.WA07.58F058F09327A.mxf; Avid MediaFiles/MXF/AVID2.1 20170413/KT8524_8.WA08.58F058F09327A.mxf
478,KT8525_1.WA01.58F058F09332A; KT8525_2.WA02.58F058F09332A; KT8525_3.WA03.58F058F09332A; KT8525_7.WA07.58F058F09332A; KT8525_8.WA08.58F058F09332A;     628A /n 6   ,2:79d1f508656595981bcf430a76b55847; 2:6eb0138677fa8ad9aa4b79a9c9c812b4; 2:63ebfcd894dc55f8f7f106f995a65ab7; 2:4abed2847e8eca134cc8b101befda64e; 2:37fb160b33c7178789fccfccb2b15082,00:00:00:00:100/1,00:00:21:96:100/1,Avid MediaFiles/MXF/AVID2.1 20170413/KT8525_1.WA01.58F058F09332A.mxf; Avid MediaFiles/MXF/AVID2.1 20170413/KT8525_2.WA02.58F058F09332A.mxf; Avid MediaFiles/MXF/AVID2.1 20170413/KT8525_3.WA03.58F058F09332A.mxf; Avid MediaFiles/MXF/AVID2.1 20170413/KT8525_7.WA07.58F058F09332A.mxf; Avid MediaFiles/MXF/AVID2.1 20170413/KT8525_8.WA08.58F058F09332A.mxf
479,KT8526_1.WA01.58F058F09334A; KT8526_2.WA02.58F058F09334A; KT8526_3.WA03.58F058F09334A; KT8526_7.WA07.58F058F09334A; KT8526_8.WA08.58F058F09334A;     628A /t 6   ,2:b33dfdbe77c93d30215150f12ff84d83; 2:27e9ddda71b765511842a73c5eec93a8; 2:91d800247fea853e0af6c0383420fa25; 2:098f86e5ebcf0140146745a92c1cd128; 2:58a842346f953d8a78ad5ffdf4cca6a7,00:00:00:00:100/1,00:03:50:08:100/1,Avid MediaFiles/MXF/AVID2.1 20170413/KT8526_1.WA01.58F058F09334A.mxf; Avid MediaFiles/MXF/AVID2.1 20170413/KT8526_2.WA02.58F058F09334A.mxf; Avid MediaFiles/MXF/AVID2.1 20170413/KT8526_3.WA03.58F058F09334A.mxf; Avid MediaFiles/MXF/AVID2.1 20170413/KT8526_7.WA07.58F058F09334A.mxf; Avid MediaFiles/MXF/AVID2.1 20170413/KT8526_8.WA08.58F058F09334A.mxf
480,KT8528-5.WA05.58F058F09348A; KT8528-6.WA06.58F058F09348A;     628  /w 1   ,2:e870927e66c3697ee132b8467255663c; 2:5713ced71b896ded53b66f9840112029,00:00:00:00:100/1,00:03:08:00:100/1,Avid MediaFiles/MXF/AVID2.1 20170413/KT8528-5.WA05.58F058F09348A.mxf; Avid MediaFiles/MXF/AVID2.1 20170413/KT8528-6.WA06.58F058F09348A.mxf
481,KT8528_1.WA01.58F058F0934DA; KT8528_7.WA07.58F058F0934DA; KT8528_8.WA08.58F058F0934DA;     628  /w 1   ,2:baa5d2d1c82171fe62066b78be0b6007; 2:e02783de55ed81310bf7fbc49981fb2c; 2:28f47b2bc0e259189f2c16ec5a082226,00:00:00:00:100/1,00:03:08:00:100/1,Avid MediaFiles/MXF/AVID2.1 20170413/KT8528_1.WA01.58F058F0934DA.mxf; Avid MediaFiles/MXF/AVID2.1 20170413/KT8528_7.WA07.58F058F0934DA.mxf; Avid MediaFiles/MXF/AVID2.1 20170413/KT8528_8.WA08.58F058F0934DA.mxf
482,KT8527_1.WA01.58F058F09343A; KT8527_2.WA02.58F058F09343A; KT8527_3.WA03.58F058F09343A; KT8527_7.WA07.58F058F09343A; KT8527_8.WA08.58F058F09343A;     628B /t 1   ,2:777c1ef799cbb1786725d4c7c7d76db8; 2:3b9494c28b0ca1c0ad72f57bda3d2c04; 2:71ae0b5e8dd8bb3f8472a1952a80e7f5; 2:ed73fc5306aa51b1bcf8bd88111b6cbf; 2:1f3350c200b831b4341931bc5e47b535,00:00:00:00:100/1,00:01:16:16:100/1,Avid MediaFiles/MXF/AVID2.1 20170413/KT8527_1.WA01.58F058F09343A.mxf; Avid MediaFiles/MXF/AVID2.1 20170413/KT8527_2.WA02.58F058F09343A.mxf; Avid MediaFiles/MXF/AVID2.1 20170413/KT8527_3.WA03.58F058F09343A.mxf; Avid MediaFiles/MXF/AVID2.1 20170413/KT8527_7.WA07.58F058F09343A.mxf; Avid MediaFiles/MXF/AVID2.1 20170413/KT8527_8.WA08.58F058F09343A.mxf
483,KT8529_1.WA01.58F058F09354A; KT8529_2.WA02.58F058F09354A; KT8529_3.WA03.58F058F09354A; KT8529_7.WA07.58F058F09354A; KT8529_8.WA08.58F058F09354A;    B725  /t 1   ,2:456c2a5343daf353014eb45c99180b5a; 2:b8d6860b2c719d88eb71674bbca47c3d; 2:86f393a80157d87b0c4591be16b57c09; 2:e078fa486cc3af668c23041da2294a5d; 2:2c7d04a0fcd856cac6f74d5a17d59f65,00:00:00:00:100/1,00:01:26:36:100/1,Avid MediaFiles/MXF/AVID2.1 20170413/KT8529_1.WA01.58F058F09354A.mxf; Avid MediaFiles/MXF/AVID2.1 20170413/KT8529_2.WA02.58F058F09354A.mxf; Avid MediaFiles/MXF/AVID2.1 20170413/KT8529_3.WA03.58F058F09354A.mxf; Avid MediaFiles/MXF/AVID2.1 20170413/KT8529_7.WA07.58F058F09354A.mxf; Avid MediaFiles/MXF/AVID2.1 20170413/KT8529_8.WA08.58F058F09354A.mxf
484,KT8530_1.WA01.58F058F0935AA; KT8530_2.WA02.58F058F0935AA; KT8530_3.WA03.58F058F0935AA; KT8530_7.WA07.58F058F0935AA; KT8530_8.WA08.58F058F0935AA;    B725  /t 2   ,2:c2a39a8e0bdc7df201131c2626c81763; 2:7f3029755c09df552941942e05279b25; 2:a5369cd05fbf03df0f4b7f6d7e82b3cb; 2:6479f9b13863a6b80697a9b6a398658c; 2:159380d1aae836539aa2b5282ff6028a,00:00:00:00:100/1,00:01:37:84:100/1,Avid MediaFiles/MXF/AVID2.1 20170413/KT8530_1.WA01.58F058F0935AA.mxf; Avid MediaFiles/MXF/AVID2.1 20170413/KT8530_2.WA02.58F058F0935AA.mxf; Avid MediaFiles/MXF/AVID2.1 20170413/KT8530_3.WA03.58F058F0935AA.mxf; Avid MediaFiles/MXF/AVID2.1 20170413/KT8530_7.WA07.58F058F0935AA.mxf; Avid MediaFiles/MXF/AVID2.1 20170413/KT8530_8.WA08.58F058F0935AA.mxf
485,KT8531_1.WA01.58F058F09360A; KT8531_2.WA02.58F058F09360A; KT8531_3.WA03.58F058F09360A; KT8531_7.WA07.58F058F09360A; KT8531_8.WA08.58F058F09360A;     725B /t 3   ,2:86f1d87e73669b76a5412a6c878523e9; 2:94e0430c98dcbc8f7f97e3e1d1a527ae; 2:22b33c77a66611f0f3aa06c467453da5; 2:a305a67812a744d27a9bf6d7931a9f44; 2:093e2c68da456523890fdff48bb09cb0,00:00:00:00:100/1,00:01:36:68:100/1,Avid MediaFiles/MXF/AVID2.1 20170413/KT8531_1.WA01.58F058F09360A.mxf; Avid MediaFiles/MXF/AVID2.1 20170413/KT8531_2.WA02.58F058F09360A.mxf; Avid MediaFiles/MXF/AVID2.1 20170413/KT8531_3.WA03.58F058F09360A.mxf; Avid MediaFiles/MXF/AVID2.1 20170413/KT8531_7.WA07.58F058F09360A.mxf; Avid MediaFiles/MXF/AVID2.1 20170413/KT8531_8.WA08.58F058F09360A.mxf
486,KT8532_1.WA01.58F058F09367A; KT8532_2.WA02.58F058F09367A; KT8532_3.WA03.58F058F09367A; KT8532_7.WA07.58F058F09367A; KT8532_8.WA08.58F058F09367A;    B725A /t 1   ,2:57f385582a68fbb1ff96e7f9e6728210; 2:a7124556f59e38c5d38e27f59dbc97d0; 2:9df3a4cf0640ad10052d823a3591defe; 2:4b871c531148881b1e207499d08b705c; 2:db7b9e7ff1a866fe2764e9e4e9e4cc00,00:00:00:00:100/1,00:01:22:08:100/1,Avid MediaFiles/MXF/AVID2.1 20170413/KT8532_1.WA01.58F058F09367A.mxf; Avid MediaFiles/MXF/AVID2.1 20170413/KT8532_2.WA02.58F058F09367A.mxf; Avid MediaFiles/MXF/AVID2.1 20170413/KT8532_3.WA03.58F058F09367A.mxf; Avid MediaFiles/MXF/AVID2.1 20170413/KT8532_7.WA07.58F058F09367A.mxf; Avid MediaFiles/MXF/AVID2.1 20170413/KT8532_8.WA08.58F058F09367A.mxf
487,KT8534_1.WA01.58F058F09374A; KT8534_2.WA02.58F058F09374A; KT8534_3.WA03.58F058F09374A; KT8534_7.WA07.58F058F09374A; KT8534_8.WA08.58F058F09374A;    B725A /t 3   ,2:08a67350fec67002602b50d1ed25d119; 2:0332ed8b6ac2ac96ef013edbb7114238; 2:2efdd08e2926d1ad86a7c80b3a2a00c5; 2:a18b42cdc27671c4da8de7a0e69d1e4f; 2:91b8cf940005ce5ceca25c6cd2c3d268,00:00:00:00:100/1,00:00:54:36:100/1,Avid MediaFiles/MXF/AVID2.1 20170413/KT8534_1.WA01.58F058F09374A.mxf; Avid MediaFiles/MXF/AVID2.1 20170413/KT8534_2.WA02.58F058F09374A.mxf; Avid MediaFiles/MXF/AVID2.1 20170413/KT8534_3.WA03.58F058F09374A.mxf; Avid MediaFiles/MXF/AVID2.1 20170413/KT8534_7.WA07.58F058F09374A.mxf; Avid MediaFiles/MXF/AVID2.1 20170413/KT8534_8.WA08.58F058F09374A.mxf
488,KT8533_1.WA01.58F058F0936CA; KT8533_2.WA02.58F058F0936CA; KT8533_3.WA03.58F058F0936CA; KT8533_7.WA07.58F058F0936CA; KT8533_8.WA08.58F058F0936CA;    B725A /t 2   ,2:848ae63ff6880b06672d755652178961; 2:d9db3f2676e72e3acbd5272544700aac; 2:1bcbcc24e3fd820e3e29b89b221ba353; 2:560c0ef3d393f0b3a20419cb57b1debc; 2:80e11f550aa8bd3caa10566a3347c3d6,00:00:00:00:100/1,00:02:03:24:100/1,Avid MediaFiles/MXF/AVID2.1 20170413/KT8533_1.WA01.58F058F0936CA.mxf; Avid MediaFiles/MXF/AVID2.1 20170413/KT8533_2.WA02.58F058F0936CA.mxf; Avid MediaFiles/MXF/AVID2.1 20170413/KT8533_3.WA03.58F058F0936CA.mxf; Avid MediaFiles/MXF/AVID2.1 20170413/KT8533_7.WA07.58F058F0936CA.mxf; Avid MediaFiles/MXF/AVID2.1 20170413/KT8533_8.WA08.58F058F0936CA.mxf
489,KT8535_1.WA01.58F058F09378A; KT8535_2.WA02.58F058F09378A; KT8535_3.WA03.58F058F09378A; KT8535_7.WA07.58F058F09378A; KT8535_8.WA08.58F058F09378A;    B725A /t 4   ,2:388a79f73bef9aa6cd3d7e94a04e79ec; 2:0ae06e91c1200c53bb5f1a706d5407dc; 2:4a71d9ff5b547438560ce55abad71a72; 2:e1ed7f06f9806b9b0424bb759db22b4c; 2:2584780cd53b99052d034d988817babd,00:00:00:00:100/1,00:01:18:44:100/1,Avid MediaFiles/MXF/AVID2.1 20170413/KT8535_1.WA01.58F058F09378A.mxf; Avid MediaFiles/MXF/AVID2.1 20170413/KT8535_2.WA02.58F058F09378A.mxf; Avid MediaFiles/MXF/AVID2.1 20170413/KT8535_3.WA03.58F058F09378A.mxf; Avid MediaFiles/MXF/AVID2.1 20170413/KT8535_7.WA07.58F058F09378A.mxf; Avid MediaFiles/MXF/AVID2.1 20170413/KT8535_8.WA08.58F058F09378A.mxf
490,KT8536_1.WA01.58F058F0937DA; KT8536_2.WA02.58F058F0937EA; KT8536_3.WA03.58F058F0937EA; KT8536_7.WA07.58F058F0937EA; KT8536_8.WA08.58F058F0937EA;    B725B /t 1   ,2:3a16ebce4ebf5ae3ac649aa6032acc8d; 2:f430199f49de5506002ae19fb03286b7; 2:d279dd85bd1751d8a041e799ecbd28bb; 2:73ffb5593dd53bb9b6c0c83f8aeea3c7; 2:257f334decc52c8f4239bf2b2a67d71b,00:00:00:00:100/1,00:01:49:04:100/1,Avid MediaFiles/MXF/AVID2.1 20170413/KT8536_1.WA01.58F058F0937DA.mxf; Avid MediaFiles/MXF/AVID2.1 20170413/KT8536_2.WA02.58F058F0937EA.mxf; Avid MediaFiles/MXF/AVID2.1 20170413/KT8536_3.WA03.58F058F0937EA.mxf; Avid MediaFiles/MXF/AVID2.1 20170413/KT8536_7.WA07.58F058F0937EA.mxf; Avid MediaFiles/MXF/AVID2.1 20170413/KT8536_8.WA08.58F058F0937EA.mxf
491,KT8539_1.WA01.58F058F0938DA; KT8539_2.WA02.58F058F0938DA; KT8539_3.WA03.58F058F0938DA; KT8539_7.WA07.58F058F0938DA; KT8539_8.WA08.58F058F0938DA;     726  /t 1   ,2:13810d0f44f7eea6769ceae7c90bfd3e; 2:1816a8f5ea8f926eb7dda80cce328d2b; 2:e4a3e51da596a5420253393c915af2cc; 2:0a20781ff50ab8f8708a7f258c9e67b1; 2:468904ad166369722f1fe5f31fa861d3,00:00:00:00:100/1,00:01:50:84:100/1,Avid MediaFiles/MXF/AVID2.1 20170413/KT8539_1.WA01.58F058F0938DA.mxf; Avid MediaFiles/MXF/AVID2.1 20170413/KT8539_2.WA02.58F058F0938DA.mxf; Avid MediaFiles/MXF/AVID2.1 20170413/KT8539_3.WA03.58F058F0938DA.mxf; Avid MediaFiles/MXF/AVID2.1 20170413/KT8539_7.WA07.58F058F0938DA.mxf; Avid MediaFiles/MXF/AVID2.1 20170413/KT8539_8.WA08.58F058F0938DA.mxf
492,KT8538_1.WA01.58F058F09387A; KT8538_2.WA02.58F058F09387A; KT8538_3.WA03.58F058F09387A; KT8538_7.WA07.58F058F09387A; KT8538_8.WA08.58F058F09387A;    B725B /t 2   ,2:360a7e39a35a0feb4ccb94b688b1cadb; 2:6964aa8ddafba9128b25139931ff8bd6; 2:5761fbd09000b3e4ac2a7b2bdf021db7; 2:963f77bd13569282e5c7cfcfe93a8618; 2:929d1cec6e4cb038a734a263f2275118,00:00:00:00:100/1,00:01:30:76:100/1,Avid MediaFiles/MXF/AVID2.1 20170413/KT8538_1.WA01.58F058F09387A.mxf; Avid MediaFiles/MXF/AVID2.1 20170413/KT8538_2.WA02.58F058F09387A.mxf; Avid MediaFiles/MXF/AVID2.1 20170413/KT8538_3.WA03.58F058F09387A.mxf; Avid MediaFiles/MXF/AVID2.1 20170413/KT8538_7.WA07.58F058F09387A.mxf; Avid MediaFiles/MXF/AVID2.1 20170413/KT8538_8.WA08.58F058F09387A.mxf
493,KT8537_1.WA01.58F058F09385A; KT8537_2.WA02.58F058F09385A; KT8537_3.WA03.58F058F09385A; KT8537_7.WA07.58F058F09385A; KT8537_8.WA08.58F058F09385A;    B725B /n 2   ,2:87801c750231622d09324eb0da2827bc; 2:a6361a51c9b9d0bd0b7a39d2cce0c7dd; 2:a782980f879904291ca8d65f9d9bd374; 2:eafa19f2fe91a392798a4f26c384fd1d; 2:62a20e458b2e82038ccca2733d5fc325,00:00:00:00:100/1,00:00:28:92:100/1,Avid MediaFiles/MXF/AVID2.1 20170413/KT8537_1.WA01.58F058F09385A.mxf; Avid MediaFiles/MXF/AVID2.1 20170413/KT8537_2.WA02.58F058F09385A.mxf; Avid MediaFiles/MXF/AVID2.1 20170413/KT8537_3.WA03.58F058F09385A.mxf; Avid MediaFiles/MXF/AVID2.1 20170413/KT8537_7.WA07.58F058F09385A.mxf; Avid MediaFiles/MXF/AVID2.1 20170413/KT8537_8.WA08.58F058F09385A.mxf
494,KT8540_1.WA01.58F058F09394A; KT8540_2.WA02.58F058F09394A; KT8540_3.WA03.58F058F09394A; KT8540_7.WA07.58F058F09395A; KT8540_8.WA08.58F058F09395A;     726  /t 2   ,2:1665fa789fcd8fb240d16d5598a234c9; 2:485863b5c36be77733964fe4918b18bb; 2:8c9e2a654290a71bf633607799b5c016; 2:fa974db33722058daa7f912af6079ebe; 2:4826c208c42207b7120f1d9020f507bc,00:00:00:00:100/1,00:01:34:44:100/1,Avid MediaFiles/MXF/AVID2.1 20170413/KT8540_1.WA01.58F058F09394A.mxf; Avid MediaFiles/MXF/AVID2.1 20170413/KT8540_2.WA02.58F058F09394A.mxf; Avid MediaFiles/MXF/AVID2.1 20170413/KT8540_3.WA03.58F058F09394A.mxf; Avid MediaFiles/MXF/AVID2.1 20170413/KT8540_7.WA07.58F058F09395A.mxf; Avid MediaFiles/MXF/AVID2.1 20170413/KT8540_8.WA08.58F058F09395A.mxf
495,KT8541_1.WA01.58F058F0939BA; KT8541_2.WA02.58F058F0939BA; KT8541_3.WA03.58F058F0939BA; KT8541_7.WA07.58F058F0939BA; KT8541_8.WA08.58F058F0939BA;     726  /t 3   ,2:b296f68e50706bb2806987cdb9500255; 2:dbab196edbb95e478063669b8d408b96; 2:4017732a714f52a84026bfad9f5b1773; 2:a074f3137280c6b89bf0021a4f02cb52; 2:9f9d809ada2abff6d0a6c152ad97e29a,00:00:00:00:100/1,00:01:17:56:100/1,Avid MediaFiles/MXF/AVID2.1 20170413/KT8541_1.WA01.58F058F0939BA.mxf; Avid MediaFiles/MXF/AVID2.1 20170413/KT8541_2.WA02.58F058F0939BA.mxf; Avid MediaFiles/MXF/AVID2.1 20170413/KT8541_3.WA03.58F058F0939BA.mxf; Avid MediaFiles/MXF/AVID2.1 20170413/KT8541_7.WA07.58F058F0939BA.mxf; Avid MediaFiles/MXF/AVID2.1 20170413/KT8541_8.WA08.58F058F0939BA.mxf
496,KT8542_1.WA01.58F058F093A0A; KT8542_2.WA02.58F058F093A0A; KT8542_3.WA03.58F058F093A0A; KT8542_7.WA07.58F058F093A0A; KT8542_8.WA08.58F058F093A0A;     726  /t 4   ,2:782eac93a75c61100029bb21a3528ad4; 2:89813ee09b0e87ba03fd9540c20bd0f0; 2:0e5a86dc42385174cad1cc0ecf345ba3; 2:45d454710ef92603ab741eb34ccd4197; 2:a49ffc23990e2c1f304a97d96e0cc6b8,00:00:00:00:100/1,00:00:43:92:100/1,Avid MediaFiles/MXF/AVID2.1 20170413/KT8542_1.WA01.58F058F093A0A.mxf; Avid MediaFiles/MXF/AVID2.1 20170413/KT8542_2.WA02.58F058F093A0A.mxf; Avid MediaFiles/MXF/AVID2.1 20170413/KT8542_3.WA03.58F058F093A0A.mxf; Avid MediaFiles/MXF/AVID2.1 20170413/KT8542_7.WA07.58F058F093A0A.mxf; Avid MediaFiles/MXF/AVID2.1 20170413/KT8542_8.WA08.58F058F093A0A.mxf
497,KT8543_1.WA01.58F058F093A3A; KT8543_2.WA02.58F058F093A3A; KT8543_3.WA03.58F058F093A3A; KT8543_7.WA07.58F058F093A3A; KT8543_8.WA08.58F058F093A3A;     726  /t 5   ,2:2a34ac632bed24c18433835eab1352fe; 2:e7d68cd26faff4b960c2e90421d5c509; 2:a7280d083d3fe88ff302d9c6ff1617e1; 2:041fb0e176ae644052f643f0030a14bd; 2:a8e125cfd935141df68b67befaf2aa78,00:00:00:00:100/1,00:01:18:04:100/1,Avid MediaFiles/MXF/AVID2.1 20170413/KT8543_1.WA01.58F058F093A3A.mxf; Avid MediaFiles/MXF/AVID2.1 20170413/KT8543_2.WA02.58F058F093A3A.mxf; Avid MediaFiles/MXF/AVID2.1 20170413/KT8543_3.WA03.58F058F093A3A.mxf; Avid MediaFiles/MXF/AVID2.1 20170413/KT8543_7.WA07.58F058F093A3A.mxf; Avid MediaFiles/MXF/AVID2.1 20170413/KT8543_8.WA08.58F058F093A3A.mxf
498,KT8544_1.WA01.58F058F093A9A; KT8544_2.WA02.58F058F093A9A; KT8544_3.WA03.58F058F093A9A; KT8544_7.WA07.58F058F093A9A; KT8544_8.WA08.58F058F093A9A;     726A /t 1   ,2:aabba0c5e071ea770eb2e48891b21781; 2:a0859210b8e57f3d893baad01a326e38; 2:f27c21265be60571b4d1b57a831f35f2; 2:e9eda5c3409ff136fcb9c7863acfa26a; 2:e5d9bdcd9cfb0cf9ba0b1144c73bba4f,00:00:00:00:100/1,00:01:34:52:100/1,Avid MediaFiles/MXF/AVID2.1 20170413/KT8544_1.WA01.58F058F093A9A.mxf; Avid MediaFiles/MXF/AVID2.1 20170413/KT8544_2.WA02.58F058F093A9A.mxf; Avid MediaFiles/MXF/AVID2.1 20170413/KT8544_3.WA03.58F058F093A9A.mxf; Avid MediaFiles/MXF/AVID2.1 20170413/KT8544_7.WA07.58F058F093A9A.mxf; Avid MediaFiles/MXF/AVID2.1 20170413/KT8544_8.WA08.58F058F093A9A.mxf
499,KT8546-5.WA05.58F058F093B5A; KT8546-6.WA06.58F058F093B5A;     726  /w 1   ,2:b45f3c98d244c72d8a3d347263a86ade; 2:2a487d32ada0c8b88dc52dfd5270c601,00:00:00:00:100/1,00:01:56:76:100/1,Avid MediaFiles/MXF/AVID2.1 20170413/KT8546-5.WA05.58F058F093B5A.mxf; Avid MediaFiles/MXF/AVID2.1 20170413/KT8546-6.WA06.58F058F093B5A.mxf
500,KT8545_1.WA01.58F058F093AFA; KT8545_2.WA02.58F058F093AFA; KT8545_3.WA03.58F058F093AFA; KT8545_7.WA07.58F058F093AFA; KT8545_8.WA08.58F058F093AFA;     726A /t 2   ,2:8180e50a63b164dc96259bb5ec8ee3af; 2:395566753d4a83028f8322bb1edbc2bd; 2:685c8aee90e20b573e2c29b996862a24; 2:55551306fef07206fac896fe0fd6c1c0; 2:e2f1acf8d787cc6a972a4272006d0015,00:00:00:00:100/1,00:01:33:84:100/1,Avid MediaFiles/MXF/AVID2.1 20170413/KT8545_1.WA01.58F058F093AFA.mxf; Avid MediaFiles/MXF/AVID2.1 20170413/KT8545_2.WA02.58F058F093AFA.mxf; Avid MediaFiles/MXF/AVID2.1 20170413/KT8545_3.WA03.58F058F093AFA.mxf; Avid MediaFiles/MXF/AVID2.1 20170413/KT8545_7.WA07.58F058F093AFA.mxf; Avid MediaFiles/MXF/AVID2.1 20170413/KT8545_8.WA08.58F058F093AFA.mxf
501,KT8546_1.WA01.58F058F093B8A; KT8546_7.WA07.58F058F093B8A; KT8546_8.WA08.58F058F093B8A;     726  /w 1   ,2:1ccfccb5374086a22c474725f92d1de3; 2:96e066ed3c7b08433cdafa496f306a7f; 2:5866c69a36946f29405ac5ce4e12940f,00:00:00:00:100/1,00:01:56:76:100/1,Avid MediaFiles/MXF/AVID2.1 20170413/KT8546_1.WA01.58F058F093B8A.mxf; Avid MediaFiles/MXF/AVID2.1 20170413/KT8546_7.WA07.58F058F093B8A.mxf; Avid MediaFiles/MXF/AVID2.1 20170413/KT8546_8.WA08.58F058F093B8A.mxf
502,KT8548-5.WA05.58F058F093C1A; KT8548-6.WA06.58F058F093C1A;     725  /n 1   ,2:5bd663b3df0401da444a210cb45cae55; 2:294794c10d3433629de7727d81239ddb,00:00:00:00:100/1,00:00:12:80:100/1,Avid MediaFiles/MXF/AVID2.1 20170413/KT8548-5.WA05.58F058F093C1A.mxf; Avid MediaFiles/MXF/AVID2.1 20170413/KT8548-6.WA06.58F058F093C1A.mxf
503,KT8547_1.WA01.58F058F093BDA; KT8547_2.WA02.58F058F093BDA; KT8547_7.WA07.58F058F093BDA; KT8547_8.WA08.58F058F093BDA;     726  /w 2   ,2:ef29c80c60a19b8c878cca4a951d994b; 2:f511bb23c189dc570026e3ae661b1139; 2:050a64ce5183d8ec995b302b7059da07; 2:5fe981c26730c0fb09ce5e1a7dc6f16f,00:00:00:00:100/1,00:01:12:92:100/1,Avid MediaFiles/MXF/AVID2.1 20170413/KT8547_1.WA01.58F058F093BDA.mxf; Avid MediaFiles/MXF/AVID2.1 20170413/KT8547_2.WA02.58F058F093BDA.mxf; Avid MediaFiles/MXF/AVID2.1 20170413/KT8547_7.WA07.58F058F093BDA.mxf; Avid MediaFiles/MXF/AVID2.1 20170413/KT8547_8.WA08.58F058F093BDA.mxf
504,KT8548_1.WA01.58F058F093C2A; KT8548_2.WA02.58F058F093C2A; KT8548_7.WA07.58F058F093C2A; KT8548_8.WA08.58F058F093C2A;     725  /n 1   ,2:f146c496d59d04562065645502905d96; 2:e449e65cbaef69870867a6d7b9c15f03; 2:1f961da2b1658205e3d72094d9eb2644; 2:42e275612a7095f5ae54123a327265e4,00:00:00:00:100/1,00:00:12:80:100/1,Avid MediaFiles/MXF/AVID2.1 20170413/KT8548_1.WA01.58F058F093C2A.mxf; Avid MediaFiles/MXF/AVID2.1 20170413/KT8548_2.WA02.58F058F093C2A.mxf; Avid MediaFiles/MXF/AVID2.1 20170413/KT8548_7.WA07.58F058F093C2A.mxf; Avid MediaFiles/MXF/AVID2.1 20170413/KT8548_8.WA08.58F058F093C2A.mxf
505,KT8549-5.WA05.58F058F093C3A; KT8549-6.WA06.58F058F093C3A;     725  /t 1   ,2:ce061539fe592696a5e0c2578b381c89; 2:1f8bab3f79cc28907e7b96d9b0518759,00:00:00:00:100/1,00:01:24:00:100/1,Avid MediaFiles/MXF/AVID2.1 20170413/KT8549-5.WA05.58F058F093C3A.mxf; Avid MediaFiles/MXF/AVID2.1 20170413/KT8549-6.WA06.58F058F093C3A.mxf
506,KT8549_1.WA01.58F058F093C5A; KT8549_2.WA02.58F058F093C5A; KT8549_7.WA07.58F058F093C5A; KT8549_8.WA08.58F058F093C5A;     725  /t 1   ,2:cd21c902a4a6706b894951c32b062254; 2:808071963b3332035070a065bde0cd49; 2:3176ea607952dbb581de6a09692d6359; 2:756fc6b15739a3ce2d88bade873352d6,00:00:00:00:100/1,00:01:24:00:100/1,Avid MediaFiles/MXF/AVID2.1 20170413/KT8549_1.WA01.58F058F093C5A.mxf; Avid MediaFiles/MXF/AVID2.1 20170413/KT8549_2.WA02.58F058F093C5A.mxf; Avid MediaFiles/MXF/AVID2.1 20170413/KT8549_7.WA07.58F058F093C5A.mxf; Avid MediaFiles/MXF/AVID2.1 20170413/KT8549_8.WA08.58F058F093C5A.mxf
507,KT8550-5.WA05.58F058F093C9A; KT8550-6.WA06.58F058F093CAA;     725  /t 2   ,2:2e26f683bc6d8134710512ccd6e7ffbd; 2:5e4ac99a2a12b1707a812d06a24f4436,00:00:00:00:100/1,00:01:37:24:100/1,Avid MediaFiles/MXF/AVID2.1 20170413/KT8550-5.WA05.58F058F093C9A.mxf; Avid MediaFiles/MXF/AVID2.1 20170413/KT8550-6.WA06.58F058F093CAA.mxf
508,KT8550_1.WA01.58F058F093CCA; KT8550_2.WA02.58F058F093CCA; KT8550_7.WA07.58F058F093CCA; KT8550_8.WA08.58F058F093CCA;     725  /t 2   ,2:0d263133e48e0bafa9fc460318fd0420; 2:7237fc38ee37e5bbd1dba09305dd3730; 2:450beeedebcadeed89d39cd7a49bb7db; 2:c8222fd421685ba03ad28827dbadd4aa,00:00:00:00:100/1,00:01:37:24:100/1,Avid MediaFiles/MXF/AVID2.1 20170413/KT8550_1.WA01.58F058F093CCA.mxf; Avid MediaFiles/MXF/AVID2.1 20170413/KT8550_2.WA02.58F058F093CCA.mxf; Avid MediaFiles/MXF/AVID2.1 20170413/KT8550_7.WA07.58F058F093CCA.mxf; Avid MediaFiles/MXF/AVID2.1 20170413/KT8550_8.WA08.58F058F093CCA.mxf
509,KT8551-5.WA05.58F058F093D1A; KT8551-6.WA06.58F058F093D1A;     725A /t 1   ,2:2934ba3a85b625247b9f05f4366a61f2; 2:854422eef2b70c937e349effa4edd46e,00:00:00:00:100/1,00:01:55:08:100/1,Avid MediaFiles/MXF/AVID2.1 20170413/KT8551-5.WA05.58F058F093D1A.mxf; Avid MediaFiles/MXF/AVID2.1 20170413/KT8551-6.WA06.58F058F093D1A.mxf
510,KT8552-5.WA05.58F058F093DBA; KT8552-6.WA06.58F058F093DBA;     725A /t 2   ,2:8a626971b08f157b4b2245102f67686b; 2:84937178b85fc3268abf4ded940169af,00:00:00:00:100/1,00:00:55:40:100/1,Avid MediaFiles/MXF/AVID2.1 20170413/KT8552-5.WA05.58F058F093DBA.mxf; Avid MediaFiles/MXF/AVID2.1 20170413/KT8552-6.WA06.58F058F093DBA.mxf
511,KT8551_1.WA01.58F058F093D4A; KT8551_2.WA02.58F058F093D5A; KT8551_7.WA07.58F058F093D5A; KT8551_8.WA08.58F058F093D5A;     725A /t 1   ,2:477cfe6432c0def2fd04f0435b397229; 2:f62819883c38600ecc1e42df93ced76e; 2:c0c0f92cbbcd23d02c69245b866d4076; 2:6db21f62b57b37c3d70b44cfdb05ca09,00:00:00:00:100/1,00:01:55:08:100/1,Avid MediaFiles/MXF/AVID2.1 20170413/KT8551_1.WA01.58F058F093D4A.mxf; Avid MediaFiles/MXF/AVID2.1 20170413/KT8551_2.WA02.58F058F093D5A.mxf; Avid MediaFiles/MXF/AVID2.1 20170413/KT8551_7.WA07.58F058F093D5A.mxf; Avid MediaFiles/MXF/AVID2.1 20170413/KT8551_8.WA08.58F058F093D5A.mxf
512,KT8552_1.WA01.58F058F093DCA; KT8552_2.WA02.58F058F093DCA; KT8552_7.WA07.58F058F093DCA; KT8552_8.WA08.58F058F093DCA;     725A /t 2   ,2:8035bec55c830fb29b45c59f2c069993; 2:110d6bc60358cb348a07978255530f60; 2:c17269ac4cdde2b4a075295d252e6704; 2:f0ab9867043045f5792afa1961be6d54,00:00:00:00:100/1,00:00:55:40:100/1,Avid MediaFiles/MXF/AVID2.1 20170413/KT8552_1.WA01.58F058F093DCA.mxf; Avid MediaFiles/MXF/AVID2.1 20170413/KT8552_2.WA02.58F058F093DCA.mxf; Avid MediaFiles/MXF/AVID2.1 20170413/KT8552_7.WA07.58F058F093DCA.mxf; Avid MediaFiles/MXF/AVID2.1 20170413/KT8552_8.WA08.58F058F093DCA.mxf
513,KT8553-5.WA05.58F058F093DFA; KT8553-6.WA06.58F058F093DFA;     725A /t 3   ,2:b396d7a443f62c70079c47f2ae3dc2b6; 2:d60961282f4f58422d071205ec31ceb9,00:00:00:00:100/1,00:01:35:00:100/1,Avid MediaFiles/MXF/AVID2.1 20170413/KT8553-5.WA05.58F058F093DFA.mxf; Avid MediaFiles/MXF/AVID2.1 20170413/KT8553-6.WA06.58F058F093DFA.mxf
514,KT8553_1.WA01.58F058F093E2A; KT8553_2.WA02.58F058F093E2A; KT8553_7.WA07.58F058F093E2A; KT8553_8.WA08.58F058F093E2A;     725A /t 3   ,2:e6f70db52529ae627f08cac7963b335e; 2:d99cb2265e6853a712e3bf02de6e425b; 2:dae1f961526dcd3c50043c6f8dddb835; 2:c17ecc3ef9a538d9661176642ba5280a,00:00:00:00:100/1,00:01:35:00:100/1,Avid MediaFiles/MXF/AVID2.1 20170413/KT8553_1.WA01.58F058F093E2A.mxf; Avid MediaFiles/MXF/AVID2.1 20170413/KT8553_2.WA02.58F058F093E2A.mxf; Avid MediaFiles/MXF/AVID2.1 20170413/KT8553_7.WA07.58F058F093E2A.mxf; Avid MediaFiles/MXF/AVID2.1 20170413/KT8553_8.WA08.58F058F093E2A.mxf
515,KT8554-5.WA05.58F058F093E7A; KT8554-6.WA06.58F058F093E7A;    P725A /n 1   ,2:e00730b6c82470268aaa5c84f99a220f; 2:3026f49dc0a083eee3226f9bf793d9e8,00:00:00:00:100/1,00:00:25:68:100/1,Avid MediaFiles/MXF/AVID2.1 20170413/KT8554-5.WA05.58F058F093E7A.mxf; Avid MediaFiles/MXF/AVID2.1 20170413/KT8554-6.WA06.58F058F093E7A.mxf
516,KT8554_1.WA01.58F058F093E8A; KT8554_2.WA02.58F058F093E8A; KT8554_7.WA07.58F058F093E8A; KT8554_8.WA08.58F058F093E8A;    P725A /n 1   ,2:c97643177078670e9e8d9ec057a6e197; 2:f46fbe1322956afdd1859728c09dc309; 2:760a86dddd87fd0d933a3fc2d67e9b6b; 2:cc5de0f6ff033f7ae0ef20ddcd9a2a50,00:00:00:00:100/1,00:00:25:68:100/1,Avid MediaFiles/MXF/AVID2.1 20170413/KT8554_1.WA01.58F058F093E8A.mxf; Avid MediaFiles/MXF/AVID2.1 20170413/KT8554_2.WA02.58F058F093E8A.mxf; Avid MediaFiles/MXF/AVID2.1 20170413/KT8554_7.WA07.58F058F093E8A.mxf; Avid MediaFiles/MXF/AVID2.1 20170413/KT8554_8.WA08.58F058F093E8A.mxf
517,KT8555-5.WA05.58F058F093EAA; KT8555-6.WA06.58F058F093EAA;    P725A /t 2   ,2:2f5dae0c724bc1f172b4184d0eb53414; 2:c52a8d21a61505d1dbc8784d360b672a,00:00:00:00:100/1,00:01:43:72:100/1,Avid MediaFiles/MXF/AVID2.1 20170413/KT8555-5.WA05.58F058F093EAA.mxf; Avid MediaFiles/MXF/AVID2.1 20170413/KT8555-6.WA06.58F058F093EAA.mxf
518,KT8555_1.WA01.58F058F093ECA; KT8555_2.WA02.58F058F093ECA; KT8555_7.WA07.58F058F093ECA; KT8555_8.WA08.58F058F093EDA;    P725A /t 2   ,2:f03f40fd573227f684dabc8d009d85da; 2:f559bdea4748f39c7edd04e0e1d46835; 2:6a61edb1f9beb9276d2826e421329d64; 2:34823980998d8f92c31bc18f2946650a,00:00:00:00:100/1,00:01:43:72:100/1,Avid MediaFiles/MXF/AVID2.1 20170413/KT8555_1.WA01.58F058F093ECA.mxf; Avid MediaFiles/MXF/AVID2.1 20170413/KT8555_2.WA02.58F058F093ECA.mxf; Avid MediaFiles/MXF/AVID2.1 20170413/KT8555_7.WA07.58F058F093ECA.mxf; Avid MediaFiles/MXF/AVID2.1 20170413/KT8555_8.WA08.58F058F093EDA.mxf
519,KT8556-5.WA05.58F058F093F2A; KT8556-6.WA06.58F058F093F2A;    V725B /t 1   ,2:86f57fad0f5d21b75f007db8816d3ddd; 2:0c13db23fb628138f8f91eefd33a9395,00:00:00:00:100/1,00:00:44:00:100/1,Avid MediaFiles/MXF/AVID2.1 20170413/KT8556-5.WA05.58F058F093F2A.mxf; Avid MediaFiles/MXF/AVID2.1 20170413/KT8556-6.WA06.58F058F093F2A.mxf
520,KT8556_1.WA01.58F058F093F3A; KT8556_2.WA02.58F058F093F3A; KT8556_7.WA07.58F058F093F3A; KT8556_8.WA08.58F058F093F3A;    V725B /t 1   ,2:20cfcf2c5bec18ce7aaa3d1b0b1dccdf; 2:64d884050dc42f591ebbd633d729f141; 2:f36c5065856075e1a8fbd003070e2ad3; 2:3799f1de3f5abd0a9df30daffbb5c175,00:00:00:00:100/1,00:00:44:00:100/1,Avid MediaFiles/MXF/AVID2.1 20170413/KT8556_1.WA01.58F058F093F3A.mxf; Avid MediaFiles/MXF/AVID2.1 20170413/KT8556_2.WA02.58F058F093F3A.mxf; Avid MediaFiles/MXF/AVID2.1 20170413/KT8556_7.WA07.58F058F093F3A.mxf; Avid MediaFiles/MXF/AVID2.1 20170413/KT8556_8.WA08.58F058F093F3A.mxf
521,KT8557-5.WA05.58F058F093F6A; KT8557-6.WA06.58F058F093F6A;    V725B /t 2   ,2:2b4998d4fac2913969cf969b98025b6d; 2:2d5fc77a545c2fbb14e7829d2ab11a8b,00:00:00:00:100/1,00:00:43:28:100/1,Avid MediaFiles/MXF/AVID2.1 20170413/KT8557-5.WA05.58F058F093F6A.mxf; Avid MediaFiles/MXF/AVID2.1 20170413/KT8557-6.WA06.58F058F093F6A.mxf
522,KT8558-5.WA05.58F058F093FAA; KT8558-6.WA06.58F058F093FAA;    V725B /t 3   ,2:c8f8c6c16692dd3280c4730fb96af187; 2:ea37da4e8964da6caf77e588bce72678,00:00:00:00:100/1,00:00:45:20:100/1,Avid MediaFiles/MXF/AVID2.1 20170413/KT8558-5.WA05.58F058F093FAA.mxf; Avid MediaFiles/MXF/AVID2.1 20170413/KT8558-6.WA06.58F058F093FAA.mxf
523,KT8557_1.WA01.58F058F093F7A; KT8557_2.WA02.58F058F093F7A; KT8557_7.WA07.58F058F093F7A; KT8557_8.WA08.58F058F093F7A;    V725B /t 2   ,2:83635ed0b9b889b5e008d56971e8ab9b; 2:815645ecc44f7a7ad8dabb137f80ad54; 2:ea7873e0f11b702dd066accd59f30409; 2:1a6e47238fea737807099b33470ce59c,00:00:00:00:100/1,00:00:43:28:100/1,Avid MediaFiles/MXF/AVID2.1 20170413/KT8557_1.WA01.58F058F093F7A.mxf; Avid MediaFiles/MXF/AVID2.1 20170413/KT8557_2.WA02.58F058F093F7A.mxf; Avid MediaFiles/MXF/AVID2.1 20170413/KT8557_7.WA07.58F058F093F7A.mxf; Avid MediaFiles/MXF/AVID2.1 20170413/KT8557_8.WA08.58F058F093F7A.mxf
524,KT8558_1.WA01.58F058F093FBA; KT8558_7.WA07.58F058F093FBA; KT8558_8.WA08.58F058F093FBA;    V725B /t 3   ,2:2cba4186c75d34e74e1c9582102f367b; 2:eac320bc7200ca98928fbdbf7533fad2; 2:9050ea0b72d858574515f429fdf281d8,00:00:00:00:100/1,00:00:45:20:100/1,Avid MediaFiles/MXF/AVID2.1 20170413/KT8558_1.WA01.58F058F093FBA.mxf; Avid MediaFiles/MXF/AVID2.1 20170413/KT8558_7.WA07.58F058F093FBA.mxf; Avid MediaFiles/MXF/AVID2.1 20170413/KT8558_8.WA08.58F058F093FBA.mxf
525,KT8559_1.WA01.58F058F093FDA; KT8559_2.WA02.58F058F093FDA; KT8559_7.WA07.58F058F093FDA; KT8559_8.WA08.58F058F093FDA;     725C /t 1   ,2:37ee8d7e2a61a1723b042c17721027b6; 2:ac2d0b13d0309620c6e430d3ff49a9b0; 2:04d9e259b6344c00607e1e7d69b21ff7; 2:b56db00dddb613539e6d684b166bfe96,00:00:00:00:100/1,00:01:02:64:100/1,Avid MediaFiles/MXF/AVID2.1 20170413/KT8559_1.WA01.58F058F093FDA.mxf; Avid MediaFiles/MXF/AVID2.1 20170413/KT8559_2.WA02.58F058F093FDA.mxf; Avid MediaFiles/MXF/AVID2.1 20170413/KT8559_7.WA07.58F058F093FDA.mxf; Avid MediaFiles/MXF/AVID2.1 20170413/KT8559_8.WA08.58F058F093FDA.mxf
526,KT8560_1.WA01.58F058F09401A; KT8560_2.WA02.58F058F09401A; KT8560_7.WA07.58F058F09401A; KT8560_8.WA08.58F058F09401A;     725C /t 2   ,2:3bd2c46583ef0a0ca9d7a8792f3c4e72; 2:4bba4c7936e17d4693faacc383d01801; 2:51f5aa3737e4d67401e58c53ae0610f2; 2:4d77012f2424577e673ecc9ff9879370,00:00:00:00:100/1,00:00:47:92:100/1,Avid MediaFiles/MXF/AVID2.1 20170413/KT8560_1.WA01.58F058F09401A.mxf; Avid MediaFiles/MXF/AVID2.1 20170413/KT8560_2.WA02.58F058F09401A.mxf; Avid MediaFiles/MXF/AVID2.1 20170413/KT8560_7.WA07.58F058F09401A.mxf; Avid MediaFiles/MXF/AVID2.1 20170413/KT8560_8.WA08.58F058F09401A.mxf
527,KT8605-5.WA05.58F858F86DBFA; KT8605-6.WA06.58F858F86DBFA;     222  /n 1   ,2:2db202e14d1f675308fca369a82e089e; 2:24176eb2e3f41e7fbad6be1ce883ba50,00:00:00:00:100/1,00:00:05:56:100/1,Avid MediaFiles/MXF/AVID2.1 20170419/KT8605-5.WA05.58F858F86DBFA.mxf; Avid MediaFiles/MXF/AVID2.1 20170419/KT8605-6.WA06.58F858F86DBFA.mxf
528,KT8606-5.WA05.58F858F86DC0A; KT8606-6.WA06.58F858F86DC0A;    P222B /t 1   ,2:fd3af6eba683060a4ebc3f8055828a73; 2:1565a0a796b8460aa6276d8cdb42cc85,00:00:00:00:100/1,00:01:45:08:100/1,Avid MediaFiles/MXF/AVID2.1 20170419/KT8606-5.WA05.58F858F86DC0A.mxf; Avid MediaFiles/MXF/AVID2.1 20170419/KT8606-6.WA06.58F858F86DC0A.mxf
529,KT8607-5.WA05.58F858F86DC1A; KT8607-6.WA06.58F858F86DC1A;    P222B /t 2   ,2:d8c675e647476a460c2756f42a9b5614; 2:5d6fd81c25669cf0c3e0c1dd74b3718f,00:00:00:00:100/1,00:01:05:44:100/1,Avid MediaFiles/MXF/AVID2.1 20170419/KT8607-5.WA05.58F858F86DC1A.mxf; Avid MediaFiles/MXF/AVID2.1 20170419/KT8607-6.WA06.58F858F86DC1A.mxf
530,KT8606_1.WA01.58F858F86DC0A; KT8606_3.WA03.58F858F86DC0A; KT8606_7.WA07.58F858F86DC0A; KT8606_8.WA08.58F858F86DC0A;    P222B /t 1   ,2:60dc0d51a5066e8bcf8f0809da78c2ac; 2:8ad2733e6b8f9410cd6950947dc4f139; 2:b40ec4e3879105daa8e98ce43db6e12a; 2:4bdf1b5851ddef53a58a59a5a3f65240,00:00:00:00:100/1,00:01:45:08:100/1,Avid MediaFiles/MXF/AVID2.1 20170419/KT8606_1.WA01.58F858F86DC0A.mxf; Avid MediaFiles/MXF/AVID2.1 20170419/KT8606_3.WA03.58F858F86DC0A.mxf; Avid MediaFiles/MXF/AVID2.1 20170419/KT8606_7.WA07.58F858F86DC0A.mxf; Avid MediaFiles/MXF/AVID2.1 20170419/KT8606_8.WA08.58F858F86DC0A.mxf
531,KT8605_1.WA01.58F858F86DBFA; KT8605_2.WA02.58F858F86DBFA; KT8605_3.WA03.58F858F86DBFA; KT8605_7.WA07.58F858F86DBFA; KT8605_8.WA08.58F858F86DBFA;     222  /n 1   ,2:b387a482cbecc932d094efa701580d1a; 2:e436e5e9bca45f40dd611bdffb6674b2; 2:aa11860e59a6720bebb06c333441f095; 2:3e14aa73dc6e4fbffb6164f3d818c4ca; 2:ba2ac5bc54539d5f693df254ce1077bd,00:00:00:00:100/1,00:00:05:56:100/1,Avid MediaFiles/MXF/AVID2.1 20170419/KT8605_1.WA01.58F858F86DBFA.mxf; Avid MediaFiles/MXF/AVID2.1 20170419/KT8605_2.WA02.58F858F86DBFA.mxf; Avid MediaFiles/MXF/AVID2.1 20170419/KT8605_3.WA03.58F858F86DBFA.mxf; Avid MediaFiles/MXF/AVID2.1 20170419/KT8605_7.WA07.58F858F86DBFA.mxf; Avid MediaFiles/MXF/AVID2.1 20170419/KT8605_8.WA08.58F858F86DBFA.mxf
532,KT8607_1.WA01.58F858F86DC2A; KT8607_3.WA03.58F858F86DC2A; KT8607_7.WA07.58F858F86DC2A; KT8607_8.WA08.58F858F86DC2A;    P222B /t 2   ,2:c46a7ec9a46915ec91050ff605d86c5b; 2:603312f7179c350ffce0270684661f11; 2:76cfacc655080111d0d56636a548db88; 2:de49de8b2113134c6ffa54a5f941f1f6,00:00:00:00:100/1,00:01:05:44:100/1,Avid MediaFiles/MXF/AVID2.1 20170419/KT8607_1.WA01.58F858F86DC2A.mxf; Avid MediaFiles/MXF/AVID2.1 20170419/KT8607_3.WA03.58F858F86DC2A.mxf; Avid MediaFiles/MXF/AVID2.1 20170419/KT8607_7.WA07.58F858F86DC2A.mxf; Avid MediaFiles/MXF/AVID2.1 20170419/KT8607_8.WA08.58F858F86DC2A.mxf
533,KT8608-5.WA05.58F858F86DC2A; KT8608-6.WA06.58F858F86DC2A;   PV222B /t 1   ,2:0b645eb04652661fa48afbfcd10c5ca0; 2:16ae6ed8a6603c64364bfe85957bebe3,00:00:00:00:100/1,00:01:00:28:100/1,Avid MediaFiles/MXF/AVID2.1 20170419/KT8608-5.WA05.58F858F86DC2A.mxf; Avid MediaFiles/MXF/AVID2.1 20170419/KT8608-6.WA06.58F858F86DC2A.mxf
534,KT8608_1.WA01.58F858F86DC3A; KT8608_7.WA07.58F858F86DC3A; KT8608_8.WA08.58F858F86DC3A;   PV222B /t 1   ,2:a129fb322219713dbbef44d4c636cf98; 2:39adefdb022394b3fbc6fd1c96a43de6; 2:a0923b372709c86798ecbd8d42b7bbc9,00:00:00:00:100/1,00:01:00:28:100/1,Avid MediaFiles/MXF/AVID2.1 20170419/KT8608_1.WA01.58F858F86DC3A.mxf; Avid MediaFiles/MXF/AVID2.1 20170419/KT8608_7.WA07.58F858F86DC3A.mxf; Avid MediaFiles/MXF/AVID2.1 20170419/KT8608_8.WA08.58F858F86DC3A.mxf
535,KT8609-5.WA05.58F858F86DC3A; KT8609-6.WA06.58F858F86DC3A;   PV222B /t 2   ,2:eb6f3f6b616f2e2083fcd5a2b72d5660; 2:8f351ef6763e37e281257e148a3e36d3,00:00:00:00:100/1,00:01:01:20:100/1,Avid MediaFiles/MXF/AVID2.1 20170419/KT8609-5.WA05.58F858F86DC3A.mxf; Avid MediaFiles/MXF/AVID2.1 20170419/KT8609-6.WA06.58F858F86DC3A.mxf
536,KT8610-5.WA05.58F858F86DC4A; KT8610-6.WA06.58F858F86DC4A;   PV222B /t 3   ,2:bb5671bec4ac42d323210ff465612b81; 2:679a94632c5bfddb757d7c8ee96e0d46,00:00:00:00:100/1,00:00:45:04:100/1,Avid MediaFiles/MXF/AVID2.1 20170419/KT8610-5.WA05.58F858F86DC4A.mxf; Avid MediaFiles/MXF/AVID2.1 20170419/KT8610-6.WA06.58F858F86DC4A.mxf
537,KT8609_1.WA01.58F858F86DC4A; KT8609_7.WA07.58F858F86DC4A; KT8609_8.WA08.58F858F86DC4A;   PV222B /t 2   ,2:a8fdb42aa905352598cecb00ccc33ff7; 2:bfe6920ea38820eb74ff76521e53cda9; 2:1467857389b89137d5c418bfe26a291d,00:00:00:00:100/1,00:01:01:20:100/1,Avid MediaFiles/MXF/AVID2.1 20170419/KT8609_1.WA01.58F858F86DC4A.mxf; Avid MediaFiles/MXF/AVID2.1 20170419/KT8609_7.WA07.58F858F86DC4A.mxf; Avid MediaFiles/MXF/AVID2.1 20170419/KT8609_8.WA08.58F858F86DC4A.mxf
538,KT8610_1.WA01.58F858F86DC4A; KT8610_7.WA07.58F858F86DC4A; KT8610_8.WA08.58F858F86DC4A;   PV222B /t 3   ,2:09f992e9ec22ef3b51c8e9a3053e13c2; 2:b2ecc130b631e550e61d80fea68d6893; 2:b93cf91cfc50449a69843d15d4c8d686,00:00:00:00:100/1,00:00:45:04:100/1,Avid MediaFiles/MXF/AVID2.1 20170419/KT8610_1.WA01.58F858F86DC4A.mxf; Avid MediaFiles/MXF/AVID2.1 20170419/KT8610_7.WA07.58F858F86DC4A.mxf; Avid MediaFiles/MXF/AVID2.1 20170419/KT8610_8.WA08.58F858F86DC4A.mxf
539,KT8611-5.WA05.58F858F86DC5A; KT8611-6.WA06.58F858F86DC5A;   PV222B /t 4   ,2:fab64c5700d84c723fb50c0c02b31219; 2:44e7a3d3ad69c7e239f804d4339bf588,00:00:00:00:100/1,00:01:08:96:100/1,Avid MediaFiles/MXF/AVID2.1 20170419/KT8611-5.WA05.58F858F86DC5A.mxf; Avid MediaFiles/MXF/AVID2.1 20170419/KT8611-6.WA06.58F858F86DC5A.mxf
540,KT8611_1.WA01.58F858F86DC5A; KT8611_7.WA07.58F858F86DC5A; KT8611_8.WA08.58F858F86DC5A;   PV222B /t 4   ,2:6b2c9621188ae990cc2b03a54e39fa68; 2:bf8143325f9eb3fd35e885a74ac23f91; 2:c0eb3199dda26b6c236d11677629c396,00:00:00:00:100/1,00:01:08:96:100/1,Avid MediaFiles/MXF/AVID2.1 20170419/KT8611_1.WA01.58F858F86DC5A.mxf; Avid MediaFiles/MXF/AVID2.1 20170419/KT8611_7.WA07.58F858F86DC5A.mxf; Avid MediaFiles/MXF/AVID2.1 20170419/KT8611_8.WA08.58F858F86DC5A.mxf
541,KT8612-5.WA05.58F858F86DC6A; KT8612-6.WA06.58F858F86DC6A;   PV222B /t 5   ,2:6d7983644e41ba7e75baeea516df6246; 2:c0925f494719c8e4ccfb5c5552a6f819,00:00:00:00:100/1,00:00:47:36:100/1,Avid MediaFiles/MXF/AVID2.1 20170419/KT8612-5.WA05.58F858F86DC6A.mxf; Avid MediaFiles/MXF/AVID2.1 20170419/KT8612-6.WA06.58F858F86DC6A.mxf
542,KT8612_1.WA01.58F858F86DC6A; KT8612_7.WA07.58F858F86DC6A; KT8612_8.WA08.58F858F86DC6A;   PV222B /t 5   ,2:a6311ec5212610cfdb775c150f07d5e6; 2:063a58dbed3a5125cce8b94232f9d33d; 2:c877563ffa6663aa5d8f41ad23d07c7d,00:00:00:00:100/1,00:00:47:36:100/1,Avid MediaFiles/MXF/AVID2.1 20170419/KT8612_1.WA01.58F858F86DC6A.mxf; Avid MediaFiles/MXF/AVID2.1 20170419/KT8612_7.WA07.58F858F86DC6A.mxf; Avid MediaFiles/MXF/AVID2.1 20170419/KT8612_8.WA08.58F858F86DC6A.mxf
543,KT8613-5.WA05.58F858F86DC6A; KT8613-6.WA06.58F858F86DC6A;   PV222B /t 6   ,2:b31f88997387270821d04ce9643d03ee; 2:1175dc7d19a010b7561c961ab89e2f29,00:00:00:00:100/1,00:00:46:04:100/1,Avid MediaFiles/MXF/AVID2.1 20170419/KT8613-5.WA05.58F858F86DC6A.mxf; Avid MediaFiles/MXF/AVID2.1 20170419/KT8613-6.WA06.58F858F86DC6A.mxf
544,KT8613_1.WA01.58F858F86DC7A; KT8613_7.WA07.58F858F86DC7A; KT8613_8.WA08.58F858F86DC7A;   PV222B /t 6   ,2:41e2682b50c1ab4908ecf45a237435b3; 2:7cbf2ded736ff12bc62651c77eebd3b7; 2:ccbf28c543604cf7e7063bb75c9107f6,00:00:00:00:100/1,00:00:46:04:100/1,Avid MediaFiles/MXF/AVID2.1 20170419/KT8613_1.WA01.58F858F86DC7A.mxf; Avid MediaFiles/MXF/AVID2.1 20170419/KT8613_7.WA07.58F858F86DC7A.mxf; Avid MediaFiles/MXF/AVID2.1 20170419/KT8613_8.WA08.58F858F86DC7A.mxf
545,KT8614_1.WA01.58F858F86DC7A; KT8614_7.WA07.58F858F86DC7A; KT8614_8.WA08.58F858F86DC7A;   PV222B /t 7   ,2:067547415b117d6ffefba5dce8f3dace; 2:28fbdd348598caead2725c80fb4b2d26; 2:530d31bf30fba7b972db9ec4c2c5e6f2,00:00:00:00:100/1,00:00:53:52:100/1,Avid MediaFiles/MXF/AVID2.1 20170419/KT8614_1.WA01.58F858F86DC7A.mxf; Avid MediaFiles/MXF/AVID2.1 20170419/KT8614_7.WA07.58F858F86DC7A.mxf; Avid MediaFiles/MXF/AVID2.1 20170419/KT8614_8.WA08.58F858F86DC7A.mxf
546,KT8616-5.WA05.58F858F86DC8A; KT8616-6.WA06.58F858F86DC8A;    V222B /t 1   ,2:dcc7837a534885b86f03d6a73b8215b5; 2:ab1793ce64377785cd4a2e51e5906c8e,00:00:00:00:100/1,00:00:48:80:100/1,Avid MediaFiles/MXF/AVID2.1 20170419/KT8616-5.WA05.58F858F86DC8A.mxf; Avid MediaFiles/MXF/AVID2.1 20170419/KT8616-6.WA06.58F858F86DC8A.mxf
547,KT8615_1.WA01.58F858F86DC8A; KT8615_7.WA07.58F858F86DC8A; KT8615_8.WA08.58F858F86DC8A;   PV222B /t 8   ,2:941e79d877fc7d5c0448d3fe01b3221f; 2:1d414a512fdefedf3ce35f399a0fd03e; 2:3122b5fb68b06e6a01599cb901f359e8,00:00:00:00:100/1,00:00:43:04:100/1,Avid MediaFiles/MXF/AVID2.1 20170419/KT8615_1.WA01.58F858F86DC8A.mxf; Avid MediaFiles/MXF/AVID2.1 20170419/KT8615_7.WA07.58F858F86DC8A.mxf; Avid MediaFiles/MXF/AVID2.1 20170419/KT8615_8.WA08.58F858F86DC8A.mxf
548,KT8617-5.WA05.58F858F86DC9A; KT8617-6.WA06.58F858F86DC9A;   PV222C /n 2   ,2:4bc707dafea43e8dd2836ccb2be3cc0a; 2:1751634989ba2a21c9657d054522c403,00:00:00:00:100/1,00:00:37:36:100/1,Avid MediaFiles/MXF/AVID2.1 20170419/KT8617-5.WA05.58F858F86DC9A.mxf; Avid MediaFiles/MXF/AVID2.1 20170419/KT8617-6.WA06.58F858F86DC9A.mxf
549,KT8616_1.WA01.58F858F86DC9A; KT8616_2.WA02.58F858F86DC9A; KT8616_7.WA07.58F858F86DC9A; KT8616_8.WA08.58F858F86DC9A;    V222B /t 1   ,2:f4647e5222b782516371404315f6675c; 2:7392b47db36d4baa812433040f04c323; 2:4ba7242267bac62cf970f8f9c30c9d11; 2:6af8a86d6847eac1eff4c478db5e05ed,00:00:00:00:100/1,00:00:48:80:100/1,Avid MediaFiles/MXF/AVID2.1 20170419/KT8616_1.WA01.58F858F86DC9A.mxf; Avid MediaFiles/MXF/AVID2.1 20170419/KT8616_2.WA02.58F858F86DC9A.mxf; Avid MediaFiles/MXF/AVID2.1 20170419/KT8616_7.WA07.58F858F86DC9A.mxf; Avid MediaFiles/MXF/AVID2.1 20170419/KT8616_8.WA08.58F858F86DC9A.mxf
550,KT8618-5.WA05.58F858F86DCAA; KT8618-6.WA06.58F858F86DCAA;    V222B /t 2   ,2:56b8942b3f8ed04b4c0d2fdb62c3a596; 2:a521f9d334c0c60361e0cfe4de8e1c07,00:00:00:00:100/1,00:00:43:52:100/1,Avid MediaFiles/MXF/AVID2.1 20170419/KT8618-5.WA05.58F858F86DCAA.mxf; Avid MediaFiles/MXF/AVID2.1 20170419/KT8618-6.WA06.58F858F86DCAA.mxf
551,KT8617_1.WA01.58F858F86DC9A; KT8617_2.WA02.58F858F86DC9A; KT8617_7.WA07.58F858F86DC9A; KT8617_8.WA08.58F858F86DC9A;   PV222C /n 2   ,2:8b45ff99ca71a12ae17748acf35524cd; 2:56809d53a7320b70d5bef9a4ce9bce56; 2:dc413ee5908d8bf2191454071b21a90a; 2:0549717af5540c784735bceb60e724f5,00:00:00:00:100/1,00:00:37:36:100/1,Avid MediaFiles/MXF/AVID2.1 20170419/KT8617_1.WA01.58F858F86DC9A.mxf; Avid MediaFiles/MXF/AVID2.1 20170419/KT8617_2.WA02.58F858F86DC9A.mxf; Avid MediaFiles/MXF/AVID2.1 20170419/KT8617_7.WA07.58F858F86DC9A.mxf; Avid MediaFiles/MXF/AVID2.1 20170419/KT8617_8.WA08.58F858F86DC9A.mxf
552,KT8619-5.WA05.58F858F86DCBA; KT8619-6.WA06.58F858F86DCBA;    V222B /w 0   ,2:151455539337f92d7961fc8c40fcacfe; 2:16330b1cd87f4c72514dc0bcd9c5781d,00:00:00:00:100/1,00:00:43:76:100/1,Avid MediaFiles/MXF/AVID2.1 20170419/KT8619-5.WA05.58F858F86DCBA.mxf; Avid MediaFiles/MXF/AVID2.1 20170419/KT8619-6.WA06.58F858F86DCBA.mxf
553,KT8618_1.WA01.58F858F86DCAA; KT8618_2.WA02.58F858F86DCAA; KT8618_7.WA07.58F858F86DCAA; KT8618_8.WA08.58F858F86DCAA;    V222B /t 2   ,2:31eff9d8b79170efe64c2823b96c1d3c; 2:2a245eadb2c6a9fbac6e98b10a2d4a12; 2:caa5d24cd96b98a22472c9ccd65ffc2e; 2:f10b37e9511a7c480638dd1e59ec8230,00:00:00:00:100/1,00:00:43:52:100/1,Avid MediaFiles/MXF/AVID2.1 20170419/KT8618_1.WA01.58F858F86DCAA.mxf; Avid MediaFiles/MXF/AVID2.1 20170419/KT8618_2.WA02.58F858F86DCAA.mxf; Avid MediaFiles/MXF/AVID2.1 20170419/KT8618_7.WA07.58F858F86DCAA.mxf; Avid MediaFiles/MXF/AVID2.1 20170419/KT8618_8.WA08.58F858F86DCAA.mxf
554,KT8619_1.WA01.58F858F86DCBA; KT8619_2.WA02.58F858F86DCBA; KT8619_7.WA07.58F858F86DCBA; KT8619_8.WA08.58F858F86DCBA;    V222B /w 0   ,2:ce46857c4f105d51210a288b0b0cb96c; 2:b8b163efa5bf63ee41812019527af5ea; 2:fe7d7d45aaa859e6c65630d2ad2e5eb9; 2:cd2232ef20fe0268365d99609d530159,00:00:00:00:100/1,00:00:43:76:100/1,Avid MediaFiles/MXF/AVID2.1 20170419/KT8619_1.WA01.58F858F86DCBA.mxf; Avid MediaFiles/MXF/AVID2.1 20170419/KT8619_2.WA02.58F858F86DCBA.mxf; Avid MediaFiles/MXF/AVID2.1 20170419/KT8619_7.WA07.58F858F86DCBA.mxf; Avid MediaFiles/MXF/AVID2.1 20170419/KT8619_8.WA08.58F858F86DCBA.mxf
555,KT8620_1.WA01.58F858F86DCCA; KT8620_2.WA02.58F858F86DCCA; KT8620_7.WA07.58F858F86DCCA; KT8620_8.WA08.58F858F86DCCA;    V222B /t 3   ,2:eb78c57ebb1cc0c4547d6ed811d62815; 2:7eb63dd67fb2673bd8e526cfb38be280; 2:8ff2139d60bc6b7b464b11250a7fee5e; 2:52b506246a994ecc2dbedc9ec14b93e1,00:00:00:00:100/1,00:01:10:20:100/1,Avid MediaFiles/MXF/AVID2.1 20170419/KT8620_1.WA01.58F858F86DCCA.mxf; Avid MediaFiles/MXF/AVID2.1 20170419/KT8620_2.WA02.58F858F86DCCA.mxf; Avid MediaFiles/MXF/AVID2.1 20170419/KT8620_7.WA07.58F858F86DCCA.mxf; Avid MediaFiles/MXF/AVID2.1 20170419/KT8620_8.WA08.58F858F86DCCA.mxf
556,KT8621_1.WA01.58F858F86DCCA; KT8621_2.WA02.58F858F86DCCA; KT8621_7.WA07.58F858F86DCCA; KT8621_8.WA08.58F858F86DCCA;     222C /t 1   ,2:74d93a1aa2e5d56c5ab8ff247984122b; 2:24339f9963b9dc6634a0f662d720aaf7; 2:30ff62db241d3f881e4187ca758ebdf9; 2:e2bf772694a339ebe8b91bcb9dbda5f0,00:00:00:00:100/1,00:00:40:32:100/1,Avid MediaFiles/MXF/AVID2.1 20170419/KT8621_1.WA01.58F858F86DCCA.mxf; Avid MediaFiles/MXF/AVID2.1 20170419/KT8621_2.WA02.58F858F86DCCA.mxf; Avid MediaFiles/MXF/AVID2.1 20170419/KT8621_7.WA07.58F858F86DCCA.mxf; Avid MediaFiles/MXF/AVID2.1 20170419/KT8621_8.WA08.58F858F86DCCA.mxf
557,KT8622_1.WA01.58F858F86DCDA; KT8622_2.WA02.58F858F86DCDA; KT8622_7.WA07.58F858F86DCDA; KT8622_8.WA08.58F858F86DCDA;     222C /t 2   ,2:062f129e2fc6b052e3bc17493fe590e7; 2:b3e073469ce7df5c92f725723150801e; 2:9691bc73c8ffa08a5a8abb5ba9298028; 2:414a23ed6e3cd5cd5c162ad6381f1d9d,00:00:00:00:100/1,00:00:49:08:100/1,Avid MediaFiles/MXF/AVID2.1 20170419/KT8622_1.WA01.58F858F86DCDA.mxf; Avid MediaFiles/MXF/AVID2.1 20170419/KT8622_2.WA02.58F858F86DCDA.mxf; Avid MediaFiles/MXF/AVID2.1 20170419/KT8622_7.WA07.58F858F86DCDA.mxf; Avid MediaFiles/MXF/AVID2.1 20170419/KT8622_8.WA08.58F858F86DCDA.mxf
558,KT8623_1.WA01.58F858F86DCEA; KT8623_2.WA02.58F858F86DCEA; KT8623_7.WA07.58F858F86DCEA; KT8623_8.WA08.58F858F86DCEA;     222C /w 3   ,2:fd478749921c6fb252d4bd57762655ad; 2:0cccd02d98261ec205ec31accc9d9991; 2:7620cbe5a1e0c6b3045a57c8e0f2dc82; 2:99ddddda96f9496d009afea4d4362c9d,00:00:00:00:100/1,00:00:46:64:100/1,Avid MediaFiles/MXF/AVID2.1 20170419/KT8623_1.WA01.58F858F86DCEA.mxf; Avid MediaFiles/MXF/AVID2.1 20170419/KT8623_2.WA02.58F858F86DCEA.mxf; Avid MediaFiles/MXF/AVID2.1 20170419/KT8623_7.WA07.58F858F86DCEA.mxf; Avid MediaFiles/MXF/AVID2.1 20170419/KT8623_8.WA08.58F858F86DCEA.mxf
559,KT8624_1.WA01.58F858F86DCEA; KT8624_2.WA02.58F858F86DCEA; KT8624_7.WA07.58F858F86DCEA; KT8624_8.WA08.58F858F86DCEA;     222A /t 1   ,2:11cfef8d8f27571cc527fc693474dbe2; 2:8dc0c10616b7a12290f594eefdb25219; 2:af270ae8177660de1f9eea85f6c89549; 2:85f1ed9cade939ff35ff3f3568bfe73b,00:00:00:00:100/1,00:00:46:76:100/1,Avid MediaFiles/MXF/AVID2.1 20170419/KT8624_1.WA01.58F858F86DCEA.mxf; Avid MediaFiles/MXF/AVID2.1 20170419/KT8624_2.WA02.58F858F86DCEA.mxf; Avid MediaFiles/MXF/AVID2.1 20170419/KT8624_7.WA07.58F858F86DCEA.mxf; Avid MediaFiles/MXF/AVID2.1 20170419/KT8624_8.WA08.58F858F86DCEA.mxf
560,KT8625_1.WA01.58F858F86DCFA; KT8625_2.WA02.58F858F86DCFA; KT8625_7.WA07.58F858F86DCFA; KT8625_8.WA08.58F858F86DCFA;     222A /t 2   ,2:6c5aca8fac9e9cdc37f8bbcd7940dac0; 2:412c51815b37266e0417bd731db9a577; 2:d403edb5745c3012b598a5e4e4fa4e8e; 2:35ae935262577e96109299095a89caeb,00:00:00:00:100/1,00:00:56:28:100/1,Avid MediaFiles/MXF/AVID2.1 20170419/KT8625_1.WA01.58F858F86DCFA.mxf; Avid MediaFiles/MXF/AVID2.1 20170419/KT8625_2.WA02.58F858F86DCFA.mxf; Avid MediaFiles/MXF/AVID2.1 20170419/KT8625_7.WA07.58F858F86DCFA.mxf; Avid MediaFiles/MXF/AVID2.1 20170419/KT8625_8.WA08.58F858F86DCFA.mxf
561,KT8626_1.WA01.58F858F86DCFA; KT8626_2.WA02.58F858F86DCFA; KT8626_7.WA07.58F858F86DCFA; KT8626_8.WA08.58F858F86DCFA;     222A /t 3   ,2:ff4987abaed0fa6b83f7e98e0d291703; 2:e25089c101534347e77006ddb0404be9; 2:895683d6c5b8926cfa356d8502db77c5; 2:76d939b09b50b2b71d45e0520111f72a,00:00:00:00:100/1,00:00:53:84:100/1,Avid MediaFiles/MXF/AVID2.1 20170419/KT8626_1.WA01.58F858F86DCFA.mxf; Avid MediaFiles/MXF/AVID2.1 20170419/KT8626_2.WA02.58F858F86DCFA.mxf; Avid MediaFiles/MXF/AVID2.1 20170419/KT8626_7.WA07.58F858F86DCFA.mxf; Avid MediaFiles/MXF/AVID2.1 20170419/KT8626_8.WA08.58F858F86DCFA.mxf
562,KT8627_1.WA01.58F858F86DD0A; KT8627_2.WA02.58F858F86DD0A; KT8627_7.WA07.58F858F86DD0A; KT8627_8.WA08.58F858F86DD0A;     222A /t 4   ,2:1190f65daf41bcf644c5c2731987584b; 2:2211ab7f4150c551f81363320cb06630; 2:11da608ddc5a78cf0e4615921fbb04d8; 2:bfefc786a78ed1e0d0427bf4acb41078,00:00:00:00:100/1,00:01:11:16:100/1,Avid MediaFiles/MXF/AVID2.1 20170419/KT8627_1.WA01.58F858F86DD0A.mxf; Avid MediaFiles/MXF/AVID2.1 20170419/KT8627_2.WA02.58F858F86DD0A.mxf; Avid MediaFiles/MXF/AVID2.1 20170419/KT8627_7.WA07.58F858F86DD0A.mxf; Avid MediaFiles/MXF/AVID2.1 20170419/KT8627_8.WA08.58F858F86DD0A.mxf
563,KT8628_1.WA01.58F858F86DD1A; KT8628_2.WA02.58F858F86DD1A; KT8628_7.WA07.58F858F86DD1A; KT8628_8.WA08.58F858F86DD1A;     222A /t 5   ,2:5164098f9ae99f131e657d061931066a; 2:d70e9aa387772da726184abd0c4501f7; 2:85d4fec7dfbd4aa8b48b959794decd7c; 2:381471bc8272ea24468ba474bd1baa63,00:00:00:00:100/1,00:00:50:92:100/1,Avid MediaFiles/MXF/AVID2.1 20170419/KT8628_1.WA01.58F858F86DD1A.mxf; Avid MediaFiles/MXF/AVID2.1 20170419/KT8628_2.WA02.58F858F86DD1A.mxf; Avid MediaFiles/MXF/AVID2.1 20170419/KT8628_7.WA07.58F858F86DD1A.mxf; Avid MediaFiles/MXF/AVID2.1 20170419/KT8628_8.WA08.58F858F86DD1A.mxf
564,KT8629_1.WA01.58F858F86DD2A; KT8629_2.WA02.58F858F86DD2A; KT8629_7.WA07.58F858F86DD2A; KT8629_8.WA08.58F858F86DD2A;     222  /w 0   ,2:c48c7a4bc44eb8eec9b2d449e178a12c; 2:4991ce153a32a9bbc7046decb5ae899b; 2:e25a2c786d6db70cfc8f864a540f1c72; 2:f232987007cd85806fddb4b1153c373a,00:00:00:00:100/1,00:00:26:36:100/1,Avid MediaFiles/MXF/AVID2.1 20170419/KT8629_1.WA01.58F858F86DD2A.mxf; Avid MediaFiles/MXF/AVID2.1 20170419/KT8629_2.WA02.58F858F86DD2A.mxf; Avid MediaFiles/MXF/AVID2.1 20170419/KT8629_7.WA07.58F858F86DD2A.mxf; Avid MediaFiles/MXF/AVID2.1 20170419/KT8629_8.WA08.58F858F86DD2A.mxf
565,KT8630_1.WA01.58F858F86DD2A; KT8630_2.WA02.58F858F86DD2A; KT8630_7.WA07.58F858F86DD2A; KT8630_8.WA08.58F858F86DD2A;     222  /w 1   ,2:f78db9a294d05bdc56380531d206f864; 2:32ba8c427bcd48356bbcd6b671011ce7; 2:cffeb2ce9ccced16a5e061f2ac8c4c87; 2:3a716513aadcad49649def29c0d8edf7,00:00:00:00:100/1,00:00:25:32:100/1,Avid MediaFiles/MXF/AVID2.1 20170419/KT8630_1.WA01.58F858F86DD2A.mxf; Avid MediaFiles/MXF/AVID2.1 20170419/KT8630_2.WA02.58F858F86DD2A.mxf; Avid MediaFiles/MXF/AVID2.1 20170419/KT8630_7.WA07.58F858F86DD2A.mxf; Avid MediaFiles/MXF/AVID2.1 20170419/KT8630_8.WA08.58F858F86DD2A.mxf
566,KT8631_1.WA01.58F858F86DD2A; KT8631_2.WA02.58F858F86DD2A; KT8631_7.WA07.58F858F86DD2A; KT8631_8.WA08.58F858F86DD2A;     222  /t 1   ,2:9f9b486e2162563a93e1fb3f5d8409c0; 2:e1cfb836185c4d9782fed7cabe7bf412; 2:645844c44fa2ffa5d6208e7f3752d905; 2:6996b5394be909db272f497b1759c7d9,00:00:00:00:100/1,00:01:33:92:100/1,Avid MediaFiles/MXF/AVID2.1 20170419/KT8631_1.WA01.58F858F86DD2A.mxf; Avid MediaFiles/MXF/AVID2.1 20170419/KT8631_2.WA02.58F858F86DD2A.mxf; Avid MediaFiles/MXF/AVID2.1 20170419/KT8631_7.WA07.58F858F86DD2A.mxf; Avid MediaFiles/MXF/AVID2.1 20170419/KT8631_8.WA08.58F858F86DD2A.mxf
567,KT8632_1.WA01.58F858F86DD3A; KT8632_2.WA02.58F858F86DD3A; KT8632_7.WA07.58F858F86DD3A; KT8632_8.WA08.58F858F86DD3A;     222  /t 2   ,2:ae147a4bccb74a282facd40d9e2e819e; 2:c06d3c977e94b61afdfcdecfef1b72cd; 2:0425ec8ae8b374f40ae3278b15b8585d; 2:48e56a505ddf35f25e173fcecd093df7,00:00:00:00:100/1,00:00:50:16:100/1,Avid MediaFiles/MXF/AVID2.1 20170419/KT8632_1.WA01.58F858F86DD3A.mxf; Avid MediaFiles/MXF/AVID2.1 20170419/KT8632_2.WA02.58F858F86DD3A.mxf; Avid MediaFiles/MXF/AVID2.1 20170419/KT8632_7.WA07.58F858F86DD3A.mxf; Avid MediaFiles/MXF/AVID2.1 20170419/KT8632_8.WA08.58F858F86DD3A.mxf
568,KT8633_1.WA01.58F858F86DD4A; KT8633_2.WA02.58F858F86DD4A; KT8633_7.WA07.58F858F86DD4A; KT8633_8.WA08.58F858F86DD4A;     222  /t 3   ,2:72efbac32b4cb40f2c2a378849c530e1; 2:247b77e71582272bac3bfde374452f6e; 2:51c6b0a972c56014171e1f0e3b2a7e0b; 2:b8227ba6998e94306dae43a4b59b9dc0,00:00:00:00:100/1,00:01:01:76:100/1,Avid MediaFiles/MXF/AVID2.1 20170419/KT8633_1.WA01.58F858F86DD4A.mxf; Avid MediaFiles/MXF/AVID2.1 20170419/KT8633_2.WA02.58F858F86DD4A.mxf; Avid MediaFiles/MXF/AVID2.1 20170419/KT8633_7.WA07.58F858F86DD4A.mxf; Avid MediaFiles/MXF/AVID2.1 20170419/KT8633_8.WA08.58F858F86DD4A.mxf
569,KT8634_1.WA01.58F858F86DD5A; KT8634_2.WA02.58F858F86DD5A; KT8634_7.WA07.58F858F86DD5A; KT8634_8.WA08.58F858F86DD5A;     222  /t 4   ,2:8d13ed73a69c923d2844ddd64efd6248; 2:8cb0da2fdfd3fe780e4324bff477131e; 2:bbb9619e5b4526ec434cf99aeeccd1dd; 2:48fe199d42ecb9f4e46316428c453e93,00:00:00:00:100/1,00:00:55:52:100/1,Avid MediaFiles/MXF/AVID2.1 20170419/KT8634_1.WA01.58F858F86DD5A.mxf; Avid MediaFiles/MXF/AVID2.1 20170419/KT8634_2.WA02.58F858F86DD5A.mxf; Avid MediaFiles/MXF/AVID2.1 20170419/KT8634_7.WA07.58F858F86DD5A.mxf; Avid MediaFiles/MXF/AVID2.1 20170419/KT8634_8.WA08.58F858F86DD5A.mxf
570,KT8635_1.WA01.58F858F86DD5A; KT8635_2.WA02.58F858F86DD5A; KT8635_3.WA03.58F858F86DD5A; KT8635_7.WA07.58F858F86DD5A; KT8635_8.WA08.58F858F86DD5A;     207  /t 1   ,2:9adfa6923919771fe4990661521cb151; 2:ebc4c74b1bbc6aac04719005cc088ad6; 2:6e14b6614526d045b8e69dfbabc43b5d; 2:088f80165889039cce05ae70b33173d8; 2:4046431906ff36eb912008bd53dd857b,00:00:00:00:100/1,00:01:43:76:100/1,Avid MediaFiles/MXF/AVID2.1 20170419/KT8635_1.WA01.58F858F86DD5A.mxf; Avid MediaFiles/MXF/AVID2.1 20170419/KT8635_2.WA02.58F858F86DD5A.mxf; Avid MediaFiles/MXF/AVID2.1 20170419/KT8635_3.WA03.58F858F86DD5A.mxf; Avid MediaFiles/MXF/AVID2.1 20170419/KT8635_7.WA07.58F858F86DD5A.mxf; Avid MediaFiles/MXF/AVID2.1 20170419/KT8635_8.WA08.58F858F86DD5A.mxf
571,KT8636_1.WA01.58F858F86DD7A; KT8636_2.WA02.58F858F86DD7A; KT8636_3.WA03.58F858F86DD7A; KT8636_7.WA07.58F858F86DD7A; KT8636_8.WA08.58F858F86DD7A;     207  /t 2   ,2:f7651389108fb7dd0b631902ed90fd7a; 2:abf758cb272acd505fbc2aca4816d4d0; 2:e8191a8b989afbb1aa6c4fb2c41d1e4b; 2:3f67b9af7375ba871f6717f25a2f3a34; 2:1cd08647aaa1a9ef8fa68d472c0f4133,00:00:00:00:100/1,00:01:00:76:100/1,Avid MediaFiles/MXF/AVID2.1 20170419/KT8636_1.WA01.58F858F86DD7A.mxf; Avid MediaFiles/MXF/AVID2.1 20170419/KT8636_2.WA02.58F858F86DD7A.mxf; Avid MediaFiles/MXF/AVID2.1 20170419/KT8636_3.WA03.58F858F86DD7A.mxf; Avid MediaFiles/MXF/AVID2.1 20170419/KT8636_7.WA07.58F858F86DD7A.mxf; Avid MediaFiles/MXF/AVID2.1 20170419/KT8636_8.WA08.58F858F86DD7A.mxf
572,KT8638_1.WA01.58F858F86DD9A; KT8638_2.WA02.58F858F86DD9A; KT8638_3.WA03.58F858F86DD9A; KT8638_7.WA07.58F858F86DD9A; KT8638_8.WA08.58F858F86DD9A;     207  /t 4   ,2:56090c3d08106636e5700abf92140f4d; 2:90959b409f4c3833fdfa126c8acae60d; 2:28e5ec357d53a98ac8e9cd2cfa95be9b; 2:46f34685e696d2833cd377e67dad077b; 2:502523e5622871569e2a4c1ab40ee95c,00:00:00:00:100/1,00:00:38:40:100/1,Avid MediaFiles/MXF/AVID2.1 20170419/KT8638_1.WA01.58F858F86DD9A.mxf; Avid MediaFiles/MXF/AVID2.1 20170419/KT8638_2.WA02.58F858F86DD9A.mxf; Avid MediaFiles/MXF/AVID2.1 20170419/KT8638_3.WA03.58F858F86DD9A.mxf; Avid MediaFiles/MXF/AVID2.1 20170419/KT8638_7.WA07.58F858F86DD9A.mxf; Avid MediaFiles/MXF/AVID2.1 20170419/KT8638_8.WA08.58F858F86DD9A.mxf
573,KT8639_1.WA01.58F858F86DDAA; KT8639_2.WA02.58F858F86DDAA; KT8639_3.WA03.58F858F86DDAA; KT8639_7.WA07.58F858F86DDAA; KT8639_8.WA08.58F858F86DDAA;     207  /t 5   ,2:298939b6283bf7dc6f0ee7eb8c4e2d7b; 2:489ef0eafb4e1e3d29168a27902ab493; 2:e5027f9d78d330da37194d84784902b5; 2:7f8e3b93cf1f891652959355ff9e5d1c; 2:8a8c7e3d6f475140207373c6605128d8,00:00:00:00:100/1,00:02:10:84:100/1,Avid MediaFiles/MXF/AVID2.1 20170419/KT8639_1.WA01.58F858F86DDAA.mxf; Avid MediaFiles/MXF/AVID2.1 20170419/KT8639_2.WA02.58F858F86DDAA.mxf; Avid MediaFiles/MXF/AVID2.1 20170419/KT8639_3.WA03.58F858F86DDAA.mxf; Avid MediaFiles/MXF/AVID2.1 20170419/KT8639_7.WA07.58F858F86DDAA.mxf; Avid MediaFiles/MXF/AVID2.1 20170419/KT8639_8.WA08.58F858F86DDAA.mxf
574,KT8637_1.WA01.58F858F86DD8A; KT8637_2.WA02.58F858F86DD8A; KT8637_3.WA03.58F858F86DD8A; KT8637_7.WA07.58F858F86DD8A; KT8637_8.WA08.58F858F86DD8A;     207  /t 3   ,2:620b013a4cb51fe949a9acf5a2a81515; 2:be771f4517bf9e3d78810766c3192574; 2:70f0f5ce54774cb3718ba0662311eeeb; 2:0cf09976f46b90a86daa0486549dbafc; 2:71e37734b94fabb1c8afe8d25d85e6e8,00:00:00:00:100/1,00:01:46:80:100/1,Avid MediaFiles/MXF/AVID2.1 20170419/KT8637_1.WA01.58F858F86DD8A.mxf; Avid MediaFiles/MXF/AVID2.1 20170419/KT8637_2.WA02.58F858F86DD8A.mxf; Avid MediaFiles/MXF/AVID2.1 20170419/KT8637_3.WA03.58F858F86DD8A.mxf; Avid MediaFiles/MXF/AVID2.1 20170419/KT8637_7.WA07.58F858F86DD8A.mxf; Avid MediaFiles/MXF/AVID2.1 20170419/KT8637_8.WA08.58F858F86DD8A.mxf
575,KT8640_1.WA01.58F858F86DDBA; KT8640_2.WA02.58F858F86DDBA; KT8640_3.WA03.58F858F86DDBA; KT8640_7.WA07.58F858F86DDBA; KT8640_8.WA08.58F858F86DDBA;     207  /t 6   ,2:81c69fbe64002908a82a7039a150687b; 2:b6c96df7906d62d0fb7fb20134d1115e; 2:af888d073bfa76d6aa0d1d348c622d9c; 2:c76e797a5f67fe3d8934e31550d5ac15; 2:79c6b0fda1ddd7c27c608e2f3ce5a4c7,00:00:00:00:100/1,00:01:58:80:100/1,Avid MediaFiles/MXF/AVID2.1 20170419/KT8640_1.WA01.58F858F86DDBA.mxf; Avid MediaFiles/MXF/AVID2.1 20170419/KT8640_2.WA02.58F858F86DDBA.mxf; Avid MediaFiles/MXF/AVID2.1 20170419/KT8640_3.WA03.58F858F86DDBA.mxf; Avid MediaFiles/MXF/AVID2.1 20170419/KT8640_7.WA07.58F858F86DDBA.mxf; Avid MediaFiles/MXF/AVID2.1 20170419/KT8640_8.WA08.58F858F86DDBA.mxf
576,KT8641_1.WA01.58F858F86DDDA; KT8641_2.WA02.58F858F86DDDA; KT8641_3.WA03.58F858F86DDDA; KT8641_7.WA07.58F858F86DDDA; KT8641_8.WA08.58F858F86DDDA;     207A /t 1   ,2:edbcb1fd36a72268e9ad71ec1dabc800; 2:c81d0e9beaf20182eb6e70e1bc47067e; 2:22f4870e9ce84535127c9923a6646360; 2:7b3b42db7bfa02cbff3e13dca4c816ed; 2:3feae10abf353776e0f845596c1cbb82,00:00:00:00:100/1,00:01:13:08:100/1,Avid MediaFiles/MXF/AVID2.1 20170419/KT8641_1.WA01.58F858F86DDDA.mxf; Avid MediaFiles/MXF/AVID2.1 20170419/KT8641_2.WA02.58F858F86DDDA.mxf; Avid MediaFiles/MXF/AVID2.1 20170419/KT8641_3.WA03.58F858F86DDDA.mxf; Avid MediaFiles/MXF/AVID2.1 20170419/KT8641_7.WA07.58F858F86DDDA.mxf; Avid MediaFiles/MXF/AVID2.1 20170419/KT8641_8.WA08.58F858F86DDDA.mxf
577,KT8642_1.WA01.58F858F86DDEA; KT8642_2.WA02.58F858F86DDEA; KT8642_3.WA03.58F858F86DDEA; KT8642_7.WA07.58F858F86DDEA; KT8642_8.WA08.58F858F86DDEA;     207A /t 2   ,2:18d2ba9ceceac9e186a91b5666699721; 2:17dfe42f4eedba15ca7310dae98930ec; 2:22e7f5f4b7842c0302ec27d8b38341dd; 2:1aaee2aa12c6cfc3502cffa685e20654; 2:1e2a73cc2ae3ec8058a68662edf17d7e,00:00:00:00:100/1,00:01:19:28:100/1,Avid MediaFiles/MXF/AVID2.1 20170419/KT8642_1.WA01.58F858F86DDEA.mxf; Avid MediaFiles/MXF/AVID2.1 20170419/KT8642_2.WA02.58F858F86DDEA.mxf; Avid MediaFiles/MXF/AVID2.1 20170419/KT8642_3.WA03.58F858F86DDEA.mxf; Avid MediaFiles/MXF/AVID2.1 20170419/KT8642_7.WA07.58F858F86DDEA.mxf; Avid MediaFiles/MXF/AVID2.1 20170419/KT8642_8.WA08.58F858F86DDEA.mxf
578,KT8643_1.WA01.58F858F86DDFA; KT8643_2.WA02.58F858F86DDFA; KT8643_3.WA03.58F858F86DDFA; KT8643_7.WA07.58F858F86DDFA; KT8643_8.WA08.58F858F86DDFA;     236  /t 1   ,2:3e730adba833d74dcb9d9a1362793def; 2:a974199d14bf982055605fb7733178ed; 2:d2dc16482660bbb3a60d5ff56840d65d; 2:cdd926374cb274adae1b82a4c2981f99; 2:e34313d0a6e9edd1483d552b5b35caac,00:00:00:00:100/1,00:00:37:56:100/1,Avid MediaFiles/MXF/AVID2.1 20170419/KT8643_1.WA01.58F858F86DDFA.mxf; Avid MediaFiles/MXF/AVID2.1 20170419/KT8643_2.WA02.58F858F86DDFA.mxf; Avid MediaFiles/MXF/AVID2.1 20170419/KT8643_3.WA03.58F858F86DDFA.mxf; Avid MediaFiles/MXF/AVID2.1 20170419/KT8643_7.WA07.58F858F86DDFA.mxf; Avid MediaFiles/MXF/AVID2.1 20170419/KT8643_8.WA08.58F858F86DDFA.mxf
579,KT8645_1.WA01.58F858F86DE0A; KT8645_3.WA03.58F858F86DE0A; KT8645_7.WA07.58F858F86DE0A; KT8645_8.WA08.58F858F86DE0A;     236  /w 3   ,2:22d5f3b7c7b9d3da4a79420ebf58873a; 2:14238ba7aff75a6607c74d5d1117a038; 2:9ea03fe7090ee4c0a7904a5b0fc8ef58; 2:f4522d0aa7035d16c19970a949093d3c,00:00:00:00:100/1,00:01:38:88:100/1,Avid MediaFiles/MXF/AVID2.1 20170419/KT8645_1.WA01.58F858F86DE0A.mxf; Avid MediaFiles/MXF/AVID2.1 20170419/KT8645_3.WA03.58F858F86DE0A.mxf; Avid MediaFiles/MXF/AVID2.1 20170419/KT8645_7.WA07.58F858F86DE0A.mxf; Avid MediaFiles/MXF/AVID2.1 20170419/KT8645_8.WA08.58F858F86DE0A.mxf
580,KT8644_1.WA01.58F858F86DE0A; KT8644_2.WA02.58F858F86DE0A; KT8644_3.WA03.58F858F86DE0A; KT8644_7.WA07.58F858F86DE0A; KT8644_8.WA08.58F858F86DE0A;     236  /t 2   ,2:b06297ab353db5138555ad6943d4eefb; 2:4906e5bc6cb2e55d2eca7cc0ec67b985; 2:a36a9b6ee0820b557cf8bdf3603bd5e0; 2:19390cd3d10f21710bb86d9dd048b555; 2:6fd3dec6bff0f4762a48ae86ffd911af,00:00:00:00:100/1,00:00:44:76:100/1,Avid MediaFiles/MXF/AVID2.1 20170419/KT8644_1.WA01.58F858F86DE0A.mxf; Avid MediaFiles/MXF/AVID2.1 20170419/KT8644_2.WA02.58F858F86DE0A.mxf; Avid MediaFiles/MXF/AVID2.1 20170419/KT8644_3.WA03.58F858F86DE0A.mxf; Avid MediaFiles/MXF/AVID2.1 20170419/KT8644_7.WA07.58F858F86DE0A.mxf; Avid MediaFiles/MXF/AVID2.1 20170419/KT8644_8.WA08.58F858F86DE0A.mxf
581,KT8646_1.WA01.58F858F86DE1A; KT8646_2.WA02.58F858F86DE1A; KT8646_7.WA07.58F858F86DE1A; KT8646_8.WA08.58F858F86DE1A;   VO207  /w 1   ,2:4924fb7e1fe90c0f038626d65b53d5b5; 2:df68d627b1043be94e795c9ddd738910; 2:8db2ca31a5d474fc414dd76d9390401b; 2:6427453e99ab0a94d64a9704986269de,00:00:00:00:100/1,00:02:09:00:100/1,Avid MediaFiles/MXF/AVID2.1 20170419/KT8646_1.WA01.58F858F86DE1A.mxf; Avid MediaFiles/MXF/AVID2.1 20170419/KT8646_2.WA02.58F858F86DE1A.mxf; Avid MediaFiles/MXF/AVID2.1 20170419/KT8646_7.WA07.58F858F86DE1A.mxf; Avid MediaFiles/MXF/AVID2.1 20170419/KT8646_8.WA08.58F858F86DE1A.mxf
582,KT8647_1.WA01.58F858F86DE3A; KT8647_2.WA02.58F858F86DE3A; KT8647_7.WA07.58F858F86DE3A; KT8647_8.WA08.58F858F86DE3A;   VO222  /w 1   ,2:b8a106020be6ead6b576934f27329dba; 2:3ed67293e9e8d6b996d238d533d7ed64; 2:550aeab6be272e02549f4ebb07d555b6; 2:71fd5803503b011ebf9b20c792aa20f4,00:00:00:00:100/1,00:00:46:92:100/1,Avid MediaFiles/MXF/AVID2.1 20170419/KT8647_1.WA01.58F858F86DE3A.mxf; Avid MediaFiles/MXF/AVID2.1 20170419/KT8647_2.WA02.58F858F86DE3A.mxf; Avid MediaFiles/MXF/AVID2.1 20170419/KT8647_7.WA07.58F858F86DE3A.mxf; Avid MediaFiles/MXF/AVID2.1 20170419/KT8647_8.WA08.58F858F86DE3A.mxf
583,KT8648_1.WA01.58F858F86DE3A; KT8648_2.WA02.58F858F86DE3A; KT8648_7.WA07.58F858F86DE3A; KT8648_8.WA08.58F858F86DE3A;   VO207  /w 2   ,2:7192565bbfb3fa105d36be692ea471a2; 2:ee135a24da3f8782ed5618a77fd6733d; 2:c30c5f9efc6ce9052808980146a9a129; 2:1513dc9831f0917fc9a299a06462df0b,00:00:00:00:100/1,00:00:34:24:100/1,Avid MediaFiles/MXF/AVID2.1 20170419/KT8648_1.WA01.58F858F86DE3A.mxf; Avid MediaFiles/MXF/AVID2.1 20170419/KT8648_2.WA02.58F858F86DE3A.mxf; Avid MediaFiles/MXF/AVID2.1 20170419/KT8648_7.WA07.58F858F86DE3A.mxf; Avid MediaFiles/MXF/AVID2.1 20170419/KT8648_8.WA08.58F858F86DE3A.mxf
584,KT8650-5.WA05.58F958F9BC22A; KT8650-6.WA06.58F958F9BC22A;     615  /t 2   ,2:370a46f567fa9a5eca8c8f7696280b06; 2:1002ee7fe21665f285fa26387f5e5d89,00:00:00:00:100/1,00:01:36:84:100/1,Avid MediaFiles/MXF/AVID2.1 20170420/KT8650-5.WA05.58F958F9BC22A.mxf; Avid MediaFiles/MXF/AVID2.1 20170420/KT8650-6.WA06.58F958F9BC22A.mxf
585,KT8649_1.WA01.58F958F9BC20A; KT8649_2.WA02.58F958F9BC20A; KT8649_3.WA03.58F958F9BC20A; KT8649_7.WA07.58F958F9BC20A; KT8649_8.WA08.58F958F9BC20A;     615  /t 1   ,2:13bb5f677435aa1289d0e920ec91955b; 2:ab5b2f6ccc04b6568b0212bc73f6ccce; 2:491f6d3aac27729f8835e08032377cb9; 2:637f888b7af3b650d4622bb79de6d830; 2:48de4e6673748eb1b6a2fb9b8284358f,00:00:00:00:100/1,00:02:00:08:100/1,Avid MediaFiles/MXF/AVID2.1 20170420/KT8649_1.WA01.58F958F9BC20A.mxf; Avid MediaFiles/MXF/AVID2.1 20170420/KT8649_2.WA02.58F958F9BC20A.mxf; Avid MediaFiles/MXF/AVID2.1 20170420/KT8649_3.WA03.58F958F9BC20A.mxf; Avid MediaFiles/MXF/AVID2.1 20170420/KT8649_7.WA07.58F958F9BC20A.mxf; Avid MediaFiles/MXF/AVID2.1 20170420/KT8649_8.WA08.58F958F9BC20A.mxf
586,KT8651-5.WA05.58F958F9BC24A; KT8651-6.WA06.58F958F9BC24A;     615  /t 3   ,2:74e447ebf7c27639e4169c3503f65952; 2:72ded66fd054c063c93f9cca46fe6e62,00:00:00:00:100/1,00:01:38:24:100/1,Avid MediaFiles/MXF/AVID2.1 20170420/KT8651-5.WA05.58F958F9BC24A.mxf; Avid MediaFiles/MXF/AVID2.1 20170420/KT8651-6.WA06.58F958F9BC24A.mxf
587,KT8649-5.WA05.58F958F9BC20A; KT8649-6.WA06.58F958F9BC20A;     615  /t 1   ,2:e28127cf11089995f427169a5d115dd1; 2:9f9a640d29ec6cc2b7a80414790367d5,00:00:00:00:100/1,00:02:00:08:100/1,Avid MediaFiles/MXF/AVID2.1 20170420/KT8649-5.WA05.58F958F9BC20A.mxf; Avid MediaFiles/MXF/AVID2.1 20170420/KT8649-6.WA06.58F958F9BC20A.mxf
588,KT8651_1.WA01.58F958F9BC24A; KT8651_2.WA02.58F958F9BC24A; KT8651_3.WA03.58F958F9BC24A; KT8651_7.WA07.58F958F9BC24A; KT8651_8.WA08.58F958F9BC24A;     615  /t 3   ,2:b65118b388fd5b57f0a2828211f4444b; 2:53e3a0400dbbc188d8417ab21953d191; 2:446cec0644ae596290b8af162445695d; 2:4db6d04d9bc2abe1c0821d5bd1701628; 2:da69dc3659992d4586db2427fad01f6e,00:00:00:00:100/1,00:01:38:24:100/1,Avid MediaFiles/MXF/AVID2.1 20170420/KT8651_1.WA01.58F958F9BC24A.mxf; Avid MediaFiles/MXF/AVID2.1 20170420/KT8651_2.WA02.58F958F9BC24A.mxf; Avid MediaFiles/MXF/AVID2.1 20170420/KT8651_3.WA03.58F958F9BC24A.mxf; Avid MediaFiles/MXF/AVID2.1 20170420/KT8651_7.WA07.58F958F9BC24A.mxf; Avid MediaFiles/MXF/AVID2.1 20170420/KT8651_8.WA08.58F958F9BC24A.mxf
589,KT8650_1.WA01.58F958F9BC22A; KT8650_2.WA02.58F958F9BC22A; KT8650_3.WA03.58F958F9BC22A; KT8650_7.WA07.58F958F9BC22A; KT8650_8.WA08.58F958F9BC22A;     615  /t 2   ,2:ba5cfe717ee5ce84c1015475a173984b; 2:2f7cf4796efba67acf5ff6f49cd46c22; 2:378ffd961a75621f2a24be3abff174f3; 2:9f7853f983958b35ab3ea1304c943180; 2:2b7812324739c8c4d9c5642ae193cf5e,00:00:00:00:100/1,00:01:36:84:100/1,Avid MediaFiles/MXF/AVID2.1 20170420/KT8650_1.WA01.58F958F9BC22A.mxf; Avid MediaFiles/MXF/AVID2.1 20170420/KT8650_2.WA02.58F958F9BC22A.mxf; Avid MediaFiles/MXF/AVID2.1 20170420/KT8650_3.WA03.58F958F9BC22A.mxf; Avid MediaFiles/MXF/AVID2.1 20170420/KT8650_7.WA07.58F958F9BC22A.mxf; Avid MediaFiles/MXF/AVID2.1 20170420/KT8650_8.WA08.58F958F9BC22A.mxf
590,KT8652-5.WA05.58F958F9BC25A; KT8652-6.WA06.58F958F9BC25A;     615A /t 1   ,2:c27a3890b9248f599a8d47336cc6f803; 2:ba4d0336cb861eb67150762baadac52f,00:00:00:00:100/1,00:01:32:84:100/1,Avid MediaFiles/MXF/AVID2.1 20170420/KT8652-5.WA05.58F958F9BC25A.mxf; Avid MediaFiles/MXF/AVID2.1 20170420/KT8652-6.WA06.58F958F9BC25A.mxf
591,KT8652_1.WA01.58F958F9BC26A; KT8652_2.WA02.58F958F9BC26A; KT8652_3.WA03.58F958F9BC26A; KT8652_7.WA07.58F958F9BC26A; KT8652_8.WA08.58F958F9BC26A;     615A /t 1   ,2:782586cc7cd48180c9353b4cd17543ad; 2:c7d7a8e2d9f47f341e368ff9da0f5cf7; 2:62a4874ee5c5df165a6bee8f7ac77db8; 2:91f27645d5886e4251d2a5067d2e9a87; 2:cf00e6b15d1bd0bcc29a225a6fce920b,00:00:00:00:100/1,00:01:32:84:100/1,Avid MediaFiles/MXF/AVID2.1 20170420/KT8652_1.WA01.58F958F9BC26A.mxf; Avid MediaFiles/MXF/AVID2.1 20170420/KT8652_2.WA02.58F958F9BC26A.mxf; Avid MediaFiles/MXF/AVID2.1 20170420/KT8652_3.WA03.58F958F9BC26A.mxf; Avid MediaFiles/MXF/AVID2.1 20170420/KT8652_7.WA07.58F958F9BC26A.mxf; Avid MediaFiles/MXF/AVID2.1 20170420/KT8652_8.WA08.58F958F9BC26A.mxf
592,KT8653-5.WA05.58F958F9BC27A; KT8653-6.WA06.58F958F9BC27A;     615A /t 2   ,2:9afa757e04a0f95dc2b9525db254400c; 2:e92a85fa43e070ef10b3bc043fd7670c,00:00:00:00:100/1,00:01:30:76:100/1,Avid MediaFiles/MXF/AVID2.1 20170420/KT8653-5.WA05.58F958F9BC27A.mxf; Avid MediaFiles/MXF/AVID2.1 20170420/KT8653-6.WA06.58F958F9BC27A.mxf
593,KT8653_1.WA01.58F958F9BC27A; KT8653_2.WA02.58F958F9BC27A; KT8653_3.WA03.58F958F9BC27A; KT8653_7.WA07.58F958F9BC27A; KT8653_8.WA08.58F958F9BC27A;     615A /t 2   ,2:673a267d1c5054cbfadbccf0c239e3f4; 2:398e3cb9f193f49d4e0fde7f6dc781c5; 2:44b0cb59d1c2fd8fcde59b523dc697be; 2:0fa527fd6e8c3e87cb665f020056d769; 2:b13c6ca4f59dfbc5f77848d9ac763025,00:00:00:00:100/1,00:01:30:76:100/1,Avid MediaFiles/MXF/AVID2.1 20170420/KT8653_1.WA01.58F958F9BC27A.mxf; Avid MediaFiles/MXF/AVID2.1 20170420/KT8653_2.WA02.58F958F9BC27A.mxf; Avid MediaFiles/MXF/AVID2.1 20170420/KT8653_3.WA03.58F958F9BC27A.mxf; Avid MediaFiles/MXF/AVID2.1 20170420/KT8653_7.WA07.58F958F9BC27A.mxf; Avid MediaFiles/MXF/AVID2.1 20170420/KT8653_8.WA08.58F958F9BC27A.mxf
594,KT8654_1.WA01.58F958F9BC28A; KT8654_2.WA02.58F958F9BC29A; KT8654_3.WA03.58F958F9BC29A; KT8654_7.WA07.58F958F9BC29A; KT8654_8.WA08.58F958F9BC29A;     615B /t 1   ,2:bbe4411598f9adf20aa55d3f5d5e4ed8; 2:0ce60c9d8db5942aaae6e3a1c836d339; 2:dd9d9cab50e802ccef49662a65bd42a1; 2:00db92a2852671a6e5d68a6d890b8358; 2:586192f5af138924b73be1439d5aa600,00:00:00:00:100/1,00:01:41:40:100/1,Avid MediaFiles/MXF/AVID2.1 20170420/KT8654_1.WA01.58F958F9BC28A.mxf; Avid MediaFiles/MXF/AVID2.1 20170420/KT8654_2.WA02.58F958F9BC29A.mxf; Avid MediaFiles/MXF/AVID2.1 20170420/KT8654_3.WA03.58F958F9BC29A.mxf; Avid MediaFiles/MXF/AVID2.1 20170420/KT8654_7.WA07.58F958F9BC29A.mxf; Avid MediaFiles/MXF/AVID2.1 20170420/KT8654_8.WA08.58F958F9BC29A.mxf
595,KT8655_1.WA01.58F958F9BC2AA; KT8655_2.WA02.58F958F9BC2AA; KT8655_3.WA03.58F958F9BC2AA; KT8655_7.WA07.58F958F9BC2AA; KT8655_8.WA08.58F958F9BC2AA;     615B /t 2   ,2:cddc1bcf4731ea7cff0d6b7d0eeb9c52; 2:00c707493ddc1fd3e46ac57a97acea59; 2:4273eaa3dd37ed59b826c5b0fbd82f7f; 2:8a454f32429f8f89ac942c206fdc6591; 2:a852f07d60155bab44bab94cd7fb3b64,00:00:00:00:100/1,00:01:41:68:100/1,Avid MediaFiles/MXF/AVID2.1 20170420/KT8655_1.WA01.58F958F9BC2AA.mxf; Avid MediaFiles/MXF/AVID2.1 20170420/KT8655_2.WA02.58F958F9BC2AA.mxf; Avid MediaFiles/MXF/AVID2.1 20170420/KT8655_3.WA03.58F958F9BC2AA.mxf; Avid MediaFiles/MXF/AVID2.1 20170420/KT8655_7.WA07.58F958F9BC2AA.mxf; Avid MediaFiles/MXF/AVID2.1 20170420/KT8655_8.WA08.58F958F9BC2AA.mxf
596,KT8656_1.WA01.58F958F9BC2BA; KT8656_2.WA02.58F958F9BC2BA; KT8656_3.WA03.58F958F9BC2BA; KT8656_7.WA07.58F958F9BC2BA; KT8656_8.WA08.58F958F9BC2BA;     615B /t 3   ,2:f32ce10d4e26fdd793e7e9c08eca2358; 2:aad8c0fedbee386c2627a6ac773ec647; 2:5be662e7022370f7e60156802414080f; 2:95c8f58780259727180edda3c4e3bc29; 2:0bade9a0529243c401de2e99130943dd,00:00:00:00:100/1,00:01:10:72:100/1,Avid MediaFiles/MXF/AVID2.1 20170420/KT8656_1.WA01.58F958F9BC2BA.mxf; Avid MediaFiles/MXF/AVID2.1 20170420/KT8656_2.WA02.58F958F9BC2BA.mxf; Avid MediaFiles/MXF/AVID2.1 20170420/KT8656_3.WA03.58F958F9BC2BA.mxf; Avid MediaFiles/MXF/AVID2.1 20170420/KT8656_7.WA07.58F958F9BC2BA.mxf; Avid MediaFiles/MXF/AVID2.1 20170420/KT8656_8.WA08.58F958F9BC2BA.mxf
597,KT8657_1.WA01.58F958F9BC2CA; KT8657_2.WA02.58F958F9BC2CA; KT8657_3.WA03.58F958F9BC2CA; KT8657_7.WA07.58F958F9BC2CA; KT8657_8.WA08.58F958F9BC2CA;     615B /t 4   ,2:520b318b7232581d90a131115fd1a930; 2:c4edd83e25b7a73a5b53883cf4b1d79a; 2:ffc90fbbf1d3c079242127dfaaca5478; 2:2c3cd33bc0e734cbfb41663c9aad1426; 2:f3a01e13e2203cae696f57d896833d4e,00:00:00:00:100/1,00:01:29:64:100/1,Avid MediaFiles/MXF/AVID2.1 20170420/KT8657_1.WA01.58F958F9BC2CA.mxf; Avid MediaFiles/MXF/AVID2.1 20170420/KT8657_2.WA02.58F958F9BC2CA.mxf; Avid MediaFiles/MXF/AVID2.1 20170420/KT8657_3.WA03.58F958F9BC2CA.mxf; Avid MediaFiles/MXF/AVID2.1 20170420/KT8657_7.WA07.58F958F9BC2CA.mxf; Avid MediaFiles/MXF/AVID2.1 20170420/KT8657_8.WA08.58F958F9BC2CA.mxf
598,KT8658_1.WA01.58F958F9BC2DA; KT8658_2.WA02.58F958F9BC2DA; KT8658_3.WA03.58F958F9BC2DA; KT8658_4.WA04.58F958F9BC2DA; KT8658_7.WA07.58F958F9BC2DA; KT8658_8.WA08.58F958F9BC2DA;     611  /t 1   ,2:80eae7f5ed193c05eb6c9746c07b19b2; 2:58a16da547897c47734a8ad42cb0efd4; 2:65b6cfe2cee482049c69106a9a2859dd; 2:f4f9ba87396af9fed4e121b765a69d2e; 2:b32e38acd8adaf7d9ec8ccde25edbbb5; 2:dbc14c51458431bfca6f4d5db5388866,00:00:00:00:100/1,00:00:43:56:100/1,Avid MediaFiles/MXF/AVID2.1 20170420/KT8658_1.WA01.58F958F9BC2DA.mxf; Avid MediaFiles/MXF/AVID2.1 20170420/KT8658_2.WA02.58F958F9BC2DA.mxf; Avid MediaFiles/MXF/AVID2.1 20170420/KT8658_3.WA03.58F958F9BC2DA.mxf; Avid MediaFiles/MXF/AVID2.1 20170420/KT8658_4.WA04.58F958F9BC2DA.mxf; Avid MediaFiles/MXF/AVID2.1 20170420/KT8658_7.WA07.58F958F9BC2DA.mxf; Avid MediaFiles/MXF/AVID2.1 20170420/KT8658_8.WA08.58F958F9BC2DA.mxf
599,KT8659_1.WA01.58F958F9BC2EA; KT8659_2.WA02.58F958F9BC2EA; KT8659_3.WA03.58F958F9BC2EA; KT8659_4.WA04.58F958F9BC2EA; KT8659_7.WA07.58F958F9BC2EA; KT8659_8.WA08.58F958F9BC2EA;     611  /t 2   ,2:f0d498916f01e5feb06feeb2b4045b7c; 2:a0e1b5acf261ae89c814df2981331be4; 2:839759e09319508d4dd289c3a367c623; 2:fbcd1f9276216c05f365e0f5ae651684; 2:4b0082305c2803509202a584d40f1c2b; 2:644d64ce8c0dc517fc70c226e3113c0d,00:00:00:00:100/1,00:01:20:44:100/1,Avid MediaFiles/MXF/AVID2.1 20170420/KT8659_1.WA01.58F958F9BC2EA.mxf; Avid MediaFiles/MXF/AVID2.1 20170420/KT8659_2.WA02.58F958F9BC2EA.mxf; Avid MediaFiles/MXF/AVID2.1 20170420/KT8659_3.WA03.58F958F9BC2EA.mxf; Avid MediaFiles/MXF/AVID2.1 20170420/KT8659_4.WA04.58F958F9BC2EA.mxf; Avid MediaFiles/MXF/AVID2.1 20170420/KT8659_7.WA07.58F958F9BC2EA.mxf; Avid MediaFiles/MXF/AVID2.1 20170420/KT8659_8.WA08.58F958F9BC2EA.mxf
600,KT8660_1.WA01.58F958F9BC2FA; KT8660_2.WA02.58F958F9BC2FA; KT8660_3.WA03.58F958F9BC2FA; KT8660_4.WA04.58F958F9BC2FA; KT8660_7.WA07.58F958F9BC2FA; KT8660_8.WA08.58F958F9BC2FA;     611  /t 3   ,2:c5b3dd38c515d92e41cf486d6f3eee8e; 2:4121eaa1ccac310d838c7bdf54f5e1ac; 2:ee113f207b15371c3424d65b14a2d96f; 2:c0e6b61c02430a6dc1f6ae6fcab32266; 2:2886aa81184854fcc058292b6acfa0c1; 2:2019fe4203ec1283464b05d24005b61f,00:00:00:00:100/1,00:01:20:04:100/1,Avid MediaFiles/MXF/AVID2.1 20170420/KT8660_1.WA01.58F958F9BC2FA.mxf; Avid MediaFiles/MXF/AVID2.1 20170420/KT8660_2.WA02.58F958F9BC2FA.mxf; Avid MediaFiles/MXF/AVID2.1 20170420/KT8660_3.WA03.58F958F9BC2FA.mxf; Avid MediaFiles/MXF/AVID2.1 20170420/KT8660_4.WA04.58F958F9BC2FA.mxf; Avid MediaFiles/MXF/AVID2.1 20170420/KT8660_7.WA07.58F958F9BC2FA.mxf; Avid MediaFiles/MXF/AVID2.1 20170420/KT8660_8.WA08.58F958F9BC2FA.mxf
601,KT8661_1.WA01.58F958F9BC30A; KT8661_2.WA02.58F958F9BC30A; KT8661_3.WA03.58F958F9BC30A; KT8661_4.WA04.58F958F9BC31A; KT8661_7.WA07.58F958F9BC31A; KT8661_8.WA08.58F958F9BC31A;     611  /t 4   ,2:2d7c58967f4216e6ee2c7228413461f6; 2:f8a9c20e06a5c558e13d8e491cff8356; 2:c6f5b08ce47143f704f00fd103abd63e; 2:004ab474b82fa599fc9eceb4be5e3930; 2:13e447db5c12ee20a7d32dfd4a5751ed; 2:5ba945efa0598c6cc7f7b8c56d793d5d,00:00:00:00:100/1,00:01:19:32:100/1,Avid MediaFiles/MXF/AVID2.1 20170420/KT8661_1.WA01.58F958F9BC30A.mxf; Avid MediaFiles/MXF/AVID2.1 20170420/KT8661_2.WA02.58F958F9BC30A.mxf; Avid MediaFiles/MXF/AVID2.1 20170420/KT8661_3.WA03.58F958F9BC30A.mxf; Avid MediaFiles/MXF/AVID2.1 20170420/KT8661_4.WA04.58F958F9BC31A.mxf; Avid MediaFiles/MXF/AVID2.1 20170420/KT8661_7.WA07.58F958F9BC31A.mxf; Avid MediaFiles/MXF/AVID2.1 20170420/KT8661_8.WA08.58F958F9BC31A.mxf
602,KT8662_1.WA01.58F958F9BC32A; KT8662_2.WA02.58F958F9BC32A; KT8662_3.WA03.58F958F9BC32A; KT8662_4.WA04.58F958F9BC32A; KT8662_7.WA07.58F958F9BC32A; KT8662_8.WA08.58F958F9BC32A;     611A /t 1   ,2:98a83fcd306bc2c30b0b75beefdb552b; 2:c789f40a61e2a9995f5cdf1bcbf08b42; 2:e2b27f09e75c16c5e2c3c4e0c8f548cb; 2:8d06a0b76a6d049b996393526fae1282; 2:f3782c358a0d2e2ad696c19f05396104; 2:ce0af2f1884d358f1e20d6f12183d0d7,00:00:00:00:100/1,00:01:35:80:100/1,Avid MediaFiles/MXF/AVID2.1 20170420/KT8662_1.WA01.58F958F9BC32A.mxf; Avid MediaFiles/MXF/AVID2.1 20170420/KT8662_2.WA02.58F958F9BC32A.mxf; Avid MediaFiles/MXF/AVID2.1 20170420/KT8662_3.WA03.58F958F9BC32A.mxf; Avid MediaFiles/MXF/AVID2.1 20170420/KT8662_4.WA04.58F958F9BC32A.mxf; Avid MediaFiles/MXF/AVID2.1 20170420/KT8662_7.WA07.58F958F9BC32A.mxf; Avid MediaFiles/MXF/AVID2.1 20170420/KT8662_8.WA08.58F958F9BC32A.mxf
603,KT8663_1.WA01.58F958F9BC33A; KT8663_2.WA02.58F958F9BC33A; KT8663_3.WA03.58F958F9BC33A; KT8663_4.WA04.58F958F9BC33A; KT8663_7.WA07.58F958F9BC33A; KT8663_8.WA08.58F958F9BC33A;     611A /t 2   ,2:5b46466cb8386a6f0a42e72261a87db1; 2:c66d95385d2eba8e9f3f5121a9b19058; 2:6c62d32bb9f1f54fcefbd80762f17ac8; 2:198726ee7db874975dd8dc7ea2c6c063; 2:a38397b81504fa6875fab68bd27e200f; 2:cdc4abfdb362eb9c1243fbb949f671cc,00:00:00:00:100/1,00:01:35:36:100/1,Avid MediaFiles/MXF/AVID2.1 20170420/KT8663_1.WA01.58F958F9BC33A.mxf; Avid MediaFiles/MXF/AVID2.1 20170420/KT8663_2.WA02.58F958F9BC33A.mxf; Avid MediaFiles/MXF/AVID2.1 20170420/KT8663_3.WA03.58F958F9BC33A.mxf; Avid MediaFiles/MXF/AVID2.1 20170420/KT8663_4.WA04.58F958F9BC33A.mxf; Avid MediaFiles/MXF/AVID2.1 20170420/KT8663_7.WA07.58F958F9BC33A.mxf; Avid MediaFiles/MXF/AVID2.1 20170420/KT8663_8.WA08.58F958F9BC33A.mxf
604,KT8664_1.WA01.58F958F9BC35A; KT8664_2.WA02.58F958F9BC35A; KT8664_3.WA03.58F958F9BC35A; KT8664_4.WA04.58F958F9BC35A; KT8664_7.WA07.58F958F9BC35A; KT8664_8.WA08.58F958F9BC35A;     611A /t 3   ,2:ac7dd7994742038fda416b165dc2755d; 2:c5e85ae933be9612fcd700cbcbe6fa5d; 2:26e1df1c1f4c8500d8ac3c39dcabf06b; 2:18da588d6bfafd540b67e7f339f8b672; 2:83da29419919320610e22dc68a173f60; 2:9c9da6f914ca00247ca5be6ebf0eea2a,00:00:00:00:100/1,00:01:26:76:100/1,Avid MediaFiles/MXF/AVID2.1 20170420/KT8664_1.WA01.58F958F9BC35A.mxf; Avid MediaFiles/MXF/AVID2.1 20170420/KT8664_2.WA02.58F958F9BC35A.mxf; Avid MediaFiles/MXF/AVID2.1 20170420/KT8664_3.WA03.58F958F9BC35A.mxf; Avid MediaFiles/MXF/AVID2.1 20170420/KT8664_4.WA04.58F958F9BC35A.mxf; Avid MediaFiles/MXF/AVID2.1 20170420/KT8664_7.WA07.58F958F9BC35A.mxf; Avid MediaFiles/MXF/AVID2.1 20170420/KT8664_8.WA08.58F958F9BC35A.mxf
605,KT8665_1.WA01.58F958F9BC36A; KT8665_2.WA02.58F958F9BC36A; KT8665_3.WA03.58F958F9BC36A; KT8665_4.WA04.58F958F9BC36A; KT8665_7.WA07.58F958F9BC36A; KT8665_8.WA08.58F958F9BC36A;     611A /t 4   ,2:9f0246cf4a0e5bb2cdea12af7805fdba; 2:991eb5c38364fb50e8d6926874e8109c; 2:f1fba0754d7fa2dd0f67001482af2011; 2:d3986c010542aa64d1481554a7ba0ad1; 2:ccfa2dea3c1af3411df11d7761795f24; 2:5d543d9529904721ee509946c821f800,00:00:00:00:100/1,00:01:30:36:100/1,Avid MediaFiles/MXF/AVID2.1 20170420/KT8665_1.WA01.58F958F9BC36A.mxf; Avid MediaFiles/MXF/AVID2.1 20170420/KT8665_2.WA02.58F958F9BC36A.mxf; Avid MediaFiles/MXF/AVID2.1 20170420/KT8665_3.WA03.58F958F9BC36A.mxf; Avid MediaFiles/MXF/AVID2.1 20170420/KT8665_4.WA04.58F958F9BC36A.mxf; Avid MediaFiles/MXF/AVID2.1 20170420/KT8665_7.WA07.58F958F9BC36A.mxf; Avid MediaFiles/MXF/AVID2.1 20170420/KT8665_8.WA08.58F958F9BC36A.mxf
606,KT8666_1.WA01.58F958F9BC37A; KT8666_2.WA02.58F958F9BC37A; KT8666_3.WA03.58F958F9BC37A; KT8666_4.WA04.58F958F9BC37A; KT8666_7.WA07.58F958F9BC37A; KT8666_8.WA08.58F958F9BC37A;     611B /t 1   ,2:a0130f66a8b573e82bc3754d932781ee; 2:fc9d9e363406838fa9394707ec1a8919; 2:a33dec7b485bb241a395b4e73e46c5f0; 2:186361947c3d173552bf571b8dc03dc3; 2:a8c0f9c4c5d21205a361975abd4922db; 2:3b068f2226058f77c5dfaaaca53c4a84,00:00:00:00:100/1,00:01:17:56:100/1,Avid MediaFiles/MXF/AVID2.1 20170420/KT8666_1.WA01.58F958F9BC37A.mxf; Avid MediaFiles/MXF/AVID2.1 20170420/KT8666_2.WA02.58F958F9BC37A.mxf; Avid MediaFiles/MXF/AVID2.1 20170420/KT8666_3.WA03.58F958F9BC37A.mxf; Avid MediaFiles/MXF/AVID2.1 20170420/KT8666_4.WA04.58F958F9BC37A.mxf; Avid MediaFiles/MXF/AVID2.1 20170420/KT8666_7.WA07.58F958F9BC37A.mxf; Avid MediaFiles/MXF/AVID2.1 20170420/KT8666_8.WA08.58F958F9BC37A.mxf
607,KT8667_1.WA01.58F958F9BC39A; KT8667_2.WA02.58F958F9BC39A; KT8667_3.WA03.58F958F9BC39A; KT8667_4.WA04.58F958F9BC39A; KT8667_7.WA07.58F958F9BC39A; KT8667_8.WA08.58F958F9BC39A;    B607  /t 1   ,2:9961b8441fc2b95c7d0d64ec585dc3b6; 2:4bd7256a000d3a2c2ad7fce479b47dc0; 2:027c1ea3a4d300eba4f5d7eaa728886a; 2:e0703f10758dceccf32f88096c616049; 2:486f6e259585dead0b90b11cdc6043c4; 2:bfc8b4ec609075139ac4c41b21e6e8c8,00:00:00:00:100/1,00:02:15:88:100/1,Avid MediaFiles/MXF/AVID2.1 20170420/KT8667_1.WA01.58F958F9BC39A.mxf; Avid MediaFiles/MXF/AVID2.1 20170420/KT8667_2.WA02.58F958F9BC39A.mxf; Avid MediaFiles/MXF/AVID2.1 20170420/KT8667_3.WA03.58F958F9BC39A.mxf; Avid MediaFiles/MXF/AVID2.1 20170420/KT8667_4.WA04.58F958F9BC39A.mxf; Avid MediaFiles/MXF/AVID2.1 20170420/KT8667_7.WA07.58F958F9BC39A.mxf; Avid MediaFiles/MXF/AVID2.1 20170420/KT8667_8.WA08.58F958F9BC39A.mxf
608,KT8668_1.WA01.58F958F9BC3AA; KT8668_2.WA02.58F958F9BC3AA; KT8668_3.WA03.58F958F9BC3AA; KT8668_4.WA04.58F958F9BC3AA; KT8668_7.WA07.58F958F9BC3BA; KT8668_8.WA08.58F958F9BC3BA;    B607  /t 2   ,2:25443e62734632c99b723804003fbde2; 2:92e88cc9ccdcb62458dcf6fba901046b; 2:e4e6dea1e92b93ff0728eb7976a2ab14; 2:d3b7ac1b52f501c011d81077abefd6f4; 2:3a88b8b044e67f2eace18a247049916f; 2:e4396fe57a51b214c1d3b2f58a034400,00:00:00:00:100/1,00:02:19:72:100/1,Avid MediaFiles/MXF/AVID2.1 20170420/KT8668_1.WA01.58F958F9BC3AA.mxf; Avid MediaFiles/MXF/AVID2.1 20170420/KT8668_2.WA02.58F958F9BC3AA.mxf; Avid MediaFiles/MXF/AVID2.1 20170420/KT8668_3.WA03.58F958F9BC3AA.mxf; Avid MediaFiles/MXF/AVID2.1 20170420/KT8668_4.WA04.58F958F9BC3AA.mxf; Avid MediaFiles/MXF/AVID2.1 20170420/KT8668_7.WA07.58F958F9BC3BA.mxf; Avid MediaFiles/MXF/AVID2.1 20170420/KT8668_8.WA08.58F958F9BC3BA.mxf
609,KT8669_1.WA01.58F958F9BC3CA; KT8669_2.WA02.58F958F9BC3CA; KT8669_3.WA03.58F958F9BC3CA; KT8669_4.WA04.58F958F9BC3CA; KT8669_7.WA07.58F958F9BC3CA; KT8669_8.WA08.58F958F9BC3CA;    B607  /t 3   ,2:75a1630312fcfc53bd861ff410ca2a69; 2:609f7ee0f1f8361bee739e613e2a753b; 2:85770b62f4e0325ff14cd69d5fda09b5; 2:8ef5000e5b65ecab66a630b15a90dfd2; 2:f2d71b8ac1fdb3fa425c753e47ced271; 2:ca39ccb12fb36cc9617acc0d65b3b5dd,00:00:00:00:100/1,00:01:57:92:100/1,Avid MediaFiles/MXF/AVID2.1 20170420/KT8669_1.WA01.58F958F9BC3CA.mxf; Avid MediaFiles/MXF/AVID2.1 20170420/KT8669_2.WA02.58F958F9BC3CA.mxf; Avid MediaFiles/MXF/AVID2.1 20170420/KT8669_3.WA03.58F958F9BC3CA.mxf; Avid MediaFiles/MXF/AVID2.1 20170420/KT8669_4.WA04.58F958F9BC3CA.mxf; Avid MediaFiles/MXF/AVID2.1 20170420/KT8669_7.WA07.58F958F9BC3CA.mxf; Avid MediaFiles/MXF/AVID2.1 20170420/KT8669_8.WA08.58F958F9BC3CA.mxf
610,KT8670_1.WA01.58F958F9BC3EA; KT8670_2.WA02.58F958F9BC3EA; KT8670_3.WA03.58F958F9BC3EA; KT8670_4.WA04.58F958F9BC3EA; KT8670_7.WA07.58F958F9BC3EA; KT8670_8.WA08.58F958F9BC3EA;    B607A /t 1   ,2:6642dde05c1ee6de9aead3d15d223103; 2:aec8e72c7958eb46e9c49006cb8214e5; 2:495bf4533a16e43e69805fbcc1826573; 2:29c428c64831bad34048847e4361dac1; 2:ad43508cc0aaf10ee322c2019d6d1a71; 2:4dde70a3a1b5bd1600ab53186246d4e2,00:00:00:00:100/1,00:02:13:24:100/1,Avid MediaFiles/MXF/AVID2.1 20170420/KT8670_1.WA01.58F958F9BC3EA.mxf; Avid MediaFiles/MXF/AVID2.1 20170420/KT8670_2.WA02.58F958F9BC3EA.mxf; Avid MediaFiles/MXF/AVID2.1 20170420/KT8670_3.WA03.58F958F9BC3EA.mxf; Avid MediaFiles/MXF/AVID2.1 20170420/KT8670_4.WA04.58F958F9BC3EA.mxf; Avid MediaFiles/MXF/AVID2.1 20170420/KT8670_7.WA07.58F958F9BC3EA.mxf; Avid MediaFiles/MXF/AVID2.1 20170420/KT8670_8.WA08.58F958F9BC3EA.mxf
611,KT8672_1.WA01.58F958F9BC42A; KT8672_2.WA02.58F958F9BC42A; KT8672_3.WA03.58F958F9BC42A; KT8672_4.WA04.58F958F9BC42A; KT8672_7.WA07.58F958F9BC42A; KT8672_8.WA08.58F958F9BC42A;    B607B /t 1   ,2:ccf9e378dc2d16514d1c9db74e86d061; 2:184e3e030bab8744b24d41943e93376d; 2:b976134f9331e0939776e4c430722cc9; 2:6f9c34071fe7123a105cadc6c168b9a2; 2:3ca1b4fc7bc58632f3dfaa7e73423807; 2:5a9a5dd01192ddd1b61028cc1c703bdc,00:00:00:00:100/1,00:01:18:56:100/1,Avid MediaFiles/MXF/AVID2.1 20170420/KT8672_1.WA01.58F958F9BC42A.mxf; Avid MediaFiles/MXF/AVID2.1 20170420/KT8672_2.WA02.58F958F9BC42A.mxf; Avid MediaFiles/MXF/AVID2.1 20170420/KT8672_3.WA03.58F958F9BC42A.mxf; Avid MediaFiles/MXF/AVID2.1 20170420/KT8672_4.WA04.58F958F9BC42A.mxf; Avid MediaFiles/MXF/AVID2.1 20170420/KT8672_7.WA07.58F958F9BC42A.mxf; Avid MediaFiles/MXF/AVID2.1 20170420/KT8672_8.WA08.58F958F9BC42A.mxf
612,KT8671_1.WA01.58F958F9BC40A; KT8671_2.WA02.58F958F9BC40A; KT8671_3.WA03.58F958F9BC40A; KT8671_4.WA04.58F958F9BC40A; KT8671_7.WA07.58F958F9BC40A; KT8671_8.WA08.58F958F9BC40A;    B607A /t 2   ,2:c966c2a6e371f5ca88f02e816138123b; 2:52340441618a303ba42ae1754a6deb5c; 2:d82f096b8470659d97dcf27bf72b90dd; 2:9934036b3216b475acfac5c48ef0e75d; 2:72c76d0543508f9dbad20117d1159151; 2:3ca14bac485d32a9a8bd46fa92c2cc0f,00:00:00:00:100/1,00:02:02:36:100/1,Avid MediaFiles/MXF/AVID2.1 20170420/KT8671_1.WA01.58F958F9BC40A.mxf; Avid MediaFiles/MXF/AVID2.1 20170420/KT8671_2.WA02.58F958F9BC40A.mxf; Avid MediaFiles/MXF/AVID2.1 20170420/KT8671_3.WA03.58F958F9BC40A.mxf; Avid MediaFiles/MXF/AVID2.1 20170420/KT8671_4.WA04.58F958F9BC40A.mxf; Avid MediaFiles/MXF/AVID2.1 20170420/KT8671_7.WA07.58F958F9BC40A.mxf; Avid MediaFiles/MXF/AVID2.1 20170420/KT8671_8.WA08.58F958F9BC40A.mxf
613,KT8673_1.WA01.58F958F9BC43A; KT8673_2.WA02.58F958F9BC43A; KT8673_3.WA03.58F958F9BC43A; KT8673_7.WA07.58F958F9BC43A; KT8673_8.WA08.58F958F9BC43A;    B649  /t 1   ,2:77b0b6afacdd95a59a68908dca48e054; 2:eaefa9d13406ddaa97ba9e0c4f3faa93; 2:52807c867658d14a3650e55a424c1571; 2:22c41e1ceccfd361d17dab6a75f59faf; 2:53360dab8d70a2404ed2c35b3dbb908a,00:00:00:00:100/1,00:00:34:40:100/1,Avid MediaFiles/MXF/AVID2.1 20170420/KT8673_1.WA01.58F958F9BC43A.mxf; Avid MediaFiles/MXF/AVID2.1 20170420/KT8673_2.WA02.58F958F9BC43A.mxf; Avid MediaFiles/MXF/AVID2.1 20170420/KT8673_3.WA03.58F958F9BC43A.mxf; Avid MediaFiles/MXF/AVID2.1 20170420/KT8673_7.WA07.58F958F9BC43A.mxf; Avid MediaFiles/MXF/AVID2.1 20170420/KT8673_8.WA08.58F958F9BC43A.mxf
614,KT8674_1.WA01.58F958F9BC44A; KT8674_2.WA02.58F958F9BC44A; KT8674_3.WA03.58F958F9BC44A; KT8674_7.WA07.58F958F9BC44A; KT8674_8.WA08.58F958F9BC44A;    B649  /t 2   ,2:1a8cd5860a0054a9327f6273fcc44d83; 2:9fa5cbd085ffc9e01db2bc0b03f9c070; 2:998a1cf0fb133617a555a85caf3f1e2b; 2:c6801809df1e72c6cebc7311eaad6e0b; 2:11ce5d8c29156c2226593a1ffdb4c758,00:00:00:00:100/1,00:01:43:04:100/1,Avid MediaFiles/MXF/AVID2.1 20170420/KT8674_1.WA01.58F958F9BC44A.mxf; Avid MediaFiles/MXF/AVID2.1 20170420/KT8674_2.WA02.58F958F9BC44A.mxf; Avid MediaFiles/MXF/AVID2.1 20170420/KT8674_3.WA03.58F958F9BC44A.mxf; Avid MediaFiles/MXF/AVID2.1 20170420/KT8674_7.WA07.58F958F9BC44A.mxf; Avid MediaFiles/MXF/AVID2.1 20170420/KT8674_8.WA08.58F958F9BC44A.mxf
615,KT8675_1.WA01.58F958F9BC45A; KT8675_2.WA02.58F958F9BC45A; KT8675_3.WA03.58F958F9BC45A; KT8675_7.WA07.58F958F9BC45A; KT8675_8.WA08.58F958F9BC45A;    B649  /t 3   ,2:2e7f67475d8fd41b300d4aa7a09057cb; 2:22c0d91e7e4856a63d4ebb572528ca6d; 2:973d912240fd17994030787b2f3010d9; 2:0bc59d443dd393168f51b8f026faa6f9; 2:245f02276b1441c67812b87d2a5673a7,00:00:00:00:100/1,00:01:57:24:100/1,Avid MediaFiles/MXF/AVID2.1 20170420/KT8675_1.WA01.58F958F9BC45A.mxf; Avid MediaFiles/MXF/AVID2.1 20170420/KT8675_2.WA02.58F958F9BC45A.mxf; Avid MediaFiles/MXF/AVID2.1 20170420/KT8675_3.WA03.58F958F9BC45A.mxf; Avid MediaFiles/MXF/AVID2.1 20170420/KT8675_7.WA07.58F958F9BC45A.mxf; Avid MediaFiles/MXF/AVID2.1 20170420/KT8675_8.WA08.58F958F9BC45A.mxf
616,KT8676_1.WA01.58F958F9BC46A; KT8676_2.WA02.58F958F9BC46A; KT8676_3.WA03.58F958F9BC46A; KT8676_7.WA07.58F958F9BC46A; KT8676_8.WA08.58F958F9BC46A;    B649  /t 4   ,2:7c0198801e593115bde8986e01209a4a; 2:6a7cb698b92d7ccce40e6f35756e2493; 2:dd78fa69106b9cd095407578f6f17e7b; 2:c637ed50750af93735cb6a4667baf530; 2:3426fb290dc1207423e57bc41c97d2f8,00:00:00:00:100/1,00:02:44:60:100/1,Avid MediaFiles/MXF/AVID2.1 20170420/KT8676_1.WA01.58F958F9BC46A.mxf; Avid MediaFiles/MXF/AVID2.1 20170420/KT8676_2.WA02.58F958F9BC46A.mxf; Avid MediaFiles/MXF/AVID2.1 20170420/KT8676_3.WA03.58F958F9BC46A.mxf; Avid MediaFiles/MXF/AVID2.1 20170420/KT8676_7.WA07.58F958F9BC46A.mxf; Avid MediaFiles/MXF/AVID2.1 20170420/KT8676_8.WA08.58F958F9BC46A.mxf
617,KT8677_1.WA01.58F958F9BC48A; KT8677_2.WA02.58F958F9BC48A; KT8677_3.WA03.58F958F9BC48A; KT8677_7.WA07.58F958F9BC48A; KT8677_8.WA08.58F958F9BC48A;    B649  /t 5   ,2:4245e86bd84becb47c1207846aeb2725; 2:c872914002541fa563cdfe58fb1a319c; 2:196ff6e5656509b1f58c8c0314ebc66c; 2:1bcb38fa7f0e6ed28f70ef71d9b679cb; 2:702cf757b08eb047c1a0465f1552334b,00:00:00:00:100/1,00:01:19:20:100/1,Avid MediaFiles/MXF/AVID2.1 20170420/KT8677_1.WA01.58F958F9BC48A.mxf; Avid MediaFiles/MXF/AVID2.1 20170420/KT8677_2.WA02.58F958F9BC48A.mxf; Avid MediaFiles/MXF/AVID2.1 20170420/KT8677_3.WA03.58F958F9BC48A.mxf; Avid MediaFiles/MXF/AVID2.1 20170420/KT8677_7.WA07.58F958F9BC48A.mxf; Avid MediaFiles/MXF/AVID2.1 20170420/KT8677_8.WA08.58F958F9BC48A.mxf
618,KT8678_1.WA01.58F958F9BC49A; KT8678_2.WA02.58F958F9BC49A; KT8678_3.WA03.58F958F9BC49A; KT8678_7.WA07.58F958F9BC49A; KT8678_8.WA08.58F958F9BC49A;    B649  /t 6   ,2:411cef9c845a1b54746f2d594cae6f58; 2:6cd9e9ffc7545aad5bd8a630be862296; 2:a2df3def0584f4ebb0b7f792f4dd1c60; 2:dceaf0be3dbce728fcf0468ea48fdbeb; 2:f9369559aa662c8e9169086cba27c2b3,00:00:00:00:100/1,00:02:21:64:100/1,Avid MediaFiles/MXF/AVID2.1 20170420/KT8678_1.WA01.58F958F9BC49A.mxf; Avid MediaFiles/MXF/AVID2.1 20170420/KT8678_2.WA02.58F958F9BC49A.mxf; Avid MediaFiles/MXF/AVID2.1 20170420/KT8678_3.WA03.58F958F9BC49A.mxf; Avid MediaFiles/MXF/AVID2.1 20170420/KT8678_7.WA07.58F958F9BC49A.mxf; Avid MediaFiles/MXF/AVID2.1 20170420/KT8678_8.WA08.58F958F9BC49A.mxf
619,KT8679_1.WA01.58F958F9BC4BA; KT8679_2.WA02.58F958F9BC4BA; KT8679_3.WA03.58F958F9BC4BA; KT8679_7.WA07.58F958F9BC4BA; KT8679_8.WA08.58F958F9BC4BA;    B649  /n 7   ,2:c40635b52a245abf7355cf93c4554d88; 2:5777b593ee48cb46ccd8f2b6d49d6996; 2:5f5b18db9bab9c097d97d129eca207dc; 2:1791ea26b4a7dcc81d60c8ecadfa5d23; 2:5b78f63053155c96c9ccd32cb2ef165b,00:00:00:00:100/1,00:00:21:92:100/1,Avid MediaFiles/MXF/AVID2.1 20170420/KT8679_1.WA01.58F958F9BC4BA.mxf; Avid MediaFiles/MXF/AVID2.1 20170420/KT8679_2.WA02.58F958F9BC4BA.mxf; Avid MediaFiles/MXF/AVID2.1 20170420/KT8679_3.WA03.58F958F9BC4BA.mxf; Avid MediaFiles/MXF/AVID2.1 20170420/KT8679_7.WA07.58F958F9BC4BA.mxf; Avid MediaFiles/MXF/AVID2.1 20170420/KT8679_8.WA08.58F958F9BC4BA.mxf
620,KT8680_1.WA01.58F958F9BC4CA; KT8680_2.WA02.58F958F9BC4CA; KT8680_3.WA03.58F958F9BC4CA; KT8680_7.WA07.58F958F9BC4CA; KT8680_8.WA08.58F958F9BC4CA;    B649  /t 7   ,2:1e11586379b9d71a4c2d34ceed1328bf; 2:0c2df8a61357d4dfd3d71ef5705e24c9; 2:c01312c15023bf02da51082f2ec40a6a; 2:048102742aa562d80584d2a79c71b7a6; 2:18bf5be3257b60152325e8ca5c0ca88f,00:00:00:00:100/1,00:01:46:72:100/1,Avid MediaFiles/MXF/AVID2.1 20170420/KT8680_1.WA01.58F958F9BC4CA.mxf; Avid MediaFiles/MXF/AVID2.1 20170420/KT8680_2.WA02.58F958F9BC4CA.mxf; Avid MediaFiles/MXF/AVID2.1 20170420/KT8680_3.WA03.58F958F9BC4CA.mxf; Avid MediaFiles/MXF/AVID2.1 20170420/KT8680_7.WA07.58F958F9BC4CA.mxf; Avid MediaFiles/MXF/AVID2.1 20170420/KT8680_8.WA08.58F958F9BC4CA.mxf
621,KT8681_1.WA01.58F958F9BC4DA; KT8681_2.WA02.58F958F9BC4DA; KT8681_3.WA03.58F958F9BC4DA; KT8681_7.WA07.58F958F9BC4DA; KT8681_8.WA08.58F958F9BC4DA;    B649  /t 8   ,2:45ccf6e5b2b629da6a9d2d01ad02dae4; 2:a1235d9d63e0dcd83dd009b2606d85c5; 2:c63722135e58007bf411b763ce8e1c68; 2:7a2324ed1b920f1e9ac25663e4a2c8c4; 2:a1ff3d4b357ee680ae9e19c04179b246,00:00:00:00:100/1,00:01:45:72:100/1,Avid MediaFiles/MXF/AVID2.1 20170420/KT8681_1.WA01.58F958F9BC4DA.mxf; Avid MediaFiles/MXF/AVID2.1 20170420/KT8681_2.WA02.58F958F9BC4DA.mxf; Avid MediaFiles/MXF/AVID2.1 20170420/KT8681_3.WA03.58F958F9BC4DA.mxf; Avid MediaFiles/MXF/AVID2.1 20170420/KT8681_7.WA07.58F958F9BC4DA.mxf; Avid MediaFiles/MXF/AVID2.1 20170420/KT8681_8.WA08.58F958F9BC4DA.mxf
622,KT8682_1.WA01.58F958F9BC4EA; KT8682_2.WA02.58F958F9BC4EA; KT8682_3.WA03.58F958F9BC4EA; KT8682_7.WA07.58F958F9BC4EA; KT8682_8.WA08.58F958F9BC4EA;    B649  /t 9   ,2:b6267405935b08b1d106876544cff235; 2:9d8477c334b575df816bf71928937f6c; 2:9ceec189e2f380aaf86ab2425a7e72fa; 2:12318f29b01e65655b33f3305e51bb92; 2:ea762d096a7876f5a69b3e74d0340743,00:00:00:00:100/1,00:01:06:84:100/1,Avid MediaFiles/MXF/AVID2.1 20170420/KT8682_1.WA01.58F958F9BC4EA.mxf; Avid MediaFiles/MXF/AVID2.1 20170420/KT8682_2.WA02.58F958F9BC4EA.mxf; Avid MediaFiles/MXF/AVID2.1 20170420/KT8682_3.WA03.58F958F9BC4EA.mxf; Avid MediaFiles/MXF/AVID2.1 20170420/KT8682_7.WA07.58F958F9BC4EA.mxf; Avid MediaFiles/MXF/AVID2.1 20170420/KT8682_8.WA08.58F958F9BC4EA.mxf
623,KT8684_1.WA01.58F958F9BC50A; KT8684_2.WA02.58F958F9BC50A; KT8684_3.WA03.58F958F9BC50A; KT8684_7.WA07.58F958F9BC50A; KT8684_8.WA08.58F958F9BC50A;    B649A /t 1   ,2:fbec1bfaca938a3a8400e123fa3cc194; 2:d45661a3d53d808d354994a786aa2997; 2:65267b8d75464db77c6be549b644c535; 2:f4a8c1e5a2d86c42abe8993c4898d541; 2:e20ab30938fd0f570062979da3b4b750,00:00:00:00:100/1,00:01:04:88:100/1,Avid MediaFiles/MXF/AVID2.1 20170420/KT8684_1.WA01.58F958F9BC50A.mxf; Avid MediaFiles/MXF/AVID2.1 20170420/KT8684_2.WA02.58F958F9BC50A.mxf; Avid MediaFiles/MXF/AVID2.1 20170420/KT8684_3.WA03.58F958F9BC50A.mxf; Avid MediaFiles/MXF/AVID2.1 20170420/KT8684_7.WA07.58F958F9BC50A.mxf; Avid MediaFiles/MXF/AVID2.1 20170420/KT8684_8.WA08.58F958F9BC50A.mxf
624,KT8683_1.WA01.58F958F9BC4FA; KT8683_2.WA02.58F958F9BC4FA; KT8683_3.WA03.58F958F9BC4FA; KT8683_7.WA07.58F958F9BC4FA; KT8683_8.WA08.58F958F9BC4FA;    B649  /t10   ,2:fc7714cfa1f87e9c35b7f57150c14252; 2:b7a5139cee5cf040c26fc2b2ed22cc59; 2:8abcb6b45d4f4c9fbab587929f019eb1; 2:de13c3df702273e4028abfdcb0175cd5; 2:2592b3288916dbf2f71c2bb500f54c75,00:00:00:00:100/1,00:01:11:44:100/1,Avid MediaFiles/MXF/AVID2.1 20170420/KT8683_1.WA01.58F958F9BC4FA.mxf; Avid MediaFiles/MXF/AVID2.1 20170420/KT8683_2.WA02.58F958F9BC4FA.mxf; Avid MediaFiles/MXF/AVID2.1 20170420/KT8683_3.WA03.58F958F9BC4FA.mxf; Avid MediaFiles/MXF/AVID2.1 20170420/KT8683_7.WA07.58F958F9BC4FA.mxf; Avid MediaFiles/MXF/AVID2.1 20170420/KT8683_8.WA08.58F958F9BC4FA.mxf
625,KT8685_1.WA01.58F958F9BC51A; KT8685_2.WA02.58F958F9BC51A; KT8685_3.WA03.58F958F9BC51A; KT8685_7.WA07.58F958F9BC51A; KT8685_8.WA08.58F958F9BC51A;    B649A /t 2   ,2:8e7817936543c0ba114c74636a2ee62e; 2:28b4c5d617348ede8b9e14e4499c72ba; 2:ae151c579e5636d6f112a85ba70c5bfd; 2:e9f9a0c3196d96698cb04a74ab5e90a7; 2:6fbe7a5d845863e5a5a9e711cd8e25d9,00:00:00:00:100/1,00:01:45:40:100/1,Avid MediaFiles/MXF/AVID2.1 20170420/KT8685_1.WA01.58F958F9BC51A.mxf; Avid MediaFiles/MXF/AVID2.1 20170420/KT8685_2.WA02.58F958F9BC51A.mxf; Avid MediaFiles/MXF/AVID2.1 20170420/KT8685_3.WA03.58F958F9BC51A.mxf; Avid MediaFiles/MXF/AVID2.1 20170420/KT8685_7.WA07.58F958F9BC51A.mxf; Avid MediaFiles/MXF/AVID2.1 20170420/KT8685_8.WA08.58F958F9BC51A.mxf
626,KT8686_1.WA01.58F958F9BC52A; KT8686_2.WA02.58F958F9BC52A; KT8686_3.WA03.58F958F9BC53A; KT8686_7.WA07.58F958F9BC53A; KT8686_8.WA08.58F958F9BC53A;    B649A /t 3   ,2:61f96b511d3b0016bce1c0dbe7d3bae1; 2:8765d21171727f62419484b3c911afb1; 2:662e5d3b8cccbc7cdb7bce37ee8559ef; 2:84e55a0657b2b63ec7d1ede068346647; 2:d8fd37ea0181ee1059234255984397a8,00:00:00:00:100/1,00:02:03:96:100/1,Avid MediaFiles/MXF/AVID2.1 20170420/KT8686_1.WA01.58F958F9BC52A.mxf; Avid MediaFiles/MXF/AVID2.1 20170420/KT8686_2.WA02.58F958F9BC52A.mxf; Avid MediaFiles/MXF/AVID2.1 20170420/KT8686_3.WA03.58F958F9BC53A.mxf; Avid MediaFiles/MXF/AVID2.1 20170420/KT8686_7.WA07.58F958F9BC53A.mxf; Avid MediaFiles/MXF/AVID2.1 20170420/KT8686_8.WA08.58F958F9BC53A.mxf
627,KT8687_1.WA01.58F958F9BC54A; KT8687_2.WA02.58F958F9BC54A; KT8687_3.WA03.58F958F9BC54A; KT8687_7.WA07.58F958F9BC54A; KT8687_8.WA08.58F958F9BC54A;    B649A /t 4   ,2:d6d4b1ed24452f44776b19e94949837c; 2:48524089f0ab3401c1362de446b74216; 2:b31cdf30b5b6dc619ef82b64be7c6340; 2:4518649e3ab1abd35f77e0490aece887; 2:5b00a4944474babf9aba726c92d81f73,00:00:00:00:100/1,00:00:54:72:100/1,Avid MediaFiles/MXF/AVID2.1 20170420/KT8687_1.WA01.58F958F9BC54A.mxf; Avid MediaFiles/MXF/AVID2.1 20170420/KT8687_2.WA02.58F958F9BC54A.mxf; Avid MediaFiles/MXF/AVID2.1 20170420/KT8687_3.WA03.58F958F9BC54A.mxf; Avid MediaFiles/MXF/AVID2.1 20170420/KT8687_7.WA07.58F958F9BC54A.mxf; Avid MediaFiles/MXF/AVID2.1 20170420/KT8687_8.WA08.58F958F9BC54A.mxf
628,KT8689_1.WA01.58F958F9BC56A; KT8689_7.WA07.58F958F9BC56A; KT8689_8.WA08.58F958F9BC56A;    B649A /w 6   ,2:982c8d521fe1a2ee3749e2d963a56ce8; 2:51f2f27e0f5f2f6ae31562e3e157deb8; 2:88ac2b441b1e7dfa96a2252611ca3415,00:00:00:00:100/1,00:01:12:60:100/1,Avid MediaFiles/MXF/AVID2.1 20170420/KT8689_1.WA01.58F958F9BC56A.mxf; Avid MediaFiles/MXF/AVID2.1 20170420/KT8689_7.WA07.58F958F9BC56A.mxf; Avid MediaFiles/MXF/AVID2.1 20170420/KT8689_8.WA08.58F958F9BC56A.mxf
629,KT8688_1.WA01.58F958F9BC55A; KT8688_2.WA02.58F958F9BC55A; KT8688_3.WA03.58F958F9BC55A; KT8688_7.WA07.58F958F9BC55A; KT8688_8.WA08.58F958F9BC55A;    B649A /t 5   ,2:092f61c4e13b38969fd1cff2dfb802a6; 2:9333b6c8702c618812a35e7d961334f2; 2:ac86c466ee409c7fc0407392b566de0f; 2:203bec8055be57e3a5519b1516721950; 2:c868c7a298a6236907fce384275a50e9,00:00:00:00:100/1,00:01:23:84:100/1,Avid MediaFiles/MXF/AVID2.1 20170420/KT8688_1.WA01.58F958F9BC55A.mxf; Avid MediaFiles/MXF/AVID2.1 20170420/KT8688_2.WA02.58F958F9BC55A.mxf; Avid MediaFiles/MXF/AVID2.1 20170420/KT8688_3.WA03.58F958F9BC55A.mxf; Avid MediaFiles/MXF/AVID2.1 20170420/KT8688_7.WA07.58F958F9BC55A.mxf; Avid MediaFiles/MXF/AVID2.1 20170420/KT8688_8.WA08.58F958F9BC55A.mxf
630,KT8690_1.WA01.58FD58FDB3DEA; KT8690_2.WA02.58FD58FDB3DEA; KT8690_3.WA03.58FD58FDB3DEA; KT8690_7.WA07.58FD58FDB3DEA; KT8690_8.WA08.58FD58FDB3DEA;     106  /t 1   ,2:7020ef728cccdb047c29fe8dc209a893; 2:f403e7e2b148c4b11256fbc727d124af; 2:10ff3d8514cf2d55bbcb444160ea7d45; 2:b0c5b3d8449bdb5f5ddc44e666cd869d; 2:014373bcbc1274f75570de98120b09d5,00:00:00:00:100/1,00:02:30:56:100/1,Avid MediaFiles/MXF/AVID2.1 20170421/KT8690_1.WA01.58FD58FDB3DEA.mxf; Avid MediaFiles/MXF/AVID2.1 20170421/KT8690_2.WA02.58FD58FDB3DEA.mxf; Avid MediaFiles/MXF/AVID2.1 20170421/KT8690_3.WA03.58FD58FDB3DEA.mxf; Avid MediaFiles/MXF/AVID2.1 20170421/KT8690_7.WA07.58FD58FDB3DEA.mxf; Avid MediaFiles/MXF/AVID2.1 20170421/KT8690_8.WA08.58FD58FDB3DEA.mxf
631,KT8691_1.WA01.58FD58FDB3DFA; KT8691_2.WA02.58FD58FDB3DFA; KT8691_3.WA03.58FD58FDB3E0A; KT8691_7.WA07.58FD58FDB3E0A; KT8691_8.WA08.58FD58FDB3E0A;     106  /t 2   ,2:e4c8a2613f4be563e2eca7c390b6947d; 2:4cff6aaccea0e0c181fa94dcc2697f68; 2:45105fcf76ab094491de5592d48ba3fd; 2:bf592e758a4a069e77bd26166b7bf7e1; 2:ec16eebb1faef2b1b500cb569d3a515d,00:00:00:00:100/1,00:01:58:96:100/1,Avid MediaFiles/MXF/AVID2.1 20170421/KT8691_1.WA01.58FD58FDB3DFA.mxf; Avid MediaFiles/MXF/AVID2.1 20170421/KT8691_2.WA02.58FD58FDB3DFA.mxf; Avid MediaFiles/MXF/AVID2.1 20170421/KT8691_3.WA03.58FD58FDB3E0A.mxf; Avid MediaFiles/MXF/AVID2.1 20170421/KT8691_7.WA07.58FD58FDB3E0A.mxf; Avid MediaFiles/MXF/AVID2.1 20170421/KT8691_8.WA08.58FD58FDB3E0A.mxf
632,KT8692_1.WA01.58FD58FDB3E1A; KT8692_2.WA02.58FD58FDB3E1A; KT8692_3.WA03.58FD58FDB3E1A; KT8692_7.WA07.58FD58FDB3E1A; KT8692_8.WA08.58FD58FDB3E1A;     106  /t 3   ,2:1acd16d9b9f01eec10ba47de6e3e51d8; 2:5fa8e1ecba81a863b9718ce919fb6921; 2:9ade45df9c33aa621ec0833468d4527d; 2:509e83fbbdc878eb33e10db9ec84e6d1; 2:b038cf0f6b8fb904e9322badd68aae8e,00:00:00:00:100/1,00:02:16:08:100/1,Avid MediaFiles/MXF/AVID2.1 20170421/KT8692_1.WA01.58FD58FDB3E1A.mxf; Avid MediaFiles/MXF/AVID2.1 20170421/KT8692_2.WA02.58FD58FDB3E1A.mxf; Avid MediaFiles/MXF/AVID2.1 20170421/KT8692_3.WA03.58FD58FDB3E1A.mxf; Avid MediaFiles/MXF/AVID2.1 20170421/KT8692_7.WA07.58FD58FDB3E1A.mxf; Avid MediaFiles/MXF/AVID2.1 20170421/KT8692_8.WA08.58FD58FDB3E1A.mxf
633,KT8694_1.WA01.58FD58FDB3E5A; KT8694_2.WA02.58FD58FDB3E5A; KT8694_3.WA03.58FD58FDB3E5A; KT8694_7.WA07.58FD58FDB3E5A; KT8694_8.WA08.58FD58FDB3E5A;     106A /t 2   ,2:00677d665ff86dc09de09e80e06e0b70; 2:726440fd843671dc0b6712b511f91dd7; 2:236d0afd0512fa5723688aa8b90ce9f1; 2:1a8e4c365c77fb38e934899245b4f659; 2:bd494660ed61760d244fa8204521bf4d,00:00:00:00:100/1,00:02:45:52:100/1,Avid MediaFiles/MXF/AVID2.1 20170421/KT8694_1.WA01.58FD58FDB3E5A.mxf; Avid MediaFiles/MXF/AVID2.1 20170421/KT8694_2.WA02.58FD58FDB3E5A.mxf; Avid MediaFiles/MXF/AVID2.1 20170421/KT8694_3.WA03.58FD58FDB3E5A.mxf; Avid MediaFiles/MXF/AVID2.1 20170421/KT8694_7.WA07.58FD58FDB3E5A.mxf; Avid MediaFiles/MXF/AVID2.1 20170421/KT8694_8.WA08.58FD58FDB3E5A.mxf
634,KT8695_1.WA01.58FD58FDB3E7A; KT8695_2.WA02.58FD58FDB3E7A; KT8695_3.WA03.58FD58FDB3E7A; KT8695_7.WA07.58FD58FDB3E7A; KT8695_8.WA08.58FD58FDB3E7A;     106A /t 3   ,2:c58b3746a511061df43984c1f2051ad0; 2:27977f2df9e0ef87a8dcf4c6d7c00040; 2:768475e4f9a5b35ab7f4c3a357fdcd58; 2:746fafb7981122a2d438a5620f5b42ae; 2:c6939ea9629b1b1172ac3f832e702322,00:00:00:00:100/1,00:00:53:56:100/1,Avid MediaFiles/MXF/AVID2.1 20170421/KT8695_1.WA01.58FD58FDB3E7A.mxf; Avid MediaFiles/MXF/AVID2.1 20170421/KT8695_2.WA02.58FD58FDB3E7A.mxf; Avid MediaFiles/MXF/AVID2.1 20170421/KT8695_3.WA03.58FD58FDB3E7A.mxf; Avid MediaFiles/MXF/AVID2.1 20170421/KT8695_7.WA07.58FD58FDB3E7A.mxf; Avid MediaFiles/MXF/AVID2.1 20170421/KT8695_8.WA08.58FD58FDB3E7A.mxf
635,KT8693_1.WA01.58FD58FDB3E4A; KT8693_2.WA02.58FD58FDB3E4A; KT8693_3.WA03.58FD58FDB3E4A; KT8693_7.WA07.58FD58FDB3E4A; KT8693_8.WA08.58FD58FDB3E4A;     106A /t 1   ,2:2a066241e219ba6ce16392be3cef7b4e; 2:52896362dd982fc365860ea9fca1ea3e; 2:d9b784a53d43d6f84277e27a359737f4; 2:4d84442c4ee199ab51c5d1ffc0b5997e; 2:1ab26b6a0f0f758223293aeb91099b73,00:00:00:00:100/1,00:01:53:36:100/1,Avid MediaFiles/MXF/AVID2.1 20170421/KT8693_1.WA01.58FD58FDB3E4A.mxf; Avid MediaFiles/MXF/AVID2.1 20170421/KT8693_2.WA02.58FD58FDB3E4A.mxf; Avid MediaFiles/MXF/AVID2.1 20170421/KT8693_3.WA03.58FD58FDB3E4A.mxf; Avid MediaFiles/MXF/AVID2.1 20170421/KT8693_7.WA07.58FD58FDB3E4A.mxf; Avid MediaFiles/MXF/AVID2.1 20170421/KT8693_8.WA08.58FD58FDB3E4A.mxf
636,KT8696_1.WA01.58FD58FDB3E8A; KT8696_2.WA02.58FD58FDB3E8A; KT8696_3.WA03.58FD58FDB3E8A; KT8696_7.WA07.58FD58FDB3E8A; KT8696_8.WA08.58FD58FDB3E8A;     106A /t 4   ,2:4ebf211a9a8084f561a0e707b6ecdf8d; 2:2e6df8046068ca70ca0cf699882ac355; 2:2b5e83a9ead3aee0980b534b5f988091; 2:2174516e14ea9bae3f7125aa76ce7cd4; 2:f8eb34ae61950db52c236fc27ebb0cc3,00:00:00:00:100/1,00:01:50:80:100/1,Avid MediaFiles/MXF/AVID2.1 20170421/KT8696_1.WA01.58FD58FDB3E8A.mxf; Avid MediaFiles/MXF/AVID2.1 20170421/KT8696_2.WA02.58FD58FDB3E8A.mxf; Avid MediaFiles/MXF/AVID2.1 20170421/KT8696_3.WA03.58FD58FDB3E8A.mxf; Avid MediaFiles/MXF/AVID2.1 20170421/KT8696_7.WA07.58FD58FDB3E8A.mxf; Avid MediaFiles/MXF/AVID2.1 20170421/KT8696_8.WA08.58FD58FDB3E8A.mxf
637,KT8697_1.WA01.58FD58FDB3E9A; KT8697_2.WA02.58FD58FDB3E9A; KT8697_3.WA03.58FD58FDB3E9A; KT8697_7.WA07.58FD58FDB3E9A; KT8697_8.WA08.58FD58FDB3E9A;     106A /t 5   ,2:fcb7a648b634cca3c209c18873ec8d8a; 2:8489898224c6a98e1f37fbb40476942f; 2:dd720ae26dd91d8ef431f00c8e7b291d; 2:bb1a4b07b08669968eb4c729739ffcb4; 2:e0198af86a04837bf8f00c5c91b44cae,00:00:00:00:100/1,00:01:23:40:100/1,Avid MediaFiles/MXF/AVID2.1 20170421/KT8697_1.WA01.58FD58FDB3E9A.mxf; Avid MediaFiles/MXF/AVID2.1 20170421/KT8697_2.WA02.58FD58FDB3E9A.mxf; Avid MediaFiles/MXF/AVID2.1 20170421/KT8697_3.WA03.58FD58FDB3E9A.mxf; Avid MediaFiles/MXF/AVID2.1 20170421/KT8697_7.WA07.58FD58FDB3E9A.mxf; Avid MediaFiles/MXF/AVID2.1 20170421/KT8697_8.WA08.58FD58FDB3E9A.mxf
638,KT8700_1.WA01.58FD58FDB3ECA; KT8700_2.WA02.58FD58FDB3ECA; KT8700_3.WA03.58FD58FDB3ECA; KT8700_7.WA07.58FD58FDB3ECA; KT8700_8.WA08.58FD58FDB3ECA;     106A /t 7   ,2:318c774d23d592e7b8217cef918b7bee; 2:f7db4bcf2980020fb791a2a7edbb0a70; 2:27ab56facb5e40b8d4c43ed66c6be939; 2:b9f94a6a2083ea00b7fd2799ae47e745; 2:709bdb15bde7c3f3cfb712944de0f422,00:00:00:00:100/1,00:01:59:40:100/1,Avid MediaFiles/MXF/AVID2.1 20170421/KT8700_1.WA01.58FD58FDB3ECA.mxf; Avid MediaFiles/MXF/AVID2.1 20170421/KT8700_2.WA02.58FD58FDB3ECA.mxf; Avid MediaFiles/MXF/AVID2.1 20170421/KT8700_3.WA03.58FD58FDB3ECA.mxf; Avid MediaFiles/MXF/AVID2.1 20170421/KT8700_7.WA07.58FD58FDB3ECA.mxf; Avid MediaFiles/MXF/AVID2.1 20170421/KT8700_8.WA08.58FD58FDB3ECA.mxf
639,KT8699_1.WA01.58FD58FDB3EBA; KT8699_2.WA02.58FD58FDB3EBA; KT8699_3.WA03.58FD58FDB3EBA; KT8699_7.WA07.58FD58FDB3EBA; KT8699_8.WA08.58FD58FDB3EBA;     106A /t 6   ,2:93e03d614de26bac102f7947320e331f; 2:bb9627c48a98e4dc3be8c718c678d3a1; 2:ea818b46eb8dd28cc2a98ffab1e29a0b; 2:92ad97b2c346f1e03b04749787c585ef; 2:17020737b1e8cb19c605c6999c0fa188,00:00:00:00:100/1,00:01:58:20:100/1,Avid MediaFiles/MXF/AVID2.1 20170421/KT8699_1.WA01.58FD58FDB3EBA.mxf; Avid MediaFiles/MXF/AVID2.1 20170421/KT8699_2.WA02.58FD58FDB3EBA.mxf; Avid MediaFiles/MXF/AVID2.1 20170421/KT8699_3.WA03.58FD58FDB3EBA.mxf; Avid MediaFiles/MXF/AVID2.1 20170421/KT8699_7.WA07.58FD58FDB3EBA.mxf; Avid MediaFiles/MXF/AVID2.1 20170421/KT8699_8.WA08.58FD58FDB3EBA.mxf
640,KT8698_1.WA01.58FD58FDB3EAA; KT8698_2.WA02.58FD58FDB3EAA; KT8698_3.WA03.58FD58FDB3EAA; KT8698_7.WA07.58FD58FDB3EAA; KT8698_8.WA08.58FD58FDB3EAA;     106A /n 6   ,2:7607572a8581521ffdec1273e8301785; 2:8b035251fa124bfd824c4c12dbf618bd; 2:3360c0d445d03bc4a8ea4a485c0ef69d; 2:9cf0625b818ecdd8eebcd946a0eb5c83; 2:2e8bcb778d48dbb9cd2335a64ea2049e,00:00:00:00:100/1,00:00:21:68:100/1,Avid MediaFiles/MXF/AVID2.1 20170421/KT8698_1.WA01.58FD58FDB3EAA.mxf; Avid MediaFiles/MXF/AVID2.1 20170421/KT8698_2.WA02.58FD58FDB3EAA.mxf; Avid MediaFiles/MXF/AVID2.1 20170421/KT8698_3.WA03.58FD58FDB3EAA.mxf; Avid MediaFiles/MXF/AVID2.1 20170421/KT8698_7.WA07.58FD58FDB3EAA.mxf; Avid MediaFiles/MXF/AVID2.1 20170421/KT8698_8.WA08.58FD58FDB3EAA.mxf
641,KT8701_1.WA01.58FD58FDB3EEA; KT8701_2.WA02.58FD58FDB3EEA; KT8701_3.WA03.58FD58FDB3EEA; KT8701_7.WA07.58FD58FDB3EEA; KT8701_8.WA08.58FD58FDB3EEA;     106B /t 1   ,2:532427a9c427bdd4de5540babc2eba3f; 2:ea8535f56f90975d83e18e87af416236; 2:72db4ef02364d2379f81aaf1938f7bea; 2:880beb2271f6034cae4818f5a239a889; 2:3aace52588c00c6ddf500ad997c3e89d,00:00:00:00:100/1,00:01:46:40:100/1,Avid MediaFiles/MXF/AVID2.1 20170421/KT8701_1.WA01.58FD58FDB3EEA.mxf; Avid MediaFiles/MXF/AVID2.1 20170421/KT8701_2.WA02.58FD58FDB3EEA.mxf; Avid MediaFiles/MXF/AVID2.1 20170421/KT8701_3.WA03.58FD58FDB3EEA.mxf; Avid MediaFiles/MXF/AVID2.1 20170421/KT8701_7.WA07.58FD58FDB3EEA.mxf; Avid MediaFiles/MXF/AVID2.1 20170421/KT8701_8.WA08.58FD58FDB3EEA.mxf
642,KT8702_1.WA01.58FD58FDB3EFA; KT8702_2.WA02.58FD58FDB3EFA; KT8702_3.WA03.58FD58FDB3EFA; KT8702_7.WA07.58FD58FDB3EFA; KT8702_8.WA08.58FD58FDB3EFA;     106B /t 2   ,2:0756795db0f67742144843d25a4f4634; 2:4892bd68926a88b2c1bbc6407954c69d; 2:7ce283bea5344afc19a37e90ea0573a9; 2:64b1c1ec28351d1aa7803b2c9146863e; 2:d2b6ce8b680ce28b9e6eed7175a620c8,00:00:00:00:100/1,00:01:54:96:100/1,Avid MediaFiles/MXF/AVID2.1 20170421/KT8702_1.WA01.58FD58FDB3EFA.mxf; Avid MediaFiles/MXF/AVID2.1 20170421/KT8702_2.WA02.58FD58FDB3EFA.mxf; Avid MediaFiles/MXF/AVID2.1 20170421/KT8702_3.WA03.58FD58FDB3EFA.mxf; Avid MediaFiles/MXF/AVID2.1 20170421/KT8702_7.WA07.58FD58FDB3EFA.mxf; Avid MediaFiles/MXF/AVID2.1 20170421/KT8702_8.WA08.58FD58FDB3EFA.mxf
643,KT8703_1.WA01.58FD58FDB3F0A; KT8703_2.WA02.58FD58FDB3F0A; KT8703_3.WA03.58FD58FDB3F0A; KT8703_7.WA07.58FD58FDB3F0A; KT8703_8.WA08.58FD58FDB3F0A;     106C /t 1   ,2:c135bc4b1113fca58b5dea7e2b094229; 2:9a2a6e529b25608f9a951c9cac0063d2; 2:d30dc57bf9034e575c3909f157578eec; 2:bbb6e65a3529b413a0c918db1ba7a819; 2:f3bc3073b28f760562890622068b05e7,00:00:00:00:100/1,00:01:21:08:100/1,Avid MediaFiles/MXF/AVID2.1 20170421/KT8703_1.WA01.58FD58FDB3F0A.mxf; Avid MediaFiles/MXF/AVID2.1 20170421/KT8703_2.WA02.58FD58FDB3F0A.mxf; Avid MediaFiles/MXF/AVID2.1 20170421/KT8703_3.WA03.58FD58FDB3F0A.mxf; Avid MediaFiles/MXF/AVID2.1 20170421/KT8703_7.WA07.58FD58FDB3F0A.mxf; Avid MediaFiles/MXF/AVID2.1 20170421/KT8703_8.WA08.58FD58FDB3F0A.mxf
644,KT8704_1.WA01.58FD58FDB3F1A; KT8704_2.WA02.58FD58FDB3F1A; KT8704_3.WA03.58FD58FDB3F1A; KT8704_7.WA07.58FD58FDB3F1A; KT8704_8.WA08.58FD58FDB3F1A;     106C /t 2   ,2:4b6f36b7b73b4785d7af9249287754ac; 2:318c0acc2a71d7c82fd2cb50d26df722; 2:253bcf687f415993bcd5f16cbaca1a1f; 2:b481d986753b60d694e125c9c9148b00; 2:46274a4026fc127089cb3fc8328531d8,00:00:00:00:100/1,00:00:48:08:100/1,Avid MediaFiles/MXF/AVID2.1 20170421/KT8704_1.WA01.58FD58FDB3F1A.mxf; Avid MediaFiles/MXF/AVID2.1 20170421/KT8704_2.WA02.58FD58FDB3F1A.mxf; Avid MediaFiles/MXF/AVID2.1 20170421/KT8704_3.WA03.58FD58FDB3F1A.mxf; Avid MediaFiles/MXF/AVID2.1 20170421/KT8704_7.WA07.58FD58FDB3F1A.mxf; Avid MediaFiles/MXF/AVID2.1 20170421/KT8704_8.WA08.58FD58FDB3F1A.mxf
645,KT8705_1.WA01.58FD58FDB3F2A; KT8705_2.WA02.58FD58FDB3F2A; KT8705_3.WA03.58FD58FDB3F2A; KT8705_7.WA07.58FD58FDB3F2A; KT8705_8.WA08.58FD58FDB3F2A;     106C /t 3   ,2:0adfc8cc5a021a22626df05543c5ee57; 2:bf01596cae08634034c1bdb442d80a31; 2:13ac26d5c21ffa6f3e2f88bbb1662c56; 2:e1adac8052d3ce780f7e02d118f435e8; 2:db532e0783e39a7be08ac2ff6ac0c2e3,00:00:00:00:100/1,00:01:05:24:100/1,Avid MediaFiles/MXF/AVID2.1 20170421/KT8705_1.WA01.58FD58FDB3F2A.mxf; Avid MediaFiles/MXF/AVID2.1 20170421/KT8705_2.WA02.58FD58FDB3F2A.mxf; Avid MediaFiles/MXF/AVID2.1 20170421/KT8705_3.WA03.58FD58FDB3F2A.mxf; Avid MediaFiles/MXF/AVID2.1 20170421/KT8705_7.WA07.58FD58FDB3F2A.mxf; Avid MediaFiles/MXF/AVID2.1 20170421/KT8705_8.WA08.58FD58FDB3F2A.mxf
646,KT8706_1.WA01.58FD58FDB3F3A; KT8706_2.WA02.58FD58FDB3F3A; KT8706_3.WA03.58FD58FDB3F3A; KT8706_7.WA07.58FD58FDB3F3A; KT8706_8.WA08.58FD58FDB3F3A;     106C /t 4   ,2:4c8504d19a56ec5736edfe9366764cb8; 2:893a2da8a28dd2e29213582567a2a983; 2:a2ac226030ddef92e26b402b3fff7ed0; 2:611634f1afd56d3da06080017dcf4bcd; 2:ee3cdeb7a503597be6ba45f1915c4b8e,00:00:00:00:100/1,00:00:45:76:100/1,Avid MediaFiles/MXF/AVID2.1 20170421/KT8706_1.WA01.58FD58FDB3F3A.mxf; Avid MediaFiles/MXF/AVID2.1 20170421/KT8706_2.WA02.58FD58FDB3F3A.mxf; Avid MediaFiles/MXF/AVID2.1 20170421/KT8706_3.WA03.58FD58FDB3F3A.mxf; Avid MediaFiles/MXF/AVID2.1 20170421/KT8706_7.WA07.58FD58FDB3F3A.mxf; Avid MediaFiles/MXF/AVID2.1 20170421/KT8706_8.WA08.58FD58FDB3F3A.mxf
647,KT8707_1.WA01.58FD58FDB3F4A; KT8707_2.WA02.58FD58FDB3F4A; KT8707_3.WA03.58FD58FDB3F4A; KT8707_7.WA07.58FD58FDB3F4A; KT8707_8.WA08.58FD58FDB3F4A;     106C /t 5   ,2:7d9fe8a09c0d1a8b4a83a6117992bd11; 2:38d9bae196321c75f86e42fc0f10b375; 2:386be57ae9a8fbad87ac2ee0698a3f69; 2:69f5c6fa4116e67203d5b899d4ba038c; 2:76021dcc588c13af74c57612b6340a7e,00:00:00:00:100/1,00:00:53:48:100/1,Avid MediaFiles/MXF/AVID2.1 20170421/KT8707_1.WA01.58FD58FDB3F4A.mxf; Avid MediaFiles/MXF/AVID2.1 20170421/KT8707_2.WA02.58FD58FDB3F4A.mxf; Avid MediaFiles/MXF/AVID2.1 20170421/KT8707_3.WA03.58FD58FDB3F4A.mxf; Avid MediaFiles/MXF/AVID2.1 20170421/KT8707_7.WA07.58FD58FDB3F4A.mxf; Avid MediaFiles/MXF/AVID2.1 20170421/KT8707_8.WA08.58FD58FDB3F4A.mxf
648,KT8708_1.WA01.58FD58FDB3F4A; KT8708_2.WA02.58FD58FDB3F4A; KT8708_3.WA03.58FD58FDB3F4A; KT8708_7.WA07.58FD58FDB3F4A; KT8708_8.WA08.58FD58FDB3F4A;     106C /t 6   ,2:8b1753617d0df8053b4697caf9898fab; 2:5d08bd9115381d93d852588ee30c52fb; 2:88d028804b8c6ba718f4fb87cae505d7; 2:0a33539f1f2089d3b7ca69bb1ce4ecb6; 2:6c45e25f1d6782005caf37f799555813,00:00:00:00:100/1,00:02:05:40:100/1,Avid MediaFiles/MXF/AVID2.1 20170421/KT8708_1.WA01.58FD58FDB3F4A.mxf; Avid MediaFiles/MXF/AVID2.1 20170421/KT8708_2.WA02.58FD58FDB3F4A.mxf; Avid MediaFiles/MXF/AVID2.1 20170421/KT8708_3.WA03.58FD58FDB3F4A.mxf; Avid MediaFiles/MXF/AVID2.1 20170421/KT8708_7.WA07.58FD58FDB3F4A.mxf; Avid MediaFiles/MXF/AVID2.1 20170421/KT8708_8.WA08.58FD58FDB3F4A.mxf
649,KT8710-5.WA05.58FD58FDB3F7A; KT8710-6.WA06.58FD58FDB3F7A;     106C /w 8   ,2:6302eb9886529da78f96cacef71c7f36; 2:0509d26636cb8db8edc9e3821869c551,00:00:00:00:100/1,00:01:31:40:100/1,Avid MediaFiles/MXF/AVID2.1 20170421/KT8710-5.WA05.58FD58FDB3F7A.mxf; Avid MediaFiles/MXF/AVID2.1 20170421/KT8710-6.WA06.58FD58FDB3F7A.mxf
650,KT8710_1.WA01.58FD58FDB3F7A; KT8710_7.WA07.58FD58FDB3F7A; KT8710_8.WA08.58FD58FDB3F7A;     106C /w 8   ,2:4d4fa6463083ef9622056435e476e092; 2:699bc6fbb0fb5a8ab585d7369d558d8d; 2:3505afaa6e447178bb907de898e494de,00:00:00:00:100/1,00:01:31:40:100/1,Avid MediaFiles/MXF/AVID2.1 20170421/KT8710_1.WA01.58FD58FDB3F7A.mxf; Avid MediaFiles/MXF/AVID2.1 20170421/KT8710_7.WA07.58FD58FDB3F7A.mxf; Avid MediaFiles/MXF/AVID2.1 20170421/KT8710_8.WA08.58FD58FDB3F7A.mxf
651,KT8709_1.WA01.58FD58FDB3F6A; KT8709_2.WA02.58FD58FDB3F6A; KT8709_3.WA03.58FD58FDB3F6A; KT8709_7.WA07.58FD58FDB3F6A; KT8709_8.WA08.58FD58FDB3F6A;     106C /t 7   ,2:697ac2591156a7c943d9c455f765ddae; 2:da26c00f90d3eca9f2347787cd41db9f; 2:4ae7e076cb7c46a12d9ad0bcfd0887fe; 2:431dbd9909fa26633b28c630b5d46c1a; 2:270858cbf0ab25555b8341b9222879b3,00:00:00:00:100/1,00:01:11:44:100/1,Avid MediaFiles/MXF/AVID2.1 20170421/KT8709_1.WA01.58FD58FDB3F6A.mxf; Avid MediaFiles/MXF/AVID2.1 20170421/KT8709_2.WA02.58FD58FDB3F6A.mxf; Avid MediaFiles/MXF/AVID2.1 20170421/KT8709_3.WA03.58FD58FDB3F6A.mxf; Avid MediaFiles/MXF/AVID2.1 20170421/KT8709_7.WA07.58FD58FDB3F6A.mxf; Avid MediaFiles/MXF/AVID2.1 20170421/KT8709_8.WA08.58FD58FDB3F6A.mxf
652,KT8711-5.WA05.58FD58FDB3F8A; KT8711-6.WA06.58FD58FDB3F8A;     106C /w 9   ,2:443ff723e7db0da7c29c4159d11d7747; 2:87a3e9be6955f16ace55f889ea86470c,00:00:00:00:100/1,00:02:01:64:100/1,Avid MediaFiles/MXF/AVID2.1 20170421/KT8711-5.WA05.58FD58FDB3F8A.mxf; Avid MediaFiles/MXF/AVID2.1 20170421/KT8711-6.WA06.58FD58FDB3F8A.mxf
653,KT8711_1.WA01.58FD58FDB3F9A; KT8711_7.WA07.58FD58FDB3F9A; KT8711_8.WA08.58FD58FDB3F9A;     106C /w 9   ,2:d395f55a113c3c5692ab000dd09d3788; 2:1c92bb3dd652681149448cf787d6e922; 2:2168808dad9512bd94accc757397b30d,00:00:00:00:100/1,00:02:01:64:100/1,Avid MediaFiles/MXF/AVID2.1 20170421/KT8711_1.WA01.58FD58FDB3F9A.mxf; Avid MediaFiles/MXF/AVID2.1 20170421/KT8711_7.WA07.58FD58FDB3F9A.mxf; Avid MediaFiles/MXF/AVID2.1 20170421/KT8711_8.WA08.58FD58FDB3F9A.mxf
654,KT8712_1.WA01.58FD58FDB3FAA; KT8712_2.WA02.58FD58FDB3FAA; KT8712_3.WA03.58FD58FDB3FAA; KT8712_4.WA04.58FD58FDB3FAA; KT8712_7.WA07.58FD58FDB3FAA; KT8712_8.WA08.58FD58FDB3FAA;     652  /t 1   ,2:d51f7172ebc37c8b3e08319d967ea536; 2:fb0a0bc980fd62d44333b9b1170051c9; 2:cc7899ca7c32e3e88bc7a33dda5ad272; 2:59c1b75e63ea46e863756b5265291c46; 2:84394910e100b6436679159ada13215b; 2:9305dfc13db42b0c897b80c8a775c84a,00:00:00:00:100/1,00:01:47:72:100/1,Avid MediaFiles/MXF/AVID2.1 20170421/KT8712_1.WA01.58FD58FDB3FAA.mxf; Avid MediaFiles/MXF/AVID2.1 20170421/KT8712_2.WA02.58FD58FDB3FAA.mxf; Avid MediaFiles/MXF/AVID2.1 20170421/KT8712_3.WA03.58FD58FDB3FAA.mxf; Avid MediaFiles/MXF/AVID2.1 20170421/KT8712_4.WA04.58FD58FDB3FAA.mxf; Avid MediaFiles/MXF/AVID2.1 20170421/KT8712_7.WA07.58FD58FDB3FAA.mxf; Avid MediaFiles/MXF/AVID2.1 20170421/KT8712_8.WA08.58FD58FDB3FAA.mxf
655,KT8713_1.WA01.58FD58FDB3FBA; KT8713_2.WA02.58FD58FDB3FBA; KT8713_3.WA03.58FD58FDB3FBA; KT8713_4.WA04.58FD58FDB3FBA; KT8713_7.WA07.58FD58FDB3FBA; KT8713_8.WA08.58FD58FDB3FBA;     652  /t 2   ,2:f4f4ff560688bb0cdf4a997e8b42315c; 2:b9a478e652102d15ea384d9114506f2e; 2:32533596d498c999ec7b641738631de8; 2:369be60076f3ae5731e0b8ebb71b5d88; 2:154c0e790bbadaa0f61545bccb656121; 2:ae0f8c6c1d5105861e8df7b8b977cdff,00:00:00:00:100/1,00:01:46:72:100/1,Avid MediaFiles/MXF/AVID2.1 20170421/KT8713_1.WA01.58FD58FDB3FBA.mxf; Avid MediaFiles/MXF/AVID2.1 20170421/KT8713_2.WA02.58FD58FDB3FBA.mxf; Avid MediaFiles/MXF/AVID2.1 20170421/KT8713_3.WA03.58FD58FDB3FBA.mxf; Avid MediaFiles/MXF/AVID2.1 20170421/KT8713_4.WA04.58FD58FDB3FBA.mxf; Avid MediaFiles/MXF/AVID2.1 20170421/KT8713_7.WA07.58FD58FDB3FBA.mxf; Avid MediaFiles/MXF/AVID2.1 20170421/KT8713_8.WA08.58FD58FDB3FBA.mxf
656,KT8714_1.WA01.58FD58FDB3FDA; KT8714_2.WA02.58FD58FDB3FDA; KT8714_3.WA03.58FD58FDB3FDA; KT8714_4.WA04.58FD58FDB3FDA; KT8714_7.WA07.58FD58FDB3FDA; KT8714_8.WA08.58FD58FDB3FDA;     652  /t 3   ,2:6357aefb02f7647eabcd5fd34f2d401a; 2:8a51cda24dfe92af40ea17190f233275; 2:5e4012896e58eabc2a06b26f9690f01d; 2:e8229a1ad6eb9fbcd493bbb900c9057b; 2:2340d5f644eddcaae9eb6b9cdf0e7211; 2:7e787918ae50c83c18e4bdaf2246f2ed,00:00:00:00:100/1,00:02:24:60:100/1,Avid MediaFiles/MXF/AVID2.1 20170421/KT8714_1.WA01.58FD58FDB3FDA.mxf; Avid MediaFiles/MXF/AVID2.1 20170421/KT8714_2.WA02.58FD58FDB3FDA.mxf; Avid MediaFiles/MXF/AVID2.1 20170421/KT8714_3.WA03.58FD58FDB3FDA.mxf; Avid MediaFiles/MXF/AVID2.1 20170421/KT8714_4.WA04.58FD58FDB3FDA.mxf; Avid MediaFiles/MXF/AVID2.1 20170421/KT8714_7.WA07.58FD58FDB3FDA.mxf; Avid MediaFiles/MXF/AVID2.1 20170421/KT8714_8.WA08.58FD58FDB3FDA.mxf
657,KT8715_1.WA01.58FD58FDB3FFA; KT8715_2.WA02.58FD58FDB3FFA; KT8715_3.WA03.58FD58FDB3FFA; KT8715_4.WA04.58FD58FDB3FFA; KT8715_7.WA07.58FD58FDB3FFA; KT8715_8.WA08.58FD58FDB3FFA;     652A /t 1   ,2:7b1983c9d29e2d5d5a4885689af8f2a5; 2:1edd2c0f8e43593279b0393247b56e8e; 2:4bc4d65afb3ce733cb0f201729f1733e; 2:3dbe4f74373b9b63860f1dda7538a49a; 2:15f1a9059cdc1921b1364eae563042fe; 2:eaad70ad28a0e43aadda7deca5beb732,00:00:00:00:100/1,00:01:51:76:100/1,Avid MediaFiles/MXF/AVID2.1 20170421/KT8715_1.WA01.58FD58FDB3FFA.mxf; Avid MediaFiles/MXF/AVID2.1 20170421/KT8715_2.WA02.58FD58FDB3FFA.mxf; Avid MediaFiles/MXF/AVID2.1 20170421/KT8715_3.WA03.58FD58FDB3FFA.mxf; Avid MediaFiles/MXF/AVID2.1 20170421/KT8715_4.WA04.58FD58FDB3FFA.mxf; Avid MediaFiles/MXF/AVID2.1 20170421/KT8715_7.WA07.58FD58FDB3FFA.mxf; Avid MediaFiles/MXF/AVID2.1 20170421/KT8715_8.WA08.58FD58FDB3FFA.mxf
658,KT8716_1.WA01.58FD58FDB400A; KT8716_2.WA02.58FD58FDB400A; KT8716_3.WA03.58FD58FDB400A; KT8716_4.WA04.58FD58FDB400A; KT8716_7.WA07.58FD58FDB400A; KT8716_8.WA08.58FD58FDB400A;     652A /t 2   ,2:22e642f9c6083176dafb92474da97fc4; 2:42c2585421742745727e0959d1b7ccd5; 2:939327e63265f160fc72c1bfa42a8369; 2:ec532f4edb7217a254ef56b6fe28efce; 2:cb2b8200d7b20f73983d4103e59a8829; 2:2becffaab32beb073fe5d3cb251a35fa,00:00:00:00:100/1,00:02:07:00:100/1,Avid MediaFiles/MXF/AVID2.1 20170421/KT8716_1.WA01.58FD58FDB400A.mxf; Avid MediaFiles/MXF/AVID2.1 20170421/KT8716_2.WA02.58FD58FDB400A.mxf; Avid MediaFiles/MXF/AVID2.1 20170421/KT8716_3.WA03.58FD58FDB400A.mxf; Avid MediaFiles/MXF/AVID2.1 20170421/KT8716_4.WA04.58FD58FDB400A.mxf; Avid MediaFiles/MXF/AVID2.1 20170421/KT8716_7.WA07.58FD58FDB400A.mxf; Avid MediaFiles/MXF/AVID2.1 20170421/KT8716_8.WA08.58FD58FDB400A.mxf
659,KT8717_1.WA01.58FD58FDB403A; KT8717_2.WA02.58FD58FDB403A; KT8717_4.WA04.58FD58FDB403A; KT8717_7.WA07.58FD58FDB403A; KT8717_8.WA08.58FD58FDB403A;    B652  /t 1   ,2:9083d6c2c2eb61a6e45a8c5ceaedea7e; 2:d905192db0870bf177f5b5dcb2f5a778; 2:8af856eebb2229dfc5cc71960c3dcca7; 2:613a8b6a6477f612a83ec920d8b08c71; 2:aaee4e2f090d1bf1c5c025fc8723427e,00:00:00:00:100/1,00:01:18:08:100/1,Avid MediaFiles/MXF/AVID2.1 20170421/KT8717_1.WA01.58FD58FDB403A.mxf; Avid MediaFiles/MXF/AVID2.1 20170421/KT8717_2.WA02.58FD58FDB403A.mxf; Avid MediaFiles/MXF/AVID2.1 20170421/KT8717_4.WA04.58FD58FDB403A.mxf; Avid MediaFiles/MXF/AVID2.1 20170421/KT8717_7.WA07.58FD58FDB403A.mxf; Avid MediaFiles/MXF/AVID2.1 20170421/KT8717_8.WA08.58FD58FDB403A.mxf
660,KT8718_1.WA01.58FD58FDB404A; KT8718_2.WA02.58FD58FDB404A; KT8718_4.WA04.58FD58FDB404A; KT8718_7.WA07.58FD58FDB404A; KT8718_8.WA08.58FD58FDB404A;    B652  /t 2   ,2:d485d2f50c63b99f545977fe6df744b5; 2:2521dfa233b0e96a0e5975df149943b9; 2:812be22e7f116eecc8f3add60d2f0b6b; 2:e8d8fa5e1a722d45432d3513fc495b66; 2:d33542d675b7e1d0294610ecde2cf29a,00:00:00:00:100/1,00:01:20:88:100/1,Avid MediaFiles/MXF/AVID2.1 20170421/KT8718_1.WA01.58FD58FDB404A.mxf; Avid MediaFiles/MXF/AVID2.1 20170421/KT8718_2.WA02.58FD58FDB404A.mxf; Avid MediaFiles/MXF/AVID2.1 20170421/KT8718_4.WA04.58FD58FDB404A.mxf; Avid MediaFiles/MXF/AVID2.1 20170421/KT8718_7.WA07.58FD58FDB404A.mxf; Avid MediaFiles/MXF/AVID2.1 20170421/KT8718_8.WA08.58FD58FDB404A.mxf
661,KT8719_1.WA01.58FD58FDB405A; KT8719_2.WA02.58FD58FDB405A; KT8719_3.WA03.58FD58FDB405A; KT8719_7.WA07.58FD58FDB405A; KT8719_8.WA08.58FD58FDB405A;     607  /t 1   ,2:4a13ecf40e2ff5c8fc16f2fdba2871d2; 2:dff9ef1b5b9db70ef4240b3f761c839c; 2:8e4ec8b70970ba1f2183701c9b7bad85; 2:098224da6ebc093c1ecef58634cc60d4; 2:7714c365b21bf5fc569b9489fd6bc2f1,00:00:00:00:100/1,00:01:19:80:100/1,Avid MediaFiles/MXF/AVID2.1 20170421/KT8719_1.WA01.58FD58FDB405A.mxf; Avid MediaFiles/MXF/AVID2.1 20170421/KT8719_2.WA02.58FD58FDB405A.mxf; Avid MediaFiles/MXF/AVID2.1 20170421/KT8719_3.WA03.58FD58FDB405A.mxf; Avid MediaFiles/MXF/AVID2.1 20170421/KT8719_7.WA07.58FD58FDB405A.mxf; Avid MediaFiles/MXF/AVID2.1 20170421/KT8719_8.WA08.58FD58FDB405A.mxf
662,KT8720_1.WA01.58FD58FDB406A; KT8720_2.WA02.58FD58FDB406A; KT8720_3.WA03.58FD58FDB406A; KT8720_7.WA07.58FD58FDB406A; KT8720_8.WA08.58FD58FDB406A;     607  /t 2   ,2:81f7da50ce9ecbf823c662cb3f312d1f; 2:f2e463f923273854eea5bb6cbbd10465; 2:9e02a28cc6c77168e50b9d42e5c92949; 2:1573546306a8e04bcd93cbd4edba486a; 2:8f7f5b1a1ce4f059742c0919f2c59cd4,00:00:00:00:100/1,00:01:29:52:100/1,Avid MediaFiles/MXF/AVID2.1 20170421/KT8720_1.WA01.58FD58FDB406A.mxf; Avid MediaFiles/MXF/AVID2.1 20170421/KT8720_2.WA02.58FD58FDB406A.mxf; Avid MediaFiles/MXF/AVID2.1 20170421/KT8720_3.WA03.58FD58FDB406A.mxf; Avid MediaFiles/MXF/AVID2.1 20170421/KT8720_7.WA07.58FD58FDB406A.mxf; Avid MediaFiles/MXF/AVID2.1 20170421/KT8720_8.WA08.58FD58FDB406A.mxf
663,KT8721_1.WA01.58FD58FDB407A; KT8721_2.WA02.58FD58FDB407A; KT8721_3.WA03.58FD58FDB407A; KT8721_7.WA07.58FD58FDB407A; KT8721_8.WA08.58FD58FDB407A;     607  /t 3   ,2:504e47b77e233c7d8305f8a9f3bd783e; 2:3873e6f08ff60ce2fe4c278b26c79375; 2:5f3c36231b5e35d4bb0fbe22781acedd; 2:1f5061d7ed6fb9f9f05ee1f9230c5bb6; 2:c5f06d8b3fdd001395cfbe602b92122d,00:00:00:00:100/1,00:01:35:96:100/1,Avid MediaFiles/MXF/AVID2.1 20170421/KT8721_1.WA01.58FD58FDB407A.mxf; Avid MediaFiles/MXF/AVID2.1 20170421/KT8721_2.WA02.58FD58FDB407A.mxf; Avid MediaFiles/MXF/AVID2.1 20170421/KT8721_3.WA03.58FD58FDB407A.mxf; Avid MediaFiles/MXF/AVID2.1 20170421/KT8721_7.WA07.58FD58FDB407A.mxf; Avid MediaFiles/MXF/AVID2.1 20170421/KT8721_8.WA08.58FD58FDB407A.mxf
664,KT8722_1.WA01.58FD58FDB409A; KT8722_2.WA02.58FD58FDB409A; KT8722_3.WA03.58FD58FDB409A; KT8722_7.WA07.58FD58FDB409A; KT8722_8.WA08.58FD58FDB409A;     607  /t 4   ,2:b2ecf714bbadd94e44df56728afb63ae; 2:e9de27fc2bf2619d5e1cdb6197eed242; 2:7380674ae3c7a55d3fee5082e4bbb36d; 2:33365c2716f388e1709cfd1dc08bc450; 2:f5a54c7fa013eeadc3977f61293e0286,00:00:00:00:100/1,00:01:27:08:100/1,Avid MediaFiles/MXF/AVID2.1 20170421/KT8722_1.WA01.58FD58FDB409A.mxf; Avid MediaFiles/MXF/AVID2.1 20170421/KT8722_2.WA02.58FD58FDB409A.mxf; Avid MediaFiles/MXF/AVID2.1 20170421/KT8722_3.WA03.58FD58FDB409A.mxf; Avid MediaFiles/MXF/AVID2.1 20170421/KT8722_7.WA07.58FD58FDB409A.mxf; Avid MediaFiles/MXF/AVID2.1 20170421/KT8722_8.WA08.58FD58FDB409A.mxf
665,KT8723_1.WA01.58FD58FDB40AA; KT8723_2.WA02.58FD58FDB40AA; KT8723_3.WA03.58FD58FDB40AA; KT8723_7.WA07.58FD58FDB40AA; KT8723_8.WA08.58FD58FDB40AA;     607  /t 5   ,2:e703a7a29e944e06bc9e622b14c1e988; 2:7b220d1f7744a5577e27a1cce811e0aa; 2:656fdc34168f8b2b40670b7f59096e6d; 2:d46219351286e477e1ed661a6038c5f5; 2:0b09c0f50b122840805ab1ebae9d0764,00:00:00:00:100/1,00:01:26:20:100/1,Avid MediaFiles/MXF/AVID2.1 20170421/KT8723_1.WA01.58FD58FDB40AA.mxf; Avid MediaFiles/MXF/AVID2.1 20170421/KT8723_2.WA02.58FD58FDB40AA.mxf; Avid MediaFiles/MXF/AVID2.1 20170421/KT8723_3.WA03.58FD58FDB40AA.mxf; Avid MediaFiles/MXF/AVID2.1 20170421/KT8723_7.WA07.58FD58FDB40AA.mxf; Avid MediaFiles/MXF/AVID2.1 20170421/KT8723_8.WA08.58FD58FDB40AA.mxf
666,KT8724_1.WA01.58FD58FDB40BA; KT8724_2.WA02.58FD58FDB40BA; KT8724_3.WA03.58FD58FDB40BA; KT8724_7.WA07.58FD58FDB40BA; KT8724_8.WA08.58FD58FDB40BA;     607  /t 6   ,2:bffd71773b0cfa62d072835443ed6efb; 2:5711618ac343e1ae4883e978bcc84a9b; 2:e06758fc528f7e5aec41de110a84c73e; 2:ecbe179448c7204ebb3d2a4b71c34686; 2:1e991a949302fa465bcb0b49083b29f2,00:00:00:00:100/1,00:00:52:84:100/1,Avid MediaFiles/MXF/AVID2.1 20170421/KT8724_1.WA01.58FD58FDB40BA.mxf; Avid MediaFiles/MXF/AVID2.1 20170421/KT8724_2.WA02.58FD58FDB40BA.mxf; Avid MediaFiles/MXF/AVID2.1 20170421/KT8724_3.WA03.58FD58FDB40BA.mxf; Avid MediaFiles/MXF/AVID2.1 20170421/KT8724_7.WA07.58FD58FDB40BA.mxf; Avid MediaFiles/MXF/AVID2.1 20170421/KT8724_8.WA08.58FD58FDB40BA.mxf
667,KT8726_1.WA01.58FD58FDB40DA; KT8726_2.WA02.58FD58FDB40DA; KT8726_3.WA03.58FD58FDB40DA; KT8726_7.WA07.58FD58FDB40DA; KT8726_8.WA08.58FD58FDB40DA;     607  /t 8   ,2:694df04922534a239b554f22b78d04bf; 2:20624861c4e9b06aac9ae8e15126fcea; 2:9c531152823b8aa302e044d4ad1fdef5; 2:101e636fb03a0c0236e0f438534025da; 2:5e9f109ce46abb2aeab6d4223d683634,00:00:00:00:100/1,00:01:30:92:100/1,Avid MediaFiles/MXF/AVID2.1 20170421/KT8726_1.WA01.58FD58FDB40DA.mxf; Avid MediaFiles/MXF/AVID2.1 20170421/KT8726_2.WA02.58FD58FDB40DA.mxf; Avid MediaFiles/MXF/AVID2.1 20170421/KT8726_3.WA03.58FD58FDB40DA.mxf; Avid MediaFiles/MXF/AVID2.1 20170421/KT8726_7.WA07.58FD58FDB40DA.mxf; Avid MediaFiles/MXF/AVID2.1 20170421/KT8726_8.WA08.58FD58FDB40DA.mxf
668,KT8727_1.WA01.58FD58FDB40EA; KT8727_2.WA02.58FD58FDB40EA; KT8727_3.WA03.58FD58FDB40EA; KT8727_7.WA07.58FD58FDB40EA; KT8727_8.WA08.58FD58FDB40EA;     621  /t 1   ,2:937d90a533406aa60f7c254711766094; 2:f5735445a0a28a5ef14fa531e77549c2; 2:4da8926ec588d6133c520158bae52504; 2:c0a04e74103e0e63c9bba7693375e2e0; 2:7b9d3acd958ee10b3393a73bea267301,00:00:00:00:100/1,00:00:59:80:100/1,Avid MediaFiles/MXF/AVID2.1 20170421/KT8727_1.WA01.58FD58FDB40EA.mxf; Avid MediaFiles/MXF/AVID2.1 20170421/KT8727_2.WA02.58FD58FDB40EA.mxf; Avid MediaFiles/MXF/AVID2.1 20170421/KT8727_3.WA03.58FD58FDB40EA.mxf; Avid MediaFiles/MXF/AVID2.1 20170421/KT8727_7.WA07.58FD58FDB40EA.mxf; Avid MediaFiles/MXF/AVID2.1 20170421/KT8727_8.WA08.58FD58FDB40EA.mxf
669,KT8725_1.WA01.58FD58FDB40CA; KT8725_2.WA02.58FD58FDB40CA; KT8725_3.WA03.58FD58FDB40CA; KT8725_7.WA07.58FD58FDB40CA; KT8725_8.WA08.58FD58FDB40CA;     607  /t 7   ,2:5f4e4568985bc496e19dfed49c4617a3; 2:25638b14fee03c84d8d021f0eae50304; 2:8628a6178e4486a402cc573bffa13d6c; 2:b1c908dde0b488cfcfed51b4a7543437; 2:a91f31b7a5ae47262dcb0a4649efe719,00:00:00:00:100/1,00:01:32:68:100/1,Avid MediaFiles/MXF/AVID2.1 20170421/KT8725_1.WA01.58FD58FDB40CA.mxf; Avid MediaFiles/MXF/AVID2.1 20170421/KT8725_2.WA02.58FD58FDB40CA.mxf; Avid MediaFiles/MXF/AVID2.1 20170421/KT8725_3.WA03.58FD58FDB40CA.mxf; Avid MediaFiles/MXF/AVID2.1 20170421/KT8725_7.WA07.58FD58FDB40CA.mxf; Avid MediaFiles/MXF/AVID2.1 20170421/KT8725_8.WA08.58FD58FDB40CA.mxf
670,KT8728_1.WA01.58FD58FDB40FA; KT8728_2.WA02.58FD58FDB40FA; KT8728_3.WA03.58FD58FDB40FA; KT8728_7.WA07.58FD58FDB40FA; KT8728_8.WA08.58FD58FDB40FA;     621  /t 2   ,2:9659ba0a8d538eb01cdd7b9b3a3fc206; 2:ed2072be34a7a8690a8538d334b28c37; 2:e9bee560be9d4048c056e3ae4a29fc27; 2:698ea3f2e45316e8d591fd5a4339a4c5; 2:ed644eda9ef2ac715ff770c249ff52fc,00:00:00:00:100/1,00:01:25:80:100/1,Avid MediaFiles/MXF/AVID2.1 20170421/KT8728_1.WA01.58FD58FDB40FA.mxf; Avid MediaFiles/MXF/AVID2.1 20170421/KT8728_2.WA02.58FD58FDB40FA.mxf; Avid MediaFiles/MXF/AVID2.1 20170421/KT8728_3.WA03.58FD58FDB40FA.mxf; Avid MediaFiles/MXF/AVID2.1 20170421/KT8728_7.WA07.58FD58FDB40FA.mxf; Avid MediaFiles/MXF/AVID2.1 20170421/KT8728_8.WA08.58FD58FDB40FA.mxf
671,KT8729_1.WA01.58FD58FDB410A; KT8729_2.WA02.58FD58FDB410A; KT8729_3.WA03.58FD58FDB410A; KT8729_7.WA07.58FD58FDB410A; KT8729_8.WA08.58FD58FDB410A;     621  /t 3   ,2:f159eea07b131cf8ee07c3c35d482161; 2:983cf083dfd9d799f02e0f29a7f1efb1; 2:d843e61a3b7cdc32613065feafd1773b; 2:18e4abb7929d22981a40885fccf916c3; 2:7250a8091e7be85af25498dc8e135b17,00:00:00:00:100/1,00:01:23:12:100/1,Avid MediaFiles/MXF/AVID2.1 20170421/KT8729_1.WA01.58FD58FDB410A.mxf; Avid MediaFiles/MXF/AVID2.1 20170421/KT8729_2.WA02.58FD58FDB410A.mxf; Avid MediaFiles/MXF/AVID2.1 20170421/KT8729_3.WA03.58FD58FDB410A.mxf; Avid MediaFiles/MXF/AVID2.1 20170421/KT8729_7.WA07.58FD58FDB410A.mxf; Avid MediaFiles/MXF/AVID2.1 20170421/KT8729_8.WA08.58FD58FDB410A.mxf
672,KT8730_1.WA01.58FD58FDB411A; KT8730_2.WA02.58FD58FDB411A; KT8730_3.WA03.58FD58FDB411A; KT8730_7.WA07.58FD58FDB411A; KT8730_8.WA08.58FD58FDB411A;     621A /t 1   ,2:419c63600a32d7c64ff52e8f490bf5de; 2:73b2aeec2b357a28fd3e40086030be0f; 2:c17baa4f20e6a2ca9302674b6c38a831; 2:8f16f2dabd55792180ddc575c5693bdd; 2:214a968440517f9b9187772251a91919,00:00:00:00:100/1,00:00:54:68:100/1,Avid MediaFiles/MXF/AVID2.1 20170421/KT8730_1.WA01.58FD58FDB411A.mxf; Avid MediaFiles/MXF/AVID2.1 20170421/KT8730_2.WA02.58FD58FDB411A.mxf; Avid MediaFiles/MXF/AVID2.1 20170421/KT8730_3.WA03.58FD58FDB411A.mxf; Avid MediaFiles/MXF/AVID2.1 20170421/KT8730_7.WA07.58FD58FDB411A.mxf; Avid MediaFiles/MXF/AVID2.1 20170421/KT8730_8.WA08.58FD58FDB411A.mxf
673,KT8731_1.WA01.58FD58FDB412A; KT8731_2.WA02.58FD58FDB412A; KT8731_3.WA03.58FD58FDB412A; KT8731_7.WA07.58FD58FDB412A; KT8731_8.WA08.58FD58FDB412A;     621A /t 2   ,2:22dce4f58e4bd927fa5c4d3507d5c021; 2:addb8fd53ebe076e396d3731d2a94179; 2:633b75ee48f8aef1cde128e94a97d36d; 2:8609b782749c4dbbe7963745146ae321; 2:d3de38d2c4006e6057aa9c0ec38969e5,00:00:00:00:100/1,00:01:18:08:100/1,Avid MediaFiles/MXF/AVID2.1 20170421/KT8731_1.WA01.58FD58FDB412A.mxf; Avid MediaFiles/MXF/AVID2.1 20170421/KT8731_2.WA02.58FD58FDB412A.mxf; Avid MediaFiles/MXF/AVID2.1 20170421/KT8731_3.WA03.58FD58FDB412A.mxf; Avid MediaFiles/MXF/AVID2.1 20170421/KT8731_7.WA07.58FD58FDB412A.mxf; Avid MediaFiles/MXF/AVID2.1 20170421/KT8731_8.WA08.58FD58FDB412A.mxf
674,KT8732_1.WA01.58FD58FDB413A; KT8732_2.WA02.58FD58FDB413A; KT8732_3.WA03.58FD58FDB413A; KT8732_7.WA07.58FD58FDB413A; KT8732_8.WA08.58FD58FDB413A;     621A /t 3   ,2:39e868f1af978f17bc800ff258f9c867; 2:ae868da9404a47c5010d64de2213297b; 2:6f0f53e1478ecf2dd3248fae6d8336a1; 2:19cb2eeac91516b34cc590aa73e312c2; 2:62f06a7a5c6eb251598f9b6316849df6,00:00:00:00:100/1,00:01:14:60:100/1,Avid MediaFiles/MXF/AVID2.1 20170421/KT8732_1.WA01.58FD58FDB413A.mxf; Avid MediaFiles/MXF/AVID2.1 20170421/KT8732_2.WA02.58FD58FDB413A.mxf; Avid MediaFiles/MXF/AVID2.1 20170421/KT8732_3.WA03.58FD58FDB413A.mxf; Avid MediaFiles/MXF/AVID2.1 20170421/KT8732_7.WA07.58FD58FDB413A.mxf; Avid MediaFiles/MXF/AVID2.1 20170421/KT8732_8.WA08.58FD58FDB413A.mxf
675,KT8734_1.WA01.58FD58FDB415A; KT8734_2.WA02.58FD58FDB415A; KT8734_3.WA03.58FD58FDB415A; KT8734_7.WA07.58FD58FDB415A; KT8734_8.WA08.58FD58FDB415A;     621B /t 1   ,2:2964180857ea337ed77e628258345e94; 2:b0ae8a1ce31b3ace09835a13e0960732; 2:875f2758814e7e509431393d08b00539; 2:4f1bc5e58eddf5c0e063b6b9daf46f12; 2:32df24a6b83c26167d34ad909e915c0e,00:00:00:00:100/1,00:01:39:92:100/1,Avid MediaFiles/MXF/AVID2.1 20170421/KT8734_1.WA01.58FD58FDB415A.mxf; Avid MediaFiles/MXF/AVID2.1 20170421/KT8734_2.WA02.58FD58FDB415A.mxf; Avid MediaFiles/MXF/AVID2.1 20170421/KT8734_3.WA03.58FD58FDB415A.mxf; Avid MediaFiles/MXF/AVID2.1 20170421/KT8734_7.WA07.58FD58FDB415A.mxf; Avid MediaFiles/MXF/AVID2.1 20170421/KT8734_8.WA08.58FD58FDB415A.mxf
676,KT8733_1.WA01.58FD58FDB414A; KT8733_2.WA02.58FD58FDB414A; KT8733_3.WA03.58FD58FDB414A; KT8733_7.WA07.58FD58FDB414A; KT8733_8.WA08.58FD58FDB414A;     621A /t 4   ,2:43e2c4e11e5aae0ea6b2aebfeb84cd41; 2:aa0bbd12f34526fd0e4535946e3f060f; 2:ac26f1dca92459465b598362e6f11fa9; 2:f46256fca96e64dd46e080a2c3eda181; 2:f8a571bbc4094886f71c1056e121daf0,00:00:00:00:100/1,00:01:31:28:100/1,Avid MediaFiles/MXF/AVID2.1 20170421/KT8733_1.WA01.58FD58FDB414A.mxf; Avid MediaFiles/MXF/AVID2.1 20170421/KT8733_2.WA02.58FD58FDB414A.mxf; Avid MediaFiles/MXF/AVID2.1 20170421/KT8733_3.WA03.58FD58FDB414A.mxf; Avid MediaFiles/MXF/AVID2.1 20170421/KT8733_7.WA07.58FD58FDB414A.mxf; Avid MediaFiles/MXF/AVID2.1 20170421/KT8733_8.WA08.58FD58FDB414A.mxf
677,KT8735_1.WA01.58FD58FDB417A; KT8735_2.WA02.58FD58FDB417A; KT8735_3.WA03.58FD58FDB417A; KT8735_7.WA07.58FD58FDB417A; KT8735_8.WA08.58FD58FDB417A;     621C /t 1   ,2:b0d8875f0dbf11130381f4c0be0b53ac; 2:1ff3d0431eb3e6b38f60383810b51b69; 2:98bb1d769238558bcbc51120a3c6905d; 2:4c78dcfb197d5b8f1e4c6c36571ef63d; 2:0efb664e20def5c0b4fcf561a6d521a2,00:00:00:00:100/1,00:01:45:56:100/1,Avid MediaFiles/MXF/AVID2.1 20170421/KT8735_1.WA01.58FD58FDB417A.mxf; Avid MediaFiles/MXF/AVID2.1 20170421/KT8735_2.WA02.58FD58FDB417A.mxf; Avid MediaFiles/MXF/AVID2.1 20170421/KT8735_3.WA03.58FD58FDB417A.mxf; Avid MediaFiles/MXF/AVID2.1 20170421/KT8735_7.WA07.58FD58FDB417A.mxf; Avid MediaFiles/MXF/AVID2.1 20170421/KT8735_8.WA08.58FD58FDB417A.mxf
678,KT8736_1.WA01.58FD58FDB418A; KT8736_3.WA03.58FD58FDB418A; KT8736_7.WA07.58FD58FDB418A; KT8736_8.WA08.58FD58FDB418A;     621  /w 1   ,2:8b217810a052f124b03a6fcee8237026; 2:db465dc2b46701069e815900aec37f45; 2:41a7bf364af97abf434c1fe64617f99d; 2:48bc412d5b08668ece56a7d0e9e2de8f,00:00:00:00:100/1,00:01:16:20:100/1,Avid MediaFiles/MXF/AVID2.1 20170421/KT8736_1.WA01.58FD58FDB418A.mxf; Avid MediaFiles/MXF/AVID2.1 20170421/KT8736_3.WA03.58FD58FDB418A.mxf; Avid MediaFiles/MXF/AVID2.1 20170421/KT8736_7.WA07.58FD58FDB418A.mxf; Avid MediaFiles/MXF/AVID2.1 20170421/KT8736_8.WA08.58FD58FDB418A.mxf
679,KT8737_1.WA01.590059004807A; KT8737_2.WA02.590059004807A; KT8737_3.WA03.590059004807A; KT8737_4.WA04.590059004807A; KT8737_5.WA05.590059004807A; KT8737_7.WA07.590059004807A; KT8737_8.WA08.590059004807A;     432  /n 1   ,2:a2f7191bb00e4783437544299fa09fe1; 2:e8beb69478c90747ad3bb65307c5b24c; 2:27a9b6f2c472b64b50b89841b19f9292; 2:99fd99d4b501227febd6ba8bb599238c; 2:cf6dae3c2457c184b7b28fad606aff57; 2:ddb7ef5a1172153620bd74ef7ef8692d; 2:c57012b59c26fcbab7e45f37c9ccf2df,00:00:00:00:100/1,00:00:11:60:100/1,Avid MediaFiles/MXF/AVID2.1 20170425/KT8737_1.WA01.590059004807A.mxf; Avid MediaFiles/MXF/AVID2.1 20170425/KT8737_2.WA02.590059004807A.mxf; Avid MediaFiles/MXF/AVID2.1 20170425/KT8737_3.WA03.590059004807A.mxf; Avid MediaFiles/MXF/AVID2.1 20170425/KT8737_4.WA04.590059004807A.mxf; Avid MediaFiles/MXF/AVID2.1 20170425/KT8737_5.WA05.590059004807A.mxf; Avid MediaFiles/MXF/AVID2.1 20170425/KT8737_7.WA07.590059004807A.mxf; Avid MediaFiles/MXF/AVID2.1 20170425/KT8737_8.WA08.590059004807A.mxf
680,KT8738_1.WA01.590059004807A; KT8738_2.WA02.590059004807A; KT8738_3.WA03.590059004807A; KT8738_4.WA04.590059004807A; KT8738_5.WA05.590059004807A; KT8738_7.WA07.590059004807A; KT8738_8.WA08.590059004807A;     432  /t 1   ,2:aa4bb5a3448bdf2575396205912874ef; 2:4b76ed44f19f9a407144ff7a6fa139a3; 2:a1a280ed0b46a4c55ffccc391d5a65cf; 2:15a977213e48c6dd14ab181ef9b0e3ed; 2:d93e8142ade701d917905b6436e1f366; 2:38aa08b3f43a40f98cb63ce5c4025183; 2:eb5b355a53e71ec0bb20eb7fefc6f340,00:00:00:00:100/1,00:02:00:68:100/1,Avid MediaFiles/MXF/AVID2.1 20170425/KT8738_1.WA01.590059004807A.mxf; Avid MediaFiles/MXF/AVID2.1 20170425/KT8738_2.WA02.590059004807A.mxf; Avid MediaFiles/MXF/AVID2.1 20170425/KT8738_3.WA03.590059004807A.mxf; Avid MediaFiles/MXF/AVID2.1 20170425/KT8738_4.WA04.590059004807A.mxf; Avid MediaFiles/MXF/AVID2.1 20170425/KT8738_5.WA05.590059004807A.mxf; Avid MediaFiles/MXF/AVID2.1 20170425/KT8738_7.WA07.590059004807A.mxf; Avid MediaFiles/MXF/AVID2.1 20170425/KT8738_8.WA08.590059004807A.mxf
681,KT8739_1.WA01.590059004809A; KT8739_2.WA02.590059004809A; KT8739_3.WA03.590059004809A; KT8739_4.WA04.590059004809A; KT8739_5.WA05.590059004809A; KT8739_7.WA07.590059004809A; KT8739_8.WA08.590059004809A;     432  /t 2   ,2:0412ffd3a89ae30f75946452a0b5c9af; 2:f7ea8ea3b102e371af0207fffe38da53; 2:dd98fa4b29b6e73631f3aa9e4be0bab7; 2:c774fe2cc12b19031dd9c9d6de2c986d; 2:4f949080bcc311e6660a846f973db263; 2:664661c01d37b4a8d23dcaa41a3decb5; 2:517326a0ab37841d81be3c265b34a7e0,00:00:00:00:100/1,00:02:04:24:100/1,Avid MediaFiles/MXF/AVID2.1 20170425/KT8739_1.WA01.590059004809A.mxf; Avid MediaFiles/MXF/AVID2.1 20170425/KT8739_2.WA02.590059004809A.mxf; Avid MediaFiles/MXF/AVID2.1 20170425/KT8739_3.WA03.590059004809A.mxf; Avid MediaFiles/MXF/AVID2.1 20170425/KT8739_4.WA04.590059004809A.mxf; Avid MediaFiles/MXF/AVID2.1 20170425/KT8739_5.WA05.590059004809A.mxf; Avid MediaFiles/MXF/AVID2.1 20170425/KT8739_7.WA07.590059004809A.mxf; Avid MediaFiles/MXF/AVID2.1 20170425/KT8739_8.WA08.590059004809A.mxf
682,KT8741_1.WA01.59005900480DA; KT8741_2.WA02.59005900480DA; KT8741_3.WA03.59005900480DA; KT8741_4.WA04.59005900480DA; KT8741_5.WA05.59005900480DA; KT8741_7.WA07.59005900480DA; KT8741_8.WA08.59005900480DA;     432A /t 1   ,2:3a34a4b17ca1948f33572a49305c74ea; 2:1fe1f8438ce4f5422a3acf57a90f95aa; 2:45207018de86384322c806be2b5ce3aa; 2:634d01c4394a867ed9b2d580df49c96c; 2:0872e005b113271ca445a0e09aeab2f7; 2:5d4cdb988a268afe6a0d0efa9d7b37f6; 2:c370d8c6dafbf8681ed4f6858a9f3c23,00:00:00:00:100/1,00:01:53:16:100/1,Avid MediaFiles/MXF/AVID2.1 20170425/KT8741_1.WA01.59005900480DA.mxf; Avid MediaFiles/MXF/AVID2.1 20170425/KT8741_2.WA02.59005900480DA.mxf; Avid MediaFiles/MXF/AVID2.1 20170425/KT8741_3.WA03.59005900480DA.mxf; Avid MediaFiles/MXF/AVID2.1 20170425/KT8741_4.WA04.59005900480DA.mxf; Avid MediaFiles/MXF/AVID2.1 20170425/KT8741_5.WA05.59005900480DA.mxf; Avid MediaFiles/MXF/AVID2.1 20170425/KT8741_7.WA07.59005900480DA.mxf; Avid MediaFiles/MXF/AVID2.1 20170425/KT8741_8.WA08.59005900480DA.mxf
683,KT8740_1.WA01.59005900480BA; KT8740_2.WA02.59005900480BA; KT8740_3.WA03.59005900480BA; KT8740_4.WA04.59005900480BA; KT8740_5.WA05.59005900480BA; KT8740_7.WA07.59005900480BA; KT8740_8.WA08.59005900480BA;     432  /t 3   ,2:d4c1b75b536a4861b77ae979cb1cb261; 2:8868e491d23a96eb850b9c11c7debc8c; 2:d63ca6eb1d3193696440c94807b2f5ab; 2:cfb2230202c398771e5e3730702fefc8; 2:6ac91e326e1bb516ac420e9141dfd445; 2:b5568bf9bd58cab921204f838ccdddbf; 2:763f4e80b7f6d00ce6624983123ff3d8,00:00:00:00:100/1,00:01:54:92:100/1,Avid MediaFiles/MXF/AVID2.1 20170425/KT8740_1.WA01.59005900480BA.mxf; Avid MediaFiles/MXF/AVID2.1 20170425/KT8740_2.WA02.59005900480BA.mxf; Avid MediaFiles/MXF/AVID2.1 20170425/KT8740_3.WA03.59005900480BA.mxf; Avid MediaFiles/MXF/AVID2.1 20170425/KT8740_4.WA04.59005900480BA.mxf; Avid MediaFiles/MXF/AVID2.1 20170425/KT8740_5.WA05.59005900480BA.mxf; Avid MediaFiles/MXF/AVID2.1 20170425/KT8740_7.WA07.59005900480BA.mxf; Avid MediaFiles/MXF/AVID2.1 20170425/KT8740_8.WA08.59005900480BA.mxf
684,KT8742_1.WA01.59005900480FA; KT8742_2.WA02.59005900480FA; KT8742_3.WA03.59005900480FA; KT8742_4.WA04.59005900480FA; KT8742_5.WA05.59005900480FA; KT8742_7.WA07.59005900480FA; KT8742_8.WA08.59005900480FA;     432A /t 2   ,2:3efe7d7f2201f847665eb11df575fd1e; 2:567ecef74abefd7f9e7a68749f448370; 2:252ebde64b0394a775bb7ca5fe1b4c45; 2:ab7db42c6be7f3890617511c472c3742; 2:a75f6bbdc0e1e9f3bcd93ec99fd06ad1; 2:f7ff76b42fd6d954dfd155e57e8cbbc7; 2:7e522deb1656e91682973867c78eee73,00:00:00:00:100/1,00:01:51:20:100/1,Avid MediaFiles/MXF/AVID2.1 20170425/KT8742_1.WA01.59005900480FA.mxf; Avid MediaFiles/MXF/AVID2.1 20170425/KT8742_2.WA02.59005900480FA.mxf; Avid MediaFiles/MXF/AVID2.1 20170425/KT8742_3.WA03.59005900480FA.mxf; Avid MediaFiles/MXF/AVID2.1 20170425/KT8742_4.WA04.59005900480FA.mxf; Avid MediaFiles/MXF/AVID2.1 20170425/KT8742_5.WA05.59005900480FA.mxf; Avid MediaFiles/MXF/AVID2.1 20170425/KT8742_7.WA07.59005900480FA.mxf; Avid MediaFiles/MXF/AVID2.1 20170425/KT8742_8.WA08.59005900480FA.mxf
685,KT8743_1.WA01.590059004811A; KT8743_2.WA02.590059004811A; KT8743_3.WA03.590059004811A; KT8743_4.WA04.590059004811A; KT8743_5.WA05.590059004811A; KT8743_7.WA07.590059004811A; KT8743_8.WA08.590059004811A;     432A /t 3   ,2:77735da03cc1d3c8fbd9dc552b0f9b08; 2:9de111a2beaaf5958ff4473d1c49ad06; 2:a436668acacf3b2abea60e9aa1603141; 2:1ee5293dbfd14576aa9bc395add79e34; 2:4a7e8f863ae5e6266f45f58a4a805fce; 2:76106d959575de96089d874693165448; 2:0c4153b4f57369ec5b546b54521625d7,00:00:00:00:100/1,00:02:43:64:100/1,Avid MediaFiles/MXF/AVID2.1 20170425/KT8743_1.WA01.590059004811A.mxf; Avid MediaFiles/MXF/AVID2.1 20170425/KT8743_2.WA02.590059004811A.mxf; Avid MediaFiles/MXF/AVID2.1 20170425/KT8743_3.WA03.590059004811A.mxf; Avid MediaFiles/MXF/AVID2.1 20170425/KT8743_4.WA04.590059004811A.mxf; Avid MediaFiles/MXF/AVID2.1 20170425/KT8743_5.WA05.590059004811A.mxf; Avid MediaFiles/MXF/AVID2.1 20170425/KT8743_7.WA07.590059004811A.mxf; Avid MediaFiles/MXF/AVID2.1 20170425/KT8743_8.WA08.590059004811A.mxf
686,KT8744_1.WA01.590059004815A; KT8744_2.WA02.590059004815A; KT8744_3.WA03.590059004815A; KT8744_4.WA04.590059004815A; KT8744_5.WA05.590059004815A; KT8744_7.WA07.590059004815A; KT8744_8.WA08.590059004815A;     432A /t 4   ,2:7cca4fa623b7cb3b51da0bacffd0725e; 2:d8a32408776e164d780049b1e89fc124; 2:1c5507243800a408089b9601011c78ad; 2:2b084cb39c36ef5a5e2eddfe15f86e8a; 2:b2c9774babf02789e83799d9b84d3feb; 2:7af71bda0435fa10c1ecef9c2f277798; 2:8c39f0670bb1fe6625f9bdd8a2f87c24,00:00:00:00:100/1,00:01:58:60:100/1,Avid MediaFiles/MXF/AVID2.1 20170425/KT8744_1.WA01.590059004815A.mxf; Avid MediaFiles/MXF/AVID2.1 20170425/KT8744_2.WA02.590059004815A.mxf; Avid MediaFiles/MXF/AVID2.1 20170425/KT8744_3.WA03.590059004815A.mxf; Avid MediaFiles/MXF/AVID2.1 20170425/KT8744_4.WA04.590059004815A.mxf; Avid MediaFiles/MXF/AVID2.1 20170425/KT8744_5.WA05.590059004815A.mxf; Avid MediaFiles/MXF/AVID2.1 20170425/KT8744_7.WA07.590059004815A.mxf; Avid MediaFiles/MXF/AVID2.1 20170425/KT8744_8.WA08.590059004815A.mxf
687,KT8745_1.WA01.590059004817A; KT8745_2.WA02.590059004817A; KT8745_3.WA03.590059004817A; KT8745_4.WA04.590059004817A; KT8745_5.WA05.590059004817A; KT8745_7.WA07.590059004817A; KT8745_8.WA08.590059004817A;     432B /t 1   ,2:91e98a5eb814f6bf3076962a9bc18499; 2:3ed837eec076047a3665849bf726b507; 2:c5b42c19fb78016327435cf5bcea0752; 2:c28c9f7b7cf8616550c08ccf8303f6a1; 2:ef016272aa22470c57849c96bf89978f; 2:5266e687725ccc841908ed71589c3002; 2:42a4220677bf5cec594b7a4b21fe6ca4,00:00:00:00:100/1,00:02:16:44:100/1,Avid MediaFiles/MXF/AVID2.1 20170425/KT8745_1.WA01.590059004817A.mxf; Avid MediaFiles/MXF/AVID2.1 20170425/KT8745_2.WA02.590059004817A.mxf; Avid MediaFiles/MXF/AVID2.1 20170425/KT8745_3.WA03.590059004817A.mxf; Avid MediaFiles/MXF/AVID2.1 20170425/KT8745_4.WA04.590059004817A.mxf; Avid MediaFiles/MXF/AVID2.1 20170425/KT8745_5.WA05.590059004817A.mxf; Avid MediaFiles/MXF/AVID2.1 20170425/KT8745_7.WA07.590059004817A.mxf; Avid MediaFiles/MXF/AVID2.1 20170425/KT8745_8.WA08.590059004817A.mxf
688,KT8746_1.WA01.590059004819A; KT8746_2.WA02.590059004819A; KT8746_3.WA03.590059004819A; KT8746_4.WA04.590059004819A; KT8746_5.WA05.590059004819A; KT8746_7.WA07.590059004819A; KT8746_8.WA08.590059004819A;     432B /t 2   ,2:cc7d9918ea92e2c19242ab2879e9250c; 2:aff2777627e54bb44519860486093dfc; 2:231862c63d7865931af1b8995c9574f9; 2:e2953d81725e1757cc1ef1a3171116e5; 2:f5160ef1fde30a2953f411be283c8088; 2:f568333be88f466a00cca02b3eede2b2; 2:edaec1eca4d4b566cf4beecefe0fbdb3,00:00:00:00:100/1,00:02:01:84:100/1,Avid MediaFiles/MXF/AVID2.1 20170425/KT8746_1.WA01.590059004819A.mxf; Avid MediaFiles/MXF/AVID2.1 20170425/KT8746_2.WA02.590059004819A.mxf; Avid MediaFiles/MXF/AVID2.1 20170425/KT8746_3.WA03.590059004819A.mxf; Avid MediaFiles/MXF/AVID2.1 20170425/KT8746_4.WA04.590059004819A.mxf; Avid MediaFiles/MXF/AVID2.1 20170425/KT8746_5.WA05.590059004819A.mxf; Avid MediaFiles/MXF/AVID2.1 20170425/KT8746_7.WA07.590059004819A.mxf; Avid MediaFiles/MXF/AVID2.1 20170425/KT8746_8.WA08.590059004819A.mxf
689,KT8747_1.WA01.59005900481BA; KT8747_2.WA02.59005900481BA; KT8747_3.WA03.59005900481BA; KT8747_4.WA04.59005900481BA; KT8747_5.WA05.59005900481BA; KT8747_7.WA07.59005900481BA; KT8747_8.WA08.59005900481BA;     432C /t 1   ,2:45aa64a1239783fdc36d70676ca5a976; 2:3195945b770f9b5287a09b89937ee5eb; 2:c1f5fd32309e5b0e5f6537f81297a07f; 2:0c4f2c7d19fab5722602bf59321e16a3; 2:86241b3ee4bd1934fe7a3996a864e3d3; 2:399408a884418b009957ffa5d2311b55; 2:dcd4c15c190b46ad9f6afc3070f36c01,00:00:00:00:100/1,00:02:26:76:100/1,Avid MediaFiles/MXF/AVID2.1 20170425/KT8747_1.WA01.59005900481BA.mxf; Avid MediaFiles/MXF/AVID2.1 20170425/KT8747_2.WA02.59005900481BA.mxf; Avid MediaFiles/MXF/AVID2.1 20170425/KT8747_3.WA03.59005900481BA.mxf; Avid MediaFiles/MXF/AVID2.1 20170425/KT8747_4.WA04.59005900481BA.mxf; Avid MediaFiles/MXF/AVID2.1 20170425/KT8747_5.WA05.59005900481BA.mxf; Avid MediaFiles/MXF/AVID2.1 20170425/KT8747_7.WA07.59005900481BA.mxf; Avid MediaFiles/MXF/AVID2.1 20170425/KT8747_8.WA08.59005900481BA.mxf
690,KT8748_1.WA01.59005900481DA; KT8748_2.WA02.59005900481DA; KT8748_3.WA03.59005900481DA; KT8748_4.WA04.59005900481DA; KT8748_5.WA05.59005900481DA; KT8748_7.WA07.59005900481DA; KT8748_8.WA08.59005900481DA;     432C /t 2   ,2:fb563d83cb5d47363f0c47da09d3b3e1; 2:abfc89cfa6cdeacce130e23f42372335; 2:c2bc1e0b20e084d0e01ffd6fee8bff6e; 2:7dbaeab89d26a3bc691a8efda99e3d9e; 2:88e0c7212fa4b4cdf6f502a8d92ff6c4; 2:affdb3f37fd92a2c0f85234379a75f0a; 2:7beaea2764a0b5841e29719c02cd2eac,00:00:00:00:100/1,00:01:57:80:100/1,Avid MediaFiles/MXF/AVID2.1 20170425/KT8748_1.WA01.59005900481DA.mxf; Avid MediaFiles/MXF/AVID2.1 20170425/KT8748_2.WA02.59005900481DA.mxf; Avid MediaFiles/MXF/AVID2.1 20170425/KT8748_3.WA03.59005900481DA.mxf; Avid MediaFiles/MXF/AVID2.1 20170425/KT8748_4.WA04.59005900481DA.mxf; Avid MediaFiles/MXF/AVID2.1 20170425/KT8748_5.WA05.59005900481DA.mxf; Avid MediaFiles/MXF/AVID2.1 20170425/KT8748_7.WA07.59005900481DA.mxf; Avid MediaFiles/MXF/AVID2.1 20170425/KT8748_8.WA08.59005900481DA.mxf
691,KT8749_1.WA01.59005900481FA; KT8749_2.WA02.59005900481FA; KT8749_3.WA03.59005900481FA; KT8749_4.WA04.59005900481FA; KT8749_5.WA05.59005900481FA; KT8749_7.WA07.59005900481FA; KT8749_8.WA08.59005900481FA;     432C /t 3   ,2:3a47a8a157aee30f54352bf8aea7ea5b; 2:e7662a799694036b9f82122160693824; 2:bb772cf4313cbc30cb3251e1ffa4e064; 2:c81cf721d6328f8a659ff526bdfb97f5; 2:bfd11eae658d94d23461bfc2dfd4a7cc; 2:9f77f8604cca276dcff5beb4e4a2bd5a; 2:d9cce152301cfb4a3d4155a5d15156c2,00:00:00:00:100/1,00:00:58:84:100/1,Avid MediaFiles/MXF/AVID2.1 20170425/KT8749_1.WA01.59005900481FA.mxf; Avid MediaFiles/MXF/AVID2.1 20170425/KT8749_2.WA02.59005900481FA.mxf; Avid MediaFiles/MXF/AVID2.1 20170425/KT8749_3.WA03.59005900481FA.mxf; Avid MediaFiles/MXF/AVID2.1 20170425/KT8749_4.WA04.59005900481FA.mxf; Avid MediaFiles/MXF/AVID2.1 20170425/KT8749_5.WA05.59005900481FA.mxf; Avid MediaFiles/MXF/AVID2.1 20170425/KT8749_7.WA07.59005900481FA.mxf; Avid MediaFiles/MXF/AVID2.1 20170425/KT8749_8.WA08.59005900481FA.mxf
692,KT8750_1.WA01.590059004820A; KT8750_2.WA02.590059004820A; KT8750_3.WA03.590059004820A; KT8750_4.WA04.590059004821A; KT8750_5.WA05.590059004821A; KT8750_7.WA07.590059004821A; KT8750_8.WA08.590059004821A;     432C /t 4   ,2:cc453f425a112414b6f2b61780b1c2d8; 2:7a208cc0dc6c0387cea436b379b0dc31; 2:83560fe938ec318e1e240a867b234c73; 2:95b7a12001c8ad947b518acbc7c182b6; 2:0f95c17b48056684aec32aa9c7d9a138; 2:884229b5826562511512adf74c0a21b4; 2:2db0571bd59a4f34df2ca1c8489fd7c8,00:00:00:00:100/1,00:01:01:28:100/1,Avid MediaFiles/MXF/AVID2.1 20170425/KT8750_1.WA01.590059004820A.mxf; Avid MediaFiles/MXF/AVID2.1 20170425/KT8750_2.WA02.590059004820A.mxf; Avid MediaFiles/MXF/AVID2.1 20170425/KT8750_3.WA03.590059004820A.mxf; Avid MediaFiles/MXF/AVID2.1 20170425/KT8750_4.WA04.590059004821A.mxf; Avid MediaFiles/MXF/AVID2.1 20170425/KT8750_5.WA05.590059004821A.mxf; Avid MediaFiles/MXF/AVID2.1 20170425/KT8750_7.WA07.590059004821A.mxf; Avid MediaFiles/MXF/AVID2.1 20170425/KT8750_8.WA08.590059004821A.mxf
693,KT8751_1.WA01.590059004822A; KT8751_2.WA02.590059004822A; KT8751_3.WA03.590059004822A; KT8751_4.WA04.590059004822A; KT8751_5.WA05.590059004822A; KT8751_7.WA07.590059004822A; KT8751_8.WA08.590059004822A;     432C /w 5   ,2:0e0e58e4692829903e907e5c03294b68; 2:359ead851b37b1c94a5206b7c61b72a8; 2:262e107bbd8074ca058d180aec61a24f; 2:317163761a8c18ec62ef8d27ee1c19bb; 2:fb8279da5320ba2211c0f07e43f5793b; 2:8d36ce6ca47340eddccc68aa132098cb; 2:2d789ce0f2e6550368cf0822f2f4f474,00:00:00:00:100/1,00:01:21:72:100/1,Avid MediaFiles/MXF/AVID2.1 20170425/KT8751_1.WA01.590059004822A.mxf; Avid MediaFiles/MXF/AVID2.1 20170425/KT8751_2.WA02.590059004822A.mxf; Avid MediaFiles/MXF/AVID2.1 20170425/KT8751_3.WA03.590059004822A.mxf; Avid MediaFiles/MXF/AVID2.1 20170425/KT8751_4.WA04.590059004822A.mxf; Avid MediaFiles/MXF/AVID2.1 20170425/KT8751_5.WA05.590059004822A.mxf; Avid MediaFiles/MXF/AVID2.1 20170425/KT8751_7.WA07.590059004822A.mxf; Avid MediaFiles/MXF/AVID2.1 20170425/KT8751_8.WA08.590059004822A.mxf
694,KT8752_1.WA01.590059004823A; KT8752_2.WA02.590059004823A; KT8752_3.WA03.590059004823A; KT8752_4.WA04.590059004823A; KT8752_5.WA05.590059004823A; KT8752_7.WA07.590059004823A; KT8752_8.WA08.590059004823A;     547  /t 1   ,2:7bccbd80fbe6882e0b4a2db47e5442d4; 2:3b324c5eb0805e6ac9a12ed41811b5ff; 2:9b61f45b181249e1369e785b09838e22; 2:babe7bf34d4e08e88b88c9b043ebc339; 2:88da33f22ee7e62988d7109a4920d211; 2:1bdc5c629eebf34f1269b4fdebe45c77; 2:d3f6e7c39453ef6e7232180474af1533,00:00:00:00:100/1,00:01:52:72:100/1,Avid MediaFiles/MXF/AVID2.1 20170425/KT8752_1.WA01.590059004823A.mxf; Avid MediaFiles/MXF/AVID2.1 20170425/KT8752_2.WA02.590059004823A.mxf; Avid MediaFiles/MXF/AVID2.1 20170425/KT8752_3.WA03.590059004823A.mxf; Avid MediaFiles/MXF/AVID2.1 20170425/KT8752_4.WA04.590059004823A.mxf; Avid MediaFiles/MXF/AVID2.1 20170425/KT8752_5.WA05.590059004823A.mxf; Avid MediaFiles/MXF/AVID2.1 20170425/KT8752_7.WA07.590059004823A.mxf; Avid MediaFiles/MXF/AVID2.1 20170425/KT8752_8.WA08.590059004823A.mxf
695,KT8753_1.WA01.590059004825A; KT8753_2.WA02.590059004825A; KT8753_3.WA03.590059004825A; KT8753_4.WA04.590059004825A; KT8753_5.WA05.590059004825A; KT8753_7.WA07.590059004825A; KT8753_8.WA08.590059004825A;     547  /t 2   ,2:d2db18109340960eb7becc85c837580e; 2:fb4f00938e9a20854ef5805f8f3df68c; 2:46be952d85fb7155f021ec7fa4c3f652; 2:798a98b6c3fdf0b4476d24f340da3394; 2:576670a72c7b3811141f0a98bbe3283b; 2:eceb27db7e3bd391fd76242c53fb7e75; 2:c08af365d7bb69653e2411ca2689d4b1,00:00:00:00:100/1,00:02:00:52:100/1,Avid MediaFiles/MXF/AVID2.1 20170425/KT8753_1.WA01.590059004825A.mxf; Avid MediaFiles/MXF/AVID2.1 20170425/KT8753_2.WA02.590059004825A.mxf; Avid MediaFiles/MXF/AVID2.1 20170425/KT8753_3.WA03.590059004825A.mxf; Avid MediaFiles/MXF/AVID2.1 20170425/KT8753_4.WA04.590059004825A.mxf; Avid MediaFiles/MXF/AVID2.1 20170425/KT8753_5.WA05.590059004825A.mxf; Avid MediaFiles/MXF/AVID2.1 20170425/KT8753_7.WA07.590059004825A.mxf; Avid MediaFiles/MXF/AVID2.1 20170425/KT8753_8.WA08.590059004825A.mxf
696,KT8754_1.WA01.590059004827A; KT8754_2.WA02.590059004827A; KT8754_3.WA03.590059004827A; KT8754_4.WA04.590059004827A; KT8754_5.WA05.590059004827A; KT8754_7.WA07.590059004827A; KT8754_8.WA08.590059004827A;     547  /t 3   ,2:7cb6e3581c1d260b4e65865e9f0e2fd7; 2:2d50ec30f150acb54f17b0c65f381b97; 2:1fd7c6bdb0157acff789a329ae416a2f; 2:fb94d623fd35eb30c9e635eb1a907400; 2:957ca20b4a28183f7d4fd5c44a2134bc; 2:278f2682ab0e68419f2669d7379aed88; 2:f3f0783b8c7c7d8f2d523766564339db,00:00:00:00:100/1,00:02:00:76:100/1,Avid MediaFiles/MXF/AVID2.1 20170425/KT8754_1.WA01.590059004827A.mxf; Avid MediaFiles/MXF/AVID2.1 20170425/KT8754_2.WA02.590059004827A.mxf; Avid MediaFiles/MXF/AVID2.1 20170425/KT8754_3.WA03.590059004827A.mxf; Avid MediaFiles/MXF/AVID2.1 20170425/KT8754_4.WA04.590059004827A.mxf; Avid MediaFiles/MXF/AVID2.1 20170425/KT8754_5.WA05.590059004827A.mxf; Avid MediaFiles/MXF/AVID2.1 20170425/KT8754_7.WA07.590059004827A.mxf; Avid MediaFiles/MXF/AVID2.1 20170425/KT8754_8.WA08.590059004827A.mxf
697,KT8755_1.WA01.590059004829A; KT8755_2.WA02.590059004829A; KT8755_3.WA03.590059004829A; KT8755_5.WA05.590059004829A; KT8755_7.WA07.590059004829A; KT8755_8.WA08.590059004829A;     547A /t 1   ,2:e5b27d71f6d0932246b2dc74ee3baef9; 2:bca2911e61a50eae3a986f435ea20b45; 2:8fec41b97211b7f7c49913e9b5663850; 2:7eeeebe95c12bfbe2ba552f1d4051112; 2:355b5acc143590c9b04e6951c61e5dc4; 2:3f74cbc27b62241d1f57a035fc173a49,00:00:00:00:100/1,00:01:08:16:100/1,Avid MediaFiles/MXF/AVID2.1 20170425/KT8755_1.WA01.590059004829A.mxf; Avid MediaFiles/MXF/AVID2.1 20170425/KT8755_2.WA02.590059004829A.mxf; Avid MediaFiles/MXF/AVID2.1 20170425/KT8755_3.WA03.590059004829A.mxf; Avid MediaFiles/MXF/AVID2.1 20170425/KT8755_5.WA05.590059004829A.mxf; Avid MediaFiles/MXF/AVID2.1 20170425/KT8755_7.WA07.590059004829A.mxf; Avid MediaFiles/MXF/AVID2.1 20170425/KT8755_8.WA08.590059004829A.mxf
698,KT8757_1.WA01.59005900482BA; KT8757_2.WA02.59005900482BA; KT8757_3.WA03.59005900482BA; KT8757_5.WA05.59005900482BA; KT8757_7.WA07.59005900482BA; KT8757_8.WA08.59005900482BA;     547A /t 3   ,2:7241584e5d51b459f26067e013cc6855; 2:6e1802722ae8c813cb0fe1a351f563b2; 2:d84292efc0c735ab2cf1fef23399b840; 2:acf1c35d31345be53f4e9d4dc1d20e9b; 2:d201d1246d97f564230d2a111f8924a6; 2:052dc4e3596017501a4c8fd3271c6690,00:00:00:00:100/1,00:01:10:60:100/1,Avid MediaFiles/MXF/AVID2.1 20170425/KT8757_1.WA01.59005900482BA.mxf; Avid MediaFiles/MXF/AVID2.1 20170425/KT8757_2.WA02.59005900482BA.mxf; Avid MediaFiles/MXF/AVID2.1 20170425/KT8757_3.WA03.59005900482BA.mxf; Avid MediaFiles/MXF/AVID2.1 20170425/KT8757_5.WA05.59005900482BA.mxf; Avid MediaFiles/MXF/AVID2.1 20170425/KT8757_7.WA07.59005900482BA.mxf; Avid MediaFiles/MXF/AVID2.1 20170425/KT8757_8.WA08.59005900482BA.mxf
699,KT8756_1.WA01.59005900482AA; KT8756_2.WA02.59005900482AA; KT8756_3.WA03.59005900482AA; KT8756_5.WA05.59005900482AA; KT8756_7.WA07.59005900482AA; KT8756_8.WA08.59005900482AA;     547A /t 2   ,2:03d2226ba8f510d8bf755f2f3f527a86; 2:07ec6a0d99b072e6ec8f604d28448277; 2:b51e02bfab871ac84e8b6508230b23ef; 2:94123f9bcb0dffbcedc871c2684de2ff; 2:f1b8939a92eb0b729da1204ee14ad5ea; 2:311e7109e7779fe9be878aca46319621,00:00:00:00:100/1,00:01:18:96:100/1,Avid MediaFiles/MXF/AVID2.1 20170425/KT8756_1.WA01.59005900482AA.mxf; Avid MediaFiles/MXF/AVID2.1 20170425/KT8756_2.WA02.59005900482AA.mxf; Avid MediaFiles/MXF/AVID2.1 20170425/KT8756_3.WA03.59005900482AA.mxf; Avid MediaFiles/MXF/AVID2.1 20170425/KT8756_5.WA05.59005900482AA.mxf; Avid MediaFiles/MXF/AVID2.1 20170425/KT8756_7.WA07.59005900482AA.mxf; Avid MediaFiles/MXF/AVID2.1 20170425/KT8756_8.WA08.59005900482AA.mxf
700,KT8758_1.WA01.59005900482CA; KT8758_2.WA02.59005900482CA; KT8758_3.WA03.59005900482CA; KT8758_4.WA04.59005900482CA; KT8758_5.WA05.59005900482CA; KT8758_7.WA07.59005900482CA; KT8758_8.WA08.59005900482CA;     547B /t 1   ,2:70e7ff96c4e2f533e5ebfbcd776acde5; 2:4bcedd5683b78c12a1e84a965422e61c; 2:57d47285aab1e22078589ec21c4064e5; 2:cf1e914831b9690ecfe227bd9c9ef2ce; 2:4fa0403340a1199ea45faf215b88f05b; 2:953f75de9813ea25ea417f2dc18ebd88; 2:3d17d52314f7f7a06e4a93e86b1868c6,00:00:00:00:100/1,00:02:25:08:100/1,Avid MediaFiles/MXF/AVID2.1 20170425/KT8758_1.WA01.59005900482CA.mxf; Avid MediaFiles/MXF/AVID2.1 20170425/KT8758_2.WA02.59005900482CA.mxf; Avid MediaFiles/MXF/AVID2.1 20170425/KT8758_3.WA03.59005900482CA.mxf; Avid MediaFiles/MXF/AVID2.1 20170425/KT8758_4.WA04.59005900482CA.mxf; Avid MediaFiles/MXF/AVID2.1 20170425/KT8758_5.WA05.59005900482CA.mxf; Avid MediaFiles/MXF/AVID2.1 20170425/KT8758_7.WA07.59005900482CA.mxf; Avid MediaFiles/MXF/AVID2.1 20170425/KT8758_8.WA08.59005900482CA.mxf
701,KT8759_1.WA01.590059004830A; KT8759_2.WA02.590059004830A; KT8759_3.WA03.590059004830A; KT8759_4.WA04.590059004830A; KT8759_5.WA05.590059004830A; KT8759_7.WA07.590059004830A; KT8759_8.WA08.590059004830A;     547B /t 2   ,2:c03dab943944e0c1fb410c5b77187360; 2:a7c93032d9b80479a2c5aeee00ef2fd7; 2:2bf2ed13c8c0c350b740858f4e198459; 2:b1a80f961e5d4a73d3d1f33f7f80674f; 2:23d5ade8392c72f5139f563e51960c5c; 2:0a539fab215b6a1457ef06f47c82ded3; 2:7c8caf30cf9fd47a6cbdae90e3fb2e58,00:00:00:00:100/1,00:02:16:20:100/1,Avid MediaFiles/MXF/AVID2.1 20170425/KT8759_1.WA01.590059004830A.mxf; Avid MediaFiles/MXF/AVID2.1 20170425/KT8759_2.WA02.590059004830A.mxf; Avid MediaFiles/MXF/AVID2.1 20170425/KT8759_3.WA03.590059004830A.mxf; Avid MediaFiles/MXF/AVID2.1 20170425/KT8759_4.WA04.590059004830A.mxf; Avid MediaFiles/MXF/AVID2.1 20170425/KT8759_5.WA05.590059004830A.mxf; Avid MediaFiles/MXF/AVID2.1 20170425/KT8759_7.WA07.590059004830A.mxf; Avid MediaFiles/MXF/AVID2.1 20170425/KT8759_8.WA08.590059004830A.mxf
702,KT8760_1.WA01.590059004832A; KT8760_2.WA02.590059004832A; KT8760_3.WA03.590059004832A; KT8760_5.WA05.590059004832A; KT8760_7.WA07.590059004832A; KT8760_8.WA08.590059004832A;     547C /t 1   ,2:537c31de45843442eaefda1de6f8310c; 2:19ff9b5c478289cf97a0e34ee420c467; 2:98ec92ec41b477302df127bf856d3cf3; 2:2be8b20c63767cbda56f8db7085a5fb5; 2:f3d573d941962a6485fceddb8251ce9b; 2:9e4ac9fe7ab4c79b875e9fecd57bf37c,00:00:00:00:100/1,00:01:25:76:100/1,Avid MediaFiles/MXF/AVID2.1 20170425/KT8760_1.WA01.590059004832A.mxf; Avid MediaFiles/MXF/AVID2.1 20170425/KT8760_2.WA02.590059004832A.mxf; Avid MediaFiles/MXF/AVID2.1 20170425/KT8760_3.WA03.590059004832A.mxf; Avid MediaFiles/MXF/AVID2.1 20170425/KT8760_5.WA05.590059004832A.mxf; Avid MediaFiles/MXF/AVID2.1 20170425/KT8760_7.WA07.590059004832A.mxf; Avid MediaFiles/MXF/AVID2.1 20170425/KT8760_8.WA08.590059004832A.mxf
703,KT8761_1.WA01.590059004833A; KT8761_2.WA02.590059004833A; KT8761_3.WA03.590059004833A; KT8761_5.WA05.590059004833A; KT8761_7.WA07.590059004833A; KT8761_8.WA08.590059004833A;     547C /t 2   ,2:926b89155c0f42cab290279a3fcc6971; 2:b6fafdf0c2d4ff10f7f4b7685bee237c; 2:97639005d7620a560bef2ccb0289d882; 2:d036454de68a7a13e8ae222308808960; 2:2a2f0735460898bee763eb7795f31a2f; 2:3d594fd1367861dad8054647d17f297c,00:00:00:00:100/1,00:01:21:36:100/1,Avid MediaFiles/MXF/AVID2.1 20170425/KT8761_1.WA01.590059004833A.mxf; Avid MediaFiles/MXF/AVID2.1 20170425/KT8761_2.WA02.590059004833A.mxf; Avid MediaFiles/MXF/AVID2.1 20170425/KT8761_3.WA03.590059004833A.mxf; Avid MediaFiles/MXF/AVID2.1 20170425/KT8761_5.WA05.590059004833A.mxf; Avid MediaFiles/MXF/AVID2.1 20170425/KT8761_7.WA07.590059004833A.mxf; Avid MediaFiles/MXF/AVID2.1 20170425/KT8761_8.WA08.590059004833A.mxf
704,KT8762_1.WA01.590059004835A; KT8762_2.WA02.590059004835A; KT8762_3.WA03.590059004835A; KT8762_5.WA05.590059004835A; KT8762_7.WA07.590059004835A; KT8762_8.WA08.590059004835A;     547D /t 1   ,2:3f11b098b905bf3a5e5ecc8d7e75037e; 2:80bc6022a1953af33f6bad542f5b654d; 2:5ab7bef99a50866998899167df4cf41e; 2:53a9f45ef9a25853061e0df6600c1b5f; 2:a2af65728244ae7d622a841a501587b9; 2:2eb0247ae326c3db3670125e645b52d6,00:00:00:00:100/1,00:01:30:56:100/1,Avid MediaFiles/MXF/AVID2.1 20170425/KT8762_1.WA01.590059004835A.mxf; Avid MediaFiles/MXF/AVID2.1 20170425/KT8762_2.WA02.590059004835A.mxf; Avid MediaFiles/MXF/AVID2.1 20170425/KT8762_3.WA03.590059004835A.mxf; Avid MediaFiles/MXF/AVID2.1 20170425/KT8762_5.WA05.590059004835A.mxf; Avid MediaFiles/MXF/AVID2.1 20170425/KT8762_7.WA07.590059004835A.mxf; Avid MediaFiles/MXF/AVID2.1 20170425/KT8762_8.WA08.590059004835A.mxf
705,KT8764_1.WA01.590059004837A; KT8764_2.WA02.590059004837A; KT8764_7.WA07.590059004837A; KT8764_8.WA08.590059004837A;     510  /t 1   ,2:c80c7decdb6e63bb92ebe52e6657f14f; 2:903fa14a1af368b635442357663dc587; 2:1844bd3edff5b06b803004684d93a31b; 2:351c71a9052eaf340d9d70e70b28ca43,00:00:00:00:100/1,00:00:58:04:100/1,Avid MediaFiles/MXF/AVID2.1 20170425/KT8764_1.WA01.590059004837A.mxf; Avid MediaFiles/MXF/AVID2.1 20170425/KT8764_2.WA02.590059004837A.mxf; Avid MediaFiles/MXF/AVID2.1 20170425/KT8764_7.WA07.590059004837A.mxf; Avid MediaFiles/MXF/AVID2.1 20170425/KT8764_8.WA08.590059004837A.mxf
706,KT8765_1.WA01.590059004838A; KT8765_2.WA02.590059004838A; KT8765_7.WA07.590059004838A; KT8765_8.WA08.590059004838A;     510  /t 2   ,2:42b17f7f7591ec2132f3814dfc44cf14; 2:d17736a7ef2dff64a9d9b63fa1f8c605; 2:8ff54b9709334f4d2eee3e8ed3c20519; 2:06991bb4a6bda83023f043ca69b76240,00:00:00:00:100/1,00:00:43:80:100/1,Avid MediaFiles/MXF/AVID2.1 20170425/KT8765_1.WA01.590059004838A.mxf; Avid MediaFiles/MXF/AVID2.1 20170425/KT8765_2.WA02.590059004838A.mxf; Avid MediaFiles/MXF/AVID2.1 20170425/KT8765_7.WA07.590059004838A.mxf; Avid MediaFiles/MXF/AVID2.1 20170425/KT8765_8.WA08.590059004838A.mxf
707,KT8766_1.WA01.590059004838A; KT8766_2.WA02.590059004838A; KT8766_7.WA07.590059004838A; KT8766_8.WA08.590059004838A;     510  /t 3   ,2:77b4d6165ecca2030de5753a1abdf8e6; 2:3d7593a1ef7db84f3f2ebb3b4d7ac910; 2:c7dda9c10164be26bf2869944745f884; 2:1e3bdc448bbbc586fbc2c5301369f9a0,00:00:00:00:100/1,00:00:50:60:100/1,Avid MediaFiles/MXF/AVID2.1 20170425/KT8766_1.WA01.590059004838A.mxf; Avid MediaFiles/MXF/AVID2.1 20170425/KT8766_2.WA02.590059004838A.mxf; Avid MediaFiles/MXF/AVID2.1 20170425/KT8766_7.WA07.590059004838A.mxf; Avid MediaFiles/MXF/AVID2.1 20170425/KT8766_8.WA08.590059004838A.mxf
708,KT8763_1.WA01.590059004836A; KT8763_2.WA02.590059004836A; KT8763_3.WA03.590059004836A; KT8763_5.WA05.590059004836A; KT8763_7.WA07.590059004836A; KT8763_8.WA08.590059004836A;     547D /t 2   ,2:31797d497bbc6b67f7270097ee4f0242; 2:484971ea418406e71d1e257bc7c8489f; 2:e5abf89bf0df3cee1bf7071de9bac765; 2:a68c46294105545e430c0aea4e80adb7; 2:025355d6b1a42fc53779595ef1ed825f; 2:d5c623951a4ff4e7bb50cf8d72af71d8,00:00:00:00:100/1,00:01:18:72:100/1,Avid MediaFiles/MXF/AVID2.1 20170425/KT8763_1.WA01.590059004836A.mxf; Avid MediaFiles/MXF/AVID2.1 20170425/KT8763_2.WA02.590059004836A.mxf; Avid MediaFiles/MXF/AVID2.1 20170425/KT8763_3.WA03.590059004836A.mxf; Avid MediaFiles/MXF/AVID2.1 20170425/KT8763_5.WA05.590059004836A.mxf; Avid MediaFiles/MXF/AVID2.1 20170425/KT8763_7.WA07.590059004836A.mxf; Avid MediaFiles/MXF/AVID2.1 20170425/KT8763_8.WA08.590059004836A.mxf
709,KT8767_1.WA01.590059004839A; KT8767_2.WA02.590059004839A; KT8767_7.WA07.590059004839A; KT8767_8.WA08.590059004839A;     510  /t 4   ,2:004e3353945d286f5ae9c3d78e9e14d6; 2:ece95f6a81b8962a6a85c368cc90c4a5; 2:1d926c1e22c9fecb6926b163aabdafdf; 2:e77ded84b2920153bbc26ffb8e2ddc95,00:00:00:00:100/1,00:00:56:36:100/1,Avid MediaFiles/MXF/AVID2.1 20170425/KT8767_1.WA01.590059004839A.mxf; Avid MediaFiles/MXF/AVID2.1 20170425/KT8767_2.WA02.590059004839A.mxf; Avid MediaFiles/MXF/AVID2.1 20170425/KT8767_7.WA07.590059004839A.mxf; Avid MediaFiles/MXF/AVID2.1 20170425/KT8767_8.WA08.590059004839A.mxf
710,KT8768_1.WA01.59005900483AA; KT8768_2.WA02.59005900483AA; KT8768_7.WA07.59005900483AA; KT8768_8.WA08.59005900483AA;     510  /t 5   ,2:cb2a99539073fdc6b5afd5a7e704f29e; 2:1232fd62b40a36559dfe888f9013ca43; 2:1d614377018980843e4461837175096f; 2:0497bc80060d1f371c368e3c3f1d2566,00:00:00:00:100/1,00:01:00:16:100/1,Avid MediaFiles/MXF/AVID2.1 20170425/KT8768_1.WA01.59005900483AA.mxf; Avid MediaFiles/MXF/AVID2.1 20170425/KT8768_2.WA02.59005900483AA.mxf; Avid MediaFiles/MXF/AVID2.1 20170425/KT8768_7.WA07.59005900483AA.mxf; Avid MediaFiles/MXF/AVID2.1 20170425/KT8768_8.WA08.59005900483AA.mxf
711,KT8769_1.WA01.59005900483AA; KT8769_2.WA02.59005900483AA; KT8769_7.WA07.59005900483AA; KT8769_8.WA08.59005900483AA;     510  /t 7   ,2:d2a6fa321035382402121003ee4ed642; 2:b915b2bef9a65b8a4cecfef520cf6dd1; 2:fa33a3c16dab6e1e6e7868201dc8a793; 2:496fca7eb6c97d2ba21298fbff8672c9,00:00:00:00:100/1,00:00:57:40:100/1,Avid MediaFiles/MXF/AVID2.1 20170425/KT8769_1.WA01.59005900483AA.mxf; Avid MediaFiles/MXF/AVID2.1 20170425/KT8769_2.WA02.59005900483AA.mxf; Avid MediaFiles/MXF/AVID2.1 20170425/KT8769_7.WA07.59005900483AA.mxf; Avid MediaFiles/MXF/AVID2.1 20170425/KT8769_8.WA08.59005900483AA.mxf
712,KT8770_1.WA01.59005900483BA; KT8770_2.WA02.59005900483BA; KT8770_3.WA03.59005900483BA; KT8770_7.WA07.59005900483BA; KT8770_8.WA08.59005900483BA;     510A /t 1   ,2:c197ab24c9bd47946073daeedbd6a4e3; 2:6c1d57ad82e277b3a37553c3b5d41366; 2:86f8a0932feb62600d69e8d21584c95d; 2:cae306cde304eb076fc093bcf4d0bc6a; 2:742240bd6a5abb97f4cedf041de679f3,00:00:00:00:100/1,00:00:56:28:100/1,Avid MediaFiles/MXF/AVID2.1 20170425/KT8770_1.WA01.59005900483BA.mxf; Avid MediaFiles/MXF/AVID2.1 20170425/KT8770_2.WA02.59005900483BA.mxf; Avid MediaFiles/MXF/AVID2.1 20170425/KT8770_3.WA03.59005900483BA.mxf; Avid MediaFiles/MXF/AVID2.1 20170425/KT8770_7.WA07.59005900483BA.mxf; Avid MediaFiles/MXF/AVID2.1 20170425/KT8770_8.WA08.59005900483BA.mxf
713,KT8771_1.WA01.59005900483CA; KT8771_2.WA02.59005900483CA; KT8771_3.WA03.59005900483CA; KT8771_7.WA07.59005900483CA; KT8771_8.WA08.59005900483CA;     510A /t 2   ,2:cde715c3165d8d4cad4ec405c7900262; 2:7341a0281b4efefdb7259ebc95c5077f; 2:40973cde1a63acdba5ef9d9d79cc2889; 2:db87f61b68aadc0a0f95396b844552c9; 2:b8458cf9aff1b5a04dd1641678945ecd,00:00:00:00:100/1,00:00:44:64:100/1,Avid MediaFiles/MXF/AVID2.1 20170425/KT8771_1.WA01.59005900483CA.mxf; Avid MediaFiles/MXF/AVID2.1 20170425/KT8771_2.WA02.59005900483CA.mxf; Avid MediaFiles/MXF/AVID2.1 20170425/KT8771_3.WA03.59005900483CA.mxf; Avid MediaFiles/MXF/AVID2.1 20170425/KT8771_7.WA07.59005900483CA.mxf; Avid MediaFiles/MXF/AVID2.1 20170425/KT8771_8.WA08.59005900483CA.mxf
714,KT8772_1.WA01.59005900483DA; KT8772_2.WA02.59005900483DA; KT8772_3.WA03.59005900483DA; KT8772_7.WA07.59005900483DA; KT8772_8.WA08.59005900483DA;     510A /t 3   ,2:2f6917320c6566e810dc44e64d90f539; 2:3958b14f92488445ef8f9f1d3838c58c; 2:a88d08691d473dea5dc4462a4d37bd64; 2:ead7d533af5f5689e4186dbc8ab2127d; 2:f0a2eb476405d951855c4c57ec8a253c,00:00:00:00:100/1,00:00:42:80:100/1,Avid MediaFiles/MXF/AVID2.1 20170425/KT8772_1.WA01.59005900483DA.mxf; Avid MediaFiles/MXF/AVID2.1 20170425/KT8772_2.WA02.59005900483DA.mxf; Avid MediaFiles/MXF/AVID2.1 20170425/KT8772_3.WA03.59005900483DA.mxf; Avid MediaFiles/MXF/AVID2.1 20170425/KT8772_7.WA07.59005900483DA.mxf; Avid MediaFiles/MXF/AVID2.1 20170425/KT8772_8.WA08.59005900483DA.mxf
715,KT8775_1.WA01.59005900483FA; KT8775_3.WA03.59005900483FA; KT8775_7.WA07.59005900483FA; KT8775_8.WA08.59005900483FA;     510  /w 1   ,2:98bc5f8acfa64ebf998b0a9d8628d960; 2:b813f31c7ca28a02c6ce24a1286d716e; 2:088930ec1c76b4f27ac0fc45ac07f0dd; 2:3abfb4721dc2b349536de3953ab85179,00:00:00:00:100/1,00:02:27:60:100/1,Avid MediaFiles/MXF/AVID2.1 20170425/KT8775_1.WA01.59005900483FA.mxf; Avid MediaFiles/MXF/AVID2.1 20170425/KT8775_3.WA03.59005900483FA.mxf; Avid MediaFiles/MXF/AVID2.1 20170425/KT8775_7.WA07.59005900483FA.mxf; Avid MediaFiles/MXF/AVID2.1 20170425/KT8775_8.WA08.59005900483FA.mxf
716,KT8773_1.WA01.59005900483DA; KT8773_2.WA02.59005900483DA; KT8773_3.WA03.59005900483DA; KT8773_7.WA07.59005900483DA; KT8773_8.WA08.59005900483DA;     510A /t 4   ,2:1e63eb07db2e0536ee74fd9d4f8dfad3; 2:2336a0f798308a3d01b595293cd0bf35; 2:564af6bebcdd7a7c1fdf970929f6d379; 2:52055fcb577c215e98122ea86ecde25b; 2:f71aa37075d84672af504df1823dc6e2,00:00:00:00:100/1,00:00:43:76:100/1,Avid MediaFiles/MXF/AVID2.1 20170425/KT8773_1.WA01.59005900483DA.mxf; Avid MediaFiles/MXF/AVID2.1 20170425/KT8773_2.WA02.59005900483DA.mxf; Avid MediaFiles/MXF/AVID2.1 20170425/KT8773_3.WA03.59005900483DA.mxf; Avid MediaFiles/MXF/AVID2.1 20170425/KT8773_7.WA07.59005900483DA.mxf; Avid MediaFiles/MXF/AVID2.1 20170425/KT8773_8.WA08.59005900483DA.mxf
717,KT8774_1.WA01.59005900483EA; KT8774_2.WA02.59005900483EA; KT8774_3.WA03.59005900483EA; KT8774_7.WA07.59005900483EA; KT8774_8.WA08.59005900483EA;     510A /t 5   ,2:f12438d9c7c857b805cae6938a5ee547; 2:3ff5fbbe07a60752c4063bc7a86ea115; 2:4289069d8a711b9697355f51b8d751c7; 2:a825fe3d21143797de4752e9d64bd977; 2:2c06f0743836b7b12a90485d4e703a07,00:00:00:00:100/1,00:00:46:36:100/1,Avid MediaFiles/MXF/AVID2.1 20170425/KT8774_1.WA01.59005900483EA.mxf; Avid MediaFiles/MXF/AVID2.1 20170425/KT8774_2.WA02.59005900483EA.mxf; Avid MediaFiles/MXF/AVID2.1 20170425/KT8774_3.WA03.59005900483EA.mxf; Avid MediaFiles/MXF/AVID2.1 20170425/KT8774_7.WA07.59005900483EA.mxf; Avid MediaFiles/MXF/AVID2.1 20170425/KT8774_8.WA08.59005900483EA.mxf
718,KT8776_1.WA01.590059004840A; KT8776_2.WA02.590059004840A; KT8776_7.WA07.590059004840A; KT8776_8.WA08.590059004840A;     510  /w 2   ,2:8816cd9f75e1bc3bf6fca210080cdada; 2:33090bb33401aee13b7a7e13488a4e29; 2:1b94159834830bbec47924077db2c740; 2:6468d74f931ed82b3630358ecc8abe8b,00:00:00:00:100/1,00:01:02:20:100/1,Avid MediaFiles/MXF/AVID2.1 20170425/KT8776_1.WA01.590059004840A.mxf; Avid MediaFiles/MXF/AVID2.1 20170425/KT8776_2.WA02.590059004840A.mxf; Avid MediaFiles/MXF/AVID2.1 20170425/KT8776_7.WA07.590059004840A.mxf; Avid MediaFiles/MXF/AVID2.1 20170425/KT8776_8.WA08.590059004840A.mxf
719,KT8777_1.WA01.590059004841A; KT8777_2.WA02.590059004841A; KT8777_3.WA03.590059004841A; KT8777_7.WA07.590059004841A; KT8777_8.WA08.590059004841A;    B510  /t 1   ,2:874be9b2d179df41eae065e1e40b70d7; 2:36e29730b260d4eaecdaba836f33e694; 2:de3807084d05a0983d2e612b7a055789; 2:a3ee59e553ae1e3e201bce17eb76753d; 2:59aad7b5df2fdcb184e2f9c7a2090e47,00:00:00:00:100/1,00:01:45:64:100/1,Avid MediaFiles/MXF/AVID2.1 20170425/KT8777_1.WA01.590059004841A.mxf; Avid MediaFiles/MXF/AVID2.1 20170425/KT8777_2.WA02.590059004841A.mxf; Avid MediaFiles/MXF/AVID2.1 20170425/KT8777_3.WA03.590059004841A.mxf; Avid MediaFiles/MXF/AVID2.1 20170425/KT8777_7.WA07.590059004841A.mxf; Avid MediaFiles/MXF/AVID2.1 20170425/KT8777_8.WA08.590059004841A.mxf
720,KT8778_1.WA01.590059004842A; KT8778_2.WA02.590059004842A; KT8778_3.WA03.590059004842A; KT8778_7.WA07.590059004842A; KT8778_8.WA08.590059004842A;    B510  /t 2   ,2:f9e3c61a5a25d8fe7ea3f48beef1c7ff; 2:d9b708778389e76c3856e291f8001d7b; 2:c5584ebdb47d59b3dde675fc440f7b62; 2:4b1c2b10a01e895127d685470ce8bfb5; 2:147c8ebdc641ffa3749ef6591b80a35e,00:00:00:00:100/1,00:02:31:52:100/1,Avid MediaFiles/MXF/AVID2.1 20170425/KT8778_1.WA01.590059004842A.mxf; Avid MediaFiles/MXF/AVID2.1 20170425/KT8778_2.WA02.590059004842A.mxf; Avid MediaFiles/MXF/AVID2.1 20170425/KT8778_3.WA03.590059004842A.mxf; Avid MediaFiles/MXF/AVID2.1 20170425/KT8778_7.WA07.590059004842A.mxf; Avid MediaFiles/MXF/AVID2.1 20170425/KT8778_8.WA08.590059004842A.mxf
721,KT8779_1.WA01.590059004844A; KT8779_2.WA02.590059004844A; KT8779_3.WA03.590059004844A; KT8779_7.WA07.590059004844A; KT8779_8.WA08.590059004844A;    B510  /t 3   ,2:895fb1f36fa9cb07578a2486f521c253; 2:8ef4a7bdab2b73ad246ffc0212a5176a; 2:ede89ac8a66e0396cc1c7aadd458054c; 2:2896101878971cab217b4c4860664657; 2:4984aa7b0c68d6bc513c1f2dc547f280,00:00:00:00:100/1,00:01:50:60:100/1,Avid MediaFiles/MXF/AVID2.1 20170425/KT8779_1.WA01.590059004844A.mxf; Avid MediaFiles/MXF/AVID2.1 20170425/KT8779_2.WA02.590059004844A.mxf; Avid MediaFiles/MXF/AVID2.1 20170425/KT8779_3.WA03.590059004844A.mxf; Avid MediaFiles/MXF/AVID2.1 20170425/KT8779_7.WA07.590059004844A.mxf; Avid MediaFiles/MXF/AVID2.1 20170425/KT8779_8.WA08.590059004844A.mxf
722,KT8780_1.WA01.590059004845A; KT8780_2.WA02.590059004845A; KT8780_3.WA03.590059004845A; KT8780_4.WA04.590059004845A; KT8780_7.WA07.590059004845A; KT8780_8.WA08.590059004845A;     512  /t 1   ,2:03b20f10911a160f63bc2c62224b065d; 2:0113e6fe6bfa775005d24f8705096106; 2:0795e95066233e33d11b47b5d0df7534; 2:0deff2dc1ccd6d24815b033442fe5131; 2:0f5f7f922fd1f9754a04db8ffb30c15f; 2:330020c50805c233900b776d15939ae1,00:00:00:00:100/1,00:00:48:28:100/1,Avid MediaFiles/MXF/AVID2.1 20170425/KT8780_1.WA01.590059004845A.mxf; Avid MediaFiles/MXF/AVID2.1 20170425/KT8780_2.WA02.590059004845A.mxf; Avid MediaFiles/MXF/AVID2.1 20170425/KT8780_3.WA03.590059004845A.mxf; Avid MediaFiles/MXF/AVID2.1 20170425/KT8780_4.WA04.590059004845A.mxf; Avid MediaFiles/MXF/AVID2.1 20170425/KT8780_7.WA07.590059004845A.mxf; Avid MediaFiles/MXF/AVID2.1 20170425/KT8780_8.WA08.590059004845A.mxf
723,KT8781_1.WA01.590059004846A; KT8781_2.WA02.590059004846A; KT8781_3.WA03.590059004846A; KT8781_4.WA04.590059004846A; KT8781_7.WA07.590059004846A; KT8781_8.WA08.590059004846A;     512  /t 2   ,2:b45c12f98276156a0ec8dee3b717872e; 2:eea6f3273a0ae7683a32da411b9f9f14; 2:97ba23c5328ce3a52ed3de13c4e85f2d; 2:0b9200ce5344d2ceabff9f673749d555; 2:065e4a6527e62061b451011acd0097b0; 2:a410f7789a0292a9b57d87d2dd6c862b,00:00:00:00:100/1,00:00:52:20:100/1,Avid MediaFiles/MXF/AVID2.1 20170425/KT8781_1.WA01.590059004846A.mxf; Avid MediaFiles/MXF/AVID2.1 20170425/KT8781_2.WA02.590059004846A.mxf; Avid MediaFiles/MXF/AVID2.1 20170425/KT8781_3.WA03.590059004846A.mxf; Avid MediaFiles/MXF/AVID2.1 20170425/KT8781_4.WA04.590059004846A.mxf; Avid MediaFiles/MXF/AVID2.1 20170425/KT8781_7.WA07.590059004846A.mxf; Avid MediaFiles/MXF/AVID2.1 20170425/KT8781_8.WA08.590059004846A.mxf
724,KT8782_1.WA01.590059004847A; KT8782_2.WA02.590059004847A; KT8782_3.WA03.590059004847A; KT8782_4.WA04.590059004847A; KT8782_7.WA07.590059004847A; KT8782_8.WA08.590059004847A;     512  /t 3   ,2:61bcf1412cf395d7b08cfaa6bb5b83aa; 2:6444130f7bb48a4d827c59836c52c83b; 2:2402e9629a651e9fdacf7eef4ac29c3f; 2:23d66458c097ed97bf96510dd206d5d1; 2:11eb544ad81e96bd14038fa08840de8e; 2:4975eb9835f8377c2c7719e981da8122,00:00:00:00:100/1,00:00:45:72:100/1,Avid MediaFiles/MXF/AVID2.1 20170425/KT8782_1.WA01.590059004847A.mxf; Avid MediaFiles/MXF/AVID2.1 20170425/KT8782_2.WA02.590059004847A.mxf; Avid MediaFiles/MXF/AVID2.1 20170425/KT8782_3.WA03.590059004847A.mxf; Avid MediaFiles/MXF/AVID2.1 20170425/KT8782_4.WA04.590059004847A.mxf; Avid MediaFiles/MXF/AVID2.1 20170425/KT8782_7.WA07.590059004847A.mxf; Avid MediaFiles/MXF/AVID2.1 20170425/KT8782_8.WA08.590059004847A.mxf
725,KT8783_1.WA01.590059004848A; KT8783_3.WA03.590059004848A; KT8783_7.WA07.590059004848A; KT8783_8.WA08.590059004848A;    V434  /t 1   ,2:2f4de9b8952435d047a056d9c36cc6f8; 2:4811916f2cb088a8d870237495f0b905; 2:9186c5a34514982fc4945ee94c189a88; 2:f884905ce3b03c8c60de4acc98e7e3e0,00:00:00:00:100/1,00:01:25:52:100/1,Avid MediaFiles/MXF/AVID2.1 20170425/KT8783_1.WA01.590059004848A.mxf; Avid MediaFiles/MXF/AVID2.1 20170425/KT8783_3.WA03.590059004848A.mxf; Avid MediaFiles/MXF/AVID2.1 20170425/KT8783_7.WA07.590059004848A.mxf; Avid MediaFiles/MXF/AVID2.1 20170425/KT8783_8.WA08.590059004848A.mxf
726,KT8784_1.WA01.590059004849A; KT8784_3.WA03.590059004849A; KT8784_7.WA07.590059004849A; KT8784_8.WA08.590059004849A;    V434  /t 2   ,2:82cf4d16436492401a612cd09d407688; 2:d34e91160a6e9f8dc447afc65751bba2; 2:d951224b573ce61c7fe7ac7ec9b9530f; 2:3cce4cb068be1058c25ab3de694c2c41,00:00:00:00:100/1,00:01:17:00:100/1,Avid MediaFiles/MXF/AVID2.1 20170425/KT8784_1.WA01.590059004849A.mxf; Avid MediaFiles/MXF/AVID2.1 20170425/KT8784_3.WA03.590059004849A.mxf; Avid MediaFiles/MXF/AVID2.1 20170425/KT8784_7.WA07.590059004849A.mxf; Avid MediaFiles/MXF/AVID2.1 20170425/KT8784_8.WA08.590059004849A.mxf
727,KT8785_1.WA01.59015901ADE0A; KT8785_7.WA07.59015901ADE0A; KT8785_8.WA08.59015901ADE0A;     401  /t 1   ,2:ea386da6a6439e1e82d229f4db1e0dea; 2:347c1a144874af03423fb8091df521b0; 2:caf9ed3999c6dac7a6be7939e9e3625a,00:00:00:00:100/1,00:01:22:76:100/1,Avid MediaFiles/MXF/AVID2.1 20170426/KT8785_1.WA01.59015901ADE0A.mxf; Avid MediaFiles/MXF/AVID2.1 20170426/KT8785_7.WA07.59015901ADE0A.mxf; Avid MediaFiles/MXF/AVID2.1 20170426/KT8785_8.WA08.59015901ADE0A.mxf
728,KT8786_1.WA01.59015901ADE1A; KT8786_7.WA07.59015901ADE1A; KT8786_8.WA08.59015901ADE1A;     401  /t 2   ,2:57ade2130abb81e395c17321193cc014; 2:1ab3d2e0511a9a4181befcd881dce1e2; 2:8812b99a92ae8730752fbd6594e04833,00:00:00:00:100/1,00:01:26:20:100/1,Avid MediaFiles/MXF/AVID2.1 20170426/KT8786_1.WA01.59015901ADE1A.mxf; Avid MediaFiles/MXF/AVID2.1 20170426/KT8786_7.WA07.59015901ADE1A.mxf; Avid MediaFiles/MXF/AVID2.1 20170426/KT8786_8.WA08.59015901ADE1A.mxf
729,KT8787_1.WA01.59015901ADE1A; KT8787_7.WA07.59015901ADE1A; KT8787_8.WA08.59015901ADE1A;     401  /t 3   ,2:de6f57bf080589bbddf22f2b5b96372e; 2:b71168d40a093a071eaa01ba9fe5e7b0; 2:f19c94bd2cf1fe14c654183dade8dc3d,00:00:00:00:100/1,00:00:40:76:100/1,Avid MediaFiles/MXF/AVID2.1 20170426/KT8787_1.WA01.59015901ADE1A.mxf; Avid MediaFiles/MXF/AVID2.1 20170426/KT8787_7.WA07.59015901ADE1A.mxf; Avid MediaFiles/MXF/AVID2.1 20170426/KT8787_8.WA08.59015901ADE1A.mxf
730,KT8789_1.WA01.59015901ADE2A; KT8789_7.WA07.59015901ADE2A; KT8789_8.WA08.59015901ADE2A;     401  /t 5   ,2:e73ffbe9230bb490eb0df7236ab4cab3; 2:1423b81cbf606d96ba7a96790061c754; 2:e2fc6298be86ba4c2ad92a32290a8a73,00:00:00:00:100/1,00:01:16:04:100/1,Avid MediaFiles/MXF/AVID2.1 20170426/KT8789_1.WA01.59015901ADE2A.mxf; Avid MediaFiles/MXF/AVID2.1 20170426/KT8789_7.WA07.59015901ADE2A.mxf; Avid MediaFiles/MXF/AVID2.1 20170426/KT8789_8.WA08.59015901ADE2A.mxf
731,KT8790_1.WA01.59015901ADE3A; KT8790_7.WA07.59015901ADE3A; KT8790_8.WA08.59015901ADE3A;     401  /t 6   ,2:c044dcdfa623b258141cb58a4f9ffbda; 2:110ca3240839aceb2a4d414923eebbe7; 2:28c25b707d3288663e18209cbd9ebc85,00:00:00:00:100/1,00:01:18:44:100/1,Avid MediaFiles/MXF/AVID2.1 20170426/KT8790_1.WA01.59015901ADE3A.mxf; Avid MediaFiles/MXF/AVID2.1 20170426/KT8790_7.WA07.59015901ADE3A.mxf; Avid MediaFiles/MXF/AVID2.1 20170426/KT8790_8.WA08.59015901ADE3A.mxf
732,KT8788_1.WA01.59015901ADE2A; KT8788_7.WA07.59015901ADE2A; KT8788_8.WA08.59015901ADE2A;     401  /t 4   ,2:f097c7f34fa8f937a3eb693540847333; 2:20c9a414795a5c0e4e33c5309011cf31; 2:eaf30db0976e07d2b53ab4e02af95adf,00:00:00:00:100/1,00:01:22:60:100/1,Avid MediaFiles/MXF/AVID2.1 20170426/KT8788_1.WA01.59015901ADE2A.mxf; Avid MediaFiles/MXF/AVID2.1 20170426/KT8788_7.WA07.59015901ADE2A.mxf; Avid MediaFiles/MXF/AVID2.1 20170426/KT8788_8.WA08.59015901ADE2A.mxf
733,KT8791_1.WA01.59015901ADE4A; KT8791_7.WA07.59015901ADE4A; KT8791_8.WA08.59015901ADE4A;   VO401  /w 1   ,2:e3dd1e5fa8c744197de36fbb5607050f; 2:e9763517744edc16ff90ea65e8fbd3d8; 2:bdadec3de68e8054ddca9e977f5f3e22,00:00:00:00:100/1,00:02:16:48:100/1,Avid MediaFiles/MXF/AVID2.1 20170426/KT8791_1.WA01.59015901ADE4A.mxf; Avid MediaFiles/MXF/AVID2.1 20170426/KT8791_7.WA07.59015901ADE4A.mxf; Avid MediaFiles/MXF/AVID2.1 20170426/KT8791_8.WA08.59015901ADE4A.mxf
734,KT8792_1.WA01.59015901ADE5A; KT8792_2.WA02.59015901ADE5A; KT8792_3.WA03.59015901ADE5A; KT8792_7.WA07.59015901ADE5A; KT8792_8.WA08.59015901ADE5A;     228  /t 1   ,2:ca8db6a08c53704312d950069feed7d5; 2:d122767c029214636b27f485a790baca; 2:e38cb10b15edea232db89a6d1e8683a2; 2:0a1eb9e0cb1cdf443fc509774cec9a2b; 2:ea87534d529a10cbf018e0f8cb846837,00:00:00:00:100/1,00:02:59:08:100/1,Avid MediaFiles/MXF/AVID2.1 20170426/KT8792_1.WA01.59015901ADE5A.mxf; Avid MediaFiles/MXF/AVID2.1 20170426/KT8792_2.WA02.59015901ADE5A.mxf; Avid MediaFiles/MXF/AVID2.1 20170426/KT8792_3.WA03.59015901ADE5A.mxf; Avid MediaFiles/MXF/AVID2.1 20170426/KT8792_7.WA07.59015901ADE5A.mxf; Avid MediaFiles/MXF/AVID2.1 20170426/KT8792_8.WA08.59015901ADE5A.mxf
735,KT8793_1.WA01.59015901ADE7A; KT8793_2.WA02.59015901ADE7A; KT8793_3.WA03.59015901ADE7A; KT8793_7.WA07.59015901ADE7A; KT8793_8.WA08.59015901ADE7A;     228  /n 2   ,2:4199d8918c8c9760a0919d04692dc918; 2:e60537ddae2e8acf1679ae957416ce90; 2:f5b6ec619c977c04e5a8ba81a89088b9; 2:9745b70a4e4141879611e773d8c6cf82; 2:15fdd9230f9561e539b712d3d2bd8f96,00:00:00:00:100/1,00:00:10:00:100/1,Avid MediaFiles/MXF/AVID2.1 20170426/KT8793_1.WA01.59015901ADE7A.mxf; Avid MediaFiles/MXF/AVID2.1 20170426/KT8793_2.WA02.59015901ADE7A.mxf; Avid MediaFiles/MXF/AVID2.1 20170426/KT8793_3.WA03.59015901ADE7A.mxf; Avid MediaFiles/MXF/AVID2.1 20170426/KT8793_7.WA07.59015901ADE7A.mxf; Avid MediaFiles/MXF/AVID2.1 20170426/KT8793_8.WA08.59015901ADE7A.mxf
736,KT8794_1.WA01.59015901ADE7A; KT8794_2.WA02.59015901ADE7A; KT8794_3.WA03.59015901ADE7A; KT8794_7.WA07.59015901ADE7A; KT8794_8.WA08.59015901ADE7A;     228  /t 2   ,2:5ec1afa36d78c353000fec3fa22f1283; 2:69cfdce0f19d88567119a9982d9c078b; 2:b7fb9fedd05be8c7282beb8f705316d9; 2:61ceea1ccb676891260eac1d40b9350f; 2:0a646ffeb8e0ed3701d8c9554ea11f1a,00:00:00:00:100/1,00:00:57:08:100/1,Avid MediaFiles/MXF/AVID2.1 20170426/KT8794_1.WA01.59015901ADE7A.mxf; Avid MediaFiles/MXF/AVID2.1 20170426/KT8794_2.WA02.59015901ADE7A.mxf; Avid MediaFiles/MXF/AVID2.1 20170426/KT8794_3.WA03.59015901ADE7A.mxf; Avid MediaFiles/MXF/AVID2.1 20170426/KT8794_7.WA07.59015901ADE7A.mxf; Avid MediaFiles/MXF/AVID2.1 20170426/KT8794_8.WA08.59015901ADE7A.mxf
737,KT8796_1.WA01.59015901ADE9A; KT8796_2.WA02.59015901ADE9A; KT8796_3.WA03.59015901ADE9A; KT8796_7.WA07.59015901ADE9A; KT8796_8.WA08.59015901ADE9A;     228  /t 4   ,2:f95ffd6bc1d3da73f3691126a9b87732; 2:94fe02aeb2555e6bffab4c2a22342fe3; 2:039fa97094061ad2abbeeaa2c15ad26d; 2:d723a5d08e0241736b5adc40c0315389; 2:987b3f063ee97c79687cf4ed815cd7e4,00:00:00:00:100/1,00:03:16:24:100/1,Avid MediaFiles/MXF/AVID2.1 20170426/KT8796_1.WA01.59015901ADE9A.mxf; Avid MediaFiles/MXF/AVID2.1 20170426/KT8796_2.WA02.59015901ADE9A.mxf; Avid MediaFiles/MXF/AVID2.1 20170426/KT8796_3.WA03.59015901ADE9A.mxf; Avid MediaFiles/MXF/AVID2.1 20170426/KT8796_7.WA07.59015901ADE9A.mxf; Avid MediaFiles/MXF/AVID2.1 20170426/KT8796_8.WA08.59015901ADE9A.mxf
738,KT8795_1.WA01.59015901ADE8A; KT8795_2.WA02.59015901ADE8A; KT8795_3.WA03.59015901ADE8A; KT8795_7.WA07.59015901ADE8A; KT8795_8.WA08.59015901ADE8A;     228  /t 3   ,2:d63169dfd82c54b985380acb2fdc6b07; 2:bc50e459ae708745b77e5715989a9fb7; 2:5b51707c97fe00aec9270c36e3285fed; 2:d6342c57fbea6779415e00f71dd6397c; 2:bfbec33fa9067bf50d4813d15b61b51d,00:00:00:00:100/1,00:01:47:36:100/1,Avid MediaFiles/MXF/AVID2.1 20170426/KT8795_1.WA01.59015901ADE8A.mxf; Avid MediaFiles/MXF/AVID2.1 20170426/KT8795_2.WA02.59015901ADE8A.mxf; Avid MediaFiles/MXF/AVID2.1 20170426/KT8795_3.WA03.59015901ADE8A.mxf; Avid MediaFiles/MXF/AVID2.1 20170426/KT8795_7.WA07.59015901ADE8A.mxf; Avid MediaFiles/MXF/AVID2.1 20170426/KT8795_8.WA08.59015901ADE8A.mxf
739,KT8797_1.WA01.59015901ADECA; KT8797_2.WA02.59015901ADECA; KT8797_3.WA03.59015901ADECA; KT8797_7.WA07.59015901ADECA; KT8797_8.WA08.59015901ADECA;     228  /t 5   ,2:637bb22112b7b4145fb70f1b48fc57ea; 2:184b0e67f7154cecde1121199855f123; 2:dd7121452a2e6a88b0254eb4b2b057ed; 2:1c250d6682358f34689b32c6e54882e0; 2:74f3d9d5e97073997f67075056e488d1,00:00:00:00:100/1,00:03:21:20:100/1,Avid MediaFiles/MXF/AVID2.1 20170426/KT8797_1.WA01.59015901ADECA.mxf; Avid MediaFiles/MXF/AVID2.1 20170426/KT8797_2.WA02.59015901ADECA.mxf; Avid MediaFiles/MXF/AVID2.1 20170426/KT8797_3.WA03.59015901ADECA.mxf; Avid MediaFiles/MXF/AVID2.1 20170426/KT8797_7.WA07.59015901ADECA.mxf; Avid MediaFiles/MXF/AVID2.1 20170426/KT8797_8.WA08.59015901ADECA.mxf
740,KT8798_1.WA01.59015901ADEEA; KT8798_2.WA02.59015901ADEEA; KT8798_3.WA03.59015901ADEEA; KT8798_7.WA07.59015901ADEEA; KT8798_8.WA08.59015901ADEEA;     228  /t 6   ,2:f573ef87bc68b59bb3eec130fc65d82e; 2:ea68682d5252c00d4751bd7fbc2f8963; 2:aec942803bcf97e51922b860673c8558; 2:988b118a2d3c9d6d8fc578ad302f1f46; 2:2786afaeb5861b50f24d50a4f793799a,00:00:00:00:100/1,00:03:41:24:100/1,Avid MediaFiles/MXF/AVID2.1 20170426/KT8798_1.WA01.59015901ADEEA.mxf; Avid MediaFiles/MXF/AVID2.1 20170426/KT8798_2.WA02.59015901ADEEA.mxf; Avid MediaFiles/MXF/AVID2.1 20170426/KT8798_3.WA03.59015901ADEEA.mxf; Avid MediaFiles/MXF/AVID2.1 20170426/KT8798_7.WA07.59015901ADEEA.mxf; Avid MediaFiles/MXF/AVID2.1 20170426/KT8798_8.WA08.59015901ADEEA.mxf
741,KT8799_1.WA01.59015901ADF1A; KT8799_2.WA02.59015901ADF1A; KT8799_3.WA03.59015901ADF1A; KT8799_7.WA07.59015901ADF1A; KT8799_8.WA08.59015901ADF2A;     228  /t 7   ,2:e4cdb512acc7944645b0ddb96b546191; 2:3ea9a6c4a2470348a222392d2f19b406; 2:85d171329b686f85c38a1a9d4ce4d369; 2:132da675dc9f7f8c81c6a623c1e48890; 2:cdfd2dee2ab8c1aa5d481e47b11aa5b4,00:00:00:00:100/1,00:03:37:52:100/1,Avid MediaFiles/MXF/AVID2.1 20170426/KT8799_1.WA01.59015901ADF1A.mxf; Avid MediaFiles/MXF/AVID2.1 20170426/KT8799_2.WA02.59015901ADF1A.mxf; Avid MediaFiles/MXF/AVID2.1 20170426/KT8799_3.WA03.59015901ADF1A.mxf; Avid MediaFiles/MXF/AVID2.1 20170426/KT8799_7.WA07.59015901ADF1A.mxf; Avid MediaFiles/MXF/AVID2.1 20170426/KT8799_8.WA08.59015901ADF2A.mxf
742,KT8800_1.WA01.59015901ADF4A; KT8800_2.WA02.59015901ADF4A; KT8800_3.WA03.59015901ADF4A; KT8800_7.WA07.59015901ADF4A; KT8800_8.WA08.59015901ADF4A;     228A /t 1   ,2:55ec0dcd44f4b11b5b2430f01ff78291; 2:68eeb27d0a3b877495b28650f4fa04ae; 2:03c088d22c3c1ed786d8f8bfee662026; 2:e82b56752f80e9e186278446f507adcf; 2:64a922379c20268f773e81f2b3f299a8,00:00:00:00:100/1,00:03:16:40:100/1,Avid MediaFiles/MXF/AVID2.1 20170426/KT8800_1.WA01.59015901ADF4A.mxf; Avid MediaFiles/MXF/AVID2.1 20170426/KT8800_2.WA02.59015901ADF4A.mxf; Avid MediaFiles/MXF/AVID2.1 20170426/KT8800_3.WA03.59015901ADF4A.mxf; Avid MediaFiles/MXF/AVID2.1 20170426/KT8800_7.WA07.59015901ADF4A.mxf; Avid MediaFiles/MXF/AVID2.1 20170426/KT8800_8.WA08.59015901ADF4A.mxf
743,KT8802_1.WA01.59015901ADF7A; KT8802_3.WA03.59015901ADF7A; KT8802_7.WA07.59015901ADF7A; KT8802_8.WA08.59015901ADF7A;     228B /t 2   ,2:e812ac471ebbae5f5314dc0daf73fa23; 2:bd58590a1e33038de9aa7a9269eaa0ad; 2:4ade8f20fa7662cfe9a42879326ed5eb; 2:a4fadea2b9d8b424d378de908f58610d,00:00:00:00:100/1,00:02:34:48:100/1,Avid MediaFiles/MXF/AVID2.1 20170426/KT8802_1.WA01.59015901ADF7A.mxf; Avid MediaFiles/MXF/AVID2.1 20170426/KT8802_3.WA03.59015901ADF7A.mxf; Avid MediaFiles/MXF/AVID2.1 20170426/KT8802_7.WA07.59015901ADF7A.mxf; Avid MediaFiles/MXF/AVID2.1 20170426/KT8802_8.WA08.59015901ADF7A.mxf
744,KT8801_1.WA01.59015901ADF6A; KT8801_2.WA02.59015901ADF6A; KT8801_3.WA03.59015901ADF6A; KT8801_7.WA07.59015901ADF6A; KT8801_8.WA08.59015901ADF6A;     228B /t 1   ,2:fb63a9caf74ea66db3ea01142009038a; 2:a64fd2fe3d83480e53757334fb881aff; 2:6649082b0d68604e8baeb46a1e134c7b; 2:fc00f254a1eb17611215b8cbcaf8743d; 2:4d9a7d6d972bce1326e3e403559008b7,00:00:00:00:100/1,00:01:20:52:100/1,Avid MediaFiles/MXF/AVID2.1 20170426/KT8801_1.WA01.59015901ADF6A.mxf; Avid MediaFiles/MXF/AVID2.1 20170426/KT8801_2.WA02.59015901ADF6A.mxf; Avid MediaFiles/MXF/AVID2.1 20170426/KT8801_3.WA03.59015901ADF6A.mxf; Avid MediaFiles/MXF/AVID2.1 20170426/KT8801_7.WA07.59015901ADF6A.mxf; Avid MediaFiles/MXF/AVID2.1 20170426/KT8801_8.WA08.59015901ADF6A.mxf
745,KT8803_1.WA01.59015901ADF9A; KT8803_3.WA03.59015901ADF9A; KT8803_7.WA07.59015901ADF9A; KT8803_8.WA08.59015901ADF9A;     228B /t 3   ,2:fb21d61663e0ea56412f8b06ad498f36; 2:df6c39ca52353dcbca0c6364de39b540; 2:c36f28b888ac5405313ebeeb8a8e9a15; 2:6c4072db16fb0bde26162f4ee5752313,00:00:00:00:100/1,00:02:20:40:100/1,Avid MediaFiles/MXF/AVID2.1 20170426/KT8803_1.WA01.59015901ADF9A.mxf; Avid MediaFiles/MXF/AVID2.1 20170426/KT8803_3.WA03.59015901ADF9A.mxf; Avid MediaFiles/MXF/AVID2.1 20170426/KT8803_7.WA07.59015901ADF9A.mxf; Avid MediaFiles/MXF/AVID2.1 20170426/KT8803_8.WA08.59015901ADF9A.mxf
746,KT8804_1.WA01.59015901ADFAA; KT8804_2.WA02.59015901ADFAA; KT8804_3.WA03.59015901ADFAA; KT8804_7.WA07.59015901ADFAA; KT8804_8.WA08.59015901ADFAA;     228A /t 2   ,2:f4056a53d0e29330ffe525862734798a; 2:2000a433e48d18ccc664c38773c413e1; 2:0419d2cfa25a892b66eb0e6e73025e42; 2:7a624dadd1da3cb06ff2ccf0555eead3; 2:b9acab24662383aafd7c821f97e9bfa9,00:00:00:00:100/1,00:01:43:04:100/1,Avid MediaFiles/MXF/AVID2.1 20170426/KT8804_1.WA01.59015901ADFAA.mxf; Avid MediaFiles/MXF/AVID2.1 20170426/KT8804_2.WA02.59015901ADFAA.mxf; Avid MediaFiles/MXF/AVID2.1 20170426/KT8804_3.WA03.59015901ADFAA.mxf; Avid MediaFiles/MXF/AVID2.1 20170426/KT8804_7.WA07.59015901ADFAA.mxf; Avid MediaFiles/MXF/AVID2.1 20170426/KT8804_8.WA08.59015901ADFAA.mxf
747,KT8805_1.WA01.59015901ADFCA; KT8805_2.WA02.59015901ADFCA; KT8805_3.WA03.59015901ADFCA; KT8805_7.WA07.59015901ADFCA; KT8805_8.WA08.59015901ADFCA;     228A /t 3   ,2:902b614d9c73a859957eb870e7376b08; 2:f520cfc9082229c09c728ca1f24780a6; 2:8191a42b7237a2cec80c90173ca3248b; 2:3dacc1f6b55321cadd1479062e910f98; 2:4394820f35e95be581f62c8d3124775d,00:00:00:00:100/1,00:01:34:88:100/1,Avid MediaFiles/MXF/AVID2.1 20170426/KT8805_1.WA01.59015901ADFCA.mxf; Avid MediaFiles/MXF/AVID2.1 20170426/KT8805_2.WA02.59015901ADFCA.mxf; Avid MediaFiles/MXF/AVID2.1 20170426/KT8805_3.WA03.59015901ADFCA.mxf; Avid MediaFiles/MXF/AVID2.1 20170426/KT8805_7.WA07.59015901ADFCA.mxf; Avid MediaFiles/MXF/AVID2.1 20170426/KT8805_8.WA08.59015901ADFCA.mxf
748,KT8806_1.WA01.59015901ADFDA; KT8806_2.WA02.59015901ADFDA; KT8806_3.WA03.59015901ADFDA; KT8806_7.WA07.59015901ADFDA; KT8806_8.WA08.59015901ADFDA;     228A /t 4   ,2:2f34f5b7025b474542b19f82cb5072cc; 2:c7684e3203f4bc2b50ff14778eec1e26; 2:60dfcd2cccd8e68901b8b413ead25565; 2:0aaeddf56e98a49bf8e56e0662db49e1; 2:d0ef8e71cdd9fee36c6e12307de04766,00:00:00:00:100/1,00:01:46:68:100/1,Avid MediaFiles/MXF/AVID2.1 20170426/KT8806_1.WA01.59015901ADFDA.mxf; Avid MediaFiles/MXF/AVID2.1 20170426/KT8806_2.WA02.59015901ADFDA.mxf; Avid MediaFiles/MXF/AVID2.1 20170426/KT8806_3.WA03.59015901ADFDA.mxf; Avid MediaFiles/MXF/AVID2.1 20170426/KT8806_7.WA07.59015901ADFDA.mxf; Avid MediaFiles/MXF/AVID2.1 20170426/KT8806_8.WA08.59015901ADFDA.mxf
749,KT8807_1.WA01.59015901ADFEA; KT8807_2.WA02.59015901ADFEA; KT8807_3.WA03.59015901ADFEA; KT8807_7.WA07.59015901ADFEA; KT8807_8.WA08.59015901ADFEA;     228C /t 1   ,2:2ba815753ab03b2bcbaadda2b017daeb; 2:8e937b38fe98057fa950f625483b3f30; 2:58a666fef9a48bfc288820c39bd725e9; 2:430d7507cd73c1a08fe243680296d176; 2:08c33ecbddcdc35e9c668424628e0ad2,00:00:00:00:100/1,00:03:18:96:100/1,Avid MediaFiles/MXF/AVID2.1 20170426/KT8807_1.WA01.59015901ADFEA.mxf; Avid MediaFiles/MXF/AVID2.1 20170426/KT8807_2.WA02.59015901ADFEA.mxf; Avid MediaFiles/MXF/AVID2.1 20170426/KT8807_3.WA03.59015901ADFEA.mxf; Avid MediaFiles/MXF/AVID2.1 20170426/KT8807_7.WA07.59015901ADFEA.mxf; Avid MediaFiles/MXF/AVID2.1 20170426/KT8807_8.WA08.59015901ADFEA.mxf
750,KT8808_1.WA01.59015901AE02A; KT8808_2.WA02.59015901AE02A; KT8808_3.WA03.59015901AE02A; KT8808_7.WA07.59015901AE02A; KT8808_8.WA08.59015901AE02A;     228C /t 2   ,2:000138d7247c46f92604ab1fb015d5d3; 2:4e4d7f67e180a4362775268badf1e333; 2:fd0cf5eed9a04b597083d48fd27f471b; 2:125d8f657e97f1d0f981927c212f3711; 2:0058efaf3f5d1607462a0986382fb82b,00:00:00:00:100/1,00:03:41:08:100/1,Avid MediaFiles/MXF/AVID2.1 20170426/KT8808_1.WA01.59015901AE02A.mxf; Avid MediaFiles/MXF/AVID2.1 20170426/KT8808_2.WA02.59015901AE02A.mxf; Avid MediaFiles/MXF/AVID2.1 20170426/KT8808_3.WA03.59015901AE02A.mxf; Avid MediaFiles/MXF/AVID2.1 20170426/KT8808_7.WA07.59015901AE02A.mxf; Avid MediaFiles/MXF/AVID2.1 20170426/KT8808_8.WA08.59015901AE02A.mxf
751,KT8809_1.WA01.59015901AE04A; KT8809_2.WA02.59015901AE04A; KT8809_3.WA03.59015901AE04A; KT8809_7.WA07.59015901AE04A; KT8809_8.WA08.59015901AE04A;     228D /t 1   ,2:220e55def2d17d8cc5323a97a70277d9; 2:4f41b5e1af8b7e6b249d9894451fbec1; 2:040cccbab0c0455790d40dad22e0a497; 2:9e530760a902c2142cd233e7cdecb536; 2:07c371b37f81dbbfeb1e147b0d358159,00:00:00:00:100/1,00:00:30:80:100/1,Avid MediaFiles/MXF/AVID2.1 20170426/KT8809_1.WA01.59015901AE04A.mxf; Avid MediaFiles/MXF/AVID2.1 20170426/KT8809_2.WA02.59015901AE04A.mxf; Avid MediaFiles/MXF/AVID2.1 20170426/KT8809_3.WA03.59015901AE04A.mxf; Avid MediaFiles/MXF/AVID2.1 20170426/KT8809_7.WA07.59015901AE04A.mxf; Avid MediaFiles/MXF/AVID2.1 20170426/KT8809_8.WA08.59015901AE04A.mxf
752,KT8810_1.WA01.59015901AE05A; KT8810_2.WA02.59015901AE05A; KT8810_3.WA03.59015901AE05A; KT8810_7.WA07.59015901AE05A; KT8810_8.WA08.59015901AE05A;     228D /t 2   ,2:19a8f7b5d61c3b3f1a8773466d1487c4; 2:3c903f2906849327c487198da4506131; 2:551d9b151491010edbd725ea3f23a322; 2:af71ab438bb312df52e5b850bd4526ad; 2:b5c22190bb62c9b7e69d7d2db8f2e04f,00:00:00:00:100/1,00:02:45:08:100/1,Avid MediaFiles/MXF/AVID2.1 20170426/KT8810_1.WA01.59015901AE05A.mxf; Avid MediaFiles/MXF/AVID2.1 20170426/KT8810_2.WA02.59015901AE05A.mxf; Avid MediaFiles/MXF/AVID2.1 20170426/KT8810_3.WA03.59015901AE05A.mxf; Avid MediaFiles/MXF/AVID2.1 20170426/KT8810_7.WA07.59015901AE05A.mxf; Avid MediaFiles/MXF/AVID2.1 20170426/KT8810_8.WA08.59015901AE05A.mxf
753,KT8812_1.WA01.59015901AE08A; KT8812_2.WA02.59015901AE08A; KT8812_3.WA03.59015901AE08A; KT8812_7.WA07.59015901AE08A; KT8812_8.WA08.59015901AE08A;     228D /t 4   ,2:611995f3a0594b6738b86f4d6b6a2f37; 2:90ee379c42efa03704c67575693cfb8c; 2:59b57ec02851e78a30f1431f04f157fd; 2:5fbec5fa0450b28c622d9e589f8a9343; 2:55ff36348367d9b815508032c03dd13d,00:00:00:00:100/1,00:02:07:60:100/1,Avid MediaFiles/MXF/AVID2.1 20170426/KT8812_1.WA01.59015901AE08A.mxf; Avid MediaFiles/MXF/AVID2.1 20170426/KT8812_2.WA02.59015901AE08A.mxf; Avid MediaFiles/MXF/AVID2.1 20170426/KT8812_3.WA03.59015901AE08A.mxf; Avid MediaFiles/MXF/AVID2.1 20170426/KT8812_7.WA07.59015901AE08A.mxf; Avid MediaFiles/MXF/AVID2.1 20170426/KT8812_8.WA08.59015901AE08A.mxf
754,KT8811_1.WA01.59015901AE07A; KT8811_2.WA02.59015901AE07A; KT8811_3.WA03.59015901AE07A; KT8811_7.WA07.59015901AE07A; KT8811_8.WA08.59015901AE07A;     228D /t 3   ,2:91031e06db7fe9e63a195280d8f0ef85; 2:349334bdae762828cf7632a6922e41da; 2:afa9510f4e585cf656f1db333cf2bf37; 2:9ce845f53d8bb24492fc98eeff2008c8; 2:7590183bee505c7bbab9b7b3d330606f,00:00:00:00:100/1,00:00:36:00:100/1,Avid MediaFiles/MXF/AVID2.1 20170426/KT8811_1.WA01.59015901AE07A.mxf; Avid MediaFiles/MXF/AVID2.1 20170426/KT8811_2.WA02.59015901AE07A.mxf; Avid MediaFiles/MXF/AVID2.1 20170426/KT8811_3.WA03.59015901AE07A.mxf; Avid MediaFiles/MXF/AVID2.1 20170426/KT8811_7.WA07.59015901AE07A.mxf; Avid MediaFiles/MXF/AVID2.1 20170426/KT8811_8.WA08.59015901AE07A.mxf
755,KT8813_1.WA01.59015901AE09A; KT8813_2.WA02.59015901AE09A; KT8813_7.WA07.59015901AE09A; KT8813_8.WA08.59015901AE09A;     228E /t 1   ,2:0fe4a87f588d3a35a202bd200e4021d8; 2:5f717425c2054a961b2dd35bb44a6486; 2:2186adfb7b1ac78f8111afc1302278f4; 2:cca1624602c97a1a80d6b73a5b0f221b,00:00:00:00:100/1,00:00:45:48:100/1,Avid MediaFiles/MXF/AVID2.1 20170426/KT8813_1.WA01.59015901AE09A.mxf; Avid MediaFiles/MXF/AVID2.1 20170426/KT8813_2.WA02.59015901AE09A.mxf; Avid MediaFiles/MXF/AVID2.1 20170426/KT8813_7.WA07.59015901AE09A.mxf; Avid MediaFiles/MXF/AVID2.1 20170426/KT8813_8.WA08.59015901AE09A.mxf
756,KT8814_1.WA01.59015901AE0AA; KT8814_2.WA02.59015901AE0AA; KT8814_7.WA07.59015901AE0AA; KT8814_8.WA08.59015901AE0AA;     228E /t 2   ,2:cc72517633c01a8662b3b5da72fc640d; 2:94b17414257e538c337567037a3b0db0; 2:8e845364bf9a7ff6b8d05143fb2cd0ca; 2:068e054e1d66f58cfa34c6dab5c01a44,00:00:00:00:100/1,00:00:54:24:100/1,Avid MediaFiles/MXF/AVID2.1 20170426/KT8814_1.WA01.59015901AE0AA.mxf; Avid MediaFiles/MXF/AVID2.1 20170426/KT8814_2.WA02.59015901AE0AA.mxf; Avid MediaFiles/MXF/AVID2.1 20170426/KT8814_7.WA07.59015901AE0AA.mxf; Avid MediaFiles/MXF/AVID2.1 20170426/KT8814_8.WA08.59015901AE0AA.mxf
757,KT8815_1.WA01.59015901AE0AA; KT8815_2.WA02.59015901AE0AA; KT8815_7.WA07.59015901AE0BA; KT8815_8.WA08.59015901AE0BA;     228E /t 3   ,2:a4c41789c09478468f999fa0bea7840d; 2:3384855873a8b3186a49d110f68496ae; 2:15028706c2c1ec14f9462484f6128b7b; 2:342948c8c79821ad60c6d6a799631324,00:00:00:00:100/1,00:00:55:20:100/1,Avid MediaFiles/MXF/AVID2.1 20170426/KT8815_1.WA01.59015901AE0AA.mxf; Avid MediaFiles/MXF/AVID2.1 20170426/KT8815_2.WA02.59015901AE0AA.mxf; Avid MediaFiles/MXF/AVID2.1 20170426/KT8815_7.WA07.59015901AE0BA.mxf; Avid MediaFiles/MXF/AVID2.1 20170426/KT8815_8.WA08.59015901AE0BA.mxf
758,KT8816_1.WA01.59015901AE0BA; KT8816_2.WA02.59015901AE0BA; KT8816_7.WA07.59015901AE0BA; KT8816_8.WA08.59015901AE0BA;   VO228  /w 1   ,2:fc992c07452e15eb8237939537d78b38; 2:7dbece51d9cf0ed7dee69e885f16bf72; 2:14e8f277df7f71e83e4891bbb5d3ba40; 2:e2974a06a75ae2576b65c74725172e99,00:00:00:00:100/1,00:01:18:60:100/1,Avid MediaFiles/MXF/AVID2.1 20170426/KT8816_1.WA01.59015901AE0BA.mxf; Avid MediaFiles/MXF/AVID2.1 20170426/KT8816_2.WA02.59015901AE0BA.mxf; Avid MediaFiles/MXF/AVID2.1 20170426/KT8816_7.WA07.59015901AE0BA.mxf; Avid MediaFiles/MXF/AVID2.1 20170426/KT8816_8.WA08.59015901AE0BA.mxf
759,KT8818-5.WA05.59015901AE0DA; KT8818-6.WA06.59015901AE0DA;     519  /t 1   ,2:b1c1f04e236b06fd085e99c78504298a; 2:8d9a51391f72e36e0f3bbf88ff1d7a18,00:00:00:00:100/1,00:02:06:88:100/1,Avid MediaFiles/MXF/AVID2.1 20170426/KT8818-5.WA05.59015901AE0DA.mxf; Avid MediaFiles/MXF/AVID2.1 20170426/KT8818-6.WA06.59015901AE0DA.mxf
760,KT8817_1.WA01.59015901AE0CA; KT8817_2.WA02.59015901AE0CA; KT8817_7.WA07.59015901AE0CA; KT8817_8.WA08.59015901AE0CA;   VO228  /w 2   ,2:e12030de53463bf7d830b520d16f7b62; 2:3621fd015779d501a882191f7c8d3350; 2:6ef51678d08e95e3aac35476543590cd; 2:ec73a888e8621ae70173605ffcde8dec,00:00:00:00:100/1,00:00:36:20:100/1,Avid MediaFiles/MXF/AVID2.1 20170426/KT8817_1.WA01.59015901AE0CA.mxf; Avid MediaFiles/MXF/AVID2.1 20170426/KT8817_2.WA02.59015901AE0CA.mxf; Avid MediaFiles/MXF/AVID2.1 20170426/KT8817_7.WA07.59015901AE0CA.mxf; Avid MediaFiles/MXF/AVID2.1 20170426/KT8817_8.WA08.59015901AE0CA.mxf
761,KT8818_1.WA01.59015901AE0DA; KT8818_2.WA02.59015901AE0DA; KT8818_7.WA07.59015901AE0DA; KT8818_8.WA08.59015901AE0DA;     519  /t 1   ,2:4e50aeb35199c26ce5b2c3529253d719; 2:ce6f0850b0e124ae9d7d7daf1af8a3a4; 2:804ec66c51e8fb6b32d3722a2501e430; 2:1dab04e3065f7299f697f407c29c82db,00:00:00:00:100/1,00:02:06:88:100/1,Avid MediaFiles/MXF/AVID2.1 20170426/KT8818_1.WA01.59015901AE0DA.mxf; Avid MediaFiles/MXF/AVID2.1 20170426/KT8818_2.WA02.59015901AE0DA.mxf; Avid MediaFiles/MXF/AVID2.1 20170426/KT8818_7.WA07.59015901AE0DA.mxf; Avid MediaFiles/MXF/AVID2.1 20170426/KT8818_8.WA08.59015901AE0DA.mxf
762,KT8819-5.WA05.59015901AE0FA; KT8819-6.WA06.59015901AE0FA;     519  /t 2   ,2:241e4a5f0e33a8c77712bb5bed151897; 2:c4da5ba16e9687d9bb722e32279678c8,00:00:00:00:100/1,00:02:10:64:100/1,Avid MediaFiles/MXF/AVID2.1 20170426/KT8819-5.WA05.59015901AE0FA.mxf; Avid MediaFiles/MXF/AVID2.1 20170426/KT8819-6.WA06.59015901AE0FA.mxf
763,KT8819_1.WA01.59015901AE0FA; KT8819_2.WA02.59015901AE0FA; KT8819_3.WA03.59015901AE0FA; KT8819_7.WA07.59015901AE0FA; KT8819_8.WA08.59015901AE0FA;     519  /t 2   ,2:7b4e04b7b4a2e5890ff1d982489035ee; 2:66185a2ed1c3cb286eb676da61002af2; 2:9ee2ca4509db3ef4609dd8e58301239a; 2:b103c42c5e5df00f10ba2bff583b9697; 2:cf360e4b9ae7527393b3959b0baecfeb,00:00:00:00:100/1,00:02:10:64:100/1,Avid MediaFiles/MXF/AVID2.1 20170426/KT8819_1.WA01.59015901AE0FA.mxf; Avid MediaFiles/MXF/AVID2.1 20170426/KT8819_2.WA02.59015901AE0FA.mxf; Avid MediaFiles/MXF/AVID2.1 20170426/KT8819_3.WA03.59015901AE0FA.mxf; Avid MediaFiles/MXF/AVID2.1 20170426/KT8819_7.WA07.59015901AE0FA.mxf; Avid MediaFiles/MXF/AVID2.1 20170426/KT8819_8.WA08.59015901AE0FA.mxf
764,KT8821-5.WA05.59015901AE13A; KT8821-6.WA06.59015901AE13A;     519A /t 2   ,2:cfdea803f7494319a1bec5586d0a5864; 2:ce8df51a280b539ea0a36f39111c620e,00:00:00:00:100/1,00:00:39:68:100/1,Avid MediaFiles/MXF/AVID2.1 20170426/KT8821-5.WA05.59015901AE13A.mxf; Avid MediaFiles/MXF/AVID2.1 20170426/KT8821-6.WA06.59015901AE13A.mxf
765,KT8820-5.WA05.59015901AE11A; KT8820-6.WA06.59015901AE11A;     519A /t 1   ,2:8816e2e498e2319f6e54caf1549d3ea4; 2:94082d27ececf3f2af342e1433ccd338,00:00:00:00:100/1,00:02:04:20:100/1,Avid MediaFiles/MXF/AVID2.1 20170426/KT8820-5.WA05.59015901AE11A.mxf; Avid MediaFiles/MXF/AVID2.1 20170426/KT8820-6.WA06.59015901AE11A.mxf
766,KT8820_1.WA01.59015901AE12A; KT8820_2.WA02.59015901AE12A; KT8820_7.WA07.59015901AE12A; KT8820_8.WA08.59015901AE12A;     519A /t 1   ,2:b4ca3a4baa01c31d79b0463ef78e9b91; 2:81f7a0bf2c95e43e9dc79b11f3acd978; 2:bed21ec0bed9b04f36394b2c7fab4cb7; 2:4c561e3063928d5439f5a92848c7527a,00:00:00:00:100/1,00:02:04:20:100/1,Avid MediaFiles/MXF/AVID2.1 20170426/KT8820_1.WA01.59015901AE12A.mxf; Avid MediaFiles/MXF/AVID2.1 20170426/KT8820_2.WA02.59015901AE12A.mxf; Avid MediaFiles/MXF/AVID2.1 20170426/KT8820_7.WA07.59015901AE12A.mxf; Avid MediaFiles/MXF/AVID2.1 20170426/KT8820_8.WA08.59015901AE12A.mxf
767,KT8821_1.WA01.59015901AE13A; KT8821_2.WA02.59015901AE13A; KT8821_7.WA07.59015901AE13A; KT8821_8.WA08.59015901AE13A;     519A /t 2   ,2:482a0c49eb704b9ea9bd5b6bbd587c00; 2:aa9708a38fa0f3fb30474fde758eec40; 2:0ee5f057e887ec2e7e24d1d907bf57f2; 2:8d0c8194b3e105b999ac9164629d26dc,00:00:00:00:100/1,00:00:39:68:100/1,Avid MediaFiles/MXF/AVID2.1 20170426/KT8821_1.WA01.59015901AE13A.mxf; Avid MediaFiles/MXF/AVID2.1 20170426/KT8821_2.WA02.59015901AE13A.mxf; Avid MediaFiles/MXF/AVID2.1 20170426/KT8821_7.WA07.59015901AE13A.mxf; Avid MediaFiles/MXF/AVID2.1 20170426/KT8821_8.WA08.59015901AE13A.mxf
768,KT8822-5.WA05.59015901AE14A; KT8822-6.WA06.59015901AE14A;     519A /t 3   ,2:1218139e83126d88afe4db77892aa30a; 2:bbff0328e2969f6b864802dbcb9bb170,00:00:00:00:100/1,00:02:08:60:100/1,Avid MediaFiles/MXF/AVID2.1 20170426/KT8822-5.WA05.59015901AE14A.mxf; Avid MediaFiles/MXF/AVID2.1 20170426/KT8822-6.WA06.59015901AE14A.mxf
769,KT8823-5.WA05.59015901AE16A; KT8823-6.WA06.59015901AE16A;     519A /t 4   ,2:8cf49203a151d8eef5f532fb09e381e1; 2:9ba2dc779f032772e90a4b011a00404c,00:00:00:00:100/1,00:02:45:48:100/1,Avid MediaFiles/MXF/AVID2.1 20170426/KT8823-5.WA05.59015901AE16A.mxf; Avid MediaFiles/MXF/AVID2.1 20170426/KT8823-6.WA06.59015901AE16A.mxf
770,KT8822_1.WA01.59015901AE15A; KT8822_2.WA02.59015901AE15A; KT8822_7.WA07.59015901AE15A; KT8822_8.WA08.59015901AE15A;     519A /t 3   ,2:3ed36a4b418cf7366cbd2acdd209c652; 2:ea96e83c0eebea29e34e6ba1026a575a; 2:fa34a9cba95a545ad81a54400771fafe; 2:9b8bca820a16f5b695bf3a520deba4dd,00:00:00:00:100/1,00:02:08:60:100/1,Avid MediaFiles/MXF/AVID2.1 20170426/KT8822_1.WA01.59015901AE15A.mxf; Avid MediaFiles/MXF/AVID2.1 20170426/KT8822_2.WA02.59015901AE15A.mxf; Avid MediaFiles/MXF/AVID2.1 20170426/KT8822_7.WA07.59015901AE15A.mxf; Avid MediaFiles/MXF/AVID2.1 20170426/KT8822_8.WA08.59015901AE15A.mxf
771,KT8823_1.WA01.59015901AE17A; KT8823_2.WA02.59015901AE17A; KT8823_7.WA07.59015901AE17A; KT8823_8.WA08.59015901AE17A;     519A /t 4   ,2:e5a6ba00550ea63a48e368f7cf9a77f7; 2:25616ef70c32affa1c7f623e598a6fdd; 2:ce9859eebfce0efdec681f3803309b16; 2:f77117399521417042a502202c4e207a,00:00:00:00:100/1,00:02:45:48:100/1,Avid MediaFiles/MXF/AVID2.1 20170426/KT8823_1.WA01.59015901AE17A.mxf; Avid MediaFiles/MXF/AVID2.1 20170426/KT8823_2.WA02.59015901AE17A.mxf; Avid MediaFiles/MXF/AVID2.1 20170426/KT8823_7.WA07.59015901AE17A.mxf; Avid MediaFiles/MXF/AVID2.1 20170426/KT8823_8.WA08.59015901AE17A.mxf
772,KT8824-5.WA05.59015901AE19A; KT8824-6.WA06.59015901AE19A;     519B /t 1   ,2:ca474e3d75b65be3cc2b13891a3a91d7; 2:59d2f5c07b4e2a05c8374f7e08f10e9c,00:00:00:00:100/1,00:03:02:76:100/1,Avid MediaFiles/MXF/AVID2.1 20170426/KT8824-5.WA05.59015901AE19A.mxf; Avid MediaFiles/MXF/AVID2.1 20170426/KT8824-6.WA06.59015901AE19A.mxf
773,KT8824_1.WA01.59015901AE19A; KT8824_2.WA02.59015901AE19A; KT8824_7.WA07.59015901AE19A; KT8824_8.WA08.59015901AE1AA;     519B /t 1   ,2:7b43530f6791c83d161465917e071bef; 2:7ddc3a984f1908aed7523cf7f55f623b; 2:efd96d1306ebfd64ca180e54560584ab; 2:5b0eede3b8b65378b28c2257d81e5bc4,00:00:00:00:100/1,00:03:02:76:100/1,Avid MediaFiles/MXF/AVID2.1 20170426/KT8824_1.WA01.59015901AE19A.mxf; Avid MediaFiles/MXF/AVID2.1 20170426/KT8824_2.WA02.59015901AE19A.mxf; Avid MediaFiles/MXF/AVID2.1 20170426/KT8824_7.WA07.59015901AE19A.mxf; Avid MediaFiles/MXF/AVID2.1 20170426/KT8824_8.WA08.59015901AE1AA.mxf
774,KT8825-5.WA05.59015901AE1BA; KT8825-6.WA06.59015901AE1BA;     519C /t 1   ,2:c808333945e6ff956f1daf0c35c2e967; 2:f00bcb5d4f8a5903235cad5b98374a82,00:00:00:00:100/1,00:02:18:84:100/1,Avid MediaFiles/MXF/AVID2.1 20170426/KT8825-5.WA05.59015901AE1BA.mxf; Avid MediaFiles/MXF/AVID2.1 20170426/KT8825-6.WA06.59015901AE1BA.mxf
775,KT8825_1.WA01.59015901AE1CA; KT8825_2.WA02.59015901AE1CA; KT8825_7.WA07.59015901AE1CA; KT8825_8.WA08.59015901AE1CA;     519C /t 1   ,2:e781de236bb9ea9dceefc1c16bbdf7f3; 2:c41516d8ae99e94fdcf83fb6c5e87b70; 2:4c1f68a9247d2d4d19edc0b614c902e0; 2:5d562091d5445d910cd94921a7a2ab07,00:00:00:00:100/1,00:02:18:84:100/1,Avid MediaFiles/MXF/AVID2.1 20170426/KT8825_1.WA01.59015901AE1CA.mxf; Avid MediaFiles/MXF/AVID2.1 20170426/KT8825_2.WA02.59015901AE1CA.mxf; Avid MediaFiles/MXF/AVID2.1 20170426/KT8825_7.WA07.59015901AE1CA.mxf; Avid MediaFiles/MXF/AVID2.1 20170426/KT8825_8.WA08.59015901AE1CA.mxf
776,KT8826-5.WA05.59015901AE1EA; KT8826-6.WA06.59015901AE1EA;     519C /t 2   ,2:d5a5ec12378ff09145f8101bfb929a75; 2:907a8bc9d400ff5cc6b505299cf43fc5,00:00:00:00:100/1,00:03:06:04:100/1,Avid MediaFiles/MXF/AVID2.1 20170426/KT8826-5.WA05.59015901AE1EA.mxf; Avid MediaFiles/MXF/AVID2.1 20170426/KT8826-6.WA06.59015901AE1EA.mxf
777,KT8826_1.WA01.59015901AE1FA; KT8826_2.WA02.59015901AE1FA; KT8826_7.WA07.59015901AE1FA; KT8826_8.WA08.59015901AE1FA;     519C /t 2   ,2:05f58f0673431d8a77156cbbc4f97876; 2:8458665c20bea257cef4c921ffa19e96; 2:d49c12e9aedc2e3b2d5fdd007fe2fd7f; 2:96a45d21ec6a83a9f5c7dbd66ac214a0,00:00:00:00:100/1,00:03:06:04:100/1,Avid MediaFiles/MXF/AVID2.1 20170426/KT8826_1.WA01.59015901AE1FA.mxf; Avid MediaFiles/MXF/AVID2.1 20170426/KT8826_2.WA02.59015901AE1FA.mxf; Avid MediaFiles/MXF/AVID2.1 20170426/KT8826_7.WA07.59015901AE1FA.mxf; Avid MediaFiles/MXF/AVID2.1 20170426/KT8826_8.WA08.59015901AE1FA.mxf
778,KT8828_1.WA01.5903590303D3A; KT8828_2.WA02.5903590303D3A; KT8828_7.WA07.5903590303D3A; KT8828_8.WA08.5903590303D3A;     232  /t 1   ,2:039d43f7d495125f9745d4ed9df2fb30; 2:23a262216f984d2f1cf47cf20296c808; 2:bfa503d21a86b76dde1ace1671cf2b12; 2:74512164b1b7b51a27eee737862f5707,00:00:00:00:100/1,00:00:57:24:100/1,Avid MediaFiles/MXF/AVID2.1 20170427/KT8828_1.WA01.5903590303D3A.mxf; Avid MediaFiles/MXF/AVID2.1 20170427/KT8828_2.WA02.5903590303D3A.mxf; Avid MediaFiles/MXF/AVID2.1 20170427/KT8828_7.WA07.5903590303D3A.mxf; Avid MediaFiles/MXF/AVID2.1 20170427/KT8828_8.WA08.5903590303D3A.mxf
779,KT8827_1.WA01.5903590303D3A; KT8827_2.WA02.5903590303D3A; KT8827_7.WA07.5903590303D3A; KT8827_8.WA08.5903590303D3A;     232  /n 1   ,2:c8cc1658b1eb541cbee437070958faf1; 2:f914c379b6a707ae9ac4d0400a901843; 2:90f8c00aa35ae28ca795a47ab5ea9fd7; 2:bcdbfdd58861c3dc8c4c20a511a37166,00:00:00:00:100/1,00:00:14:64:100/1,Avid MediaFiles/MXF/AVID2.1 20170427/KT8827_1.WA01.5903590303D3A.mxf; Avid MediaFiles/MXF/AVID2.1 20170427/KT8827_2.WA02.5903590303D3A.mxf; Avid MediaFiles/MXF/AVID2.1 20170427/KT8827_7.WA07.5903590303D3A.mxf; Avid MediaFiles/MXF/AVID2.1 20170427/KT8827_8.WA08.5903590303D3A.mxf
780,KT8829_1.WA01.5903590303D4A; KT8829_2.WA02.5903590303D4A; KT8829_7.WA07.5903590303D4A; KT8829_8.WA08.5903590303D4A;     232  /t 2   ,2:7cabbf749b6862b0f823a4173c37ae39; 2:2a318aa1d423473f5ee766d05e6d7c70; 2:b3e7369b2da3656d1c9bbb21eeff0ed5; 2:cb0c9045b9debcbc7adcbe09637ae05d,00:00:00:00:100/1,00:01:03:96:100/1,Avid MediaFiles/MXF/AVID2.1 20170427/KT8829_1.WA01.5903590303D4A.mxf; Avid MediaFiles/MXF/AVID2.1 20170427/KT8829_2.WA02.5903590303D4A.mxf; Avid MediaFiles/MXF/AVID2.1 20170427/KT8829_7.WA07.5903590303D4A.mxf; Avid MediaFiles/MXF/AVID2.1 20170427/KT8829_8.WA08.5903590303D4A.mxf
781,KT8831_1.WA01.5903590303D5A; KT8831_2.WA02.5903590303D5A; KT8831_7.WA07.5903590303D5A; KT8831_8.WA08.5903590303D5A;     609S /t 1   ,2:8bbfbf26b7a653527dcf7e1f11c6f151; 2:4550155942b055f02174c267cd05599f; 2:f8be6daa1dd410b2b342ed9a4b16e520; 2:4a49199b4468f193987e4b25cbe18ec9,00:00:00:00:100/1,00:01:28:48:100/1,Avid MediaFiles/MXF/AVID2.1 20170427/KT8831_1.WA01.5903590303D5A.mxf; Avid MediaFiles/MXF/AVID2.1 20170427/KT8831_2.WA02.5903590303D5A.mxf; Avid MediaFiles/MXF/AVID2.1 20170427/KT8831_7.WA07.5903590303D5A.mxf; Avid MediaFiles/MXF/AVID2.1 20170427/KT8831_8.WA08.5903590303D5A.mxf
782,KT8830_1.WA01.5903590303D4A; KT8830_2.WA02.5903590303D4A; KT8830_7.WA07.5903590303D4A; KT8830_8.WA08.5903590303D4A;     232  /t 3   ,2:4885ca170168347020ec72be8c5a2f98; 2:c3f2075fea9e1dec4f927e00371fa1ab; 2:22e4489e5828f8532c2bebecce115a57; 2:61ecc97ea29f98536909e5baafbc8285,00:00:00:00:100/1,00:01:06:76:100/1,Avid MediaFiles/MXF/AVID2.1 20170427/KT8830_1.WA01.5903590303D4A.mxf; Avid MediaFiles/MXF/AVID2.1 20170427/KT8830_2.WA02.5903590303D4A.mxf; Avid MediaFiles/MXF/AVID2.1 20170427/KT8830_7.WA07.5903590303D4A.mxf; Avid MediaFiles/MXF/AVID2.1 20170427/KT8830_8.WA08.5903590303D4A.mxf
783,KT8832_1.WA01.5903590303D6A; KT8832_2.WA02.5903590303D6A; KT8832_7.WA07.5903590303D6A; KT8832_8.WA08.5903590303D6A;     609S /t 2   ,2:69f76afba61bbcfb176d887b6909291a; 2:a8540f0ea37ffadbaf5c07eab8fb6fa7; 2:bce63f4890c4342f172e1c2438bdc654; 2:e05f1e31fd480cf637ad8a07224bf642,00:00:00:00:100/1,00:01:35:28:100/1,Avid MediaFiles/MXF/AVID2.1 20170427/KT8832_1.WA01.5903590303D6A.mxf; Avid MediaFiles/MXF/AVID2.1 20170427/KT8832_2.WA02.5903590303D6A.mxf; Avid MediaFiles/MXF/AVID2.1 20170427/KT8832_7.WA07.5903590303D6A.mxf; Avid MediaFiles/MXF/AVID2.1 20170427/KT8832_8.WA08.5903590303D6A.mxf
784,KT8833_1.WA01.5903590303D7A; KT8833_3.WA03.5903590303D7A; KT8833_4.WA04.5903590303D7A; KT8833_7.WA07.5903590303D7A; KT8833_8.WA08.5903590303D7A;     105  /t 1   ,2:79e52a6b6fbfe2e6d8b8a6948c90b941; 2:b17ead849da99cf10a13f23d594456b3; 2:fd0b689311cd60c862d9259bb15e95bb; 2:e75b7256368be0c9abc49cbebaed39f5; 2:1af61a9c081f4f6cb4f6697256786cdd,00:00:00:00:100/1,00:01:56:96:100/1,Avid MediaFiles/MXF/AVID2.1 20170427/KT8833_1.WA01.5903590303D7A.mxf; Avid MediaFiles/MXF/AVID2.1 20170427/KT8833_3.WA03.5903590303D7A.mxf; Avid MediaFiles/MXF/AVID2.1 20170427/KT8833_4.WA04.5903590303D7A.mxf; Avid MediaFiles/MXF/AVID2.1 20170427/KT8833_7.WA07.5903590303D7A.mxf; Avid MediaFiles/MXF/AVID2.1 20170427/KT8833_8.WA08.5903590303D7A.mxf
785,KT8834_1.WA01.5903590303D8A; KT8834_3.WA03.5903590303D8A; KT8834_4.WA04.5903590303D8A; KT8834_7.WA07.5903590303D8A; KT8834_8.WA08.5903590303D8A;     105  /t 2   ,2:e36822636db7959b33a7ef235c047123; 2:3bf0f45427cfc00b5d4701274d044e7f; 2:6170072154dfe4bf2e9a158a4e98efad; 2:9da543db580ae8c1d7a7220608c25751; 2:7fbfc60842c2ae08987663f6961f8fe4,00:00:00:00:100/1,00:01:08:12:100/1,Avid MediaFiles/MXF/AVID2.1 20170427/KT8834_1.WA01.5903590303D8A.mxf; Avid MediaFiles/MXF/AVID2.1 20170427/KT8834_3.WA03.5903590303D8A.mxf; Avid MediaFiles/MXF/AVID2.1 20170427/KT8834_4.WA04.5903590303D8A.mxf; Avid MediaFiles/MXF/AVID2.1 20170427/KT8834_7.WA07.5903590303D8A.mxf; Avid MediaFiles/MXF/AVID2.1 20170427/KT8834_8.WA08.5903590303D8A.mxf
786,KT8836_1.WA01.5903590303DAA; KT8836_3.WA03.5903590303DAA; KT8836_4.WA04.5903590303DAA; KT8836_7.WA07.5903590303DAA; KT8836_8.WA08.5903590303DAA;     105  /t 4   ,2:4cfee7ac435ecad44480b8e548f1a736; 2:4cbac0dc5f768d28bfc3cac8b3f75e8c; 2:542451c056336a938aee808952517d3c; 2:d5095ebacd56c3fcff247e4bb4d9822a; 2:f7214a0501f89b9fbed3c1c6af9c3c2b,00:00:00:00:100/1,00:01:34:16:100/1,Avid MediaFiles/MXF/AVID2.1 20170427/KT8836_1.WA01.5903590303DAA.mxf; Avid MediaFiles/MXF/AVID2.1 20170427/KT8836_3.WA03.5903590303DAA.mxf; Avid MediaFiles/MXF/AVID2.1 20170427/KT8836_4.WA04.5903590303DAA.mxf; Avid MediaFiles/MXF/AVID2.1 20170427/KT8836_7.WA07.5903590303DAA.mxf; Avid MediaFiles/MXF/AVID2.1 20170427/KT8836_8.WA08.5903590303DAA.mxf
787,KT8835_1.WA01.5903590303D9A; KT8835_3.WA03.5903590303D9A; KT8835_4.WA04.5903590303D9A; KT8835_7.WA07.5903590303D9A; KT8835_8.WA08.5903590303D9A;     105  /t 3   ,2:8e91582a7f3e36bb27b0161bdc4399af; 2:12bbc0fa79d62c3f940ff69b100d4a3d; 2:23a56fd3996dbe3f5d93a5a1e5317521; 2:0c67f9d3df6319b7e25195046e2d9b43; 2:ca4359c6f65fe271f7aa57f17dfd0b34,00:00:00:00:100/1,00:01:13:08:100/1,Avid MediaFiles/MXF/AVID2.1 20170427/KT8835_1.WA01.5903590303D9A.mxf; Avid MediaFiles/MXF/AVID2.1 20170427/KT8835_3.WA03.5903590303D9A.mxf; Avid MediaFiles/MXF/AVID2.1 20170427/KT8835_4.WA04.5903590303D9A.mxf; Avid MediaFiles/MXF/AVID2.1 20170427/KT8835_7.WA07.5903590303D9A.mxf; Avid MediaFiles/MXF/AVID2.1 20170427/KT8835_8.WA08.5903590303D9A.mxf
788,KT8837_1.WA01.5903590303DBA; KT8837_3.WA03.5903590303DBA; KT8837_4.WA04.5903590303DBA; KT8837_7.WA07.5903590303DBA; KT8837_8.WA08.5903590303DBA;     105  /t 5   ,2:8bfc9eec136c220cca53226a6a06de16; 2:dfdbd6dab20fbdce3552658f38d20638; 2:97f7b18a6f65efef65150da5436d6c4d; 2:9c423dbf65de6f37835b5d068b427f34; 2:087ed6c00e924df5a8407f681e6f6432,00:00:00:00:100/1,00:01:28:52:100/1,Avid MediaFiles/MXF/AVID2.1 20170427/KT8837_1.WA01.5903590303DBA.mxf; Avid MediaFiles/MXF/AVID2.1 20170427/KT8837_3.WA03.5903590303DBA.mxf; Avid MediaFiles/MXF/AVID2.1 20170427/KT8837_4.WA04.5903590303DBA.mxf; Avid MediaFiles/MXF/AVID2.1 20170427/KT8837_7.WA07.5903590303DBA.mxf; Avid MediaFiles/MXF/AVID2.1 20170427/KT8837_8.WA08.5903590303DBA.mxf
789,KT8838_1.WA01.5903590303DCA; KT8838_3.WA03.5903590303DCA; KT8838_4.WA04.5903590303DCA; KT8838_7.WA07.5903590303DCA; KT8838_8.WA08.5903590303DCA;     105  /t 6   ,2:e8d36de75e73e7877bdef0bfb9f05dad; 2:3b9117c78550fbd8f692abcc8a099994; 2:ba4abceee90a423cb97e77cffef8b70b; 2:a681d14009924b2f87a06934d776ffe1; 2:ca93d923dc86075b9f35cbbff0be94b8,00:00:00:00:100/1,00:01:26:96:100/1,Avid MediaFiles/MXF/AVID2.1 20170427/KT8838_1.WA01.5903590303DCA.mxf; Avid MediaFiles/MXF/AVID2.1 20170427/KT8838_3.WA03.5903590303DCA.mxf; Avid MediaFiles/MXF/AVID2.1 20170427/KT8838_4.WA04.5903590303DCA.mxf; Avid MediaFiles/MXF/AVID2.1 20170427/KT8838_7.WA07.5903590303DCA.mxf; Avid MediaFiles/MXF/AVID2.1 20170427/KT8838_8.WA08.5903590303DCA.mxf
790,KT8839_1.WA01.5903590303DDA; KT8839_3.WA03.5903590303DEA; KT8839_4.WA04.5903590303DEA; KT8839_7.WA07.5903590303DEA; KT8839_8.WA08.5903590303DEA;     105A /t 1   ,2:36655d1b56e59f6661ca4a8703da78cf; 2:e857bf0af2d9764a859a7fefb8a0c7f5; 2:9d19c594cebe3a590549ba15c5801362; 2:52618e834e262867be0b80ab6bcc01af; 2:07735d048d6da8427f054eca6b0642f3,00:00:00:00:100/1,00:01:38:28:100/1,Avid MediaFiles/MXF/AVID2.1 20170427/KT8839_1.WA01.5903590303DDA.mxf; Avid MediaFiles/MXF/AVID2.1 20170427/KT8839_3.WA03.5903590303DEA.mxf; Avid MediaFiles/MXF/AVID2.1 20170427/KT8839_4.WA04.5903590303DEA.mxf; Avid MediaFiles/MXF/AVID2.1 20170427/KT8839_7.WA07.5903590303DEA.mxf; Avid MediaFiles/MXF/AVID2.1 20170427/KT8839_8.WA08.5903590303DEA.mxf
791,KT8840_1.WA01.5903590303DFA; KT8840_3.WA03.5903590303DFA; KT8840_4.WA04.5903590303DFA; KT8840_7.WA07.5903590303DFA; KT8840_8.WA08.5903590303DFA;     105A /t 2   ,2:f1f0e5146245e8d4a7d817ef730e1b7a; 2:abaa747b375421365de66043a183bbbc; 2:90f7834d18aed2aa62ce6624568c619f; 2:a2de7d6b459ad4149274bd2ef4eee497; 2:c53f084b930791be31e060de29ae5233,00:00:00:00:100/1,00:01:47:16:100/1,Avid MediaFiles/MXF/AVID2.1 20170427/KT8840_1.WA01.5903590303DFA.mxf; Avid MediaFiles/MXF/AVID2.1 20170427/KT8840_3.WA03.5903590303DFA.mxf; Avid MediaFiles/MXF/AVID2.1 20170427/KT8840_4.WA04.5903590303DFA.mxf; Avid MediaFiles/MXF/AVID2.1 20170427/KT8840_7.WA07.5903590303DFA.mxf; Avid MediaFiles/MXF/AVID2.1 20170427/KT8840_8.WA08.5903590303DFA.mxf
792,KT8841_1.WA01.5903590303E0A; KT8841_3.WA03.5903590303E0A; KT8841_4.WA04.5903590303E0A; KT8841_7.WA07.5903590303E0A; KT8841_8.WA08.5903590303E0A;     105A /n 3   ,2:868bfc0033b275845fd72ad4c5851322; 2:37261861e0587a1a4821a8ac7a106652; 2:cdb41441f8b6d5e9336fdf40cbf728a6; 2:a47a39cf7c5cf07d820671073eac2453; 2:935999eec35bf8dd28083ab5ea96d9cf,00:00:00:00:100/1,00:00:41:80:100/1,Avid MediaFiles/MXF/AVID2.1 20170427/KT8841_1.WA01.5903590303E0A.mxf; Avid MediaFiles/MXF/AVID2.1 20170427/KT8841_3.WA03.5903590303E0A.mxf; Avid MediaFiles/MXF/AVID2.1 20170427/KT8841_4.WA04.5903590303E0A.mxf; Avid MediaFiles/MXF/AVID2.1 20170427/KT8841_7.WA07.5903590303E0A.mxf; Avid MediaFiles/MXF/AVID2.1 20170427/KT8841_8.WA08.5903590303E0A.mxf
793,KT8842_1.WA01.5903590303E1A; KT8842_3.WA03.5903590303E1A; KT8842_4.WA04.5903590303E1A; KT8842_7.WA07.5903590303E1A; KT8842_8.WA08.5903590303E1A;     105A /t 3   ,2:4c23629564f0be0e82e7958914192cca; 2:cbdebf7442aec3036f297f0b81529bc5; 2:927fb1e96d0d48941d7b0684b55467ff; 2:871083728c33edde47b497b201e8cf7b; 2:215e919a649955e9e6043f94924674cf,00:00:00:00:100/1,00:01:43:48:100/1,Avid MediaFiles/MXF/AVID2.1 20170427/KT8842_1.WA01.5903590303E1A.mxf; Avid MediaFiles/MXF/AVID2.1 20170427/KT8842_3.WA03.5903590303E1A.mxf; Avid MediaFiles/MXF/AVID2.1 20170427/KT8842_4.WA04.5903590303E1A.mxf; Avid MediaFiles/MXF/AVID2.1 20170427/KT8842_7.WA07.5903590303E1A.mxf; Avid MediaFiles/MXF/AVID2.1 20170427/KT8842_8.WA08.5903590303E1A.mxf
794,KT8843_1.WA01.5903590303E2A; KT8843_3.WA03.5903590303E2A; KT8843_4.WA04.5903590303E2A; KT8843_7.WA07.5903590303E2A; KT8843_8.WA08.5903590303E2A;     105B /t 1   ,2:bedbb3da5b5cae764d56ef203fe9f226; 2:4f1db54e5921657dedf8de16e4d1c0e1; 2:73885db6fe5b8deb023beda18904e265; 2:cf0164455a347c939f80f618038626e0; 2:974d749ba3369e03fc7ca5efd70f77bb,00:00:00:00:100/1,00:01:36:36:100/1,Avid MediaFiles/MXF/AVID2.1 20170427/KT8843_1.WA01.5903590303E2A.mxf; Avid MediaFiles/MXF/AVID2.1 20170427/KT8843_3.WA03.5903590303E2A.mxf; Avid MediaFiles/MXF/AVID2.1 20170427/KT8843_4.WA04.5903590303E2A.mxf; Avid MediaFiles/MXF/AVID2.1 20170427/KT8843_7.WA07.5903590303E2A.mxf; Avid MediaFiles/MXF/AVID2.1 20170427/KT8843_8.WA08.5903590303E2A.mxf
795,KT8844_1.WA01.5903590303E3A; KT8844_3.WA03.5903590303E3A; KT8844_4.WA04.5903590303E3A; KT8844_7.WA07.5903590303E3A; KT8844_8.WA08.5903590303E3A;     105B /t 2   ,2:df09506c05c24c7b0b5d38db28a75216; 2:f9c3bf11d26a873e566930de465ea115; 2:3a75a5f09c164554325481f5561a0d43; 2:225e8313a8d2a87120e1a03de2695c99; 2:9fd3de1e4dd89103fcafa99f81df9cd0,00:00:00:00:100/1,00:01:36:04:100/1,Avid MediaFiles/MXF/AVID2.1 20170427/KT8844_1.WA01.5903590303E3A.mxf; Avid MediaFiles/MXF/AVID2.1 20170427/KT8844_3.WA03.5903590303E3A.mxf; Avid MediaFiles/MXF/AVID2.1 20170427/KT8844_4.WA04.5903590303E3A.mxf; Avid MediaFiles/MXF/AVID2.1 20170427/KT8844_7.WA07.5903590303E3A.mxf; Avid MediaFiles/MXF/AVID2.1 20170427/KT8844_8.WA08.5903590303E3A.mxf
796,KT8845_1.WA01.5903590303E4A; KT8845_3.WA03.5903590303E4A; KT8845_4.WA04.5903590303E4A; KT8845_7.WA07.5903590303E4A; KT8845_8.WA08.5903590303E4A;     105C /t 1   ,2:977cedb6006f648eea848bf24c71010e; 2:0b68aeb129eda86f7665aac7e63e363e; 2:7ea82df67a83613012f6002f17c40b26; 2:21752519f6c262a6f97f4ee3c0e5d5ce; 2:891bbe2227413c78c19ed2a7058affd4,00:00:00:00:100/1,00:01:38:76:100/1,Avid MediaFiles/MXF/AVID2.1 20170427/KT8845_1.WA01.5903590303E4A.mxf; Avid MediaFiles/MXF/AVID2.1 20170427/KT8845_3.WA03.5903590303E4A.mxf; Avid MediaFiles/MXF/AVID2.1 20170427/KT8845_4.WA04.5903590303E4A.mxf; Avid MediaFiles/MXF/AVID2.1 20170427/KT8845_7.WA07.5903590303E4A.mxf; Avid MediaFiles/MXF/AVID2.1 20170427/KT8845_8.WA08.5903590303E4A.mxf
797,KT8846_1.WA01.5903590303E6A; KT8846_3.WA03.5903590303E6A; KT8846_4.WA04.5903590303E6A; KT8846_7.WA07.5903590303E6A; KT8846_8.WA08.5903590303E6A;     105C /t 2   ,2:798d3259c5ae79a486d6d843a1abe5a1; 2:8fa5bc5b4733185f442970a026599527; 2:b489b1d3a44abb587d1fcf205b896a17; 2:3723de34ace52bbf2254276f6742c645; 2:cdfa162be97a704cbab955a087122833,00:00:00:00:100/1,00:01:37:96:100/1,ARD 2 fehlende Clips/KT8846_1.WA01.5903590303E6A.mxf; Avid MediaFiles/MXF/AVID2.1 20170427/KT8846_1.WA01.5903590303E6A.mxf; +++ EXPORTE/ROTOR ARD/ard2/fehlende clips/KT8846_1.WA01.5903590303E6A.mxf; ARD 2 fehlende Clips/KT8846_3.WA03.5903590303E6A.mxf; Avid MediaFiles/MXF/AVID2.1 20170427/KT8846_3.WA03.5903590303E6A.mxf; +++ EXPORTE/ROTOR ARD/ard2/fehlende clips/KT8846_3.WA03.5903590303E6A.mxf; ARD 2 fehlende Clips/KT8846_4.WA04.5903590303E6A.mxf; Avid MediaFiles/MXF/AVID2.1 20170427/KT8846_4.WA04.5903590303E6A.mxf; +++ EXPORTE/ROTOR ARD/ard2/fehlende clips/KT8846_4.WA04.5903590303E6A.mxf; ARD 2 fehlende Clips/KT8846_7.WA07.5903590303E6A.mxf; Avid MediaFiles/MXF/AVID2.1 20170427/KT8846_7.WA07.5903590303E6A.mxf; +++ EXPORTE/ROTOR ARD/ard2/fehlende clips/KT8846_7.WA07.5903590303E6A.mxf; ARD 2 fehlende Clips/KT8846_8.WA08.5903590303E6A.mxf; Avid MediaFiles/MXF/AVID2.1 20170427/KT8846_8.WA08.5903590303E6A.mxf; +++ EXPORTE/ROTOR ARD/ard2/fehlende clips/KT8846_8.WA08.5903590303E6A.mxf
798,KT8847_1.WA01.5903590303E7A; KT8847_3.WA03.5903590303E7A; KT8847_4.WA04.5903590303E7A; KT8847_7.WA07.5903590303E7A; KT8847_8.WA08.5903590303E7A;     105D /t 1   ,2:1aff8710e1fb18196e32bd77a079465d; 2:21fdd07ae52182fb3519aa53a3ca7f0f; 2:e23801349158e94d90602f065d41d3d8; 2:a3370468769801303f520f9575aec299; 2:11f38698f573d7cc4638e47350be57c5,00:00:00:00:100/1,00:01:31:44:100/1,Avid MediaFiles/MXF/AVID2.1 20170427/KT8847_1.WA01.5903590303E7A.mxf; Avid MediaFiles/MXF/AVID2.1 20170427/KT8847_3.WA03.5903590303E7A.mxf; Avid MediaFiles/MXF/AVID2.1 20170427/KT8847_4.WA04.5903590303E7A.mxf; Avid MediaFiles/MXF/AVID2.1 20170427/KT8847_7.WA07.5903590303E7A.mxf; Avid MediaFiles/MXF/AVID2.1 20170427/KT8847_8.WA08.5903590303E7A.mxf
799,KT8848_1.WA01.5903590303E8A; KT8848_3.WA03.5903590303E8A; KT8848_4.WA04.5903590303E8A; KT8848_7.WA07.5903590303E8A; KT8848_8.WA08.5903590303E8A;     105D /t 2   ,2:7cf7866eb820405579a350d124b80d32; 2:7ee9fe198e83ad4e96f464606f268222; 2:9f1ec85000fe3224f6d8cb7542130006; 2:bb4af9abd07ec31177db606be5130692; 2:e9e1de224ad2101398566b0a87dab5df,00:00:00:00:100/1,00:01:54:60:100/1,Avid MediaFiles/MXF/AVID2.1 20170427/KT8848_1.WA01.5903590303E8A.mxf; Avid MediaFiles/MXF/AVID2.1 20170427/KT8848_3.WA03.5903590303E8A.mxf; Avid MediaFiles/MXF/AVID2.1 20170427/KT8848_4.WA04.5903590303E8A.mxf; Avid MediaFiles/MXF/AVID2.1 20170427/KT8848_7.WA07.5903590303E8A.mxf; Avid MediaFiles/MXF/AVID2.1 20170427/KT8848_8.WA08.5903590303E8A.mxf
800,KT8849_1.WA01.5903590303E9A; KT8849_7.WA07.5903590303E9A; KT8849_8.WA08.5903590303E9A;     105  /w 1   ,2:eb359058a9ca3f14bb7f6d9bc5f104f5; 2:82910583483e41177520d3122e63d626; 2:733717fddfc4bf5f79cb5bfa79a9d640,00:00:00:00:100/1,00:01:35:64:100/1,Avid MediaFiles/MXF/AVID2.1 20170427/KT8849_1.WA01.5903590303E9A.mxf; Avid MediaFiles/MXF/AVID2.1 20170427/KT8849_7.WA07.5903590303E9A.mxf; Avid MediaFiles/MXF/AVID2.1 20170427/KT8849_8.WA08.5903590303E9A.mxf
801,KT8850_1.WA01.5903590303EAA; KT8850_2.WA02.5903590303EAA; KT8850_3.WA03.5903590303EAA; KT8850_7.WA07.5903590303EAA; KT8850_8.WA08.5903590303EAA;     103  /t 1   ,2:ccc292a28253916257b0f99ce11ce721; 2:399d6c30fed55849c65b519ff55e8c55; 2:d013f9139e7270f918c6a2ae32cbe631; 2:ee33c99258b4eb3613700287b9f663af; 2:3a455313e5c87017e615f507d16f207c,00:00:00:00:100/1,00:01:23:00:100/1,Avid MediaFiles/MXF/AVID2.1 20170427/KT8850_1.WA01.5903590303EAA.mxf; Avid MediaFiles/MXF/AVID2.1 20170427/KT8850_2.WA02.5903590303EAA.mxf; Avid MediaFiles/MXF/AVID2.1 20170427/KT8850_3.WA03.5903590303EAA.mxf; Avid MediaFiles/MXF/AVID2.1 20170427/KT8850_7.WA07.5903590303EAA.mxf; Avid MediaFiles/MXF/AVID2.1 20170427/KT8850_8.WA08.5903590303EAA.mxf
802,KT8851_1.WA01.5903590303EBA; KT8851_2.WA02.5903590303EBA; KT8851_3.WA03.5903590303EBA; KT8851_7.WA07.5903590303EBA; KT8851_8.WA08.5903590303EBA;     103  /t 2   ,2:81dd3234a64819b51023a2f8b260930a; 2:2bbed05694961c29b5db20809b8aa181; 2:57f20aa385ebae729f50b91704d88ad9; 2:a3cc45a0ab5feed4eda8c946d62ddf9e; 2:b76ad576dcecec67d0d09a08c492f405,00:00:00:00:100/1,00:00:50:52:100/1,Avid MediaFiles/MXF/AVID2.1 20170427/KT8851_1.WA01.5903590303EBA.mxf; Avid MediaFiles/MXF/AVID2.1 20170427/KT8851_2.WA02.5903590303EBA.mxf; Avid MediaFiles/MXF/AVID2.1 20170427/KT8851_3.WA03.5903590303EBA.mxf; Avid MediaFiles/MXF/AVID2.1 20170427/KT8851_7.WA07.5903590303EBA.mxf; Avid MediaFiles/MXF/AVID2.1 20170427/KT8851_8.WA08.5903590303EBA.mxf
803,KT8852_1.WA01.5903590303ECA; KT8852_2.WA02.5903590303ECA; KT8852_3.WA03.5903590303ECA; KT8852_7.WA07.5903590303ECA; KT8852_8.WA08.5903590303ECA;     103  /t 3   ,2:367868eb948ff7287e4e3a30b7b550ca; 2:bceb624e8679ccb7e5187cc4dc22c799; 2:d0e47069675982b453741d29539cb3dd; 2:6b42fac0f4a5fe610dbb4980a437cfb8; 2:dbd2a4369f41a02643710d7170c45a04,00:00:00:00:100/1,00:00:43:24:100/1,Avid MediaFiles/MXF/AVID2.1 20170427/KT8852_1.WA01.5903590303ECA.mxf; Avid MediaFiles/MXF/AVID2.1 20170427/KT8852_2.WA02.5903590303ECA.mxf; Avid MediaFiles/MXF/AVID2.1 20170427/KT8852_3.WA03.5903590303ECA.mxf; Avid MediaFiles/MXF/AVID2.1 20170427/KT8852_7.WA07.5903590303ECA.mxf; Avid MediaFiles/MXF/AVID2.1 20170427/KT8852_8.WA08.5903590303ECA.mxf
804,KT8853_1.WA01.5903590303EDA; KT8853_2.WA02.5903590303EDA; KT8853_3.WA03.5903590303EDA; KT8853_7.WA07.5903590303EDA; KT8853_8.WA08.5903590303EDA;     103  /t 4   ,2:a93e47dabc00873bf5b5660cd61d1a09; 2:978a5a1eaab9ffafe328cea621778a08; 2:d4771983131bc680ab89d507b852f5e2; 2:0d9e152c68fd0caa6d13090fe7db8d85; 2:2dc4c676f0c02539a32acc54902d703f,00:00:00:00:100/1,00:01:18:08:100/1,Avid MediaFiles/MXF/AVID2.1 20170427/KT8853_1.WA01.5903590303EDA.mxf; Avid MediaFiles/MXF/AVID2.1 20170427/KT8853_2.WA02.5903590303EDA.mxf; Avid MediaFiles/MXF/AVID2.1 20170427/KT8853_3.WA03.5903590303EDA.mxf; Avid MediaFiles/MXF/AVID2.1 20170427/KT8853_7.WA07.5903590303EDA.mxf; Avid MediaFiles/MXF/AVID2.1 20170427/KT8853_8.WA08.5903590303EDA.mxf
805,KT8854_1.WA01.5903590303EEA; KT8854_2.WA02.5903590303EEA; KT8854_3.WA03.5903590303EEA; KT8854_7.WA07.5903590303EEA; KT8854_8.WA08.5903590303EEA;     103  /t 5   ,2:20dfd1c51fd655a4be7df05c2fce5a02; 2:4a748628be15e0ae1588a112e602e15d; 2:cfde58d49cfa73ef5fe7e1c9dac13df5; 2:1635e966e24ab5d88e2e471d5f363c1e; 2:de604db5bcf17e7c8a10339b78dd0ac7,00:00:00:00:100/1,00:00:51:48:100/1,Avid MediaFiles/MXF/AVID2.1 20170427/KT8854_1.WA01.5903590303EEA.mxf; Avid MediaFiles/MXF/AVID2.1 20170427/KT8854_2.WA02.5903590303EEA.mxf; Avid MediaFiles/MXF/AVID2.1 20170427/KT8854_3.WA03.5903590303EEA.mxf; Avid MediaFiles/MXF/AVID2.1 20170427/KT8854_7.WA07.5903590303EEA.mxf; Avid MediaFiles/MXF/AVID2.1 20170427/KT8854_8.WA08.5903590303EEA.mxf
806,KT8855_1.WA01.5903590303EEA; KT8855_2.WA02.5903590303EEA; KT8855_3.WA03.5903590303EEA; KT8855_7.WA07.5903590303EEA; KT8855_8.WA08.5903590303EEA;     103  /t 6   ,2:283be85b1d55a73f06489e6294639151; 2:a9361c1de38695142e06acaa2b7ad620; 2:cae98a0c3fb61c896ac58312ed2f8579; 2:5d0960533cf777951bac0cbb6a4ff8bd; 2:8681cba9e93f70cf79924c4992ef8673,00:00:00:00:100/1,00:01:16:48:100/1,Avid MediaFiles/MXF/AVID2.1 20170427/KT8855_1.WA01.5903590303EEA.mxf; Avid MediaFiles/MXF/AVID2.1 20170427/KT8855_2.WA02.5903590303EEA.mxf; Avid MediaFiles/MXF/AVID2.1 20170427/KT8855_3.WA03.5903590303EEA.mxf; Avid MediaFiles/MXF/AVID2.1 20170427/KT8855_7.WA07.5903590303EEA.mxf; Avid MediaFiles/MXF/AVID2.1 20170427/KT8855_8.WA08.5903590303EEA.mxf
807,KT8856_1.WA01.5903590303EFA; KT8856_2.WA02.5903590303EFA; KT8856_3.WA03.5903590303EFA; KT8856_4.WA04.5903590303F0A; KT8856_7.WA07.5903590303F0A; KT8856_8.WA08.5903590303F0A;     307  /t 1   ,2:e71b532a620c6547544ba43010c202ee; 2:dcb182b64f777e2ebafbef2e25e9eac4; 2:13396e79b4881e5b624f6cbc147ef249; 2:8062d9f73f7f001d959a8765364103d4; 2:19b8ee0179d5d10aec5abf590fc78e8b; 2:a22cb03168ac62d791035a487d452fc3,00:00:00:00:100/1,00:00:53:84:100/1,Avid MediaFiles/MXF/AVID2.1 20170427/KT8856_1.WA01.5903590303EFA.mxf; Avid MediaFiles/MXF/AVID2.1 20170427/KT8856_2.WA02.5903590303EFA.mxf; Avid MediaFiles/MXF/AVID2.1 20170427/KT8856_3.WA03.5903590303EFA.mxf; Avid MediaFiles/MXF/AVID2.1 20170427/KT8856_4.WA04.5903590303F0A.mxf; Avid MediaFiles/MXF/AVID2.1 20170427/KT8856_7.WA07.5903590303F0A.mxf; Avid MediaFiles/MXF/AVID2.1 20170427/KT8856_8.WA08.5903590303F0A.mxf
808,KT8857_1.WA01.5903590303F0A; KT8857_2.WA02.5903590303F0A; KT8857_3.WA03.5903590303F0A; KT8857_4.WA04.5903590303F0A; KT8857_7.WA07.5903590303F0A; KT8857_8.WA08.5903590303F0A;     307  /t 2   ,2:7d56d43fde25c9b2eddff4662ecce87f; 2:a7da78b3914ad8d7603a97d46ce89792; 2:2d3d2530d83ec9d23bc16738d5eff274; 2:bbfdd9270350ec4bb02552954625a21d; 2:c5f57a354dbf602e19eb93cae1a35cf5; 2:8c3873585e65dfd1b4ae4dafece096e7,00:00:00:00:100/1,00:02:01:84:100/1,Avid MediaFiles/MXF/AVID2.1 20170427/KT8857_1.WA01.5903590303F0A.mxf; Avid MediaFiles/MXF/AVID2.1 20170427/KT8857_2.WA02.5903590303F0A.mxf; Avid MediaFiles/MXF/AVID2.1 20170427/KT8857_3.WA03.5903590303F0A.mxf; Avid MediaFiles/MXF/AVID2.1 20170427/KT8857_4.WA04.5903590303F0A.mxf; Avid MediaFiles/MXF/AVID2.1 20170427/KT8857_7.WA07.5903590303F0A.mxf; Avid MediaFiles/MXF/AVID2.1 20170427/KT8857_8.WA08.5903590303F0A.mxf
809,KT8858_1.WA01.5903590303F2A; KT8858_2.WA02.5903590303F2A; KT8858_3.WA03.5903590303F2A; KT8858_4.WA04.5903590303F2A; KT8858_7.WA07.5903590303F2A; KT8858_8.WA08.5903590303F2A;     307  /t 3   ,2:e6160e1a8536e989428e224304d465e1; 2:db25673478f540a02f9a8fd5283f7141; 2:7968d7500e38d0374501ab3ee733ca93; 2:a3dd0455836ad31384df7849f74e05d6; 2:b75a7c2fad57f8873e0eb3b8710e3a94; 2:036398ec8b644ec1bef951c29b34be8e,00:00:00:00:100/1,00:02:09:48:100/1,Avid MediaFiles/MXF/AVID2.1 20170427/KT8858_1.WA01.5903590303F2A.mxf; Avid MediaFiles/MXF/AVID2.1 20170427/KT8858_2.WA02.5903590303F2A.mxf; Avid MediaFiles/MXF/AVID2.1 20170427/KT8858_3.WA03.5903590303F2A.mxf; Avid MediaFiles/MXF/AVID2.1 20170427/KT8858_4.WA04.5903590303F2A.mxf; Avid MediaFiles/MXF/AVID2.1 20170427/KT8858_7.WA07.5903590303F2A.mxf; Avid MediaFiles/MXF/AVID2.1 20170427/KT8858_8.WA08.5903590303F2A.mxf
810,KT8859_1.WA01.5903590303F4A; KT8859_2.WA02.5903590303F4A; KT8859_3.WA03.5903590303F4A; KT8859_4.WA04.5903590303F4A; KT8859_7.WA07.5903590303F4A; KT8859_8.WA08.5903590303F4A;     307  /t 4   ,2:cc2b2719a7751761c5465682b1a9b829; 2:fed1b22e4caf52aad6ef40e35e9f23b6; 2:7df764e292ec3e97e9f792fd412a1440; 2:da39ecfbc66421910ed94a23939aed17; 2:67e248da2f4ca800e904c5a2e1472ec2; 2:45362da5d516b42f2b059e7e7ae1ee7f,00:00:00:00:100/1,00:00:49:12:100/1,Avid MediaFiles/MXF/AVID2.1 20170427/KT8859_1.WA01.5903590303F4A.mxf; Avid MediaFiles/MXF/AVID2.1 20170427/KT8859_2.WA02.5903590303F4A.mxf; Avid MediaFiles/MXF/AVID2.1 20170427/KT8859_3.WA03.5903590303F4A.mxf; Avid MediaFiles/MXF/AVID2.1 20170427/KT8859_4.WA04.5903590303F4A.mxf; Avid MediaFiles/MXF/AVID2.1 20170427/KT8859_7.WA07.5903590303F4A.mxf; Avid MediaFiles/MXF/AVID2.1 20170427/KT8859_8.WA08.5903590303F4A.mxf
811,KT8861_1.WA01.5903590303F6A; KT8861_2.WA02.5903590303F6A; KT8861_3.WA03.5903590303F6A; KT8861_4.WA04.5903590303F6A; KT8861_7.WA07.5903590303F6A; KT8861_8.WA08.5903590303F6A;     307  /t 5   ,2:9ebd1c2dd7f7f68ba2ba17c5f60176c3; 2:f7073afbc32a8a236bcf1d4602382b15; 2:e523cd3a5348eba54d044c2a45710d5f; 2:dd181293e57a063f153bcdda7f05ecda; 2:cea00169fd754b226b9b3e0cfb9230d1; 2:c75e90fab706f6a9320141287c208bab,00:00:00:00:100/1,00:02:57:16:100/1,Avid MediaFiles/MXF/AVID2.1 20170427/KT8861_1.WA01.5903590303F6A.mxf; Avid MediaFiles/MXF/AVID2.1 20170427/KT8861_2.WA02.5903590303F6A.mxf; Avid MediaFiles/MXF/AVID2.1 20170427/KT8861_3.WA03.5903590303F6A.mxf; Avid MediaFiles/MXF/AVID2.1 20170427/KT8861_4.WA04.5903590303F6A.mxf; Avid MediaFiles/MXF/AVID2.1 20170427/KT8861_7.WA07.5903590303F6A.mxf; Avid MediaFiles/MXF/AVID2.1 20170427/KT8861_8.WA08.5903590303F6A.mxf
812,KT8860_1.WA01.5903590303F5A; KT8860_2.WA02.5903590303F5A; KT8860_3.WA03.5903590303F5A; KT8860_4.WA04.5903590303F5A; KT8860_7.WA07.5903590303F5A; KT8860_8.WA08.5903590303F5A;     307  /n 5   ,2:a426bf619e8bd6e8e02bc34bfecfefa4; 2:8ce538cbdc62cf47cb811640ef0da987; 2:c3af3bfa7f3ac1495eccdfbf788d6791; 2:8a206267652243fecd75cfa1bc15a267; 2:3d2f4a3e5627ae6aab687492b74fdf08; 2:abd97fcf2f31012f387ed2aa1f22f67a,00:00:00:00:100/1,00:00:27:64:100/1,Avid MediaFiles/MXF/AVID2.1 20170427/KT8860_1.WA01.5903590303F5A.mxf; Avid MediaFiles/MXF/AVID2.1 20170427/KT8860_2.WA02.5903590303F5A.mxf; Avid MediaFiles/MXF/AVID2.1 20170427/KT8860_3.WA03.5903590303F5A.mxf; Avid MediaFiles/MXF/AVID2.1 20170427/KT8860_4.WA04.5903590303F5A.mxf; Avid MediaFiles/MXF/AVID2.1 20170427/KT8860_7.WA07.5903590303F5A.mxf; Avid MediaFiles/MXF/AVID2.1 20170427/KT8860_8.WA08.5903590303F5A.mxf
813,KT8862_1.WA01.5903590303F8A; KT8862_3.WA03.5903590303F8A; KT8862_4.WA04.5903590303F8A; KT8862_7.WA07.5903590303F8A; KT8862_8.WA08.5903590303F8A;     307A /t 1   ,2:ca94400ea2bd40bb90e1c8044eadd6ba; 2:7a976aed54010e9ba6ca527cbce668af; 2:da2a5e598c321eb6aca53679c7c409d6; 2:5c50253d60c0cf6ebd9fd7a69dc49a8e; 2:521baf10faa24183a6417fb1bc991888,00:00:00:00:100/1,00:01:57:96:100/1,Avid MediaFiles/MXF/AVID2.1 20170427/KT8862_1.WA01.5903590303F8A.mxf; Avid MediaFiles/MXF/AVID2.1 20170427/KT8862_3.WA03.5903590303F8A.mxf; Avid MediaFiles/MXF/AVID2.1 20170427/KT8862_4.WA04.5903590303F8A.mxf; Avid MediaFiles/MXF/AVID2.1 20170427/KT8862_7.WA07.5903590303F8A.mxf; Avid MediaFiles/MXF/AVID2.1 20170427/KT8862_8.WA08.5903590303F8A.mxf
814,KT8863_1.WA01.5903590303F9A; KT8863_3.WA03.5903590303F9A; KT8863_4.WA04.5903590303F9A; KT8863_7.WA07.5903590303F9A; KT8863_8.WA08.5903590303F9A;     307A /t 2   ,2:b6926f8284398b308a143f275616d838; 2:004ebe3cc0ee17624ea6cef18f6dd715; 2:aacdf0f4e1125adf51c9c83817196994; 2:6d66beb65997f98a28f3bb562d500d4b; 2:843d630836936df3613b8ffea11b51b9,00:00:00:00:100/1,00:02:13:08:100/1,Avid MediaFiles/MXF/AVID2.1 20170427/KT8863_1.WA01.5903590303F9A.mxf; Avid MediaFiles/MXF/AVID2.1 20170427/KT8863_3.WA03.5903590303F9A.mxf; Avid MediaFiles/MXF/AVID2.1 20170427/KT8863_4.WA04.5903590303F9A.mxf; Avid MediaFiles/MXF/AVID2.1 20170427/KT8863_7.WA07.5903590303F9A.mxf; Avid MediaFiles/MXF/AVID2.1 20170427/KT8863_8.WA08.5903590303F9A.mxf
815,KT8864_1.WA01.5903590303FBA; KT8864_3.WA03.5903590303FBA; KT8864_4.WA04.5903590303FBA; KT8864_7.WA07.5903590303FBA; KT8864_8.WA08.5903590303FBA;     307B /t 1   ,2:2cf633e20a07f3fa5c33a8b994380852; 2:0eeb0e7cbc92fac541ef03aebaaae281; 2:3b55a74dcb932982689d4fb40d3ff5a9; 2:aa0cafb70818e8acb1671343eea1aa76; 2:4454d52edced993c0aebb556cc332ca4,00:00:00:00:100/1,00:02:08:40:100/1,Avid MediaFiles/MXF/AVID2.1 20170427/KT8864_1.WA01.5903590303FBA.mxf; Avid MediaFiles/MXF/AVID2.1 20170427/KT8864_3.WA03.5903590303FBA.mxf; Avid MediaFiles/MXF/AVID2.1 20170427/KT8864_4.WA04.5903590303FBA.mxf; Avid MediaFiles/MXF/AVID2.1 20170427/KT8864_7.WA07.5903590303FBA.mxf; Avid MediaFiles/MXF/AVID2.1 20170427/KT8864_8.WA08.5903590303FBA.mxf
816,KT8865_1.WA01.5903590303FCA; KT8865_3.WA03.5903590303FCA; KT8865_4.WA04.5903590303FCA; KT8865_7.WA07.5903590303FDA; KT8865_8.WA08.5903590303FDA;     307C /t 1   ,2:ca0f2ad045731199aa2b10d6505a5c43; 2:48b443f72f6f721166d533c12512284b; 2:b41ff87d563e02becbdff6c94a1433be; 2:9bfec407db782bbe3b3b216c91a1064b; 2:bb56a9dd77f1fa65f5c5f712368e6a0f,00:00:00:00:100/1,00:01:39:92:100/1,Avid MediaFiles/MXF/AVID2.1 20170427/KT8865_1.WA01.5903590303FCA.mxf; Avid MediaFiles/MXF/AVID2.1 20170427/KT8865_3.WA03.5903590303FCA.mxf; Avid MediaFiles/MXF/AVID2.1 20170427/KT8865_4.WA04.5903590303FCA.mxf; Avid MediaFiles/MXF/AVID2.1 20170427/KT8865_7.WA07.5903590303FDA.mxf; Avid MediaFiles/MXF/AVID2.1 20170427/KT8865_8.WA08.5903590303FDA.mxf
817,KT8866_1.WA01.5903590303FEA; KT8866_3.WA03.5903590303FEA; KT8866_4.WA04.5903590303FEA; KT8866_7.WA07.5903590303FEA; KT8866_8.WA08.5903590303FEA;     307D /t 1   ,2:c3ea610fb1f7fe36c2d1a6d59338a2bf; 2:9d91bebe680942352d6f3204abcde720; 2:0dfd51787d5a4be9a5195270ad84fa88; 2:4f8bc18bdf09153413c220e4d183ef52; 2:1589fba55772f07e0a9bfc5fe2e5c3e7,00:00:00:00:100/1,00:00:58:24:100/1,Avid MediaFiles/MXF/AVID2.1 20170427/KT8866_1.WA01.5903590303FEA.mxf; Avid MediaFiles/MXF/AVID2.1 20170427/KT8866_3.WA03.5903590303FEA.mxf; Avid MediaFiles/MXF/AVID2.1 20170427/KT8866_4.WA04.5903590303FEA.mxf; Avid MediaFiles/MXF/AVID2.1 20170427/KT8866_7.WA07.5903590303FEA.mxf; Avid MediaFiles/MXF/AVID2.1 20170427/KT8866_8.WA08.5903590303FEA.mxf
818,KT8867_1.WA01.5903590303FFA; KT8867_3.WA03.5903590303FFA; KT8867_4.WA04.5903590303FFA; KT8867_7.WA07.5903590303FFA; KT8867_8.WA08.5903590303FFA;     307D /t 2   ,2:5257ce9a122e2b4c109082bd935dfae3; 2:7e6a69337fb314353e1d803982613bd1; 2:41c3a8c94221f80e422b730096e414ce; 2:a5822e57bbd0759fd14e8987c1d07435; 2:b4d308014bb4f5d3ad5112d86a48698f,00:00:00:00:100/1,00:01:15:68:100/1,Avid MediaFiles/MXF/AVID2.1 20170427/KT8867_1.WA01.5903590303FFA.mxf; Avid MediaFiles/MXF/AVID2.1 20170427/KT8867_3.WA03.5903590303FFA.mxf; Avid MediaFiles/MXF/AVID2.1 20170427/KT8867_4.WA04.5903590303FFA.mxf; Avid MediaFiles/MXF/AVID2.1 20170427/KT8867_7.WA07.5903590303FFA.mxf; Avid MediaFiles/MXF/AVID2.1 20170427/KT8867_8.WA08.5903590303FFA.mxf
819,KT8868_1.WA01.590359030400A; KT8868_3.WA03.590359030400A; KT8868_4.WA04.590359030400A; KT8868_7.WA07.590359030400A; KT8868_8.WA08.590359030400A;     307D /t 3   ,2:ace83015293c388ae2a6a1549b2de84f; 2:8971d8ad2de9891e88d7791b7890520a; 2:e269d48e060fc446183633dcb7401994; 2:09b6f5c0b6d6d9ee6a197931654acef1; 2:10373b1b4ce70bc18f8f995a3fd5b42e,00:00:00:00:100/1,00:01:38:88:100/1,Avid MediaFiles/MXF/AVID2.1 20170427/KT8868_1.WA01.590359030400A.mxf; Avid MediaFiles/MXF/AVID2.1 20170427/KT8868_3.WA03.590359030400A.mxf; Avid MediaFiles/MXF/AVID2.1 20170427/KT8868_4.WA04.590359030400A.mxf; Avid MediaFiles/MXF/AVID2.1 20170427/KT8868_7.WA07.590359030400A.mxf; Avid MediaFiles/MXF/AVID2.1 20170427/KT8868_8.WA08.590359030400A.mxf
820,KT8869_1.WA01.590359030401A; KT8869_2.WA02.590359030401A; KT8869_3.WA03.590359030401A; KT8869_7.WA07.590359030401A; KT8869_8.WA08.590359030401A;     237  /t 1   ,2:b606bb942a1f85d079164819520323e2; 2:3c923dba13f68a509b53c9a13d5b0611; 2:860af9620d0c0d159ddd13fd076f318c; 2:a20ab35984334cf5562306319e2c996f; 2:a619c4e8f9490a60e90281891bd4cdea,00:00:00:00:100/1,00:02:04:72:100/1,Avid MediaFiles/MXF/AVID2.1 20170427/KT8869_1.WA01.590359030401A.mxf; Avid MediaFiles/MXF/AVID2.1 20170427/KT8869_2.WA02.590359030401A.mxf; Avid MediaFiles/MXF/AVID2.1 20170427/KT8869_3.WA03.590359030401A.mxf; Avid MediaFiles/MXF/AVID2.1 20170427/KT8869_7.WA07.590359030401A.mxf; Avid MediaFiles/MXF/AVID2.1 20170427/KT8869_8.WA08.590359030401A.mxf
821,KT8870_1.WA01.590359030402A; KT8870_2.WA02.590359030402A; KT8870_3.WA03.590359030402A; KT8870_7.WA07.590359030402A; KT8870_8.WA08.590359030402A;     237  /t 2   ,2:8d874ea2ccd74b5169309c35e72b279e; 2:e54d48a2cd11714badf68b03fa17330e; 2:53255b73efdbaad16e61503cd3894b75; 2:46b6a1af6016777fad12566ae39a9d40; 2:da246c5ce44f7118421e158a1a0cbb80,00:00:00:00:100/1,00:01:50:40:100/1,Avid MediaFiles/MXF/AVID2.1 20170427/KT8870_1.WA01.590359030402A.mxf; Avid MediaFiles/MXF/AVID2.1 20170427/KT8870_2.WA02.590359030402A.mxf; Avid MediaFiles/MXF/AVID2.1 20170427/KT8870_3.WA03.590359030402A.mxf; Avid MediaFiles/MXF/AVID2.1 20170427/KT8870_7.WA07.590359030402A.mxf; Avid MediaFiles/MXF/AVID2.1 20170427/KT8870_8.WA08.590359030402A.mxf
822,KT8871_1.WA01.590359030404A; KT8871_2.WA02.590359030404A; KT8871_3.WA03.590359030404A; KT8871_7.WA07.590359030404A; KT8871_8.WA08.590359030404A;     237  /t 3   ,2:299cfd247f0de562bf57a9d2013f8ecd; 2:ff7d100dbdd3f69ec6f27af9377d8917; 2:419068487251bd14b040662593147ae1; 2:2d41c4abae7f33b99969d13f138766b8; 2:0e09f5b2ee4c1162998ea63586c4a2e6,00:00:00:00:100/1,00:00:40:00:100/1,Avid MediaFiles/MXF/AVID2.1 20170427/KT8871_1.WA01.590359030404A.mxf; Avid MediaFiles/MXF/AVID2.1 20170427/KT8871_2.WA02.590359030404A.mxf; Avid MediaFiles/MXF/AVID2.1 20170427/KT8871_3.WA03.590359030404A.mxf; Avid MediaFiles/MXF/AVID2.1 20170427/KT8871_7.WA07.590359030404A.mxf; Avid MediaFiles/MXF/AVID2.1 20170427/KT8871_8.WA08.590359030404A.mxf
823,KT8872_1.WA01.590359030404A; KT8872_2.WA02.590359030404A; KT8872_3.WA03.590359030404A; KT8872_7.WA07.590359030405A; KT8872_8.WA08.590359030405A;     237  /t 4   ,2:1a7a21766420c279049a5c2432ba9a2d; 2:961cb533748c20cc6ea5b931adc38ff6; 2:5ce5623e239b40f8df0070550138dc98; 2:6786dbf947fd419f233c26561e603813; 2:1588f82fe0619a961794af172d0d153c,00:00:00:00:100/1,00:00:42:00:100/1,Avid MediaFiles/MXF/AVID2.1 20170427/KT8872_1.WA01.590359030404A.mxf; Avid MediaFiles/MXF/AVID2.1 20170427/KT8872_2.WA02.590359030404A.mxf; Avid MediaFiles/MXF/AVID2.1 20170427/KT8872_3.WA03.590359030404A.mxf; Avid MediaFiles/MXF/AVID2.1 20170427/KT8872_7.WA07.590359030405A.mxf; Avid MediaFiles/MXF/AVID2.1 20170427/KT8872_8.WA08.590359030405A.mxf
824,KT8873_1.WA01.590359030405A; KT8873_2.WA02.590359030405A; KT8873_3.WA03.590359030405A; KT8873_7.WA07.590359030405A; KT8873_8.WA08.590359030405A;     237  /t 5   ,2:f4314cb35c559b3573f5adb3d2e78268; 2:e9f7edf9f818e99ca3ba72f6a7e16b9f; 2:b926f712cfe74c351894f125b230b02b; 2:04f246f1b20a3cf41a92533b9cdbfb6d; 2:7ac7fd9caedacecc3280694eab131871,00:00:00:00:100/1,00:00:53:88:100/1,Avid MediaFiles/MXF/AVID2.1 20170427/KT8873_1.WA01.590359030405A.mxf; Avid MediaFiles/MXF/AVID2.1 20170427/KT8873_2.WA02.590359030405A.mxf; Avid MediaFiles/MXF/AVID2.1 20170427/KT8873_3.WA03.590359030405A.mxf; Avid MediaFiles/MXF/AVID2.1 20170427/KT8873_7.WA07.590359030405A.mxf; Avid MediaFiles/MXF/AVID2.1 20170427/KT8873_8.WA08.590359030405A.mxf
825,KT8874_1.WA01.590359030406A; KT8874_2.WA02.590359030406A; KT8874_3.WA03.590359030406A; KT8874_7.WA07.590359030406A; KT8874_8.WA08.590359030406A;     237  /t 6   ,2:acd2ae1bf61c8a0f4d85c65c6e6b6984; 2:81cb4140a77adf0eaf72f1e3e1ef5a84; 2:56d93b298bbcf0735fedc332b4f8b085; 2:6d4591231ba4bd0a3c1978c5c461b2e7; 2:f4374fa76eb418ceca9c0ecc5085bc1c,00:00:00:00:100/1,00:00:44:32:100/1,Avid MediaFiles/MXF/AVID2.1 20170427/KT8874_1.WA01.590359030406A.mxf; Avid MediaFiles/MXF/AVID2.1 20170427/KT8874_2.WA02.590359030406A.mxf; Avid MediaFiles/MXF/AVID2.1 20170427/KT8874_3.WA03.590359030406A.mxf; Avid MediaFiles/MXF/AVID2.1 20170427/KT8874_7.WA07.590359030406A.mxf; Avid MediaFiles/MXF/AVID2.1 20170427/KT8874_8.WA08.590359030406A.mxf
826,KT8875_1.WA01.590359030407A; KT8875_2.WA02.590359030407A; KT8875_3.WA03.590359030407A; KT8875_7.WA07.590359030407A; KT8875_8.WA08.590359030407A;     237  /t 7   ,2:e6010ec38dd6fd18cceb505cfb626de2; 2:605c0d37a19edf9c62104b6021d9767d; 2:1ea7c0e1ed2ec06b7d8b15e570e6c997; 2:76be4983d5614d82972e4afc6503e53d; 2:c5c9fb8220e2dbdf96c8c6505d43b418,00:00:00:00:100/1,00:00:50:76:100/1,Avid MediaFiles/MXF/AVID2.1 20170427/KT8875_1.WA01.590359030407A.mxf; Avid MediaFiles/MXF/AVID2.1 20170427/KT8875_2.WA02.590359030407A.mxf; Avid MediaFiles/MXF/AVID2.1 20170427/KT8875_3.WA03.590359030407A.mxf; Avid MediaFiles/MXF/AVID2.1 20170427/KT8875_7.WA07.590359030407A.mxf; Avid MediaFiles/MXF/AVID2.1 20170427/KT8875_8.WA08.590359030407A.mxf
827,KT8876_1.WA01.590359030408A; KT8876_2.WA02.590359030408A; KT8876_3.WA03.590359030408A; KT8876_7.WA07.590359030408A; KT8876_8.WA08.590359030408A;     237  /t 8   ,2:341bd0adf76859020058097360bb14b8; 2:649d480c409c0df17f6e7bc2106d8bfc; 2:42441f97249362e912c8ac8cf0c92c3a; 2:8098129a68ddd49b08e2e59c2d34d3f3; 2:97ffc21a7d265a6ea5713f4ce57dbd17,00:00:00:00:100/1,00:01:54:76:100/1,Avid MediaFiles/MXF/AVID2.1 20170427/KT8876_1.WA01.590359030408A.mxf; Avid MediaFiles/MXF/AVID2.1 20170427/KT8876_2.WA02.590359030408A.mxf; Avid MediaFiles/MXF/AVID2.1 20170427/KT8876_3.WA03.590359030408A.mxf; Avid MediaFiles/MXF/AVID2.1 20170427/KT8876_7.WA07.590359030408A.mxf; Avid MediaFiles/MXF/AVID2.1 20170427/KT8876_8.WA08.590359030408A.mxf
828,KT8877_1.WA01.590359030409A; KT8877_2.WA02.590359030409A; KT8877_7.WA07.590359030409A; KT8877_8.WA08.590359030409A;   VO307  /w 1   ,2:15f46f1bea4f90f4329bdb5b65460c7e; 2:5bc33f4c7815ab62f163b00a764cee23; 2:5e0eab15e370baf0d1a542fd40e17634; 2:5d91eb49e1b7e1568cd4bab5148dab82,00:00:00:00:100/1,00:01:28:92:100/1,Avid MediaFiles/MXF/AVID2.1 20170427/KT8877_1.WA01.590359030409A.mxf; Avid MediaFiles/MXF/AVID2.1 20170427/KT8877_2.WA02.590359030409A.mxf; Avid MediaFiles/MXF/AVID2.1 20170427/KT8877_7.WA07.590359030409A.mxf; Avid MediaFiles/MXF/AVID2.1 20170427/KT8877_8.WA08.590359030409A.mxf
829,KT8878_1.WA01.59065906F1EDA; KT8878_2.WA02.59065906F1EDA; KT8878_3.WA03.59065906F1EDA; KT8878_7.WA07.59065906F1EDA; KT8878_8.WA08.59065906F1EDA;     720  /t 1   ,2:20ca248ece059b5fe9ca8c59ece69689; 2:31a7623dec235fe0b5e83988e58d621d; 2:237392568d38ef6c9b00a38aa79f06f5; 2:8208ef061b1dde64bdb4f43fc39651bf; 2:939cc1a501a00243f0dd4073e8de4ea1,00:00:00:00:100/1,00:00:31:64:100/1,Avid MediaFiles/MXF/AVID2.1 20170428/KT8878_1.WA01.59065906F1EDA.mxf; Avid MediaFiles/MXF/AVID2.1 20170428/KT8878_2.WA02.59065906F1EDA.mxf; Avid MediaFiles/MXF/AVID2.1 20170428/KT8878_3.WA03.59065906F1EDA.mxf; Avid MediaFiles/MXF/AVID2.1 20170428/KT8878_7.WA07.59065906F1EDA.mxf; Avid MediaFiles/MXF/AVID2.1 20170428/KT8878_8.WA08.59065906F1EDA.mxf
830,KT8879_1.WA01.59065906F1EDA; KT8879_2.WA02.59065906F1EDA; KT8879_3.WA03.59065906F1EDA; KT8879_7.WA07.59065906F1EDA; KT8879_8.WA08.59065906F1EDA;     720  /t 2   ,2:f2e5ca78e4dcfe0655b38d1f34cb0713; 2:05aecd515e255d369799141e833da07c; 2:b766e018e5e6df0e06d789b14e3a08ef; 2:dc6518f37a023aeb516fa7b8602c4db5; 2:ac275cc88d656aeff627ccf6b69ff837,00:00:00:00:100/1,00:01:26:80:100/1,Avid MediaFiles/MXF/AVID2.1 20170428/KT8879_1.WA01.59065906F1EDA.mxf; Avid MediaFiles/MXF/AVID2.1 20170428/KT8879_2.WA02.59065906F1EDA.mxf; Avid MediaFiles/MXF/AVID2.1 20170428/KT8879_3.WA03.59065906F1EDA.mxf; Avid MediaFiles/MXF/AVID2.1 20170428/KT8879_7.WA07.59065906F1EDA.mxf; Avid MediaFiles/MXF/AVID2.1 20170428/KT8879_8.WA08.59065906F1EDA.mxf
831,KT8883_1.WA01.59065906F1F3A; KT8883_2.WA02.59065906F1F3A; KT8883_3.WA03.59065906F1F3A; KT8883_7.WA07.59065906F1F3A; KT8883_8.WA08.59065906F1F3A;     720  /n 6   ,2:599e5c2a9441ca26b89a64b311075824; 2:a118dcb871ed84a106fc919f35925c85; 2:4b12e20eed6e4445e26cefdd381bed57; 2:561362ce90943f737edb1b8fa00dd118; 2:1c31eebf279b72414d9a71cabc897cdd,00:00:00:00:100/1,00:00:22:88:100/1,Avid MediaFiles/MXF/AVID2.1 20170428/KT8883_1.WA01.59065906F1F3A.mxf; Avid MediaFiles/MXF/AVID2.1 20170428/KT8883_2.WA02.59065906F1F3A.mxf; Avid MediaFiles/MXF/AVID2.1 20170428/KT8883_3.WA03.59065906F1F3A.mxf; Avid MediaFiles/MXF/AVID2.1 20170428/KT8883_7.WA07.59065906F1F3A.mxf; Avid MediaFiles/MXF/AVID2.1 20170428/KT8883_8.WA08.59065906F1F3A.mxf
832,KT8881_1.WA01.59065906F1F0A; KT8881_2.WA02.59065906F1F0A; KT8881_3.WA03.59065906F1F0A; KT8881_7.WA07.59065906F1F0A; KT8881_8.WA08.59065906F1F0A;     720  /t 4   ,2:1e7f22fd416aa3b93efb5cc513d93bd3; 2:92455c650674f45d474821f7b6348f88; 2:87ef1259663c56fe53b7ee06e4b4b317; 2:3e178274c3956492f87522107dead32d; 2:4c69ab8de98915753787938f7b013f73,00:00:00:00:100/1,00:00:36:80:100/1,Avid MediaFiles/MXF/AVID2.1 20170428/KT8881_1.WA01.59065906F1F0A.mxf; Avid MediaFiles/MXF/AVID2.1 20170428/KT8881_2.WA02.59065906F1F0A.mxf; Avid MediaFiles/MXF/AVID2.1 20170428/KT8881_3.WA03.59065906F1F0A.mxf; Avid MediaFiles/MXF/AVID2.1 20170428/KT8881_7.WA07.59065906F1F0A.mxf; Avid MediaFiles/MXF/AVID2.1 20170428/KT8881_8.WA08.59065906F1F0A.mxf
833,KT8884_1.WA01.59065906F1F3A; KT8884_2.WA02.59065906F1F3A; KT8884_3.WA03.59065906F1F3A; KT8884_7.WA07.59065906F1F3A; KT8884_8.WA08.59065906F1F3A;     720  /t 6   ,2:672eb712daf5ae73f9d32e4651210a8e; 2:03cec49a17e63837578636f6e32a656c; 2:6cd39eed63463c39cab4ca46d4a2e088; 2:b954b82ded206098912a75e327146adb; 2:147dc7e3168976323a34b5e421a57618,00:00:00:00:100/1,00:02:33:60:100/1,Avid MediaFiles/MXF/AVID2.1 20170428/KT8884_1.WA01.59065906F1F3A.mxf; Avid MediaFiles/MXF/AVID2.1 20170428/KT8884_2.WA02.59065906F1F3A.mxf; Avid MediaFiles/MXF/AVID2.1 20170428/KT8884_3.WA03.59065906F1F3A.mxf; Avid MediaFiles/MXF/AVID2.1 20170428/KT8884_7.WA07.59065906F1F3A.mxf; Avid MediaFiles/MXF/AVID2.1 20170428/KT8884_8.WA08.59065906F1F3A.mxf
834,KT8882_1.WA01.59065906F1F1A; KT8882_2.WA02.59065906F1F1A; KT8882_3.WA03.59065906F1F1A; KT8882_7.WA07.59065906F1F1A; KT8882_8.WA08.59065906F1F1A;     720  /t 5   ,2:d34bddcfe5e6e0ac17159e71bca0f7d1; 2:38f5948daa98cfe050d3757548a65296; 2:698491bea105132f0a4e78f82e0bb840; 2:943331e56dff573735190c08481dbca3; 2:7ba73f3f2df064ad8eda71d393600ec1,00:00:00:00:100/1,00:02:26:72:100/1,Avid MediaFiles/MXF/AVID2.1 20170428/KT8882_1.WA01.59065906F1F1A.mxf; Avid MediaFiles/MXF/AVID2.1 20170428/KT8882_2.WA02.59065906F1F1A.mxf; Avid MediaFiles/MXF/AVID2.1 20170428/KT8882_3.WA03.59065906F1F1A.mxf; Avid MediaFiles/MXF/AVID2.1 20170428/KT8882_7.WA07.59065906F1F1A.mxf; Avid MediaFiles/MXF/AVID2.1 20170428/KT8882_8.WA08.59065906F1F1A.mxf
835,KT8885_1.WA01.59065906F1F5A; KT8885_2.WA02.59065906F1F5A; KT8885_3.WA03.59065906F1F5A; KT8885_7.WA07.59065906F1F5A; KT8885_8.WA08.59065906F1F5A;     720  /t 7   ,2:f5cb4370ade1a9369a3273601585cf9e; 2:99d6924f5be4c995ec969a58435b20e9; 2:6dbe026b3b962160466cfec4714d9ab0; 2:c35d28cb165fb2154b2c95f3dcd07dad; 2:31634a7bc8b87794d65a788b0458b6c0,00:00:00:00:100/1,00:00:44:08:100/1,Avid MediaFiles/MXF/AVID2.1 20170428/KT8885_1.WA01.59065906F1F5A.mxf; Avid MediaFiles/MXF/AVID2.1 20170428/KT8885_2.WA02.59065906F1F5A.mxf; Avid MediaFiles/MXF/AVID2.1 20170428/KT8885_3.WA03.59065906F1F5A.mxf; Avid MediaFiles/MXF/AVID2.1 20170428/KT8885_7.WA07.59065906F1F5A.mxf; Avid MediaFiles/MXF/AVID2.1 20170428/KT8885_8.WA08.59065906F1F5A.mxf
836,KT8886_1.WA01.59065906F1F6A; KT8886_2.WA02.59065906F1F6A; KT8886_3.WA03.59065906F1F6A; KT8886_7.WA07.59065906F1F6A; KT8886_8.WA08.59065906F1F6A;     720  /t 8   ,2:b66d7ae9902f86b62d97e976aeb4a256; 2:3fde44a3adfca7d54c77e4c5fb2ab9fd; 2:b61304df693ce4a55f274c958fa79959; 2:444c09dc7c334571c43e56bf07942e98; 2:162d2414c0ab06b9a7b8ff3dd67b776e,00:00:00:00:100/1,00:00:41:80:100/1,Avid MediaFiles/MXF/AVID2.1 20170428/KT8886_1.WA01.59065906F1F6A.mxf; Avid MediaFiles/MXF/AVID2.1 20170428/KT8886_2.WA02.59065906F1F6A.mxf; Avid MediaFiles/MXF/AVID2.1 20170428/KT8886_3.WA03.59065906F1F6A.mxf; Avid MediaFiles/MXF/AVID2.1 20170428/KT8886_7.WA07.59065906F1F6A.mxf; Avid MediaFiles/MXF/AVID2.1 20170428/KT8886_8.WA08.59065906F1F6A.mxf
837,KT8887_1.WA01.59065906F1F6A; KT8887_2.WA02.59065906F1F6A; KT8887_3.WA03.59065906F1F6A; KT8887_7.WA07.59065906F1F6A; KT8887_8.WA08.59065906F1F6A;     720A /n 1   ,2:eab87530de77b14597680247bdd1837b; 2:27b5a3fbbc20d806d7c7f632c007c25f; 2:395f1bd3ef7bd3d529d1d391a6224550; 2:55cde7d85366679734ccb6c42bbeaf88; 2:a178003fd76e2a465d843d295678376c,00:00:00:00:100/1,00:00:06:92:100/1,Avid MediaFiles/MXF/AVID2.1 20170428/KT8887_1.WA01.59065906F1F6A.mxf; Avid MediaFiles/MXF/AVID2.1 20170428/KT8887_2.WA02.59065906F1F6A.mxf; Avid MediaFiles/MXF/AVID2.1 20170428/KT8887_3.WA03.59065906F1F6A.mxf; Avid MediaFiles/MXF/AVID2.1 20170428/KT8887_7.WA07.59065906F1F6A.mxf; Avid MediaFiles/MXF/AVID2.1 20170428/KT8887_8.WA08.59065906F1F6A.mxf
838,KT8888_1.WA01.59065906F1F7A; KT8888_2.WA02.59065906F1F7A; KT8888_3.WA03.59065906F1F7A; KT8888_7.WA07.59065906F1F7A; KT8888_8.WA08.59065906F1F7A;     720A /t 1   ,2:f4c39f850e4b9822063993662292d059; 2:9cf98329ce9e2e965a6aaca904799461; 2:ab6f15c81abce0263ef8fc403fa982b7; 2:00505463d59b66a715456cf4070a8f79; 2:2bd5e1f723c3b298a888bd1949265262,00:00:00:00:100/1,00:00:47:84:100/1,Avid MediaFiles/MXF/AVID2.1 20170428/KT8888_1.WA01.59065906F1F7A.mxf; Avid MediaFiles/MXF/AVID2.1 20170428/KT8888_2.WA02.59065906F1F7A.mxf; Avid MediaFiles/MXF/AVID2.1 20170428/KT8888_3.WA03.59065906F1F7A.mxf; Avid MediaFiles/MXF/AVID2.1 20170428/KT8888_7.WA07.59065906F1F7A.mxf; Avid MediaFiles/MXF/AVID2.1 20170428/KT8888_8.WA08.59065906F1F7A.mxf
839,KT8889_1.WA01.59065906F1F7A; KT8889_2.WA02.59065906F1F7A; KT8889_3.WA03.59065906F1F7A; KT8889_7.WA07.59065906F1F7A; KT8889_8.WA08.59065906F1F7A;     720A /t 2   ,2:4f634619e54163a91424c525c4ebdc2c; 2:304ce1935edb815fffc31cac19e23e1e; 2:24f344be4811068de8e910c3e67dac32; 2:334b76fc796bfccc36228ebd202a399c; 2:d638adaf3e55620abec69d47dc9e8543,00:00:00:00:100/1,00:00:50:92:100/1,Avid MediaFiles/MXF/AVID2.1 20170428/KT8889_1.WA01.59065906F1F7A.mxf; Avid MediaFiles/MXF/AVID2.1 20170428/KT8889_2.WA02.59065906F1F7A.mxf; Avid MediaFiles/MXF/AVID2.1 20170428/KT8889_3.WA03.59065906F1F7A.mxf; Avid MediaFiles/MXF/AVID2.1 20170428/KT8889_7.WA07.59065906F1F7A.mxf; Avid MediaFiles/MXF/AVID2.1 20170428/KT8889_8.WA08.59065906F1F7A.mxf
840,KT8892_1.WA01.59065906F1FAA; KT8892_2.WA02.59065906F1FAA; KT8892_3.WA03.59065906F1FAA; KT8892_7.WA07.59065906F1FAA; KT8892_8.WA08.59065906F1FAA;     720A /t 5   ,2:a3882e1f4dffad2bca30bb93d05ba586; 2:cd56055358a1cb6e9bc741c6d2acd873; 2:0ce3fdc9bf56ae526fa9326e37e9b68a; 2:972fec0b53d8975c0c05fe37ff8f5ef8; 2:508ef7abb0a43aeefac60bcb1226562c,00:00:00:00:100/1,00:01:03:76:100/1,Avid MediaFiles/MXF/AVID2.1 20170428/KT8892_1.WA01.59065906F1FAA.mxf; Avid MediaFiles/MXF/AVID2.1 20170428/KT8892_2.WA02.59065906F1FAA.mxf; Avid MediaFiles/MXF/AVID2.1 20170428/KT8892_3.WA03.59065906F1FAA.mxf; Avid MediaFiles/MXF/AVID2.1 20170428/KT8892_7.WA07.59065906F1FAA.mxf; Avid MediaFiles/MXF/AVID2.1 20170428/KT8892_8.WA08.59065906F1FAA.mxf
841,KT8890_1.WA01.59065906F1F8A; KT8890_2.WA02.59065906F1F8A; KT8890_3.WA03.59065906F1F8A; KT8890_7.WA07.59065906F1F8A; KT8890_8.WA08.59065906F1F8A;     720A /t 3   ,2:18c2838ce2313c48c9b8b4ee288dec76; 2:3657b313d5a81d1374e08c28a8241803; 2:690375b186f419b70e9f88d2443dec5f; 2:88b0cb84eedcb9f1d23e9c2cb8f7164b; 2:656d52f19e8941c079129f6207e5bd8c,00:00:00:00:100/1,00:00:49:88:100/1,Avid MediaFiles/MXF/AVID2.1 20170428/KT8890_1.WA01.59065906F1F8A.mxf; Avid MediaFiles/MXF/AVID2.1 20170428/KT8890_2.WA02.59065906F1F8A.mxf; Avid MediaFiles/MXF/AVID2.1 20170428/KT8890_3.WA03.59065906F1F8A.mxf; Avid MediaFiles/MXF/AVID2.1 20170428/KT8890_7.WA07.59065906F1F8A.mxf; Avid MediaFiles/MXF/AVID2.1 20170428/KT8890_8.WA08.59065906F1F8A.mxf
842,KT8891_1.WA01.59065906F1F9A; KT8891_2.WA02.59065906F1F9A; KT8891_3.WA03.59065906F1F9A; KT8891_7.WA07.59065906F1F9A; KT8891_8.WA08.59065906F1F9A;     720A /t 4   ,2:dd46d7d43eaea0978f7e3c8176b2c41d; 2:9ac8ca19236d1d1dffe42cd0712fbb57; 2:cdc4a93440f245f88566ed8c4c9ef72f; 2:04ef9c21e7d3592535fafccc351f5a6a; 2:5aedc9668a5d03a7f531991edb343c67,00:00:00:00:100/1,00:00:55:24:100/1,Avid MediaFiles/MXF/AVID2.1 20170428/KT8891_1.WA01.59065906F1F9A.mxf; Avid MediaFiles/MXF/AVID2.1 20170428/KT8891_2.WA02.59065906F1F9A.mxf; Avid MediaFiles/MXF/AVID2.1 20170428/KT8891_3.WA03.59065906F1F9A.mxf; Avid MediaFiles/MXF/AVID2.1 20170428/KT8891_7.WA07.59065906F1F9A.mxf; Avid MediaFiles/MXF/AVID2.1 20170428/KT8891_8.WA08.59065906F1F9A.mxf
843,KT8893_1.WA01.59065906F1FBA; KT8893_2.WA02.59065906F1FBA; KT8893_3.WA03.59065906F1FBA; KT8893_7.WA07.59065906F1FBA; KT8893_8.WA08.59065906F1FBA;     720A /t 6   ,2:bfaccaffe24325012dace851c6a302c8; 2:3781558cef533ff22f1a828ae4ba796f; 2:3607eac4562b3ae50ba79dcad5fae211; 2:e7f945720c93457730455427016756a9; 2:9e6bc4e127a56e22ba47d1a562233e4b,00:00:00:00:100/1,00:00:56:80:100/1,Avid MediaFiles/MXF/AVID2.1 20170428/KT8893_1.WA01.59065906F1FBA.mxf; Avid MediaFiles/MXF/AVID2.1 20170428/KT8893_2.WA02.59065906F1FBA.mxf; Avid MediaFiles/MXF/AVID2.1 20170428/KT8893_3.WA03.59065906F1FBA.mxf; Avid MediaFiles/MXF/AVID2.1 20170428/KT8893_7.WA07.59065906F1FBA.mxf; Avid MediaFiles/MXF/AVID2.1 20170428/KT8893_8.WA08.59065906F1FBA.mxf
844,KT8894_1.WA01.59065906F1FCA; KT8894_2.WA02.59065906F1FCA; KT8894_3.WA03.59065906F1FCA; KT8894_7.WA07.59065906F1FCA; KT8894_8.WA08.59065906F1FCA;     720B /t 1   ,2:9b72d11b2e1940ff2021897314b4b3db; 2:cbe76cd15b8f03c6d05a3bc68144e6a6; 2:f7b47fb3d95a7ffd7e1b91cfaf5d8b48; 2:c55012546538202fddbabc760c0d0b71; 2:e5b21a0e8ee676d53481b13d5a2239e9,00:00:00:00:100/1,00:00:38:52:100/1,Avid MediaFiles/MXF/AVID2.1 20170428/KT8894_1.WA01.59065906F1FCA.mxf; Avid MediaFiles/MXF/AVID2.1 20170428/KT8894_2.WA02.59065906F1FCA.mxf; Avid MediaFiles/MXF/AVID2.1 20170428/KT8894_3.WA03.59065906F1FCA.mxf; Avid MediaFiles/MXF/AVID2.1 20170428/KT8894_7.WA07.59065906F1FCA.mxf; Avid MediaFiles/MXF/AVID2.1 20170428/KT8894_8.WA08.59065906F1FCA.mxf
845,KT8895_1.WA01.59065906F1FCA; KT8895_2.WA02.59065906F1FCA; KT8895_3.WA03.59065906F1FCA; KT8895_7.WA07.59065906F1FCA; KT8895_8.WA08.59065906F1FCA;     720B /t 2   ,2:5c0084b77d1c9616b2a93ea8475171fa; 2:6a49c99dbb25a6f28c4bf2779d010a4d; 2:4efa6b6c60a4d1e7e18058959c7ce4d3; 2:8f743a699d77a6d5f31a8d4eea2c6281; 2:86dc541641d1470cee1afa9dd5792381,00:00:00:00:100/1,00:02:30:36:100/1,Avid MediaFiles/MXF/AVID2.1 20170428/KT8895_1.WA01.59065906F1FCA.mxf; Avid MediaFiles/MXF/AVID2.1 20170428/KT8895_2.WA02.59065906F1FCA.mxf; Avid MediaFiles/MXF/AVID2.1 20170428/KT8895_3.WA03.59065906F1FCA.mxf; Avid MediaFiles/MXF/AVID2.1 20170428/KT8895_7.WA07.59065906F1FCA.mxf; Avid MediaFiles/MXF/AVID2.1 20170428/KT8895_8.WA08.59065906F1FCA.mxf
846,KT8896_1.WA01.59065906F1FEA; KT8896_2.WA02.59065906F1FEA; KT8896_3.WA03.59065906F1FEA; KT8896_7.WA07.59065906F1FEA; KT8896_8.WA08.59065906F1FEA;     720B /t 3   ,2:2d7cc6fb256dc9f06b5a98b278251734; 2:9eb658c213057dc9f5364c3bec9b9238; 2:e7ab0cd1ba59ed3ce3a2befd2d6307e9; 2:5ed4a08e7f8f6a4335c24bd31e6255a9; 2:1262138ec5157bf39deffe8bb21c469c,00:00:00:00:100/1,00:01:51:44:100/1,Avid MediaFiles/MXF/AVID2.1 20170428/KT8896_1.WA01.59065906F1FEA.mxf; Avid MediaFiles/MXF/AVID2.1 20170428/KT8896_2.WA02.59065906F1FEA.mxf; Avid MediaFiles/MXF/AVID2.1 20170428/KT8896_3.WA03.59065906F1FEA.mxf; Avid MediaFiles/MXF/AVID2.1 20170428/KT8896_7.WA07.59065906F1FEA.mxf; Avid MediaFiles/MXF/AVID2.1 20170428/KT8896_8.WA08.59065906F1FEA.mxf
847,KT8897_1.WA01.59065906F200A; KT8897_2.WA02.59065906F200A; KT8897_3.WA03.59065906F200A; KT8897_7.WA07.59065906F200A; KT8897_8.WA08.59065906F200A;     720B /t 4   ,2:58ea09134c6af35fb9d8814fa97b785e; 2:f2552b33996f9add1046315ea3d9539d; 2:103a43af343ddfff021497ba3b81c17a; 2:0b8be058ef65e613ac12ae202913d677; 2:d01697bb778a87f8b55d3181cc73aa78,00:00:00:00:100/1,00:00:48:80:100/1,Avid MediaFiles/MXF/AVID2.1 20170428/KT8897_1.WA01.59065906F200A.mxf; Avid MediaFiles/MXF/AVID2.1 20170428/KT8897_2.WA02.59065906F200A.mxf; Avid MediaFiles/MXF/AVID2.1 20170428/KT8897_3.WA03.59065906F200A.mxf; Avid MediaFiles/MXF/AVID2.1 20170428/KT8897_7.WA07.59065906F200A.mxf; Avid MediaFiles/MXF/AVID2.1 20170428/KT8897_8.WA08.59065906F200A.mxf
848,KT8898_1.WA01.59065906F200A; KT8898_2.WA02.59065906F200A; KT8898_3.WA03.59065906F200A; KT8898_7.WA07.59065906F200A; KT8898_8.WA08.59065906F200A;     720C /t 1   ,2:e822fc2fe84b5e4348d2fdf68b965f5f; 2:2b14f6e20501d23a2832959dde427de3; 2:259faea8b80188cacc29f6006c463c34; 2:cb05bc742194e433117e164b096d99f2; 2:08935f627c975810026fb6ab063d50fc,00:00:00:00:100/1,00:00:46:80:100/1,Avid MediaFiles/MXF/AVID2.1 20170428/KT8898_1.WA01.59065906F200A.mxf; Avid MediaFiles/MXF/AVID2.1 20170428/KT8898_2.WA02.59065906F200A.mxf; Avid MediaFiles/MXF/AVID2.1 20170428/KT8898_3.WA03.59065906F200A.mxf; Avid MediaFiles/MXF/AVID2.1 20170428/KT8898_7.WA07.59065906F200A.mxf; Avid MediaFiles/MXF/AVID2.1 20170428/KT8898_8.WA08.59065906F200A.mxf
849,KT8899_1.WA01.59065906F201A; KT8899_2.WA02.59065906F201A; KT8899_3.WA03.59065906F201A; KT8899_7.WA07.59065906F201A; KT8899_8.WA08.59065906F201A;     720C /t 2   ,2:1a21b5fca0c8e3a76121521103ac98cb; 2:7f7fbac5166d2c3050dc6294e335b658; 2:d5a747badf414be0befb5cd6a544482b; 2:9cef7c4eee40a379269866dbf422da6b; 2:24bb5ba04dce0ed1f2603ce8ae7a3bb2,00:00:00:00:100/1,00:01:25:60:100/1,Avid MediaFiles/MXF/AVID2.1 20170428/KT8899_1.WA01.59065906F201A.mxf; Avid MediaFiles/MXF/AVID2.1 20170428/KT8899_2.WA02.59065906F201A.mxf; Avid MediaFiles/MXF/AVID2.1 20170428/KT8899_3.WA03.59065906F201A.mxf; Avid MediaFiles/MXF/AVID2.1 20170428/KT8899_7.WA07.59065906F201A.mxf; Avid MediaFiles/MXF/AVID2.1 20170428/KT8899_8.WA08.59065906F201A.mxf
850,KT8900_1.WA01.59065906F202A; KT8900_2.WA02.59065906F202A; KT8900_3.WA03.59065906F202A; KT8900_7.WA07.59065906F202A; KT8900_8.WA08.59065906F202A;     720C /t 3   ,2:37e6c492b3dfaa04082056771a0a8455; 2:fb190802dd231c426f7f9b9d6b8a386c; 2:dffbe81102b2537c86c9b9bff9afdba6; 2:73ff65980fab5f79a3f05a78079a99b7; 2:2521bed5b44b8b64d83679d4d69d9394,00:00:00:00:100/1,00:01:25:84:100/1,Avid MediaFiles/MXF/AVID2.1 20170428/KT8900_1.WA01.59065906F202A.mxf; Avid MediaFiles/MXF/AVID2.1 20170428/KT8900_2.WA02.59065906F202A.mxf; Avid MediaFiles/MXF/AVID2.1 20170428/KT8900_3.WA03.59065906F202A.mxf; Avid MediaFiles/MXF/AVID2.1 20170428/KT8900_7.WA07.59065906F202A.mxf; Avid MediaFiles/MXF/AVID2.1 20170428/KT8900_8.WA08.59065906F202A.mxf
851,KT8902_1.WA01.59065906F203A; KT8902_2.WA02.59065906F203A; KT8902_3.WA03.59065906F203A; KT8902_7.WA07.59065906F203A; KT8902_8.WA08.59065906F203A;     720D /n 2   ,2:da40efad9757adb83ec8e41b134f7cbf; 2:e7bcf05c3b1b991770b516076bcec029; 2:c38a5c106bc7be4b79abab58773bf8d1; 2:8521d34d989f8e278e1b40b05ddf7d80; 2:933376efeff370fa4c62fd0b1fbfcb11,00:00:00:00:100/1,00:00:19:12:100/1,Avid MediaFiles/MXF/AVID2.1 20170428/KT8902_1.WA01.59065906F203A.mxf; Avid MediaFiles/MXF/AVID2.1 20170428/KT8902_2.WA02.59065906F203A.mxf; Avid MediaFiles/MXF/AVID2.1 20170428/KT8902_3.WA03.59065906F203A.mxf; Avid MediaFiles/MXF/AVID2.1 20170428/KT8902_7.WA07.59065906F203A.mxf; Avid MediaFiles/MXF/AVID2.1 20170428/KT8902_8.WA08.59065906F203A.mxf
852,KT8903_1.WA01.59065906F204A; KT8903_2.WA02.59065906F204A; KT8903_3.WA03.59065906F204A; KT8903_7.WA07.59065906F204A; KT8903_8.WA08.59065906F204A;     720D /t 1   ,2:55ec9b848375df365b2f34e8551af9c3; 2:a8fb5f8758d2ae56a16d366ca7867ab7; 2:ea20a7a18196bf7151d4dcfd7c3886fb; 2:80e3bfecdb47557e0922cd41bc026648; 2:227e79d95d884c4a94caedb5e7ea4fd1,00:00:00:00:100/1,00:01:00:40:100/1,Avid MediaFiles/MXF/AVID2.1 20170428/KT8903_1.WA01.59065906F204A.mxf; Avid MediaFiles/MXF/AVID2.1 20170428/KT8903_2.WA02.59065906F204A.mxf; Avid MediaFiles/MXF/AVID2.1 20170428/KT8903_3.WA03.59065906F204A.mxf; Avid MediaFiles/MXF/AVID2.1 20170428/KT8903_7.WA07.59065906F204A.mxf; Avid MediaFiles/MXF/AVID2.1 20170428/KT8903_8.WA08.59065906F204A.mxf
853,KT8905_1.WA01.59065906F206A; KT8905_7.WA07.59065906F206A; KT8905_8.WA08.59065906F206A;     720  /w 1   ,2:7430d6dd1ffa33f05cf672202f8be55f; 2:a6cc563ffc4968d1198721d6e18454db; 2:245d47c4c40db6f3f0c6d3d1d6636b85,00:00:00:00:100/1,00:01:07:24:100/1,Avid MediaFiles/MXF/AVID2.1 20170428/KT8905_1.WA01.59065906F206A.mxf; Avid MediaFiles/MXF/AVID2.1 20170428/KT8905_7.WA07.59065906F206A.mxf; Avid MediaFiles/MXF/AVID2.1 20170428/KT8905_8.WA08.59065906F206A.mxf
854,KT8904_1.WA01.59065906F205A; KT8904_2.WA02.59065906F205A; KT8904_3.WA03.59065906F205A; KT8904_7.WA07.59065906F205A; KT8904_8.WA08.59065906F205A;     720D /t 2   ,2:1339d9f1fb9be3f487a61164f4c71487; 2:22648328918e84b442ede3c798cab0af; 2:d9df878b5dd864bd8476928a95897903; 2:73faf72cf79e7cc25739d5deb4c25c0d; 2:b5745385e142a33cd36b1068983a305e,00:00:00:00:100/1,00:01:10:00:100/1,Avid MediaFiles/MXF/AVID2.1 20170428/KT8904_1.WA01.59065906F205A.mxf; Avid MediaFiles/MXF/AVID2.1 20170428/KT8904_2.WA02.59065906F205A.mxf; Avid MediaFiles/MXF/AVID2.1 20170428/KT8904_3.WA03.59065906F205A.mxf; Avid MediaFiles/MXF/AVID2.1 20170428/KT8904_7.WA07.59065906F205A.mxf; Avid MediaFiles/MXF/AVID2.1 20170428/KT8904_8.WA08.59065906F205A.mxf
855,KT8906_1.WA01.59065906F206A; KT8906_7.WA07.59065906F206A; KT8906_8.WA08.59065906F206A;     720  /w 2   ,2:57b2b8826599298ae3206e559921d656; 2:810c8f18603c3feb02b51ef6e959e314; 2:458839a389ad9fc541cab52f6f147966,00:00:00:00:100/1,00:00:53:92:100/1,Avid MediaFiles/MXF/AVID2.1 20170428/KT8906_1.WA01.59065906F206A.mxf; Avid MediaFiles/MXF/AVID2.1 20170428/KT8906_7.WA07.59065906F206A.mxf; Avid MediaFiles/MXF/AVID2.1 20170428/KT8906_8.WA08.59065906F206A.mxf
856,KT8907_1.WA01.59065906F207A; KT8907_2.WA02.59065906F207A; KT8907_3.WA03.59065906F207A; KT8907_7.WA07.59065906F207A; KT8907_8.WA08.59065906F207A;     810  /t 1   ,2:0fe12bec40a6ad37dd16e763952ccdd7; 2:d70ff85663dc89c8d5ee53cf51ca8fa2; 2:11b9a8caabcd75f8128ce51d1bfab035; 2:306985ed1f9af0733ba9082db480e339; 2:6533085cfeb200bdb2c745e5f455f00e,00:00:00:00:100/1,00:00:33:68:100/1,Avid MediaFiles/MXF/AVID2.1 20170428/KT8907_1.WA01.59065906F207A.mxf; Avid MediaFiles/MXF/AVID2.1 20170428/KT8907_2.WA02.59065906F207A.mxf; Avid MediaFiles/MXF/AVID2.1 20170428/KT8907_3.WA03.59065906F207A.mxf; Avid MediaFiles/MXF/AVID2.1 20170428/KT8907_7.WA07.59065906F207A.mxf; Avid MediaFiles/MXF/AVID2.1 20170428/KT8907_8.WA08.59065906F207A.mxf
857,KT8909_1.WA01.59065906F209A; KT8909_2.WA02.59065906F209A; KT8909_3.WA03.59065906F209A; KT8909_7.WA07.59065906F209A; KT8909_8.WA08.59065906F209A;     810  /t 3   ,2:2e4ac3964a826770deb3289fe412b859; 2:bbe8269cd4b36cbf2892ca92fbae4fa2; 2:c7edcb9a713dbb918d1dfb2abd84571b; 2:f4b374722f09c953ac80083eb977959d; 2:fed1fad8d0d182a27d4db033f2cf39f3,00:00:00:00:100/1,00:01:13:64:100/1,Avid MediaFiles/MXF/AVID2.1 20170428/KT8909_1.WA01.59065906F209A.mxf; Avid MediaFiles/MXF/AVID2.1 20170428/KT8909_2.WA02.59065906F209A.mxf; Avid MediaFiles/MXF/AVID2.1 20170428/KT8909_3.WA03.59065906F209A.mxf; Avid MediaFiles/MXF/AVID2.1 20170428/KT8909_7.WA07.59065906F209A.mxf; Avid MediaFiles/MXF/AVID2.1 20170428/KT8909_8.WA08.59065906F209A.mxf
858,KT8908_1.WA01.59065906F208A; KT8908_2.WA02.59065906F208A; KT8908_3.WA03.59065906F208A; KT8908_7.WA07.59065906F208A; KT8908_8.WA08.59065906F208A;     810  /t 2   ,2:8b13cc09d8ac97da4975d6520c3881e1; 2:232ac78da805629d5eaf72b7c87c7996; 2:e5ba686408dec652a1de72a299fe0d4a; 2:9b54a97b4126bbd2436819946463b966; 2:effbab7f8dd7c4e55321ec41e4453e3e,00:00:00:00:100/1,00:01:25:08:100/1,Avid MediaFiles/MXF/AVID2.1 20170428/KT8908_1.WA01.59065906F208A.mxf; Avid MediaFiles/MXF/AVID2.1 20170428/KT8908_2.WA02.59065906F208A.mxf; Avid MediaFiles/MXF/AVID2.1 20170428/KT8908_3.WA03.59065906F208A.mxf; Avid MediaFiles/MXF/AVID2.1 20170428/KT8908_7.WA07.59065906F208A.mxf; Avid MediaFiles/MXF/AVID2.1 20170428/KT8908_8.WA08.59065906F208A.mxf
859,KT8910_1.WA01.59065906F20AA; KT8910_2.WA02.59065906F20AA; KT8910_3.WA03.59065906F20AA; KT8910_7.WA07.59065906F20AA; KT8910_8.WA08.59065906F20AA;     810  /t 4   ,2:f0c8824db12a07de0d87dde8a122ba40; 2:256c5ae64a05774b5545e4370555f5eb; 2:2b26708b70b0e8c1d1d1a7ad4d27c9b4; 2:eef6a6d7abd7c30a5bb9a8ed6c8a07cb; 2:e85b06d303273a484b8d33fbcfa2d5f6,00:00:00:00:100/1,00:01:19:84:100/1,Avid MediaFiles/MXF/AVID2.1 20170428/KT8910_1.WA01.59065906F20AA.mxf; Avid MediaFiles/MXF/AVID2.1 20170428/KT8910_2.WA02.59065906F20AA.mxf; Avid MediaFiles/MXF/AVID2.1 20170428/KT8910_3.WA03.59065906F20AA.mxf; Avid MediaFiles/MXF/AVID2.1 20170428/KT8910_7.WA07.59065906F20AA.mxf; Avid MediaFiles/MXF/AVID2.1 20170428/KT8910_8.WA08.59065906F20AA.mxf
860,KT8911_1.WA01.59065906F20BA; KT8911_2.WA02.59065906F20BA; KT8911_3.WA03.59065906F20BA; KT8911_7.WA07.59065906F20BA; KT8911_8.WA08.59065906F20BA;     810  /t 5   ,2:60d01da1b3273ba613447f8350d3445f; 2:2f6620d878358943dd51c0c9df612e7e; 2:92a5cf5735ef6d48c629be87474dd2e5; 2:94deebd30576a80c44d0e73074c655aa; 2:f7b4d7034779eed8fbdb4dc9f438fede,00:00:00:00:100/1,00:01:51:56:100/1,Avid MediaFiles/MXF/AVID2.1 20170428/KT8911_1.WA01.59065906F20BA.mxf; Avid MediaFiles/MXF/AVID2.1 20170428/KT8911_2.WA02.59065906F20BA.mxf; Avid MediaFiles/MXF/AVID2.1 20170428/KT8911_3.WA03.59065906F20BA.mxf; Avid MediaFiles/MXF/AVID2.1 20170428/KT8911_7.WA07.59065906F20BA.mxf; Avid MediaFiles/MXF/AVID2.1 20170428/KT8911_8.WA08.59065906F20BA.mxf
861,KT8912_1.WA01.59065906F20CA; KT8912_2.WA02.59065906F20CA; KT8912_3.WA03.59065906F20CA; KT8912_7.WA07.59065906F20CA; KT8912_8.WA08.59065906F20CA;     810A /t 1   ,2:c5f3f483f8bb1c4c346a046993e0dbfb; 2:ac93988dc168a54ada1eef5dab0f6a97; 2:299e94653a3eeb58b1e6df80c75bdabb; 2:b760a67c4086c735068801c2b2d125d7; 2:795cee77b5e3c205f4c0ffbb5ea8e322,00:00:00:00:100/1,00:02:18:60:100/1,Avid MediaFiles/MXF/AVID2.1 20170428/KT8912_1.WA01.59065906F20CA.mxf; Avid MediaFiles/MXF/AVID2.1 20170428/KT8912_2.WA02.59065906F20CA.mxf; Avid MediaFiles/MXF/AVID2.1 20170428/KT8912_3.WA03.59065906F20CA.mxf; Avid MediaFiles/MXF/AVID2.1 20170428/KT8912_7.WA07.59065906F20CA.mxf; Avid MediaFiles/MXF/AVID2.1 20170428/KT8912_8.WA08.59065906F20CA.mxf
862,KT8913_1.WA01.59065906F20EA; KT8913_2.WA02.59065906F20EA; KT8913_3.WA03.59065906F20EA; KT8913_7.WA07.59065906F20EA; KT8913_8.WA08.59065906F20EA;     810A /t 2   ,2:2671348815aa28b8141068d469dd257f; 2:1f07f2ffb404ef9789f27156d2baed51; 2:a14222b152f516f17e611c38369a4fb3; 2:6fdbc34f4b8701e8964f2bf16364d570; 2:c9e682dff75e18a57abfb300466c0b2b,00:00:00:00:100/1,00:01:23:64:100/1,Avid MediaFiles/MXF/AVID2.1 20170428/KT8913_1.WA01.59065906F20EA.mxf; Avid MediaFiles/MXF/AVID2.1 20170428/KT8913_2.WA02.59065906F20EA.mxf; Avid MediaFiles/MXF/AVID2.1 20170428/KT8913_3.WA03.59065906F20EA.mxf; Avid MediaFiles/MXF/AVID2.1 20170428/KT8913_7.WA07.59065906F20EA.mxf; Avid MediaFiles/MXF/AVID2.1 20170428/KT8913_8.WA08.59065906F20EA.mxf
863,KT8914_1.WA01.59065906F20FA; KT8914_2.WA02.59065906F20FA; KT8914_3.WA03.59065906F20FA; KT8914_7.WA07.59065906F20FA; KT8914_8.WA08.59065906F20FA;     828  /t 1   ,2:c601794880ab7ccc76b62d5ee877c817; 2:dc43599cd99a4f8953c55784a8c50af5; 2:34582bf627b96859f1de8749f23156bf; 2:05681ecdb37e4ce47eb754bdb56258f5; 2:ab2667c9e9dda951fdde5f99a60803f9,00:00:00:00:100/1,00:02:09:84:100/1,Avid MediaFiles/MXF/AVID2.1 20170428/KT8914_1.WA01.59065906F20FA.mxf; Avid MediaFiles/MXF/AVID2.1 20170428/KT8914_2.WA02.59065906F20FA.mxf; Avid MediaFiles/MXF/AVID2.1 20170428/KT8914_3.WA03.59065906F20FA.mxf; Avid MediaFiles/MXF/AVID2.1 20170428/KT8914_7.WA07.59065906F20FA.mxf; Avid MediaFiles/MXF/AVID2.1 20170428/KT8914_8.WA08.59065906F20FA.mxf
864,KT8915_1.WA01.59065906F211A; KT8915_2.WA02.59065906F211A; KT8915_3.WA03.59065906F211A; KT8915_7.WA07.59065906F211A; KT8915_8.WA08.59065906F211A;     828  /t 2   ,2:1589a751fc6777a5e74fff05965b25d7; 2:c8aed9e17776bf623e7953f5e3edcd54; 2:6299c33772e6dc75a7d03c60eb842a89; 2:6cfb1baf9e4a94d060f3fe390351a82a; 2:e7ef112b2de73af151c095142e4c2b97,00:00:00:00:100/1,00:02:13:84:100/1,Avid MediaFiles/MXF/AVID2.1 20170428/KT8915_1.WA01.59065906F211A.mxf; Avid MediaFiles/MXF/AVID2.1 20170428/KT8915_2.WA02.59065906F211A.mxf; Avid MediaFiles/MXF/AVID2.1 20170428/KT8915_3.WA03.59065906F211A.mxf; Avid MediaFiles/MXF/AVID2.1 20170428/KT8915_7.WA07.59065906F211A.mxf; Avid MediaFiles/MXF/AVID2.1 20170428/KT8915_8.WA08.59065906F211A.mxf
865,KT8916_1.WA01.59065906F212A; KT8916_2.WA02.59065906F213A; KT8916_3.WA03.59065906F213A; KT8916_7.WA07.59065906F213A; KT8916_8.WA08.59065906F213A;     828  /t 3   ,2:ffbb6975c160e26af84dac2582a11410; 2:6d77d21cc4fb68179641c73c095c1802; 2:fb4761da44ba1c547a719af077c61ae6; 2:ee748f1453d2acaccc5de5278761da2d; 2:47584e2e7a88a45ac8c2302dd123d9cd,00:00:00:00:100/1,00:02:36:96:100/1,Avid MediaFiles/MXF/AVID2.1 20170428/KT8916_1.WA01.59065906F212A.mxf; Avid MediaFiles/MXF/AVID2.1 20170428/KT8916_2.WA02.59065906F213A.mxf; Avid MediaFiles/MXF/AVID2.1 20170428/KT8916_3.WA03.59065906F213A.mxf; Avid MediaFiles/MXF/AVID2.1 20170428/KT8916_7.WA07.59065906F213A.mxf; Avid MediaFiles/MXF/AVID2.1 20170428/KT8916_8.WA08.59065906F213A.mxf
866,KT8917_1.WA01.59065906F214A; KT8917_2.WA02.59065906F214A; KT8917_3.WA03.59065906F214A; KT8917_7.WA07.59065906F214A; KT8917_8.WA08.59065906F214A;     828  /t 4   ,2:f073a84e398d9b2d8343c39935cea614; 2:a6b9627c1ba606bbf1bc3a05bb2eb494; 2:9836e831d3a03076a94f39fe3bc3f399; 2:04e118e7505d281f03dd83b15117b84a; 2:63ca5c023fe0488d5c904e7b4ebad8f5,00:00:00:00:100/1,00:02:37:92:100/1,Avid MediaFiles/MXF/AVID2.1 20170428/KT8917_1.WA01.59065906F214A.mxf; Avid MediaFiles/MXF/AVID2.1 20170428/KT8917_2.WA02.59065906F214A.mxf; Avid MediaFiles/MXF/AVID2.1 20170428/KT8917_3.WA03.59065906F214A.mxf; Avid MediaFiles/MXF/AVID2.1 20170428/KT8917_7.WA07.59065906F214A.mxf; Avid MediaFiles/MXF/AVID2.1 20170428/KT8917_8.WA08.59065906F214A.mxf
867,KT8919_1.WA01.59065906F218A; KT8919_2.WA02.59065906F218A; KT8919_3.WA03.59065906F218A; KT8919_7.WA07.59065906F218A; KT8919_8.WA08.59065906F218A;     828A /t 2   ,2:c293b446de71536099f23637438668b2; 2:ca08f228af481c01cceb359468708932; 2:dea78aef626070e19e7e8785ee39468f; 2:04dfed5fd56acefb778129102df3ac4b; 2:ce0a57ec78bbabe7e49980a602ffc97b,00:00:00:00:100/1,00:02:35:48:100/1,Avid MediaFiles/MXF/AVID2.1 20170428/KT8919_1.WA01.59065906F218A.mxf; Avid MediaFiles/MXF/AVID2.1 20170428/KT8919_2.WA02.59065906F218A.mxf; Avid MediaFiles/MXF/AVID2.1 20170428/KT8919_3.WA03.59065906F218A.mxf; Avid MediaFiles/MXF/AVID2.1 20170428/KT8919_7.WA07.59065906F218A.mxf; Avid MediaFiles/MXF/AVID2.1 20170428/KT8919_8.WA08.59065906F218A.mxf
868,KT8918_1.WA01.59065906F216A; KT8918_2.WA02.59065906F216A; KT8918_3.WA03.59065906F216A; KT8918_7.WA07.59065906F216A; KT8918_8.WA08.59065906F216A;     828A /t 1   ,2:873dbbbee977769773ff69db0175d2e6; 2:955b1986a3f69dae7f4108378b7f2f81; 2:66e60cf86bec81346ec070c13d77eb4b; 2:85681e662848c59761bca76563945852; 2:a60ca840e9714f79abd592e68577d53b,00:00:00:00:100/1,00:02:14:76:100/1,Avid MediaFiles/MXF/AVID2.1 20170428/KT8918_1.WA01.59065906F216A.mxf; Avid MediaFiles/MXF/AVID2.1 20170428/KT8918_2.WA02.59065906F216A.mxf; Avid MediaFiles/MXF/AVID2.1 20170428/KT8918_3.WA03.59065906F216A.mxf; Avid MediaFiles/MXF/AVID2.1 20170428/KT8918_7.WA07.59065906F216A.mxf; Avid MediaFiles/MXF/AVID2.1 20170428/KT8918_8.WA08.59065906F216A.mxf
869,KT8920_1.WA01.59065906F21AA; KT8920_2.WA02.59065906F21AA; KT8920_3.WA03.59065906F21AA; KT8920_7.WA07.59065906F21AA; KT8920_8.WA08.59065906F21AA;     828A /t 3   ,2:251070124313f8a72ffce952c22a54f6; 2:41f96a79151853d3020d0c968f23baf8; 2:e8cd380dc197cb22aec09424a816e3c1; 2:d4c160eb674a3eda9caaa09ed2e8d4d3; 2:74aa0e48f0d2ee0b250c57d201d8ad2c,00:00:00:00:100/1,00:02:33:88:100/1,Avid MediaFiles/MXF/AVID2.1 20170428/KT8920_1.WA01.59065906F21AA.mxf; Avid MediaFiles/MXF/AVID2.1 20170428/KT8920_2.WA02.59065906F21AA.mxf; Avid MediaFiles/MXF/AVID2.1 20170428/KT8920_3.WA03.59065906F21AA.mxf; Avid MediaFiles/MXF/AVID2.1 20170428/KT8920_7.WA07.59065906F21AA.mxf; Avid MediaFiles/MXF/AVID2.1 20170428/KT8920_8.WA08.59065906F21AA.mxf
870,KT8922_1.WA01.59065906F21EA; KT8922_3.WA03.59065906F21EA; KT8922_7.WA07.59065906F21EA; KT8922_8.WA08.59065906F21EA;     828  /w 1   ,2:76e7e9d18895a1e32b107a6886b661ba; 2:60959fcb8aa504177cf4ab29bf2aa090; 2:f538b1c6089e0e540573de4c9fd4fcfb; 2:f2299f50f6e54f43809d7f1ec1bd44d3,00:00:00:00:100/1,00:00:49:72:100/1,Avid MediaFiles/MXF/AVID2.1 20170428/KT8922_1.WA01.59065906F21EA.mxf; Avid MediaFiles/MXF/AVID2.1 20170428/KT8922_3.WA03.59065906F21EA.mxf; Avid MediaFiles/MXF/AVID2.1 20170428/KT8922_7.WA07.59065906F21EA.mxf; Avid MediaFiles/MXF/AVID2.1 20170428/KT8922_8.WA08.59065906F21EA.mxf
871,KT8921_1.WA01.59065906F21CA; KT8921_2.WA02.59065906F21CA; KT8921_3.WA03.59065906F21CA; KT8921_7.WA07.59065906F21CA; KT8921_8.WA08.59065906F21CA;     828A /t 4   ,2:01ad91674a926baaf2df2c204cdbba0b; 2:f3895b07a27f391d4e04a4ca77070fcd; 2:e7cdd24c45ba54f8f92fa6781cd9470d; 2:b40bb4f8c9493b336c7b4342d5615018; 2:4439acdfc5e26e4630d42cf976d509df,00:00:00:00:100/1,00:02:29:48:100/1,Avid MediaFiles/MXF/AVID2.1 20170428/KT8921_1.WA01.59065906F21CA.mxf; Avid MediaFiles/MXF/AVID2.1 20170428/KT8921_2.WA02.59065906F21CA.mxf; Avid MediaFiles/MXF/AVID2.1 20170428/KT8921_3.WA03.59065906F21CA.mxf; Avid MediaFiles/MXF/AVID2.1 20170428/KT8921_7.WA07.59065906F21CA.mxf; Avid MediaFiles/MXF/AVID2.1 20170428/KT8921_8.WA08.59065906F21CA.mxf
872,KT8923_1.WA01.59065906F21EA; KT8923_3.WA03.59065906F21EA; KT8923_7.WA07.59065906F21EA; KT8923_8.WA08.59065906F21EA;     828  /w 2   ,2:a5f5895aa966931e194241f11095394f; 2:c28992e7094d1705ffd327e45e77990f; 2:46d8eba3c987a7c7f6c1dccd18b8ac50; 2:71c76ae4d828d7d00ca2aef7d5e340a3,00:00:00:00:100/1,00:01:05:32:100/1,Avid MediaFiles/MXF/AVID2.1 20170428/KT8923_1.WA01.59065906F21EA.mxf; Avid MediaFiles/MXF/AVID2.1 20170428/KT8923_3.WA03.59065906F21EA.mxf; Avid MediaFiles/MXF/AVID2.1 20170428/KT8923_7.WA07.59065906F21EA.mxf; Avid MediaFiles/MXF/AVID2.1 20170428/KT8923_8.WA08.59065906F21EA.mxf
873,KT8924_1.WA01.59065906F21FA; KT8924_3.WA03.59065906F21FA; KT8924_7.WA07.59065906F21FA; KT8924_8.WA08.59065906F21FA;     714  /t 1   ,2:dc34c025f693ec6d736f3e28824dc732; 2:60dd87d3767c71c50e81805d43c68df8; 2:dbbc7ebef1ce95cc75092c0b75254b81; 2:cb6a45418ae0f16b6da57361913c757d,00:00:00:00:100/1,00:01:23:40:100/1,Avid MediaFiles/MXF/AVID2.1 20170428/KT8924_1.WA01.59065906F21FA.mxf; Avid MediaFiles/MXF/AVID2.1 20170428/KT8924_3.WA03.59065906F21FA.mxf; Avid MediaFiles/MXF/AVID2.1 20170428/KT8924_7.WA07.59065906F21FA.mxf; Avid MediaFiles/MXF/AVID2.1 20170428/KT8924_8.WA08.59065906F21FA.mxf
874,KT8925_1.WA01.59065906F220A; KT8925_3.WA03.59065906F220A; KT8925_7.WA07.59065906F220A; KT8925_8.WA08.59065906F220A;     714  /t 2   ,2:f7b4e99e5b559ddbc761b9c3775f3b2d; 2:1837fdf3de09fda09ab68452cf52abcb; 2:a3af965bfd8c36d9530fb966902ec89d; 2:24bbb9804bde9fbda238f6b2bd7f62dd,00:00:00:00:100/1,00:01:22:00:100/1,Avid MediaFiles/MXF/AVID2.1 20170428/KT8925_1.WA01.59065906F220A.mxf; Avid MediaFiles/MXF/AVID2.1 20170428/KT8925_3.WA03.59065906F220A.mxf; Avid MediaFiles/MXF/AVID2.1 20170428/KT8925_7.WA07.59065906F220A.mxf; Avid MediaFiles/MXF/AVID2.1 20170428/KT8925_8.WA08.59065906F220A.mxf
875,KT8926_1.WA01.59065906F221A; KT8926_3.WA03.59065906F221A; KT8926_7.WA07.59065906F221A; KT8926_8.WA08.59065906F221A;     714  /t 3   ,2:57ec3e3e98c600b4ef3fe8f908e996fa; 2:f084ee466f8c22c8e09cde2b78754f35; 2:ea64c9d8ed8c1b8b5bacd96f9eecbe22; 2:bde917224bcc0543abe76cb62a8860b4,00:00:00:00:100/1,00:01:23:76:100/1,Avid MediaFiles/MXF/AVID2.1 20170428/KT8926_1.WA01.59065906F221A.mxf; Avid MediaFiles/MXF/AVID2.1 20170428/KT8926_3.WA03.59065906F221A.mxf; Avid MediaFiles/MXF/AVID2.1 20170428/KT8926_7.WA07.59065906F221A.mxf; Avid MediaFiles/MXF/AVID2.1 20170428/KT8926_8.WA08.59065906F221A.mxf
876,KT8927_1.WA01.59065906F222A; KT8927_3.WA03.59065906F222A; KT8927_7.WA07.59065906F222A; KT8927_8.WA08.59065906F222A;     714  /w 4   ,2:5647fb70333720d70752a9eecb83cf02; 2:b6d1acd9ec00ec6a9be3c5071a6c3f8a; 2:355f01fcad0abc0c46bfcf0123f35c41; 2:5b694c8ecdb96515452c91216b0b402e,00:00:00:00:100/1,00:00:48:68:100/1,Avid MediaFiles/MXF/AVID2.1 20170428/KT8927_1.WA01.59065906F222A.mxf; Avid MediaFiles/MXF/AVID2.1 20170428/KT8927_3.WA03.59065906F222A.mxf; Avid MediaFiles/MXF/AVID2.1 20170428/KT8927_7.WA07.59065906F222A.mxf; Avid MediaFiles/MXF/AVID2.1 20170428/KT8927_8.WA08.59065906F222A.mxf
877,KT8928_1.WA01.59065906F223A; KT8928_7.WA07.59065906F223A; KT8928_8.WA08.59065906F223A;     716  /t 1   ,2:2f7107fbe793a963483d3aee5ab80ca2; 2:112802dee9e8336efdf99001b3d9bb71; 2:22250295e5e86767c4d8f0a3a59d87cd,00:00:00:00:100/1,00:01:07:68:100/1,Avid MediaFiles/MXF/AVID2.1 20170428/KT8928_1.WA01.59065906F223A.mxf; Avid MediaFiles/MXF/AVID2.1 20170428/KT8928_7.WA07.59065906F223A.mxf; Avid MediaFiles/MXF/AVID2.1 20170428/KT8928_8.WA08.59065906F223A.mxf
878,KT8929_1.WA01.59065906F223A; KT8929_7.WA07.59065906F223A; KT8929_8.WA08.59065906F223A;     716  /t 2   ,2:044748168f87f87401e1d88d8af9604e; 2:8255a1589959df5dc77a8f15f914b44f; 2:fabee034d0000c28519ab045ea817cfc,00:00:00:00:100/1,00:01:18:60:100/1,Avid MediaFiles/MXF/AVID2.1 20170428/KT8929_1.WA01.59065906F223A.mxf; Avid MediaFiles/MXF/AVID2.1 20170428/KT8929_7.WA07.59065906F223A.mxf; Avid MediaFiles/MXF/AVID2.1 20170428/KT8929_8.WA08.59065906F223A.mxf
879,KT8930_1.WA01.59065906F224A; KT8930_7.WA07.59065906F224A; KT8930_8.WA08.59065906F224A;     716  /t 3   ,2:32a252390adf918765a09f8e5c918784; 2:45e39afbcc85f2dd570d27d18c0ea744; 2:a3d84f33e6344175223ef9a59f885ecc,00:00:00:00:100/1,00:00:48:00:100/1,Avid MediaFiles/MXF/AVID2.1 20170428/KT8930_1.WA01.59065906F224A.mxf; Avid MediaFiles/MXF/AVID2.1 20170428/KT8930_7.WA07.59065906F224A.mxf; Avid MediaFiles/MXF/AVID2.1 20170428/KT8930_8.WA08.59065906F224A.mxf
880,KT8931_1.WA01.59065906F224A; KT8931_7.WA07.59065906F224A; KT8931_8.WA08.59065906F224A;     716  /t 4   ,2:d93ae13ae9b423e3d9db2bc3c708d53f; 2:b3eeed6125876e7cd4e4743324209627; 2:ded850bd7f5acec947b7c48ff6af8751,00:00:00:00:100/1,00:00:43:80:100/1,Avid MediaFiles/MXF/AVID2.1 20170428/KT8931_1.WA01.59065906F224A.mxf; Avid MediaFiles/MXF/AVID2.1 20170428/KT8931_7.WA07.59065906F224A.mxf; Avid MediaFiles/MXF/AVID2.1 20170428/KT8931_8.WA08.59065906F224A.mxf
881,KT8932_1.WA01.59065906F225A; KT8932_7.WA07.59065906F225A; KT8932_8.WA08.59065906F225A;     716  /t 5   ,2:25ef6ed2e73d16537c3b1eedb80697af; 2:52876f86c937b90dc2853f848ee65ac5; 2:79d385aa4662d86fc2753a8c5b858462,00:00:00:00:100/1,00:00:47:00:100/1,Avid MediaFiles/MXF/AVID2.1 20170428/KT8932_1.WA01.59065906F225A.mxf; Avid MediaFiles/MXF/AVID2.1 20170428/KT8932_7.WA07.59065906F225A.mxf; Avid MediaFiles/MXF/AVID2.1 20170428/KT8932_8.WA08.59065906F225A.mxf
882,KT8933_1.WA01.59065906F225A; KT8933_7.WA07.59065906F225A; KT8933_8.WA08.59065906F225A;     716  /t 6   ,2:0f3da6748dd2fe056b0109be2b49e423; 2:45488b85989700be37ad4f1df9952587; 2:c0ea78ec0bd729a20eb8bdcba951a225,00:00:00:00:100/1,00:00:27:40:100/1,Avid MediaFiles/MXF/AVID2.1 20170428/KT8933_1.WA01.59065906F225A.mxf; Avid MediaFiles/MXF/AVID2.1 20170428/KT8933_7.WA07.59065906F225A.mxf; Avid MediaFiles/MXF/AVID2.1 20170428/KT8933_8.WA08.59065906F225A.mxf
883,KT8934_1.WA01.59065906F226A; KT8934_7.WA07.59065906F226A; KT8934_8.WA08.59065906F226A;     716  /t 7   ,2:ed208b1f59dd76fdcfdc762d32262284; 2:3625b26b7dfbec3d0792a8e8404aada8; 2:d3dd1d7ed07ca1d0025fd9b72f7587cf,00:00:00:00:100/1,00:01:19:60:100/1,Avid MediaFiles/MXF/AVID2.1 20170428/KT8934_1.WA01.59065906F226A.mxf; Avid MediaFiles/MXF/AVID2.1 20170428/KT8934_7.WA07.59065906F226A.mxf; Avid MediaFiles/MXF/AVID2.1 20170428/KT8934_8.WA08.59065906F226A.mxf
884,KT8935_1.WA01.59065906F226A; KT8935_7.WA07.59065906F226A; KT8935_8.WA08.59065906F226A;     716  /t 8   ,2:749a2cb5a836c4ee36a42f3461e5b603; 2:1791674cc8717fb1456c118d0de9c894; 2:17b6dd507e9b837172bd350d9a13a809,00:00:00:00:100/1,00:00:44:00:100/1,Avid MediaFiles/MXF/AVID2.1 20170428/KT8935_1.WA01.59065906F226A.mxf; Avid MediaFiles/MXF/AVID2.1 20170428/KT8935_7.WA07.59065906F226A.mxf; Avid MediaFiles/MXF/AVID2.1 20170428/KT8935_8.WA08.59065906F226A.mxf
885,KT8936_1.WA01.59065906F227A; KT8936_7.WA07.59065906F227A; KT8936_8.WA08.59065906F227A;     716  /t 9   ,2:41723d703c87829c03c524e519eaa0d1; 2:642c426dc1dc26bffac094fc70c817ec; 2:d8736830dfdb8c0d8fb938f6ba5a24e6,00:00:00:00:100/1,00:01:10:92:100/1,Avid MediaFiles/MXF/AVID2.1 20170428/KT8936_1.WA01.59065906F227A.mxf; Avid MediaFiles/MXF/AVID2.1 20170428/KT8936_7.WA07.59065906F227A.mxf; Avid MediaFiles/MXF/AVID2.1 20170428/KT8936_8.WA08.59065906F227A.mxf
886,KT8937_1.WA01.59065906F228A; KT8937_7.WA07.59065906F228A; KT8937_8.WA08.59065906F228A;     716  /w10   ,2:807b123ea18e23158f823a97207400cd; 2:81d46e0a324fa8ba1558688db01477c6; 2:03d4670028f0b695ec6b69dbcb5c502a,00:00:00:00:100/1,00:00:58:52:100/1,Avid MediaFiles/MXF/AVID2.1 20170428/KT8937_1.WA01.59065906F228A.mxf; Avid MediaFiles/MXF/AVID2.1 20170428/KT8937_7.WA07.59065906F228A.mxf; Avid MediaFiles/MXF/AVID2.1 20170428/KT8937_8.WA08.59065906F228A.mxf
887,KT8938_1.WA01.59065906F228A; KT8938_7.WA07.59065906F228A; KT8938_8.WA08.59065906F228A;     716  /w11   ,2:3ad2720f07d95fbfa34dfa03fdea3716; 2:b39801c4f2544b837fe00c877b01e6f2; 2:9b92043134e235763d9c0d77f75e3606,00:00:00:00:100/1,00:00:40:96:100/1,Avid MediaFiles/MXF/AVID2.1 20170428/KT8938_1.WA01.59065906F228A.mxf; Avid MediaFiles/MXF/AVID2.1 20170428/KT8938_7.WA07.59065906F228A.mxf; Avid MediaFiles/MXF/AVID2.1 20170428/KT8938_8.WA08.59065906F228A.mxf
888,KT8939_1.WA01.59065906F229A; KT8939_7.WA07.59065906F229A; KT8939_8.WA08.59065906F229A;     716  /w12   ,2:d8fe1ee06325c6b6fd5772ec45dddf82; 2:7196896880f7cdcac6126c20065869d0; 2:73c8e4c18765446c27be35e583ab2a21,00:00:00:00:100/1,00:00:54:32:100/1,Avid MediaFiles/MXF/AVID2.1 20170428/KT8939_1.WA01.59065906F229A.mxf; Avid MediaFiles/MXF/AVID2.1 20170428/KT8939_7.WA07.59065906F229A.mxf; Avid MediaFiles/MXF/AVID2.1 20170428/KT8939_8.WA08.59065906F229A.mxf
889,KT8940_1.WA01.59065906F229A; KT8940_2.WA02.59065906F229A; KT8940_7.WA07.59065906F229A; KT8940_8.WA08.59065906F229A;     741  /t 1   ,2:976beea59bc4304747843714243b27c3; 2:cafa30db991d2a19841eddbc7caa7136; 2:4b435e8716417b320a1b2ac5c10d3746; 2:d92299a35586584b42d0c43ad867441b,00:00:00:00:100/1,00:01:16:20:100/1,Avid MediaFiles/MXF/AVID2.1 20170428/KT8940_1.WA01.59065906F229A.mxf; Avid MediaFiles/MXF/AVID2.1 20170428/KT8940_2.WA02.59065906F229A.mxf; Avid MediaFiles/MXF/AVID2.1 20170428/KT8940_7.WA07.59065906F229A.mxf; Avid MediaFiles/MXF/AVID2.1 20170428/KT8940_8.WA08.59065906F229A.mxf
890,KT8943_1.WA01.59065906F22CA; KT8943_2.WA02.59065906F22CA; KT8943_7.WA07.59065906F22CA; KT8943_8.WA08.59065906F22CA;     741  /w 4   ,2:b945454966f8abbde259f6db269289f7; 2:b55ff4ace92837627971371f309fc456; 2:7ea3134c48035f9ecddacd09a20ef8aa; 2:442fc3a07096cb4243bf79bf56a182b3,00:00:00:00:100/1,00:00:55:76:100/1,Avid MediaFiles/MXF/AVID2.1 20170428/KT8943_1.WA01.59065906F22CA.mxf; Avid MediaFiles/MXF/AVID2.1 20170428/KT8943_2.WA02.59065906F22CA.mxf; Avid MediaFiles/MXF/AVID2.1 20170428/KT8943_7.WA07.59065906F22CA.mxf; Avid MediaFiles/MXF/AVID2.1 20170428/KT8943_8.WA08.59065906F22CA.mxf
891,KT8941_1.WA01.59065906F22AA; KT8941_2.WA02.59065906F22AA; KT8941_7.WA07.59065906F22AA; KT8941_8.WA08.59065906F22AA;     741  /t 2   ,2:6b29a2284ca5b7ec6c6f33b5f91d4519; 2:ac915427719b5bbbac6cde920f3b9c12; 2:4e5ad5942054216253406b39e54c589d; 2:b8718682bed2454d611650725ed60cb7,00:00:00:00:100/1,00:01:37:04:100/1,Avid MediaFiles/MXF/AVID2.1 20170428/KT8941_1.WA01.59065906F22AA.mxf; Avid MediaFiles/MXF/AVID2.1 20170428/KT8941_2.WA02.59065906F22AA.mxf; Avid MediaFiles/MXF/AVID2.1 20170428/KT8941_7.WA07.59065906F22AA.mxf; Avid MediaFiles/MXF/AVID2.1 20170428/KT8941_8.WA08.59065906F22AA.mxf
892,KT8942_1.WA01.59065906F22BA; KT8942_7.WA07.59065906F22BA; KT8942_8.WA08.59065906F22BA;     741  /w 3   ,2:83feabf94df2ab381d9ef95b117dd888; 2:460433204604a9e49e7bf43434bafda5; 2:03068da37f6dd3f4d69bebfec6522c8d,00:00:00:00:100/1,00:00:44:16:100/1,Avid MediaFiles/MXF/AVID2.1 20170428/KT8942_1.WA01.59065906F22BA.mxf; Avid MediaFiles/MXF/AVID2.1 20170428/KT8942_7.WA07.59065906F22BA.mxf; Avid MediaFiles/MXF/AVID2.1 20170428/KT8942_8.WA08.59065906F22BA.mxf
893,KT8945_1.WA01.59065906FEFFA; KT8945_2.WA02.59065906FEFFA; KT8945_7.WA07.59065906FEFFA; KT8945_8.WA08.59065906FEFFA;     741  /t 5   ,2:ef244844476410d0669e251498fb083b; 2:5ff5027b6453d7fadc67824f0b3ccf58; 2:469198582323b9843e4dfef97fbec227; 2:a8cfa667c922e87ffce269b77e692a28,00:00:00:00:100/1,00:00:08:16:100/1,Avid MediaFiles/MXF/AVID2.1 20170429/KT8945_1.WA01.59065906FEFFA.mxf; Avid MediaFiles/MXF/AVID2.1 20170429/KT8945_2.WA02.59065906FEFFA.mxf; Avid MediaFiles/MXF/AVID2.1 20170429/KT8945_7.WA07.59065906FEFFA.mxf; Avid MediaFiles/MXF/AVID2.1 20170429/KT8945_8.WA08.59065906FEFFA.mxf
894,KT8944_1.WA01.59065906FEFFA; KT8944_2.WA02.59065906FEFFA; KT8944_7.WA07.59065906FEFFA; KT8944_8.WA08.59065906FEFFA;     741  /n 5   ,2:91567d9476935fa21d83e5a784b5a14d; 2:8173ec5ddca1b2aec7ab042cfa6529e3; 2:3df70284a9028818c6aa87b7e2ccd37a; 2:833d2b47b1712ef3e4cbf5811649000a,00:00:00:00:100/1,00:00:05:92:100/1,Avid MediaFiles/MXF/AVID2.1 20170429/KT8944_1.WA01.59065906FEFFA.mxf; Avid MediaFiles/MXF/AVID2.1 20170429/KT8944_2.WA02.59065906FEFFA.mxf; Avid MediaFiles/MXF/AVID2.1 20170429/KT8944_7.WA07.59065906FEFFA.mxf; Avid MediaFiles/MXF/AVID2.1 20170429/KT8944_8.WA08.59065906FEFFA.mxf
895,KT8948_1.WA01.59065906FF01A; KT8948_2.WA02.59065906FF01A; KT8948_3.WA03.59065906FF01A; KT8948_7.WA07.59065906FF01A; KT8948_8.WA08.59065906FF01A;     703  /t 3   ,2:af12e96da060987932e23e16b5644434; 2:440448a5c18d42bbf5c71c30499b92d9; 2:e49b2a794b39d9d4649c30245e5d7748; 2:4ce248d1e28e594de09b8595599afc8e; 2:b3cabb02842814c125bc550a9d8d3fd6,00:00:00:00:100/1,00:01:12:16:100/1,Avid MediaFiles/MXF/AVID2.1 20170429/KT8948_1.WA01.59065906FF01A.mxf; Avid MediaFiles/MXF/AVID2.1 20170429/KT8948_2.WA02.59065906FF01A.mxf; Avid MediaFiles/MXF/AVID2.1 20170429/KT8948_3.WA03.59065906FF01A.mxf; Avid MediaFiles/MXF/AVID2.1 20170429/KT8948_7.WA07.59065906FF01A.mxf; Avid MediaFiles/MXF/AVID2.1 20170429/KT8948_8.WA08.59065906FF01A.mxf
896,KT8947_1.WA01.59065906FF00A; KT8947_2.WA02.59065906FF00A; KT8947_3.WA03.59065906FF00A; KT8947_7.WA07.59065906FF00A; KT8947_8.WA08.59065906FF00A;     703  /t 2   ,2:4b00b478b7b699ef72c721f92cac98b1; 2:2b9a77bb43175c151df6f3d8b46f827c; 2:c65fe52c2b9c7379ba428e40bed39289; 2:92bdf0318880363cad16432a84f02d89; 2:e1fe767396ac91cc6fb46c618c8f0ef7,00:00:00:00:100/1,00:00:58:12:100/1,Avid MediaFiles/MXF/AVID2.1 20170429/KT8947_1.WA01.59065906FF00A.mxf; Avid MediaFiles/MXF/AVID2.1 20170429/KT8947_2.WA02.59065906FF00A.mxf; Avid MediaFiles/MXF/AVID2.1 20170429/KT8947_3.WA03.59065906FF00A.mxf; Avid MediaFiles/MXF/AVID2.1 20170429/KT8947_7.WA07.59065906FF00A.mxf; Avid MediaFiles/MXF/AVID2.1 20170429/KT8947_8.WA08.59065906FF00A.mxf
897,KT8946_1.WA01.59065906FF00A; KT8946_2.WA02.59065906FF00A; KT8946_3.WA03.59065906FF00A; KT8946_7.WA07.59065906FF00A; KT8946_8.WA08.59065906FF00A;     703  /t 1   ,2:b8234e982be9c3d0ae12c3580010f477; 2:9cd2d18d5a71617146ae1e0601068647; 2:08d3dd2a8423d219893bf6ce8d491d0d; 2:2425c7e6c69a6aaf1a924ee2842fcc99; 2:72ff0d1bc85d9d41ce1cf38fdd6dd873,00:00:00:00:100/1,00:01:06:68:100/1,Avid MediaFiles/MXF/AVID2.1 20170429/KT8946_1.WA01.59065906FF00A.mxf; Avid MediaFiles/MXF/AVID2.1 20170429/KT8946_2.WA02.59065906FF00A.mxf; Avid MediaFiles/MXF/AVID2.1 20170429/KT8946_3.WA03.59065906FF00A.mxf; Avid MediaFiles/MXF/AVID2.1 20170429/KT8946_7.WA07.59065906FF00A.mxf; Avid MediaFiles/MXF/AVID2.1 20170429/KT8946_8.WA08.59065906FF00A.mxf
898,KT8949_1.WA01.59065906FF02A; KT8949_2.WA02.59065906FF02A; KT8949_3.WA03.59065906FF02A; KT8949_7.WA07.59065906FF02A; KT8949_8.WA08.59065906FF02A;     703  /t 4   ,2:1667e2433304859ec086e9929af2ec8f; 2:40b70b98e6a947dddc64dcd611952270; 2:5660be3bfb921ccaae9a03d6e46639d9; 2:eca0a66c4af9a5e33c0237f1cdef5449; 2:9205f20ad8cebcdb9fec431fe2937d39,00:00:00:00:100/1,00:01:15:20:100/1,Avid MediaFiles/MXF/AVID2.1 20170429/KT8949_1.WA01.59065906FF02A.mxf; Avid MediaFiles/MXF/AVID2.1 20170429/KT8949_2.WA02.59065906FF02A.mxf; Avid MediaFiles/MXF/AVID2.1 20170429/KT8949_3.WA03.59065906FF02A.mxf; Avid MediaFiles/MXF/AVID2.1 20170429/KT8949_7.WA07.59065906FF02A.mxf; Avid MediaFiles/MXF/AVID2.1 20170429/KT8949_8.WA08.59065906FF02A.mxf
899,KT8950_1.WA01.59065906FF03A; KT8950_2.WA02.59065906FF03A; KT8950_3.WA03.59065906FF03A; KT8950_7.WA07.59065906FF03A; KT8950_8.WA08.59065906FF03A;     703A /t 1   ,2:d25bc4ca9881aaaa710a6f4bf596c818; 2:a088eae45de73d7f34bdfc102e1bba7a; 2:bab6fbb3dd45163c41e940f427f477a8; 2:d0b7c6118f5f62192c4cb0f37aa3500f; 2:c0aa8abec45908356630809a2df22f40,00:00:00:00:100/1,00:01:04:56:100/1,Avid MediaFiles/MXF/AVID2.1 20170429/KT8950_1.WA01.59065906FF03A.mxf; Avid MediaFiles/MXF/AVID2.1 20170429/KT8950_2.WA02.59065906FF03A.mxf; Avid MediaFiles/MXF/AVID2.1 20170429/KT8950_3.WA03.59065906FF03A.mxf; Avid MediaFiles/MXF/AVID2.1 20170429/KT8950_7.WA07.59065906FF03A.mxf; Avid MediaFiles/MXF/AVID2.1 20170429/KT8950_8.WA08.59065906FF03A.mxf
900,KT8951_1.WA01.59065906FF04A; KT8951_2.WA02.59065906FF04A; KT8951_3.WA03.59065906FF04A; KT8951_7.WA07.59065906FF04A; KT8951_8.WA08.59065906FF04A;     703A /t 2   ,2:aeec2335a04c1c718c63a0442d228e29; 2:612e182c1f26bd19ed4d671a3768b31d; 2:3d35cd5708fc49b03e6bee0c29744f8a; 2:8c299ed700ef654685745a15326e3f9f; 2:b39471055338a8f240efa5ef8fa8bdb8,00:00:00:00:100/1,00:01:18:04:100/1,Avid MediaFiles/MXF/AVID2.1 20170429/KT8951_1.WA01.59065906FF04A.mxf; Avid MediaFiles/MXF/AVID2.1 20170429/KT8951_2.WA02.59065906FF04A.mxf; Avid MediaFiles/MXF/AVID2.1 20170429/KT8951_3.WA03.59065906FF04A.mxf; Avid MediaFiles/MXF/AVID2.1 20170429/KT8951_7.WA07.59065906FF04A.mxf; Avid MediaFiles/MXF/AVID2.1 20170429/KT8951_8.WA08.59065906FF04A.mxf
901,KT8952_1.WA01.59065906FF05A; KT8952_2.WA02.59065906FF05A; KT8952_3.WA03.59065906FF05A; KT8952_7.WA07.59065906FF05A; KT8952_8.WA08.59065906FF05A;     707  /t 1   ,2:2b77c3ddcfa10f7aaedf193d9f3c5973; 2:b47492a9db41c52917a02df891c13a38; 2:54b9b09f3ec7eeedda9172cb8a9fb1f1; 2:51c79d042199705cfd8742ec636f21c7; 2:7a4434a334d982f167cbf02c3272b7c6,00:00:00:00:100/1,00:01:46:92:100/1,Avid MediaFiles/MXF/AVID2.1 20170429/KT8952_1.WA01.59065906FF05A.mxf; Avid MediaFiles/MXF/AVID2.1 20170429/KT8952_2.WA02.59065906FF05A.mxf; Avid MediaFiles/MXF/AVID2.1 20170429/KT8952_3.WA03.59065906FF05A.mxf; Avid MediaFiles/MXF/AVID2.1 20170429/KT8952_7.WA07.59065906FF05A.mxf; Avid MediaFiles/MXF/AVID2.1 20170429/KT8952_8.WA08.59065906FF05A.mxf
902,KT8953_1.WA01.59065906FF06A; KT8953_2.WA02.59065906FF06A; KT8953_3.WA03.59065906FF06A; KT8953_7.WA07.59065906FF06A; KT8953_8.WA08.59065906FF06A;     707  /t 2   ,2:e7b0a70d0540fb64f8b84837ab31ff2e; 2:f577d2cfe999a70f87b5a4480e96ccf4; 2:b8fd57128905fc0172cda017fc26d0f5; 2:76480a404fc11579120e4ee7647e3cfd; 2:39bf228990f81e0ce60a5a733788b3d2,00:00:00:00:100/1,00:01:58:60:100/1,Avid MediaFiles/MXF/AVID2.1 20170429/KT8953_1.WA01.59065906FF06A.mxf; Avid MediaFiles/MXF/AVID2.1 20170429/KT8953_2.WA02.59065906FF06A.mxf; Avid MediaFiles/MXF/AVID2.1 20170429/KT8953_3.WA03.59065906FF06A.mxf; Avid MediaFiles/MXF/AVID2.1 20170429/KT8953_7.WA07.59065906FF06A.mxf; Avid MediaFiles/MXF/AVID2.1 20170429/KT8953_8.WA08.59065906FF06A.mxf
903,KT8954_1.WA01.59065906FF08A; KT8954_2.WA02.59065906FF08A; KT8954_3.WA03.59065906FF08A; KT8954_7.WA07.59065906FF08A; KT8954_8.WA08.59065906FF08A;     707  /t 3   ,2:dd619a7331ee3a366d53411aa33f1536; 2:69b772bcd4089d1462be297797d7bc9f; 2:51420ffb694f7a3aa791f3072c561580; 2:8c119c02f4b287d643fd4cec394cfced; 2:cece6eb52d7994c885af296915e7a4fc,00:00:00:00:100/1,00:01:50:40:100/1,Avid MediaFiles/MXF/AVID2.1 20170429/KT8954_1.WA01.59065906FF08A.mxf; Avid MediaFiles/MXF/AVID2.1 20170429/KT8954_2.WA02.59065906FF08A.mxf; Avid MediaFiles/MXF/AVID2.1 20170429/KT8954_3.WA03.59065906FF08A.mxf; Avid MediaFiles/MXF/AVID2.1 20170429/KT8954_7.WA07.59065906FF08A.mxf; Avid MediaFiles/MXF/AVID2.1 20170429/KT8954_8.WA08.59065906FF08A.mxf
904,KT8955_1.WA01.59065906FF09A; KT8955_2.WA02.59065906FF09A; KT8955_3.WA03.59065906FF09A; KT8955_7.WA07.59065906FF09A; KT8955_8.WA08.59065906FF09A;     707A /t 1   ,2:c596a95e5bd2bf8fdb9d750decbbcd73; 2:133a9057c8a072dd0eb5d00d236810a4; 2:86c96dd0c3ce949c42969ee453474bf9; 2:490f0af4bb4071a7ff1ea50a6a96edac; 2:e2ed57c8df055d5ddf10463638b1aae8,00:00:00:00:100/1,00:02:02:36:100/1,Avid MediaFiles/MXF/AVID2.1 20170429/KT8955_1.WA01.59065906FF09A.mxf; Avid MediaFiles/MXF/AVID2.1 20170429/KT8955_2.WA02.59065906FF09A.mxf; Avid MediaFiles/MXF/AVID2.1 20170429/KT8955_3.WA03.59065906FF09A.mxf; Avid MediaFiles/MXF/AVID2.1 20170429/KT8955_7.WA07.59065906FF09A.mxf; Avid MediaFiles/MXF/AVID2.1 20170429/KT8955_8.WA08.59065906FF09A.mxf
905,KT8956_1.WA01.59065906FF0BA; KT8956_2.WA02.59065906FF0BA; KT8956_3.WA03.59065906FF0BA; KT8956_7.WA07.59065906FF0BA; KT8956_8.WA08.59065906FF0BA;     707A /t 2   ,2:9b3a1becdd5c60f2d09f469dfcce6d8d; 2:73e09603ca20a7b972092a80d8868fef; 2:7d4e8abe6408ef374415da9d680af34e; 2:53852e1a983304fa223729e3bb08daeb; 2:b9ab84a7b3b363785eca7bacfbb2cc2c,00:00:00:00:100/1,00:00:41:72:100/1,Avid MediaFiles/MXF/AVID2.1 20170429/KT8956_1.WA01.59065906FF0BA.mxf; Avid MediaFiles/MXF/AVID2.1 20170429/KT8956_2.WA02.59065906FF0BA.mxf; Avid MediaFiles/MXF/AVID2.1 20170429/KT8956_3.WA03.59065906FF0BA.mxf; Avid MediaFiles/MXF/AVID2.1 20170429/KT8956_7.WA07.59065906FF0BA.mxf; Avid MediaFiles/MXF/AVID2.1 20170429/KT8956_8.WA08.59065906FF0BA.mxf
906,KT8958_1.WA01.59065906FF0DA; KT8958_2.WA02.59065906FF0DA; KT8958_3.WA03.59065906FF0DA; KT8958_7.WA07.59065906FF0DA; KT8958_8.WA08.59065906FF0DA;     707A /t 4   ,2:6dd5660228581a7bcc0890e2c59c4ceb; 2:8ff799cf4253cb4028bb99175611f940; 2:1d04a16babee315b99e77e7127f9e9cb; 2:9a4683be7767ddaab0acf66c3e8c2885; 2:622f7bd77b741fed35c369fe6c33bb67,00:00:00:00:100/1,00:00:51:68:100/1,Avid MediaFiles/MXF/AVID2.1 20170429/KT8958_1.WA01.59065906FF0DA.mxf; Avid MediaFiles/MXF/AVID2.1 20170429/KT8958_2.WA02.59065906FF0DA.mxf; Avid MediaFiles/MXF/AVID2.1 20170429/KT8958_3.WA03.59065906FF0DA.mxf; Avid MediaFiles/MXF/AVID2.1 20170429/KT8958_7.WA07.59065906FF0DA.mxf; Avid MediaFiles/MXF/AVID2.1 20170429/KT8958_8.WA08.59065906FF0DA.mxf
907,KT8957_1.WA01.59065906FF0BA; KT8957_2.WA02.59065906FF0BA; KT8957_3.WA03.59065906FF0BA; KT8957_7.WA07.59065906FF0BA; KT8957_8.WA08.59065906FF0BA;     707A /t 3   ,2:8bfc55a7a67c27368b1c79cc1a15ef47; 2:19c33ba5bcc40d6fc407aa92de783d59; 2:2d3af0eb0772f8eb693e54f3c725a042; 2:0fbd052948123f1f239fdb80b4abdbc6; 2:96e98581a01f72af0198eedb291935a2,00:00:00:00:100/1,00:01:37:96:100/1,Avid MediaFiles/MXF/AVID2.1 20170429/KT8957_1.WA01.59065906FF0BA.mxf; Avid MediaFiles/MXF/AVID2.1 20170429/KT8957_2.WA02.59065906FF0BA.mxf; Avid MediaFiles/MXF/AVID2.1 20170429/KT8957_3.WA03.59065906FF0BA.mxf; Avid MediaFiles/MXF/AVID2.1 20170429/KT8957_7.WA07.59065906FF0BA.mxf; Avid MediaFiles/MXF/AVID2.1 20170429/KT8957_8.WA08.59065906FF0BA.mxf
908,KT8959_1.WA01.59065906FF0DA; KT8959_2.WA02.59065906FF0DA; KT8959_3.WA03.59065906FF0DA; KT8959_7.WA07.59065906FF0DA; KT8959_8.WA08.59065906FF0DA;     707A /t 5   ,2:67f528d5e056165edcaea21480010c45; 2:33823a2d1f865e8501fc2e9c1b36a672; 2:efa1788b91ca1863d2b64ea879cb2b82; 2:3ce4cc66fefbec9463d8079d44248433; 2:84587c876a2ab9ad1219fa443df75f99,00:00:00:00:100/1,00:01:14:44:100/1,Avid MediaFiles/MXF/AVID2.1 20170429/KT8959_1.WA01.59065906FF0DA.mxf; Avid MediaFiles/MXF/AVID2.1 20170429/KT8959_2.WA02.59065906FF0DA.mxf; Avid MediaFiles/MXF/AVID2.1 20170429/KT8959_3.WA03.59065906FF0DA.mxf; Avid MediaFiles/MXF/AVID2.1 20170429/KT8959_7.WA07.59065906FF0DA.mxf; Avid MediaFiles/MXF/AVID2.1 20170429/KT8959_8.WA08.59065906FF0DA.mxf
909,KT8960_1.WA01.59065906FF0EA; KT8960_2.WA02.59065906FF0EA; KT8960_3.WA03.59065906FF0EA; KT8960_7.WA07.59065906FF0EA; KT8960_8.WA08.59065906FF0EA;     707B /t 1   ,2:c8d55c16e2ad92f4069ddf1d0bf82033; 2:c8d606dc83f02ba48fb73bce78bf4c87; 2:fd66f6ddd428e53c09be5a3d958efc43; 2:843cc11a50b6e0bbe5738e71a24c4e3b; 2:dc4c4f9c11e4e95e5a6edfe249c2bab0,00:00:00:00:100/1,00:01:02:60:100/1,Avid MediaFiles/MXF/AVID2.1 20170429/KT8960_1.WA01.59065906FF0EA.mxf; Avid MediaFiles/MXF/AVID2.1 20170429/KT8960_2.WA02.59065906FF0EA.mxf; Avid MediaFiles/MXF/AVID2.1 20170429/KT8960_3.WA03.59065906FF0EA.mxf; Avid MediaFiles/MXF/AVID2.1 20170429/KT8960_7.WA07.59065906FF0EA.mxf; Avid MediaFiles/MXF/AVID2.1 20170429/KT8960_8.WA08.59065906FF0EA.mxf
910,KT8961_1.WA01.59065906FF0FA; KT8961_2.WA02.59065906FF0FA; KT8961_3.WA03.59065906FF0FA; KT8961_7.WA07.59065906FF0FA; KT8961_8.WA08.59065906FF0FA;     707B /t 2   ,2:7f9daa0bc838b72826e35a91f2c0634f; 2:f3a0266a293a4bafd2c36fe2007e4f53; 2:2013e4e06615afbae52d9ef2840800c7; 2:f0659c07d1c9ef413c05e6b66e2c0c71; 2:f3665a46cdf908c35e3e1c792157874f,00:00:00:00:100/1,00:01:38:64:100/1,Avid MediaFiles/MXF/AVID2.1 20170429/KT8961_1.WA01.59065906FF0FA.mxf; Avid MediaFiles/MXF/AVID2.1 20170429/KT8961_2.WA02.59065906FF0FA.mxf; Avid MediaFiles/MXF/AVID2.1 20170429/KT8961_3.WA03.59065906FF0FA.mxf; Avid MediaFiles/MXF/AVID2.1 20170429/KT8961_7.WA07.59065906FF0FA.mxf; Avid MediaFiles/MXF/AVID2.1 20170429/KT8961_8.WA08.59065906FF0FA.mxf
911,KT8962_1.WA01.59065906FF10A; KT8962_2.WA02.59065906FF10A; KT8962_3.WA03.59065906FF10A; KT8962_7.WA07.59065906FF10A; KT8962_8.WA08.59065906FF10A;     707C /t 1   ,2:02e708eb65e711b176efceac0a52b083; 2:417a7631d093654a5273759f72a06591; 2:cd458dd300737b294625ae5c04d1a4b2; 2:384f439bd301702b9bfe93e3947647cf; 2:7bc756d733bb595cd89d6d586bb6b8b5,00:00:00:00:100/1,00:00:59:72:100/1,Avid MediaFiles/MXF/AVID2.1 20170429/KT8962_1.WA01.59065906FF10A.mxf; Avid MediaFiles/MXF/AVID2.1 20170429/KT8962_2.WA02.59065906FF10A.mxf; Avid MediaFiles/MXF/AVID2.1 20170429/KT8962_3.WA03.59065906FF10A.mxf; Avid MediaFiles/MXF/AVID2.1 20170429/KT8962_7.WA07.59065906FF10A.mxf; Avid MediaFiles/MXF/AVID2.1 20170429/KT8962_8.WA08.59065906FF10A.mxf
912,KT8963_1.WA01.59065906FF11A; KT8963_2.WA02.59065906FF11A; KT8963_3.WA03.59065906FF11A; KT8963_7.WA07.59065906FF11A; KT8963_8.WA08.59065906FF11A;     707C /t 2   ,2:4aa0d11e82aa097e0349ae5eee03cafe; 2:956cee276f587dece979f83656ddc7c4; 2:1955be9a5db67dbc2407158fd18aef7a; 2:c764dceece09240df2b5b24376e868b8; 2:37904551091a69d2268c116fc416c494,00:00:00:00:100/1,00:01:13:64:100/1,Avid MediaFiles/MXF/AVID2.1 20170429/KT8963_1.WA01.59065906FF11A.mxf; Avid MediaFiles/MXF/AVID2.1 20170429/KT8963_2.WA02.59065906FF11A.mxf; Avid MediaFiles/MXF/AVID2.1 20170429/KT8963_3.WA03.59065906FF11A.mxf; Avid MediaFiles/MXF/AVID2.1 20170429/KT8963_7.WA07.59065906FF11A.mxf; Avid MediaFiles/MXF/AVID2.1 20170429/KT8963_8.WA08.59065906FF11A.mxf
913,KT8965_1.WA01.59065906FF13A; KT8965_2.WA02.59065906FF13A; KT8965_3.WA03.59065906FF13A; KT8965_7.WA07.59065906FF13A; KT8965_8.WA08.59065906FF13A;     707C /t 4   ,2:a42fddf428021718671f70276510d822; 2:b9487473dd14faea4c4416ed875d58a1; 2:56bb4b6deb7a92692340b35677d62e00; 2:5775d8c191813a1614d52299196d0556; 2:43efafd2b86d0f8a244cc3d0070815fc,00:00:00:00:100/1,00:01:04:80:100/1,Avid MediaFiles/MXF/AVID2.1 20170429/KT8965_1.WA01.59065906FF13A.mxf; Avid MediaFiles/MXF/AVID2.1 20170429/KT8965_2.WA02.59065906FF13A.mxf; Avid MediaFiles/MXF/AVID2.1 20170429/KT8965_3.WA03.59065906FF13A.mxf; Avid MediaFiles/MXF/AVID2.1 20170429/KT8965_7.WA07.59065906FF13A.mxf; Avid MediaFiles/MXF/AVID2.1 20170429/KT8965_8.WA08.59065906FF13A.mxf
914,KT8964_1.WA01.59065906FF12A; KT8964_2.WA02.59065906FF12A; KT8964_3.WA03.59065906FF12A; KT8964_7.WA07.59065906FF12A; KT8964_8.WA08.59065906FF12A;     707C /t 3   ,2:63d6f7d6a00f2cbf1af008eeea6f138e; 2:43ca58d28ad21473ced6a7a2a117430e; 2:be67f8cc048c5cd2c50496dea90d37a2; 2:be7940b226731d344ea2b68815a20779; 2:92ed72cbb8aeb3476645ca86fd012ab5,00:00:00:00:100/1,00:00:49:40:100/1,Avid MediaFiles/MXF/AVID2.1 20170429/KT8964_1.WA01.59065906FF12A.mxf; Avid MediaFiles/MXF/AVID2.1 20170429/KT8964_2.WA02.59065906FF12A.mxf; Avid MediaFiles/MXF/AVID2.1 20170429/KT8964_3.WA03.59065906FF12A.mxf; Avid MediaFiles/MXF/AVID2.1 20170429/KT8964_7.WA07.59065906FF12A.mxf; Avid MediaFiles/MXF/AVID2.1 20170429/KT8964_8.WA08.59065906FF12A.mxf
915,KT8966_1.WA01.59065906FF14A; KT8966_2.WA02.59065906FF14A; KT8966_3.WA03.59065906FF14A; KT8966_7.WA07.59065906FF14A; KT8966_8.WA08.59065906FF14A;     707D /t 1   ,2:16bfa8c835d4129f2f76f569ef26375c; 2:4f0d4a9df027d95ae0ccfa64da9cad71; 2:6fcce50471818d48503bf29962a0be75; 2:3694981256ab578d5805c899990c8061; 2:601429e63e44292934284ef784068f5b,00:00:00:00:100/1,00:01:52:92:100/1,Avid MediaFiles/MXF/AVID2.1 20170429/KT8966_1.WA01.59065906FF14A.mxf; Avid MediaFiles/MXF/AVID2.1 20170429/KT8966_2.WA02.59065906FF14A.mxf; Avid MediaFiles/MXF/AVID2.1 20170429/KT8966_3.WA03.59065906FF14A.mxf; Avid MediaFiles/MXF/AVID2.1 20170429/KT8966_7.WA07.59065906FF14A.mxf; Avid MediaFiles/MXF/AVID2.1 20170429/KT8966_8.WA08.59065906FF14A.mxf
916,KT8967_1.WA01.59065906FF15A; KT8967_2.WA02.59065906FF15A; KT8967_3.WA03.59065906FF15A; KT8967_7.WA07.59065906FF15A; KT8967_8.WA08.59065906FF15A;     707E /t 1   ,2:1186e5280969f3490ce1f2678d9efbf1; 2:bc908d092b49035676d51b82ff4dc99d; 2:d93f2785c47d700d1b558d536d89e6d8; 2:8d8dde8ef4fae13816b22bac20a519bf; 2:b72b178114b860f6d95f0751fb87366f,00:00:00:00:100/1,00:01:20:40:100/1,Avid MediaFiles/MXF/AVID2.1 20170429/KT8967_1.WA01.59065906FF15A.mxf; Avid MediaFiles/MXF/AVID2.1 20170429/KT8967_2.WA02.59065906FF15A.mxf; Avid MediaFiles/MXF/AVID2.1 20170429/KT8967_3.WA03.59065906FF15A.mxf; Avid MediaFiles/MXF/AVID2.1 20170429/KT8967_7.WA07.59065906FF15A.mxf; Avid MediaFiles/MXF/AVID2.1 20170429/KT8967_8.WA08.59065906FF15A.mxf
917,KT8968_1.WA01.59065906FF17A; KT8968_2.WA02.59065906FF17A; KT8968_3.WA03.59065906FF17A; KT8968_7.WA07.59065906FF17A; KT8968_8.WA08.59065906FF17A;     707E /t 2   ,2:b2f2b13e55a9456b10844c3dffe7bdcb; 2:68f3dac8b807d67d6e90787947cae740; 2:19611571c7020b04a1c1ff230d11f712; 2:a1e7b3f9e9d59e43c39e407ed43a1204; 2:e84df3ae566c0dec4e7a514e4dd0626c,00:00:00:00:100/1,00:01:31:64:100/1,Avid MediaFiles/MXF/AVID2.1 20170429/KT8968_1.WA01.59065906FF17A.mxf; Avid MediaFiles/MXF/AVID2.1 20170429/KT8968_2.WA02.59065906FF17A.mxf; Avid MediaFiles/MXF/AVID2.1 20170429/KT8968_3.WA03.59065906FF17A.mxf; Avid MediaFiles/MXF/AVID2.1 20170429/KT8968_7.WA07.59065906FF17A.mxf; Avid MediaFiles/MXF/AVID2.1 20170429/KT8968_8.WA08.59065906FF17A.mxf
918,KT8970_1.WA01.59065906FF19A; KT8970_7.WA07.59065906FF19A; KT8970_8.WA08.59065906FF19A;   VO722  /w 1   ,2:395a945d6d303b2d75b6d31c99e442ad; 2:68f5f16afb43f0e77e1c21b0d13f62ba; 2:ea0fec9fc3cfb37027a8055efb21f286,00:00:00:00:100/1,00:01:31:76:100/1,Avid MediaFiles/MXF/AVID2.1 20170429/KT8970_1.WA01.59065906FF19A.mxf; Avid MediaFiles/MXF/AVID2.1 20170429/KT8970_7.WA07.59065906FF19A.mxf; Avid MediaFiles/MXF/AVID2.1 20170429/KT8970_8.WA08.59065906FF19A.mxf
919,KT8971_1.WA01.59065906FF1AA; KT8971_7.WA07.59065906FF1AA; KT8971_8.WA08.59065906FF1AA;     703  /w 1   ,2:ff66322af17742e48d6f776c632ee17a; 2:7f7e3c4c24ec0b2408777deebcb33c2b; 2:44cd64cc939904f69f62cbe3793f7110,00:00:00:00:100/1,00:00:30:40:100/1,Avid MediaFiles/MXF/AVID2.1 20170429/KT8971_1.WA01.59065906FF1AA.mxf; Avid MediaFiles/MXF/AVID2.1 20170429/KT8971_7.WA07.59065906FF1AA.mxf; Avid MediaFiles/MXF/AVID2.1 20170429/KT8971_8.WA08.59065906FF1AA.mxf
920,KT8972_1.WA01.59065906FF1AA; KT8972_7.WA07.59065906FF1AA; KT8972_8.WA08.59065906FF1AA;   VO707  /w 1   ,2:cf109c1a4cc71775816cca20db495c61; 2:105e4c4a43eaff60a3eb1a0b595c3e72; 2:2cbaa454db1cd0388e3189c4089d600f,00:00:00:00:100/1,00:02:04:76:100/1,Avid MediaFiles/MXF/AVID2.1 20170429/KT8972_1.WA01.59065906FF1AA.mxf; Avid MediaFiles/MXF/AVID2.1 20170429/KT8972_7.WA07.59065906FF1AA.mxf; Avid MediaFiles/MXF/AVID2.1 20170429/KT8972_8.WA08.59065906FF1AA.mxf
921,KT8969_1.WA01.59065906FF18A; KT8969_2.WA02.59065906FF18A; KT8969_3.WA03.59065906FF18A; KT8969_7.WA07.59065906FF18A; KT8969_8.WA08.59065906FF18A;     707E /t 3   ,2:711a45a2d0d7d6a3c4e9d8416dc1cd6c; 2:3408445e23d9f15267204ccb98f12d87; 2:043d984f05726af9ad36882dc2ba4011; 2:98233abf2235c6ed6590be66698db918; 2:036763a1753dfd4d06fcb99cd4c3c378,00:00:00:00:100/1,00:01:20:80:100/1,Avid MediaFiles/MXF/AVID2.1 20170429/KT8969_1.WA01.59065906FF18A.mxf; Avid MediaFiles/MXF/AVID2.1 20170429/KT8969_2.WA02.59065906FF18A.mxf; Avid MediaFiles/MXF/AVID2.1 20170429/KT8969_3.WA03.59065906FF18A.mxf; Avid MediaFiles/MXF/AVID2.1 20170429/KT8969_7.WA07.59065906FF18A.mxf; Avid MediaFiles/MXF/AVID2.1 20170429/KT8969_8.WA08.59065906FF18A.mxf
922,KT8973_1.WA01.59065906FF1BA; KT8973_7.WA07.59065906FF1BA; KT8973_8.WA08.59065906FF1BA;     810B /w 1   ,2:05e752a617017a499979916a529d4122; 2:a7fbd0637e9596c2db922caa4ddd1c8b; 2:d26a49da6659a130a307f1d9bc7dfe19,00:00:00:00:100/1,00:01:22:96:100/1,Avid MediaFiles/MXF/AVID2.1 20170429/KT8973_1.WA01.59065906FF1BA.mxf; Avid MediaFiles/MXF/AVID2.1 20170429/KT8973_7.WA07.59065906FF1BA.mxf; Avid MediaFiles/MXF/AVID2.1 20170429/KT8973_8.WA08.59065906FF1BA.mxf
923,KT8974_1.WA01.59065906FF1BA; KT8974_7.WA07.59065906FF1BA; KT8974_8.WA08.59065906FF1BA;     722  /t 1   ,2:083f98a7ee1c96e72480fc6eb4b8c344; 2:1787493a317b6e9ce3603b9d85759efb; 2:9c8730ad70d5a400f9ea0ae242f68854,00:00:00:00:100/1,00:01:10:52:100/1,Avid MediaFiles/MXF/AVID2.1 20170429/KT8974_1.WA01.59065906FF1BA.mxf; Avid MediaFiles/MXF/AVID2.1 20170429/KT8974_7.WA07.59065906FF1BA.mxf; Avid MediaFiles/MXF/AVID2.1 20170429/KT8974_8.WA08.59065906FF1BA.mxf
924,KT8975_1.WA01.59065906FF1CA; KT8975_7.WA07.59065906FF1CA; KT8975_8.WA08.59065906FF1CA;     722  /t 2   ,2:187d5101af859bba04a5bb3b1c4a7332; 2:b94491cba7d8af9e6925c8cadebb98e8; 2:acda39abdddca71d03cad415dbbf7527,00:00:00:00:100/1,00:01:09:52:100/1,Avid MediaFiles/MXF/AVID2.1 20170429/KT8975_1.WA01.59065906FF1CA.mxf; Avid MediaFiles/MXF/AVID2.1 20170429/KT8975_7.WA07.59065906FF1CA.mxf; Avid MediaFiles/MXF/AVID2.1 20170429/KT8975_8.WA08.59065906FF1CA.mxf
925,KT8976_1.WA01.59065906FF1DA; KT8976_7.WA07.59065906FF1DA; KT8976_8.WA08.59065906FF1DA;     722  /t 3   ,2:26f508e92dfb03f52aab5728fca8b7ee; 2:d5eb26ffb819811677e2f9c4fcc9046e; 2:e3d486f4d1c1207cb3a3b8c37dccc8dd,00:00:00:00:100/1,00:01:09:72:100/1,Avid MediaFiles/MXF/AVID2.1 20170429/KT8976_1.WA01.59065906FF1DA.mxf; Avid MediaFiles/MXF/AVID2.1 20170429/KT8976_7.WA07.59065906FF1DA.mxf; Avid MediaFiles/MXF/AVID2.1 20170429/KT8976_8.WA08.59065906FF1DA.mxf
926,KT8977_1.WA01.59065906FF1DA; KT8977_7.WA07.59065906FF1DA; KT8977_8.WA08.59065906FF1DA;     722  /t 4   ,2:994866868c6b1453e47d04ed46729a1e; 2:6414fcd427bab64c4f07b5042969a801; 2:c931356c004dc68918656ca324fb75fd,00:00:00:00:100/1,00:01:16:20:100/1,Avid MediaFiles/MXF/AVID2.1 20170429/KT8977_1.WA01.59065906FF1DA.mxf; Avid MediaFiles/MXF/AVID2.1 20170429/KT8977_7.WA07.59065906FF1DA.mxf; Avid MediaFiles/MXF/AVID2.1 20170429/KT8977_8.WA08.59065906FF1DA.mxf
927,KT8979_1.WA01.59065906FF1FA; KT8979_7.WA07.59065906FF1FA; KT8979_8.WA08.59065906FF1FA;    B810  /t 2   ,2:04b84587a9c0ba80d605af0a1b9c4afd; 2:8be26d27c05d3e4bd8d8a33deaee723d; 2:51796c4c3142500b24bda08f99b18484,00:00:00:00:100/1,00:01:14:96:100/1,Avid MediaFiles/MXF/AVID2.1 20170429/KT8979_1.WA01.59065906FF1FA.mxf; Avid MediaFiles/MXF/AVID2.1 20170429/KT8979_7.WA07.59065906FF1FA.mxf; Avid MediaFiles/MXF/AVID2.1 20170429/KT8979_8.WA08.59065906FF1FA.mxf
928,KT8978_1.WA01.59065906FF1EA; KT8978_7.WA07.59065906FF1EA; KT8978_8.WA08.59065906FF1EA;    B810  /t 1   ,2:8307ac91035490fdfe099c3f1cad6540; 2:4b9dbb5eac0d9effaf9756380a64ae3c; 2:2f7dd21dc8203b475102d8b46132e796,00:00:00:00:100/1,00:01:48:72:100/1,Avid MediaFiles/MXF/AVID2.1 20170429/KT8978_1.WA01.59065906FF1EA.mxf; Avid MediaFiles/MXF/AVID2.1 20170429/KT8978_7.WA07.59065906FF1EA.mxf; Avid MediaFiles/MXF/AVID2.1 20170429/KT8978_8.WA08.59065906FF1EA.mxf
929,KT8980_1.WA01.59065906FF1FA; KT8980_7.WA07.59065906FF1FA; KT8980_8.WA08.59065906FF1FA;    B810  /t 3   ,2:0be8a85d3ff6554448777abb3b082f37; 2:beefb622c002bc81a97fe42568350116; 2:65a9ece8d03452976a240abe8b71c5ba,00:00:00:00:100/1,00:01:17:76:100/1,Avid MediaFiles/MXF/AVID2.1 20170429/KT8980_1.WA01.59065906FF1FA.mxf; Avid MediaFiles/MXF/AVID2.1 20170429/KT8980_7.WA07.59065906FF1FA.mxf; Avid MediaFiles/MXF/AVID2.1 20170429/KT8980_8.WA08.59065906FF1FA.mxf
930,KT8981_1.WA01.59065906FF20A; KT8981_7.WA07.59065906FF20A; KT8981_8.WA08.59065906FF20A;     731  /t 1   ,2:be531514e224392fabb39595a34c42da; 2:a5811b9ab316b20f217a7dea608d7cf3; 2:6923e75f5652a3922e69a811f64431b8,00:00:00:00:100/1,00:00:52:96:100/1,Avid MediaFiles/MXF/AVID2.1 20170429/KT8981_1.WA01.59065906FF20A.mxf; Avid MediaFiles/MXF/AVID2.1 20170429/KT8981_7.WA07.59065906FF20A.mxf; Avid MediaFiles/MXF/AVID2.1 20170429/KT8981_8.WA08.59065906FF20A.mxf
931,KT8982_1.WA01.59065906FF20A; KT8982_7.WA07.59065906FF20A; KT8982_8.WA08.59065906FF20A;     731  /t 2   ,2:b016696c92e09081bdff71be8769fb90; 2:86aa5779ecd35d7826ec417832b94c91; 2:7df266103696386463d3a9c7fc8ab945,00:00:00:00:100/1,00:01:22:92:100/1,Avid MediaFiles/MXF/AVID2.1 20170429/KT8982_1.WA01.59065906FF20A.mxf; Avid MediaFiles/MXF/AVID2.1 20170429/KT8982_7.WA07.59065906FF20A.mxf; Avid MediaFiles/MXF/AVID2.1 20170429/KT8982_8.WA08.59065906FF20A.mxf
932,KT8983_1.WA01.59065906FF21A; KT8983_7.WA07.59065906FF21A; KT8983_8.WA08.59065906FF21A;     731  /t 3   ,2:1b3e0695f3f5cbe6c253da920165f934; 2:ac72d22e3babca115200e5a5b7881821; 2:aec130df27ed9fa4d2c72cf6963159b1,00:00:00:00:100/1,00:01:22:32:100/1,Avid MediaFiles/MXF/AVID2.1 20170429/KT8983_1.WA01.59065906FF21A.mxf; Avid MediaFiles/MXF/AVID2.1 20170429/KT8983_7.WA07.59065906FF21A.mxf; Avid MediaFiles/MXF/AVID2.1 20170429/KT8983_8.WA08.59065906FF21A.mxf
933,KT8984_1.WA01.59065906FF22A; KT8984_7.WA07.59065906FF22A; KT8984_8.WA08.59065906FF22A;    B731  /t 1   ,2:5f0be4fdcd0a6e07b555fa40adb4dd0e; 2:d3d3bd2e352badc373153f4851fe64f0; 2:5775854d619c729cac8351a77ec12775,00:00:00:00:100/1,00:01:48:72:100/1,Avid MediaFiles/MXF/AVID2.1 20170429/KT8984_1.WA01.59065906FF22A.mxf; Avid MediaFiles/MXF/AVID2.1 20170429/KT8984_7.WA07.59065906FF22A.mxf; Avid MediaFiles/MXF/AVID2.1 20170429/KT8984_8.WA08.59065906FF22A.mxf
934,KT8985_1.WA01.59065906FF23A; KT8985_7.WA07.59065906FF23A; KT8985_8.WA08.59065906FF23A;    B731  /n 2   ,2:3b6f7863a7ab394c504e8c7fcadda580; 2:94523eeba58a24efd10de424b96049f1; 2:a69e712b533d7f9052ced64d794dd450,00:00:00:00:100/1,00:00:28:20:100/1,Avid MediaFiles/MXF/AVID2.1 20170429/KT8985_1.WA01.59065906FF23A.mxf; Avid MediaFiles/MXF/AVID2.1 20170429/KT8985_7.WA07.59065906FF23A.mxf; Avid MediaFiles/MXF/AVID2.1 20170429/KT8985_8.WA08.59065906FF23A.mxf
935,KT8986_1.WA01.59065906FF23A; KT8986_7.WA07.59065906FF23A; KT8986_8.WA08.59065906FF23A;    B731A /t 1   ,2:e8b1e84ba0f8bdf94f0d6ae44ea4df27; 2:43aaa07da69e1ea6ee14a431ec0add67; 2:9458d1ee9375ed914b770f62704c18d5,00:00:00:00:100/1,00:01:48:24:100/1,Avid MediaFiles/MXF/AVID2.1 20170429/KT8986_1.WA01.59065906FF23A.mxf; Avid MediaFiles/MXF/AVID2.1 20170429/KT8986_7.WA07.59065906FF23A.mxf; Avid MediaFiles/MXF/AVID2.1 20170429/KT8986_8.WA08.59065906FF23A.mxf
936,KT8987_1.WA01.59065906FF24A; KT8987_7.WA07.59065906FF24A; KT8987_8.WA08.59065906FF24A;    B731A /t 2   ,2:4a6161e11659df00fd932d655e3d9fad; 2:aeb7760c1da28328c359aad2ee371486; 2:60af9e7c580325ad0c3b4e50c48c3deb,00:00:00:00:100/1,00:01:59:56:100/1,Avid MediaFiles/MXF/AVID2.1 20170429/KT8987_1.WA01.59065906FF24A.mxf; Avid MediaFiles/MXF/AVID2.1 20170429/KT8987_7.WA07.59065906FF24A.mxf; Avid MediaFiles/MXF/AVID2.1 20170429/KT8987_8.WA08.59065906FF24A.mxf
937,KT8988_1.WA01.59065906FF25A; KT8988_7.WA07.59065906FF25A; KT8988_8.WA08.59065906FF25A;    B731B /t 1   ,2:932faa2baa6a5c7bd39b397392043b63; 2:eb1f4f6a7d70d23014fa8352895be2ba; 2:8936a449ebb4e3faf7ed5f09b7f475f3,00:00:00:00:100/1,00:01:58:44:100/1,Avid MediaFiles/MXF/AVID2.1 20170429/KT8988_1.WA01.59065906FF25A.mxf; Avid MediaFiles/MXF/AVID2.1 20170429/KT8988_7.WA07.59065906FF25A.mxf; Avid MediaFiles/MXF/AVID2.1 20170429/KT8988_8.WA08.59065906FF25A.mxf
938,KT8989_1.WA01.59065906FF26A; KT8989_7.WA07.59065906FF26A; KT8989_8.WA08.59065906FF26A;    B731B /t 2   ,2:321b788255e3b78af23ad621a84f68b4; 2:9ee590b4918681801f893ba0d3b50a95; 2:11f23c15a8975afdeb44b70bd551f3e6,00:00:00:00:100/1,00:03:08:92:100/1,Avid MediaFiles/MXF/AVID2.1 20170429/KT8989_1.WA01.59065906FF26A.mxf; Avid MediaFiles/MXF/AVID2.1 20170429/KT8989_7.WA07.59065906FF26A.mxf; Avid MediaFiles/MXF/AVID2.1 20170429/KT8989_8.WA08.59065906FF26A.mxf
939,KT8991_1.WA01.590A590ADECAA; KT8991_2.WA02.590A590ADECAA; KT8991_3.WA03.590A590ADECAA; KT8991_7.WA07.590A590ADECAA; KT8991_8.WA08.590A590ADECAA;     825  /t 2   ,2:6bca2c628177d093f227647bf73deb4e; 2:bfc03e55516d474b610898a6672c939e; 2:0d96a0266bd26cba7a9b37a49c16f3b2; 2:2da2c871cb905c58dc1724f487ed888a; 2:609231ee8484f45ae559a23e6cb2e032,00:00:00:00:100/1,00:00:57:16:100/1,Avid MediaFiles/MXF/AVID2.1 20170503/KT8991_1.WA01.590A590ADECAA.mxf; Avid MediaFiles/MXF/AVID2.1 20170503/KT8991_2.WA02.590A590ADECAA.mxf; Avid MediaFiles/MXF/AVID2.1 20170503/KT8991_3.WA03.590A590ADECAA.mxf; Avid MediaFiles/MXF/AVID2.1 20170503/KT8991_7.WA07.590A590ADECAA.mxf; Avid MediaFiles/MXF/AVID2.1 20170503/KT8991_8.WA08.590A590ADECAA.mxf
940,KT8990_1.WA01.590A590ADEC9A; KT8990_2.WA02.590A590ADEC9A; KT8990_3.WA03.590A590ADEC9A; KT8990_7.WA07.590A590ADEC9A; KT8990_8.WA08.590A590ADEC9A;     825  /t 1   ,2:1a17d21c463d0a827649099b9d4b40cf; 2:21988a18bcbd2c02c1dad688760d11b2; 2:40cd6abeac37e824c9828850d69636d9; 2:868ba40373eeef828030a76e1ade2bf8; 2:6f866c5c385fcc77f42a4ffcb2bf501a,00:00:00:00:100/1,00:00:52:32:100/1,Avid MediaFiles/MXF/AVID2.1 20170503/KT8990_1.WA01.590A590ADEC9A.mxf; Avid MediaFiles/MXF/AVID2.1 20170503/KT8990_2.WA02.590A590ADEC9A.mxf; Avid MediaFiles/MXF/AVID2.1 20170503/KT8990_3.WA03.590A590ADEC9A.mxf; Avid MediaFiles/MXF/AVID2.1 20170503/KT8990_7.WA07.590A590ADEC9A.mxf; Avid MediaFiles/MXF/AVID2.1 20170503/KT8990_8.WA08.590A590ADEC9A.mxf
941,KT8994_1.WA01.590A590ADECEA; KT8994_2.WA02.590A590ADECEA; KT8994_3.WA03.590A590ADECEA; KT8994_7.WA07.590A590ADECEA; KT8994_8.WA08.590A590ADECEA;     825  /t 5   ,2:e18649555ceb2897438ca7317020815f; 2:51d1e493823b4c9ba633d7127cbffc7b; 2:7137ac4b979f027d45a5adc1ace4ee1b; 2:f533af1f2bf69a710786bdb30a2abbf5; 2:9b38574c207038ecf9fda1de1453daee,00:00:00:00:100/1,00:01:07:92:100/1,Avid MediaFiles/MXF/AVID2.1 20170503/KT8994_1.WA01.590A590ADECEA.mxf; Avid MediaFiles/MXF/AVID2.1 20170503/KT8994_2.WA02.590A590ADECEA.mxf; Avid MediaFiles/MXF/AVID2.1 20170503/KT8994_3.WA03.590A590ADECEA.mxf; Avid MediaFiles/MXF/AVID2.1 20170503/KT8994_7.WA07.590A590ADECEA.mxf; Avid MediaFiles/MXF/AVID2.1 20170503/KT8994_8.WA08.590A590ADECEA.mxf
942,KT8995_1.WA01.590A590ADECFA; KT8995_2.WA02.590A590ADECFA; KT8995_3.WA03.590A590ADECFA; KT8995_7.WA07.590A590ADECFA; KT8995_8.WA08.590A590ADECFA;     825  /t 6   ,2:603d397e75729c3376e08e6fa5ce99fa; 2:8aecade2301a7e93f85f1822c7f02494; 2:c75f409bfcd3c28ae434e9908a329f56; 2:09e6fb01d4f3c8cfa8c3d40cb9f6ccb0; 2:feb80dd447bfc6c4b3be10e7acab9f11,00:00:00:00:100/1,00:02:19:20:100/1,Avid MediaFiles/MXF/AVID2.1 20170503/KT8995_1.WA01.590A590ADECFA.mxf; Avid MediaFiles/MXF/AVID2.1 20170503/KT8995_2.WA02.590A590ADECFA.mxf; Avid MediaFiles/MXF/AVID2.1 20170503/KT8995_3.WA03.590A590ADECFA.mxf; Avid MediaFiles/MXF/AVID2.1 20170503/KT8995_7.WA07.590A590ADECFA.mxf; Avid MediaFiles/MXF/AVID2.1 20170503/KT8995_8.WA08.590A590ADECFA.mxf
943,KT8993_1.WA01.590A590ADECCA; KT8993_2.WA02.590A590ADECCA; KT8993_3.WA03.590A590ADECCA; KT8993_7.WA07.590A590ADECCA; KT8993_8.WA08.590A590ADECCA;     825  /t 4   ,2:10301489bef8c71a3d2e2f39c6172d26; 2:5beb1fca587e8943354dc621d2659191; 2:303ecf1b363f056c484555e3f5b483df; 2:be1d3e63420303747e1e554659a24bbd; 2:f41a1b7847dc7e16d47d4b1dc3326dce,00:00:00:00:100/1,00:01:54:72:100/1,Avid MediaFiles/MXF/AVID2.1 20170503/KT8993_1.WA01.590A590ADECCA.mxf; Avid MediaFiles/MXF/AVID2.1 20170503/KT8993_2.WA02.590A590ADECCA.mxf; Avid MediaFiles/MXF/AVID2.1 20170503/KT8993_3.WA03.590A590ADECCA.mxf; Avid MediaFiles/MXF/AVID2.1 20170503/KT8993_7.WA07.590A590ADECCA.mxf; Avid MediaFiles/MXF/AVID2.1 20170503/KT8993_8.WA08.590A590ADECCA.mxf
944,KT8992_1.WA01.590A590ADECBA; KT8992_2.WA02.590A590ADECBA; KT8992_3.WA03.590A590ADECBA; KT8992_7.WA07.590A590ADECBA; KT8992_8.WA08.590A590ADECBA;     825  /t 3   ,2:f7aea1c5fe02a3a6aaece73b882441e5; 2:990dfdf03afe12e72abc03484a03f55b; 2:d22b8f2209ccc81098eb6fe35e4a44f8; 2:a6d83c27fd77b62711cb71bdc95ccebb; 2:075fa37d5b0a62220c15a6e336dd8066,00:00:00:00:100/1,00:02:01:20:100/1,Avid MediaFiles/MXF/AVID2.1 20170503/KT8992_1.WA01.590A590ADECBA.mxf; Avid MediaFiles/MXF/AVID2.1 20170503/KT8992_2.WA02.590A590ADECBA.mxf; Avid MediaFiles/MXF/AVID2.1 20170503/KT8992_3.WA03.590A590ADECBA.mxf; Avid MediaFiles/MXF/AVID2.1 20170503/KT8992_7.WA07.590A590ADECBA.mxf; Avid MediaFiles/MXF/AVID2.1 20170503/KT8992_8.WA08.590A590ADECBA.mxf
945,KT8996_1.WA01.590A590ADED0A; KT8996_2.WA02.590A590ADED0A; KT8996_3.WA03.590A590ADED0A; KT8996_7.WA07.590A590ADED0A; KT8996_8.WA08.590A590ADED0A;     825  /t 7   ,2:4bf5e3493ba9693cd88265799265144e; 2:0ef33949b4cc735d5f97ebb844333db1; 2:6ca5fa7ffc483301c0ebdbf52827fc71; 2:c4ced11a47b2d8866745a048ed2fa78b; 2:3291f9e171f6c3cefa2cf1fbe29f2a4a,00:00:00:00:100/1,00:01:12:76:100/1,Avid MediaFiles/MXF/AVID2.1 20170503/KT8996_1.WA01.590A590ADED0A.mxf; Avid MediaFiles/MXF/AVID2.1 20170503/KT8996_2.WA02.590A590ADED0A.mxf; Avid MediaFiles/MXF/AVID2.1 20170503/KT8996_3.WA03.590A590ADED0A.mxf; Avid MediaFiles/MXF/AVID2.1 20170503/KT8996_7.WA07.590A590ADED0A.mxf; Avid MediaFiles/MXF/AVID2.1 20170503/KT8996_8.WA08.590A590ADED0A.mxf
946,KT8997_1.WA01.590A590ADED1A; KT8997_2.WA02.590A590ADED1A; KT8997_3.WA03.590A590ADED1A; KT8997_7.WA07.590A590ADED1A; KT8997_8.WA08.590A590ADED1A;     825A /t 1   ,2:23ddb274fd5f3301cefe07fc67dcb74d; 2:9d142a433f22444f781b9a58aa218621; 2:c03a777fcf3d9042ec16719fc9d16abf; 2:3822c44f8738aa7041ee6a7c291f0f98; 2:9cfae368ebf78e1040d48a9048f954fa,00:00:00:00:100/1,00:02:01:36:100/1,Avid MediaFiles/MXF/AVID2.1 20170503/KT8997_1.WA01.590A590ADED1A.mxf; Avid MediaFiles/MXF/AVID2.1 20170503/KT8997_2.WA02.590A590ADED1A.mxf; Avid MediaFiles/MXF/AVID2.1 20170503/KT8997_3.WA03.590A590ADED1A.mxf; Avid MediaFiles/MXF/AVID2.1 20170503/KT8997_7.WA07.590A590ADED1A.mxf; Avid MediaFiles/MXF/AVID2.1 20170503/KT8997_8.WA08.590A590ADED1A.mxf
947,KT8998_1.WA01.590A590ADED3A; KT8998_2.WA02.590A590ADED3A; KT8998_3.WA03.590A590ADED3A; KT8998_7.WA07.590A590ADED3A; KT8998_8.WA08.590A590ADED3A;     825B /t 1   ,2:67cdde558df4c35e750c01a048475126; 2:6d8a8e6bdcdf899f08376b7cdde2b173; 2:6d99cfe2a86a0a0fc5fd6e080245fcb1; 2:4379939211b8993db7766c9ae60b1092; 2:2387acde420c27a17e7c03f4a4cffcbb,00:00:00:00:100/1,00:02:05:44:100/1,Avid MediaFiles/MXF/AVID2.1 20170503/KT8998_1.WA01.590A590ADED3A.mxf; Avid MediaFiles/MXF/AVID2.1 20170503/KT8998_2.WA02.590A590ADED3A.mxf; Avid MediaFiles/MXF/AVID2.1 20170503/KT8998_3.WA03.590A590ADED3A.mxf; Avid MediaFiles/MXF/AVID2.1 20170503/KT8998_7.WA07.590A590ADED3A.mxf; Avid MediaFiles/MXF/AVID2.1 20170503/KT8998_8.WA08.590A590ADED3A.mxf
948,KT8999_1.WA01.590A590ADED4A; KT8999_2.WA02.590A590ADED4A; KT8999_3.WA03.590A590ADED4A; KT8999_7.WA07.590A590ADED4A; KT8999_8.WA08.590A590ADED4A;     825B /t 2   ,2:d20ef4b074644317c3ac7499735f9f6b; 2:9d5c58d5e5c60290fcaade6cb5df6c48; 2:ec1d65e872d878fff3ee7c4a802fe22e; 2:9938b323bbe807e9bf93b73e0f5a3a88; 2:1ff7082da6969eb445769930446eaaa4,00:00:00:00:100/1,00:02:32:32:100/1,Avid MediaFiles/MXF/AVID2.1 20170503/KT8999_1.WA01.590A590ADED4A.mxf; Avid MediaFiles/MXF/AVID2.1 20170503/KT8999_2.WA02.590A590ADED4A.mxf; Avid MediaFiles/MXF/AVID2.1 20170503/KT8999_3.WA03.590A590ADED4A.mxf; Avid MediaFiles/MXF/AVID2.1 20170503/KT8999_7.WA07.590A590ADED4A.mxf; Avid MediaFiles/MXF/AVID2.1 20170503/KT8999_8.WA08.590A590ADED4A.mxf
949,KT9000_1.WA01.590A590ADED6A; KT9000_2.WA02.590A590ADED6A; KT9000_3.WA03.590A590ADED6A; KT9000_7.WA07.590A590ADED6A; KT9000_8.WA08.590A590ADED6A;     825B /t 3   ,2:005d3be224dad5c4c4e01dd43ba55b7a; 2:099adda5b89dce6cd90c5607ac6a2e46; 2:1eb15b492f29271f3ab04c39c947c6d9; 2:8b1cd301e79ccdee58a0998078f43f6d; 2:07e4a3e571bb26998dfd80ede8754174,00:00:00:00:100/1,00:02:07:56:100/1,Avid MediaFiles/MXF/AVID2.1 20170503/KT9000_1.WA01.590A590ADED6A.mxf; Avid MediaFiles/MXF/AVID2.1 20170503/KT9000_2.WA02.590A590ADED6A.mxf; Avid MediaFiles/MXF/AVID2.1 20170503/KT9000_3.WA03.590A590ADED6A.mxf; Avid MediaFiles/MXF/AVID2.1 20170503/KT9000_7.WA07.590A590ADED6A.mxf; Avid MediaFiles/MXF/AVID2.1 20170503/KT9000_8.WA08.590A590ADED6A.mxf
950,KT9001_1.WA01.590A590ADED8A; KT9001_2.WA02.590A590ADED8A; KT9001_3.WA03.590A590ADED8A; KT9001_7.WA07.590A590ADED8A; KT9001_8.WA08.590A590ADED8A;     825B /t 4   ,2:d09265fa9f8f8ec95ffaee4aa9bbe260; 2:2f53b486d3dfe37d2e5c2ca7690eb695; 2:ec55aa167a0ef1c0386d7cfa9263fe79; 2:ff357e7103aa7930560f9b1c3d793ada; 2:11b7487f70affe0b672026993f5105f7,00:00:00:00:100/1,00:01:55:44:100/1,Avid MediaFiles/MXF/AVID2.1 20170503/KT9001_1.WA01.590A590ADED8A.mxf; Avid MediaFiles/MXF/AVID2.1 20170503/KT9001_2.WA02.590A590ADED8A.mxf; Avid MediaFiles/MXF/AVID2.1 20170503/KT9001_3.WA03.590A590ADED8A.mxf; Avid MediaFiles/MXF/AVID2.1 20170503/KT9001_7.WA07.590A590ADED8A.mxf; Avid MediaFiles/MXF/AVID2.1 20170503/KT9001_8.WA08.590A590ADED8A.mxf
951,KT9002_1.WA01.590A590ADED9A; KT9002_2.WA02.590A590ADED9A; KT9002_3.WA03.590A590ADED9A; KT9002_7.WA07.590A590ADED9A; KT9002_8.WA08.590A590ADED9A;     825B /t 5   ,2:c3e83b8e1412fd5576320759855b2e1f; 2:7b8fe29b0bebb2fced708122515a7c28; 2:e03a99fb0101ae136b8a15ecb0bdf6de; 2:2b0d28122a8897080bb7a3515772a867; 2:62cf16070a0b8679b72e1fa4fc272053,00:00:00:00:100/1,00:00:38:72:100/1,Avid MediaFiles/MXF/AVID2.1 20170503/KT9002_1.WA01.590A590ADED9A.mxf; Avid MediaFiles/MXF/AVID2.1 20170503/KT9002_2.WA02.590A590ADED9A.mxf; Avid MediaFiles/MXF/AVID2.1 20170503/KT9002_3.WA03.590A590ADED9A.mxf; Avid MediaFiles/MXF/AVID2.1 20170503/KT9002_7.WA07.590A590ADED9A.mxf; Avid MediaFiles/MXF/AVID2.1 20170503/KT9002_8.WA08.590A590ADED9A.mxf
952,KT9003_1.WA01.590A590ADEDAA; KT9003_2.WA02.590A590ADEDAA; KT9003_3.WA03.590A590ADEDAA; KT9003_7.WA07.590A590ADEDAA; KT9003_8.WA08.590A590ADEDAA;     825B /t 6   ,2:d8636f46297b2ae1a71c932dc28d9d76; 2:d44e8e6f38bc8c5d5e943092260df290; 2:c7760e7e8f1d27b9517a9575cd36bf9c; 2:25284ed05dc77c4312fb5f8367ab3f71; 2:aa173a30c46cb6762768856c67cc73ac,00:00:00:00:100/1,00:02:08:36:100/1,Avid MediaFiles/MXF/AVID2.1 20170503/KT9003_1.WA01.590A590ADEDAA.mxf; Avid MediaFiles/MXF/AVID2.1 20170503/KT9003_2.WA02.590A590ADEDAA.mxf; Avid MediaFiles/MXF/AVID2.1 20170503/KT9003_3.WA03.590A590ADEDAA.mxf; Avid MediaFiles/MXF/AVID2.1 20170503/KT9003_7.WA07.590A590ADEDAA.mxf; Avid MediaFiles/MXF/AVID2.1 20170503/KT9003_8.WA08.590A590ADEDAA.mxf
953,KT9004_1.WA01.590A590ADEDCA; KT9004_2.WA02.590A590ADEDCA; KT9004_3.WA03.590A590ADEDCA; KT9004_7.WA07.590A590ADEDCA; KT9004_8.WA08.590A590ADEDCA;     825C /t 1   ,2:804c426fa1528804157c0ce8b247b41d; 2:ae6c2c66a026a0b871977902008bcf6d; 2:cdee481c0f4285b1cbeb0daf2ee30d38; 2:14e73f75620486e6462d605b65a8997c; 2:53f3ead81c80e31d527ef8dff6d19fa3,00:00:00:00:100/1,00:01:37:48:100/1,Avid MediaFiles/MXF/AVID2.1 20170503/KT9004_1.WA01.590A590ADEDCA.mxf; Avid MediaFiles/MXF/AVID2.1 20170503/KT9004_2.WA02.590A590ADEDCA.mxf; Avid MediaFiles/MXF/AVID2.1 20170503/KT9004_3.WA03.590A590ADEDCA.mxf; Avid MediaFiles/MXF/AVID2.1 20170503/KT9004_7.WA07.590A590ADEDCA.mxf; Avid MediaFiles/MXF/AVID2.1 20170503/KT9004_8.WA08.590A590ADEDCA.mxf
954,KT9005_1.WA01.590A590ADEDDA; KT9005_2.WA02.590A590ADEDDA; KT9005_3.WA03.590A590ADEDDA; KT9005_7.WA07.590A590ADEDDA; KT9005_8.WA08.590A590ADEDDA;     825C /t 2   ,2:fc00df58e28fbe0c5d506e439f987eec; 2:85411c5082856df2b1ece084be5568b4; 2:bd3c3c1bfb9346dbbdc0e0ad8f05e85c; 2:0529951e45977e5965a6da8bb3d2e7a0; 2:22809455f1c7e20c69264517540d428d,00:00:00:00:100/1,00:01:58:80:100/1,Avid MediaFiles/MXF/AVID2.1 20170503/KT9005_1.WA01.590A590ADEDDA.mxf; Avid MediaFiles/MXF/AVID2.1 20170503/KT9005_2.WA02.590A590ADEDDA.mxf; Avid MediaFiles/MXF/AVID2.1 20170503/KT9005_3.WA03.590A590ADEDDA.mxf; Avid MediaFiles/MXF/AVID2.1 20170503/KT9005_7.WA07.590A590ADEDDA.mxf; Avid MediaFiles/MXF/AVID2.1 20170503/KT9005_8.WA08.590A590ADEDDA.mxf
955,KT9006_1.WA01.590A590ADEDEA; KT9006_2.WA02.590A590ADEDEA; KT9006_3.WA03.590A590ADEDEA; KT9006_7.WA07.590A590ADEDEA; KT9006_8.WA08.590A590ADEDEA;     825C /t 3   ,2:67c862440715678ea1145bc0d0479ccf; 2:74d63ef7d5c840dadd883cebc8590bfd; 2:9785b536f16f73a4bac3eaaccfc0916f; 2:c178fb82652221a1f19738499b3944f1; 2:cc4aeed6d9724c679fd6e2a3fa750124,00:00:00:00:100/1,00:02:07:64:100/1,Avid MediaFiles/MXF/AVID2.1 20170503/KT9006_1.WA01.590A590ADEDEA.mxf; Avid MediaFiles/MXF/AVID2.1 20170503/KT9006_2.WA02.590A590ADEDEA.mxf; Avid MediaFiles/MXF/AVID2.1 20170503/KT9006_3.WA03.590A590ADEDEA.mxf; Avid MediaFiles/MXF/AVID2.1 20170503/KT9006_7.WA07.590A590ADEDEA.mxf; Avid MediaFiles/MXF/AVID2.1 20170503/KT9006_8.WA08.590A590ADEDEA.mxf
956,KT9007_1.WA01.590A590ADEE0A; KT9007_2.WA02.590A590ADEE0A; KT9007_3.WA03.590A590ADEE0A; KT9007_7.WA07.590A590ADEE0A; KT9007_8.WA08.590A590ADEE0A;     825C /w 1   ,2:d79c1a4b11a96f7f8e9b182727dc38c6; 2:b78644bb78a2b0d0842e0727a54123b0; 2:048957b3596ee4f5eacab42ec9e0aef0; 2:84fa935e1bfec339097b90acf2c35a05; 2:5305c6f51774febf2ca8c6f3112b818f,00:00:00:00:100/1,00:01:49:84:100/1,Avid MediaFiles/MXF/AVID2.1 20170503/KT9007_1.WA01.590A590ADEE0A.mxf; Avid MediaFiles/MXF/AVID2.1 20170503/KT9007_2.WA02.590A590ADEE0A.mxf; Avid MediaFiles/MXF/AVID2.1 20170503/KT9007_3.WA03.590A590ADEE0A.mxf; Avid MediaFiles/MXF/AVID2.1 20170503/KT9007_7.WA07.590A590ADEE0A.mxf; Avid MediaFiles/MXF/AVID2.1 20170503/KT9007_8.WA08.590A590ADEE0A.mxf
957,KT9008_1.WA01.590A590ADEE1A; KT9008_2.WA02.590A590ADEE1A; KT9008_3.WA03.590A590ADEE1A; KT9008_4.WA04.590A590ADEE1A; KT9008_7.WA07.590A590ADEE1A; KT9008_8.WA08.590A590ADEE1A;    D305  /t 1   ,2:08db0652875cf91a748030fe1da4446d; 2:27c1c0bf0d63452fb0b2f7901c4a6002; 2:2a6c920cf9e77c80aeb13a92ca31e185; 2:936e071fc96510d80c9ba138ec98d1c3; 2:3e2e7893466624ae0cf72d9f604559ec; 2:3f330f2c419713b7d6f4b7bc29a6ef55,00:00:00:00:100/1,00:01:06:16:100/1,Avid MediaFiles/MXF/AVID2.1 20170503/KT9008_1.WA01.590A590ADEE1A.mxf; Avid MediaFiles/MXF/AVID2.1 20170503/KT9008_2.WA02.590A590ADEE1A.mxf; Avid MediaFiles/MXF/AVID2.1 20170503/KT9008_3.WA03.590A590ADEE1A.mxf; Avid MediaFiles/MXF/AVID2.1 20170503/KT9008_4.WA04.590A590ADEE1A.mxf; Avid MediaFiles/MXF/AVID2.1 20170503/KT9008_7.WA07.590A590ADEE1A.mxf; Avid MediaFiles/MXF/AVID2.1 20170503/KT9008_8.WA08.590A590ADEE1A.mxf
958,KT9009_1.WA01.590A590ADEE2A; KT9009_2.WA02.590A590ADEE2A; KT9009_3.WA03.590A590ADEE2A; KT9009_4.WA04.590A590ADEE2A; KT9009_7.WA07.590A590ADEE2A; KT9009_8.WA08.590A590ADEE3A;    D305  /t 2   ,2:69b9f6bf3f46ef2dbca5283030b454d6; 2:3b82567ef92c004c6dd58c23f0997f43; 2:75a51f70dd0d8b887aecf3138b6b6236; 2:c1bec2b287f372be3cea314093851b3b; 2:612bd1768b58271c6ef815912f1bd97a; 2:9958206e09fd19d9e0dfb64433e9c5f6,00:00:00:00:100/1,00:01:06:68:100/1,Avid MediaFiles/MXF/AVID2.1 20170503/KT9009_1.WA01.590A590ADEE2A.mxf; Avid MediaFiles/MXF/AVID2.1 20170503/KT9009_2.WA02.590A590ADEE2A.mxf; Avid MediaFiles/MXF/AVID2.1 20170503/KT9009_3.WA03.590A590ADEE2A.mxf; Avid MediaFiles/MXF/AVID2.1 20170503/KT9009_4.WA04.590A590ADEE2A.mxf; Avid MediaFiles/MXF/AVID2.1 20170503/KT9009_7.WA07.590A590ADEE2A.mxf; Avid MediaFiles/MXF/AVID2.1 20170503/KT9009_8.WA08.590A590ADEE3A.mxf
959,KT9010_1.WA01.590A590ADEE4A; KT9010_2.WA02.590A590ADEE4A; KT9010_3.WA03.590A590ADEE4A; KT9010_4.WA04.590A590ADEE4A; KT9010_7.WA07.590A590ADEE4A; KT9010_8.WA08.590A590ADEE4A;    D305  /t 3   ,2:1e4b6342e1bb53e20cdf154ba8bad10f; 2:9943f023c6d4f622fa8be78f2556f985; 2:a683b5302f646e38ce107bf90884795e; 2:f0faeff65187ea0cc193ec51d6b8cbca; 2:ccbc366c849b368900b9fe9b07101bb5; 2:dd00127798c1d378ad009838b8473e6d,00:00:00:00:100/1,00:01:02:08:100/1,Avid MediaFiles/MXF/AVID2.1 20170503/KT9010_1.WA01.590A590ADEE4A.mxf; Avid MediaFiles/MXF/AVID2.1 20170503/KT9010_2.WA02.590A590ADEE4A.mxf; Avid MediaFiles/MXF/AVID2.1 20170503/KT9010_3.WA03.590A590ADEE4A.mxf; Avid MediaFiles/MXF/AVID2.1 20170503/KT9010_4.WA04.590A590ADEE4A.mxf; Avid MediaFiles/MXF/AVID2.1 20170503/KT9010_7.WA07.590A590ADEE4A.mxf; Avid MediaFiles/MXF/AVID2.1 20170503/KT9010_8.WA08.590A590ADEE4A.mxf
960,KT9013_1.WA01.590A590ADEE7A; KT9013_2.WA02.590A590ADEE7A; KT9013_3.WA03.590A590ADEE7A; KT9013_4.WA04.590A590ADEE7A; KT9013_7.WA07.590A590ADEE7A; KT9013_8.WA08.590A590ADEE7A;    D305  /t 6   ,2:2c678aba186489b9f52d7a3864d48240; 2:5976acc1f25e23d26312e13df23e7738; 2:4235d1574be7d216a06b576a90507847; 2:b8c4a0edf750a2639c42460d13ad3272; 2:7f23e153f8ea4b839949a91e82a6b4d4; 2:e8ecfff64068223f50ee7f564f695593,00:00:00:00:100/1,00:01:08:28:100/1,Avid MediaFiles/MXF/AVID2.1 20170503/KT9013_1.WA01.590A590ADEE7A.mxf; Avid MediaFiles/MXF/AVID2.1 20170503/KT9013_2.WA02.590A590ADEE7A.mxf; Avid MediaFiles/MXF/AVID2.1 20170503/KT9013_3.WA03.590A590ADEE7A.mxf; Avid MediaFiles/MXF/AVID2.1 20170503/KT9013_4.WA04.590A590ADEE7A.mxf; Avid MediaFiles/MXF/AVID2.1 20170503/KT9013_7.WA07.590A590ADEE7A.mxf; Avid MediaFiles/MXF/AVID2.1 20170503/KT9013_8.WA08.590A590ADEE7A.mxf
961,KT9012_1.WA01.590A590ADEE6A; KT9012_2.WA02.590A590ADEE6A; KT9012_3.WA03.590A590ADEE6A; KT9012_4.WA04.590A590ADEE6A; KT9012_7.WA07.590A590ADEE6A; KT9012_8.WA08.590A590ADEE6A;    D305  /t 5   ,2:7441445c2584960abea21fcb0a1a5452; 2:089a6cb570e65641fd14e51975c0405e; 2:0be7a52ba2d87a1112e77c6aab6e6343; 2:d53fb2874a7f0c6a836a3e6a2d566121; 2:1620db46d55fd974e74a0a69ccb208a1; 2:729ef87e6c95a030f89e099c0298b0ca,00:00:00:00:100/1,00:01:40:28:100/1,Avid MediaFiles/MXF/AVID2.1 20170503/KT9012_1.WA01.590A590ADEE6A.mxf; Avid MediaFiles/MXF/AVID2.1 20170503/KT9012_2.WA02.590A590ADEE6A.mxf; Avid MediaFiles/MXF/AVID2.1 20170503/KT9012_3.WA03.590A590ADEE6A.mxf; Avid MediaFiles/MXF/AVID2.1 20170503/KT9012_4.WA04.590A590ADEE6A.mxf; Avid MediaFiles/MXF/AVID2.1 20170503/KT9012_7.WA07.590A590ADEE6A.mxf; Avid MediaFiles/MXF/AVID2.1 20170503/KT9012_8.WA08.590A590ADEE6A.mxf
962,KT9011_1.WA01.590A590ADEE5A; KT9011_2.WA02.590A590ADEE5A; KT9011_3.WA03.590A590ADEE5A; KT9011_4.WA04.590A590ADEE5A; KT9011_7.WA07.590A590ADEE5A; KT9011_8.WA08.590A590ADEE5A;    D305  /t 4   ,2:fcd5fd608d64eba9a230c6aac19325a8; 2:18ac0ed5938cde69181c5f76da9dbffb; 2:8c2f0513ee90444a10406ba851a7c237; 2:b0293eee62bb1941fb4b7a18b612ecd0; 2:e1f862b8c41c31c0ad1985c976288b4e; 2:90fc571d2f9ee2a4185b766dfaa30288,00:00:00:00:100/1,00:01:04:24:100/1,Avid MediaFiles/MXF/AVID2.1 20170503/KT9011_1.WA01.590A590ADEE5A.mxf; Avid MediaFiles/MXF/AVID2.1 20170503/KT9011_2.WA02.590A590ADEE5A.mxf; Avid MediaFiles/MXF/AVID2.1 20170503/KT9011_3.WA03.590A590ADEE5A.mxf; Avid MediaFiles/MXF/AVID2.1 20170503/KT9011_4.WA04.590A590ADEE5A.mxf; Avid MediaFiles/MXF/AVID2.1 20170503/KT9011_7.WA07.590A590ADEE5A.mxf; Avid MediaFiles/MXF/AVID2.1 20170503/KT9011_8.WA08.590A590ADEE5A.mxf
963,KT9014_1.WA01.590A590ADEE9A; KT9014_2.WA02.590A590ADEE9A; KT9014_3.WA03.590A590ADEE9A; KT9014_7.WA07.590A590ADEE9A; KT9014_8.WA08.590A590ADEE9A;    D305A /t 1   ,2:9ce082fa0a274ccf2244d8a897fdc4be; 2:1fb2662c21c71fd7d1079cfd7da44aaf; 2:fa196892ebc5a569c0821413f8d82d6d; 2:b3173e71cc59c845b9779ec38220adb5; 2:b406c4c809de01530c10f0550f2ff70f,00:00:00:00:100/1,00:00:56:36:100/1,Avid MediaFiles/MXF/AVID2.1 20170503/KT9014_1.WA01.590A590ADEE9A.mxf; Avid MediaFiles/MXF/AVID2.1 20170503/KT9014_2.WA02.590A590ADEE9A.mxf; Avid MediaFiles/MXF/AVID2.1 20170503/KT9014_3.WA03.590A590ADEE9A.mxf; Avid MediaFiles/MXF/AVID2.1 20170503/KT9014_7.WA07.590A590ADEE9A.mxf; Avid MediaFiles/MXF/AVID2.1 20170503/KT9014_8.WA08.590A590ADEE9A.mxf
964,KT9015_1.WA01.590A590ADEE9A; KT9015_2.WA02.590A590ADEE9A; KT9015_3.WA03.590A590ADEE9A; KT9015_7.WA07.590A590ADEE9A; KT9015_8.WA08.590A590ADEE9A;    D305A /t 2   ,2:720afc6cb1418f119c2dc99d6aec286a; 2:18321eac27dc69524e37f809b52aed1e; 2:94fe1d3f139cb47788d82a090a793ae4; 2:217ff83d801349dca6250b5c95b3e624; 2:6e3cf07ee5d8240fdff24eb62073d860,00:00:00:00:100/1,00:01:05:88:100/1,Avid MediaFiles/MXF/AVID2.1 20170503/KT9015_1.WA01.590A590ADEE9A.mxf; Avid MediaFiles/MXF/AVID2.1 20170503/KT9015_2.WA02.590A590ADEE9A.mxf; Avid MediaFiles/MXF/AVID2.1 20170503/KT9015_3.WA03.590A590ADEE9A.mxf; Avid MediaFiles/MXF/AVID2.1 20170503/KT9015_7.WA07.590A590ADEE9A.mxf; Avid MediaFiles/MXF/AVID2.1 20170503/KT9015_8.WA08.590A590ADEE9A.mxf
965,KT9016_1.WA01.590A590ADEEAA; KT9016_2.WA02.590A590ADEEAA; KT9016_3.WA03.590A590ADEEAA; KT9016_7.WA07.590A590ADEEAA; KT9016_8.WA08.590A590ADEEAA;    D305A /t 3   ,2:782659f9b1edbab980982026dcce3b7a; 2:85e24177654cccd6724ea3ca2eabd03a; 2:c325e1586e0920615efccc72ffdf8b4e; 2:208503a3d6bf763928b93ba0240452a4; 2:36aae02dbb452b06ccbfd001fcad730c,00:00:00:00:100/1,00:01:08:20:100/1,Avid MediaFiles/MXF/AVID2.1 20170503/KT9016_1.WA01.590A590ADEEAA.mxf; Avid MediaFiles/MXF/AVID2.1 20170503/KT9016_2.WA02.590A590ADEEAA.mxf; Avid MediaFiles/MXF/AVID2.1 20170503/KT9016_3.WA03.590A590ADEEAA.mxf; Avid MediaFiles/MXF/AVID2.1 20170503/KT9016_7.WA07.590A590ADEEAA.mxf; Avid MediaFiles/MXF/AVID2.1 20170503/KT9016_8.WA08.590A590ADEEAA.mxf
966,KT9017_1.WA01.590A590ADEEBA; KT9017_2.WA02.590A590ADEEBA; KT9017_3.WA03.590A590ADEEBA; KT9017_7.WA07.590A590ADEEBA; KT9017_8.WA08.590A590ADEEBA;    D305A /t 4   ,2:cadaa0b7d91b8beead7824b10db5d100; 2:a91a6bc9f70be592a63f32ab6fbe9503; 2:e95b6f462b105172ac16a6b516baf606; 2:9d8a4e59b426a3981a5d72724cf834a8; 2:6c1c83206cb3bf7042f4524733b405f3,00:00:00:00:100/1,00:00:58:96:100/1,Avid MediaFiles/MXF/AVID2.1 20170503/KT9017_1.WA01.590A590ADEEBA.mxf; Avid MediaFiles/MXF/AVID2.1 20170503/KT9017_2.WA02.590A590ADEEBA.mxf; Avid MediaFiles/MXF/AVID2.1 20170503/KT9017_3.WA03.590A590ADEEBA.mxf; Avid MediaFiles/MXF/AVID2.1 20170503/KT9017_7.WA07.590A590ADEEBA.mxf; Avid MediaFiles/MXF/AVID2.1 20170503/KT9017_8.WA08.590A590ADEEBA.mxf
967,KT9018_1.WA01.590A590ADEECA; KT9018_2.WA02.590A590ADEECA; KT9018_3.WA03.590A590ADEECA; KT9018_4.WA04.590A590ADEECA; KT9018_7.WA07.590A590ADEECA; KT9018_8.WA08.590A590ADEECA;    D305B /t 1   ,2:0022737fb09f9e67b1ee2ac8a3a0f2ae; 2:2019e616cd739cfb2bd172614d972f98; 2:3e0280c67817215488301c84f697f67e; 2:c4965f10f2c54d7b81c0561847531895; 2:3d66da0f0562b91f8d74bbc88aef7bc1; 2:3ab129ea4b3d4cf43a6387591c29aeae,00:00:00:00:100/1,00:01:22:40:100/1,Avid MediaFiles/MXF/AVID2.1 20170503/KT9018_1.WA01.590A590ADEECA.mxf; Avid MediaFiles/MXF/AVID2.1 20170503/KT9018_2.WA02.590A590ADEECA.mxf; Avid MediaFiles/MXF/AVID2.1 20170503/KT9018_3.WA03.590A590ADEECA.mxf; Avid MediaFiles/MXF/AVID2.1 20170503/KT9018_4.WA04.590A590ADEECA.mxf; Avid MediaFiles/MXF/AVID2.1 20170503/KT9018_7.WA07.590A590ADEECA.mxf; Avid MediaFiles/MXF/AVID2.1 20170503/KT9018_8.WA08.590A590ADEECA.mxf
968,KT9019_1.WA01.590A590ADEEEA; KT9019_2.WA02.590A590ADEEEA; KT9019_3.WA03.590A590ADEEEA; KT9019_4.WA04.590A590ADEEEA; KT9019_7.WA07.590A590ADEEEA; KT9019_8.WA08.590A590ADEEEA;    D305C /t 1   ,2:d713253fb6a35bc08460234bd81775a5; 2:4136c8f925de0a2bddb3cb15c1305d91; 2:5644008a6e7fb033e69bde0c3bb515cc; 2:ccda2ee2498f7c6853ceb3434095b1e7; 2:15d9f63d20e7dbc595f50dafae877000; 2:596575d68bff12b6f1b3fb0a639ce32c,00:00:00:00:100/1,00:01:17:12:100/1,Avid MediaFiles/MXF/AVID2.1 20170503/KT9019_1.WA01.590A590ADEEEA.mxf; Avid MediaFiles/MXF/AVID2.1 20170503/KT9019_2.WA02.590A590ADEEEA.mxf; Avid MediaFiles/MXF/AVID2.1 20170503/KT9019_3.WA03.590A590ADEEEA.mxf; Avid MediaFiles/MXF/AVID2.1 20170503/KT9019_4.WA04.590A590ADEEEA.mxf; Avid MediaFiles/MXF/AVID2.1 20170503/KT9019_7.WA07.590A590ADEEEA.mxf; Avid MediaFiles/MXF/AVID2.1 20170503/KT9019_8.WA08.590A590ADEEEA.mxf
969,KT9020_1.WA01.590A590ADEEFA; KT9020_2.WA02.590A590ADEEFA; KT9020_3.WA03.590A590ADEEFA; KT9020_4.WA04.590A590ADEEFA; KT9020_7.WA07.590A590ADEEFA; KT9020_8.WA08.590A590ADEEFA;    D305C /t 2   ,2:b1561f5aad18b60b55aa2c50cb3a6993; 2:79fa1549c4c2a1c5bd06efa127cd5d1f; 2:da63dc0d0a3594792746db329d0c3fb4; 2:4efbd01bb9776ca3222217874dfd6e01; 2:e64bd83635b937bbc4afef48cf2a69ec; 2:71d65c60e34fad6f7e0ab49893ba2a9d,00:00:00:00:100/1,00:01:03:72:100/1,Avid MediaFiles/MXF/AVID2.1 20170503/KT9020_1.WA01.590A590ADEEFA.mxf; Avid MediaFiles/MXF/AVID2.1 20170503/KT9020_2.WA02.590A590ADEEFA.mxf; Avid MediaFiles/MXF/AVID2.1 20170503/KT9020_3.WA03.590A590ADEEFA.mxf; Avid MediaFiles/MXF/AVID2.1 20170503/KT9020_4.WA04.590A590ADEEFA.mxf; Avid MediaFiles/MXF/AVID2.1 20170503/KT9020_7.WA07.590A590ADEEFA.mxf; Avid MediaFiles/MXF/AVID2.1 20170503/KT9020_8.WA08.590A590ADEEFA.mxf
970,KT9021_1.WA01.590A590ADEF0A; KT9021_2.WA02.590A590ADEF0A; KT9021_3.WA03.590A590ADEF0A; KT9021_4.WA04.590A590ADEF0A; KT9021_7.WA07.590A590ADEF0A; KT9021_8.WA08.590A590ADEF0A;     309  /t 1   ,2:d3560ac96a0e8f7cdd6a74b6955eca07; 2:6ea5a51b04d79fc1fb1ea14cb594cd51; 2:9d56d265b149b0866473a70e2762a991; 2:e6a0fa8a76bbb2fe520995e6636a7cf3; 2:577b6749aef32ae61360ca03205d8b5d; 2:c3a12586851b5b96816560caf3e1e8e7,00:00:00:00:100/1,00:01:10:44:100/1,Avid MediaFiles/MXF/AVID2.1 20170503/KT9021_1.WA01.590A590ADEF0A.mxf; Avid MediaFiles/MXF/AVID2.1 20170503/KT9021_2.WA02.590A590ADEF0A.mxf; Avid MediaFiles/MXF/AVID2.1 20170503/KT9021_3.WA03.590A590ADEF0A.mxf; Avid MediaFiles/MXF/AVID2.1 20170503/KT9021_4.WA04.590A590ADEF0A.mxf; Avid MediaFiles/MXF/AVID2.1 20170503/KT9021_7.WA07.590A590ADEF0A.mxf; Avid MediaFiles/MXF/AVID2.1 20170503/KT9021_8.WA08.590A590ADEF0A.mxf
971,KT9022_1.WA01.590A590ADEF1A; KT9022_2.WA02.590A590ADEF1A; KT9022_3.WA03.590A590ADEF1A; KT9022_4.WA04.590A590ADEF1A; KT9022_7.WA07.590A590ADEF1A; KT9022_8.WA08.590A590ADEF2A;     309  /t 2   ,2:42f296309f2af3ae53528d8b6662f99f; 2:f59f1b75f8a6150e6e169ba8d4c73e5c; 2:5bfe1a7692623e72cad50657df30ee1b; 2:929cbffd3c5522ca6899ce1d0c0403a1; 2:2e7a86a555cee7d4889b616688ffea91; 2:6d20343320ecf1332dfe80228cd04bad,00:00:00:00:100/1,00:01:24:12:100/1,Avid MediaFiles/MXF/AVID2.1 20170503/KT9022_1.WA01.590A590ADEF1A.mxf; Avid MediaFiles/MXF/AVID2.1 20170503/KT9022_2.WA02.590A590ADEF1A.mxf; Avid MediaFiles/MXF/AVID2.1 20170503/KT9022_3.WA03.590A590ADEF1A.mxf; Avid MediaFiles/MXF/AVID2.1 20170503/KT9022_4.WA04.590A590ADEF1A.mxf; Avid MediaFiles/MXF/AVID2.1 20170503/KT9022_7.WA07.590A590ADEF1A.mxf; Avid MediaFiles/MXF/AVID2.1 20170503/KT9022_8.WA08.590A590ADEF2A.mxf
972,KT9023_1.WA01.590A590ADEF3A; KT9023_2.WA02.590A590ADEF3A; KT9023_3.WA03.590A590ADEF3A; KT9023_4.WA04.590A590ADEF3A; KT9023_7.WA07.590A590ADEF3A; KT9023_8.WA08.590A590ADEF3A;     309  /t 3   ,2:0b8b2d37e4c746c3f30ca6960a6db300; 2:7de979769d5f93965defd764302c4330; 2:af93788a6291c9a72f37d34fb6da9fff; 2:8b7c1d3d169a3d55bb242b8374c66d43; 2:62d130d746e203086aa8667fba612c1e; 2:93a5b5dda7c0968f122016ec7713e49b,00:00:00:00:100/1,00:01:16:76:100/1,Avid MediaFiles/MXF/AVID2.1 20170503/KT9023_1.WA01.590A590ADEF3A.mxf; Avid MediaFiles/MXF/AVID2.1 20170503/KT9023_2.WA02.590A590ADEF3A.mxf; Avid MediaFiles/MXF/AVID2.1 20170503/KT9023_3.WA03.590A590ADEF3A.mxf; Avid MediaFiles/MXF/AVID2.1 20170503/KT9023_4.WA04.590A590ADEF3A.mxf; Avid MediaFiles/MXF/AVID2.1 20170503/KT9023_7.WA07.590A590ADEF3A.mxf; Avid MediaFiles/MXF/AVID2.1 20170503/KT9023_8.WA08.590A590ADEF3A.mxf
973,KT9024_1.WA01.590A590ADEF4A; KT9024_2.WA02.590A590ADEF4A; KT9024_3.WA03.590A590ADEF4A; KT9024_4.WA04.590A590ADEF4A; KT9024_7.WA07.590A590ADEF4A; KT9024_8.WA08.590A590ADEF4A;     309  /t 4   ,2:24142c5a541c3ef5a1646f3cfad8965b; 2:d5e3dadd066594974903e72b784d60d4; 2:888f731bf8837fb52f309ccc989650ef; 2:3ab1501497641f2b3aa0e17ce8545cfe; 2:035f437d39f807671bbcd64de6fcbd42; 2:6d12f5fc367a5030641167ec8daaebeb,00:00:00:00:100/1,00:01:11:12:100/1,Avid MediaFiles/MXF/AVID2.1 20170503/KT9024_1.WA01.590A590ADEF4A.mxf; Avid MediaFiles/MXF/AVID2.1 20170503/KT9024_2.WA02.590A590ADEF4A.mxf; Avid MediaFiles/MXF/AVID2.1 20170503/KT9024_3.WA03.590A590ADEF4A.mxf; Avid MediaFiles/MXF/AVID2.1 20170503/KT9024_4.WA04.590A590ADEF4A.mxf; Avid MediaFiles/MXF/AVID2.1 20170503/KT9024_7.WA07.590A590ADEF4A.mxf; Avid MediaFiles/MXF/AVID2.1 20170503/KT9024_8.WA08.590A590ADEF4A.mxf
974,KT9025_1.WA01.590A590ADEF5A; KT9025_2.WA02.590A590ADEF5A; KT9025_4.WA04.590A590ADEF5A; KT9025_7.WA07.590A590ADEF5A; KT9025_8.WA08.590A590ADEF5A;     317  /t 1   ,2:611f90f3a66a704f80bd47e4964c8c91; 2:84747c32ecea8fbb8583e3e98a11aa4b; 2:5d29ae3e302338655fd73d1558f88afe; 2:68269724a00c0bdf3dd4841739f8acd8; 2:ac819abc8a0bf00f0bcd2eeebc4de87a,00:00:00:00:100/1,00:01:36:16:100/1,Avid MediaFiles/MXF/AVID2.1 20170503/KT9025_1.WA01.590A590ADEF5A.mxf; Avid MediaFiles/MXF/AVID2.1 20170503/KT9025_2.WA02.590A590ADEF5A.mxf; Avid MediaFiles/MXF/AVID2.1 20170503/KT9025_4.WA04.590A590ADEF5A.mxf; Avid MediaFiles/MXF/AVID2.1 20170503/KT9025_7.WA07.590A590ADEF5A.mxf; Avid MediaFiles/MXF/AVID2.1 20170503/KT9025_8.WA08.590A590ADEF5A.mxf
975,KT9026_1.WA01.590A590ADEF7A; KT9026_2.WA02.590A590ADEF7A; KT9026_4.WA04.590A590ADEF7A; KT9026_7.WA07.590A590ADEF7A; KT9026_8.WA08.590A590ADEF7A;     317  /t 2   ,2:809c396da979244cbe284e491fd7fff7; 2:493b6878901e0ada12a71f26094fa14e; 2:019e619a040aa8f1eca100b915b18c04; 2:d869c9181c5d03de4815d63b59f7afbd; 2:defebf4778e1be7a63d18cd735860e98,00:00:00:00:100/1,00:01:34:84:100/1,Avid MediaFiles/MXF/AVID2.1 20170503/KT9026_1.WA01.590A590ADEF7A.mxf; Avid MediaFiles/MXF/AVID2.1 20170503/KT9026_2.WA02.590A590ADEF7A.mxf; Avid MediaFiles/MXF/AVID2.1 20170503/KT9026_4.WA04.590A590ADEF7A.mxf; Avid MediaFiles/MXF/AVID2.1 20170503/KT9026_7.WA07.590A590ADEF7A.mxf; Avid MediaFiles/MXF/AVID2.1 20170503/KT9026_8.WA08.590A590ADEF7A.mxf
976,KT9027_1.WA01.590A590ADEF8A; KT9027_2.WA02.590A590ADEF8A; KT9027_4.WA04.590A590ADEF8A; KT9027_7.WA07.590A590ADEF8A; KT9027_8.WA08.590A590ADEF8A;     317  /n 3   ,2:621005b0e30b021a6727260b5d9db368; 2:efed203964a92107d236cedc12aa3225; 2:a9a2440f56701f2423c32a86ae095b0c; 2:47ab9ea620e263cc2a8dff912ae1b607; 2:2f686caddf251f08299dcacc4665bbc4,00:00:00:00:100/1,00:00:05:52:100/1,Avid MediaFiles/MXF/AVID2.1 20170503/KT9027_1.WA01.590A590ADEF8A.mxf; Avid MediaFiles/MXF/AVID2.1 20170503/KT9027_2.WA02.590A590ADEF8A.mxf; Avid MediaFiles/MXF/AVID2.1 20170503/KT9027_4.WA04.590A590ADEF8A.mxf; Avid MediaFiles/MXF/AVID2.1 20170503/KT9027_7.WA07.590A590ADEF8A.mxf; Avid MediaFiles/MXF/AVID2.1 20170503/KT9027_8.WA08.590A590ADEF8A.mxf
977,KT9028_1.WA01.590A590ADEF8A; KT9028_2.WA02.590A590ADEF8A; KT9028_3.WA03.590A590ADEF8A; KT9028_7.WA07.590A590ADEF8A; KT9028_8.WA08.590A590ADEF8A;     319  /t 1   ,2:fe1f6a765cce1a3b510454ee35bc0f6d; 2:6f94b76e2f630998a5e4f9a21e05608a; 2:7656db762917fc9993ac7eca08d6351e; 2:7cca990c445a69ef97245eb8563bea74; 2:0e1448612f98bc53c898ab71b22b92cf,00:00:00:00:100/1,00:00:56:60:100/1,Avid MediaFiles/MXF/AVID2.1 20170503/KT9028_1.WA01.590A590ADEF8A.mxf; Avid MediaFiles/MXF/AVID2.1 20170503/KT9028_2.WA02.590A590ADEF8A.mxf; Avid MediaFiles/MXF/AVID2.1 20170503/KT9028_3.WA03.590A590ADEF8A.mxf; Avid MediaFiles/MXF/AVID2.1 20170503/KT9028_7.WA07.590A590ADEF8A.mxf; Avid MediaFiles/MXF/AVID2.1 20170503/KT9028_8.WA08.590A590ADEF8A.mxf
978,KT9030_1.WA01.590A590ADEFBA; KT9030_2.WA02.590A590ADEFBA; KT9030_3.WA03.590A590ADEFBA; KT9030_7.WA07.590A590ADEFBA; KT9030_8.WA08.590A590ADEFBA;     319  /n 3   ,2:7104a99ea952b191e366584c95b8d950; 2:f0c43275b964996a1fc3bc16a0b2cf3a; 2:849dddbc3a613af7729bb80c2658cdc3; 2:fe8a402c485955b52e16641e555a26a2; 2:b0e2a1e10144cc6e872340eb8971fb95,00:00:00:00:100/1,00:00:13:40:100/1,Avid MediaFiles/MXF/AVID2.1 20170503/KT9030_1.WA01.590A590ADEFBA.mxf; Avid MediaFiles/MXF/AVID2.1 20170503/KT9030_2.WA02.590A590ADEFBA.mxf; Avid MediaFiles/MXF/AVID2.1 20170503/KT9030_3.WA03.590A590ADEFBA.mxf; Avid MediaFiles/MXF/AVID2.1 20170503/KT9030_7.WA07.590A590ADEFBA.mxf; Avid MediaFiles/MXF/AVID2.1 20170503/KT9030_8.WA08.590A590ADEFBA.mxf
979,KT9029_1.WA01.590A590ADEF9A; KT9029_2.WA02.590A590ADEF9A; KT9029_3.WA03.590A590ADEF9A; KT9029_7.WA07.590A590ADEF9A; KT9029_8.WA08.590A590ADEF9A;     319  /t 2   ,2:3b7b7b2369d9ca3b4b58d5cc504c02fa; 2:c1d4c1070c597745e737b5c486143f78; 2:64285b18419a9058d9f75b3f5df4471b; 2:ea014ae3028f735e6e600e4decabec7b; 2:6bd81baa09333f848a41f4e59ea1b609,00:00:00:00:100/1,00:02:18:92:100/1,Avid MediaFiles/MXF/AVID2.1 20170503/KT9029_1.WA01.590A590ADEF9A.mxf; Avid MediaFiles/MXF/AVID2.1 20170503/KT9029_2.WA02.590A590ADEF9A.mxf; Avid MediaFiles/MXF/AVID2.1 20170503/KT9029_3.WA03.590A590ADEF9A.mxf; Avid MediaFiles/MXF/AVID2.1 20170503/KT9029_7.WA07.590A590ADEF9A.mxf; Avid MediaFiles/MXF/AVID2.1 20170503/KT9029_8.WA08.590A590ADEF9A.mxf
980,KT9031_1.WA01.590A590ADEFBA; KT9031_2.WA02.590A590ADEFBA; KT9031_3.WA03.590A590ADEFBA; KT9031_7.WA07.590A590ADEFBA; KT9031_8.WA08.590A590ADEFBA;     319  /t 3   ,2:52df8c2d7c583547156c7dc483e001cb; 2:b20831c5f89db7de871a187d88111cfc; 2:09405ed98c6f22b7ec858c6a9e754eea; 2:a2345422a0c9477959c85808c329f4d7; 2:1d21066dd3e00b717d31fe5e0bce800d,00:00:00:00:100/1,00:02:03:84:100/1,Avid MediaFiles/MXF/AVID2.1 20170503/KT9031_1.WA01.590A590ADEFBA.mxf; Avid MediaFiles/MXF/AVID2.1 20170503/KT9031_2.WA02.590A590ADEFBA.mxf; Avid MediaFiles/MXF/AVID2.1 20170503/KT9031_3.WA03.590A590ADEFBA.mxf; Avid MediaFiles/MXF/AVID2.1 20170503/KT9031_7.WA07.590A590ADEFBA.mxf; Avid MediaFiles/MXF/AVID2.1 20170503/KT9031_8.WA08.590A590ADEFBA.mxf
981,KT9032_1.WA01.590A590ADEFDA; KT9032_2.WA02.590A590ADEFDA; KT9032_3.WA03.590A590ADEFDA; KT9032_7.WA07.590A590ADEFDA; KT9032_8.WA08.590A590ADEFDA;     319  /t 4   ,2:f390f15a301af18bc0dd7356812beac0; 2:4bcd25d2fb809711958ee5df74aa8d1e; 2:1200a27491c11892fe42b9507f789a58; 2:d53272a6a80141f94802a1f31abc3b56; 2:f50a8d027a1d6db5b0340d264a469107,00:00:00:00:100/1,00:02:17:28:100/1,Avid MediaFiles/MXF/AVID2.1 20170503/KT9032_1.WA01.590A590ADEFDA.mxf; Avid MediaFiles/MXF/AVID2.1 20170503/KT9032_2.WA02.590A590ADEFDA.mxf; Avid MediaFiles/MXF/AVID2.1 20170503/KT9032_3.WA03.590A590ADEFDA.mxf; Avid MediaFiles/MXF/AVID2.1 20170503/KT9032_7.WA07.590A590ADEFDA.mxf; Avid MediaFiles/MXF/AVID2.1 20170503/KT9032_8.WA08.590A590ADEFDA.mxf
982,KT9033_1.WA01.590A590ADEFFA; KT9033_2.WA02.590A590ADEFFA; KT9033_3.WA03.590A590ADEFFA; KT9033_7.WA07.590A590ADEFFA; KT9033_8.WA08.590A590ADEFFA;     319  /t 5   ,2:dd83b616316145fbe09a775d9e4f85f6; 2:d5c54ed61c1dd854fc46ec0625a39c89; 2:beab2958e2884f93a9add9205df41b8f; 2:e16d96bc111711d726de33151ee96753; 2:dfc994962455fefc72ee350f8a28768d,00:00:00:00:100/1,00:02:13:92:100/1,Avid MediaFiles/MXF/AVID2.1 20170503/KT9033_1.WA01.590A590ADEFFA.mxf; Avid MediaFiles/MXF/AVID2.1 20170503/KT9033_2.WA02.590A590ADEFFA.mxf; Avid MediaFiles/MXF/AVID2.1 20170503/KT9033_3.WA03.590A590ADEFFA.mxf; Avid MediaFiles/MXF/AVID2.1 20170503/KT9033_7.WA07.590A590ADEFFA.mxf; Avid MediaFiles/MXF/AVID2.1 20170503/KT9033_8.WA08.590A590ADEFFA.mxf
983,KT9034_1.WA01.590A590ADF00A; KT9034_2.WA02.590A590ADF00A; KT9034_3.WA03.590A590ADF00A; KT9034_7.WA07.590A590ADF00A; KT9034_8.WA08.590A590ADF00A;     319A /t 1   ,2:b2a76521a24903a7926cbed80f9af7d1; 2:d79dc5575b839380a82264cc80818002; 2:a009e7199f8183417073b2dc5a48fab3; 2:77e002302b7c0fb018c7c10047fce037; 2:46c8aa510245b1c31adcecff1a664c4f,00:00:00:00:100/1,00:01:41:84:100/1,Avid MediaFiles/MXF/AVID2.1 20170503/KT9034_1.WA01.590A590ADF00A.mxf; Avid MediaFiles/MXF/AVID2.1 20170503/KT9034_2.WA02.590A590ADF00A.mxf; Avid MediaFiles/MXF/AVID2.1 20170503/KT9034_3.WA03.590A590ADF00A.mxf; Avid MediaFiles/MXF/AVID2.1 20170503/KT9034_7.WA07.590A590ADF00A.mxf; Avid MediaFiles/MXF/AVID2.1 20170503/KT9034_8.WA08.590A590ADF00A.mxf
984,KT9036_1.WA01.590A590ADF03A; KT9036_7.WA07.590A590ADF03A; KT9036_8.WA08.590A590ADF03A;     319A /w 3   ,2:b545f43b70d8ab779c7a9f9973a0e3f4; 2:91f044fdd8280428ec393e4c44346672; 2:6d102f6b5cfafb958604aad735388097,00:00:00:00:100/1,00:00:56:36:100/1,Avid MediaFiles/MXF/AVID2.1 20170503/KT9036_1.WA01.590A590ADF03A.mxf; Avid MediaFiles/MXF/AVID2.1 20170503/KT9036_7.WA07.590A590ADF03A.mxf; Avid MediaFiles/MXF/AVID2.1 20170503/KT9036_8.WA08.590A590ADF03A.mxf
985,KT9035_1.WA01.590A590ADF02A; KT9035_2.WA02.590A590ADF02A; KT9035_3.WA03.590A590ADF02A; KT9035_7.WA07.590A590ADF02A; KT9035_8.WA08.590A590ADF02A;     319A /t 2   ,2:c713945697936f17b904c8803921dc00; 2:789aeb197cde45810d65f5e4ccc36116; 2:b45a91466ff37a01a49a56512a8e847b; 2:c5274a182f2655fb3881ff97ff134d06; 2:fef3f4199a5f872dad878052f5cf8da7,00:00:00:00:100/1,00:01:31:96:100/1,Avid MediaFiles/MXF/AVID2.1 20170503/KT9035_1.WA01.590A590ADF02A.mxf; Avid MediaFiles/MXF/AVID2.1 20170503/KT9035_2.WA02.590A590ADF02A.mxf; Avid MediaFiles/MXF/AVID2.1 20170503/KT9035_3.WA03.590A590ADF02A.mxf; Avid MediaFiles/MXF/AVID2.1 20170503/KT9035_7.WA07.590A590ADF02A.mxf; Avid MediaFiles/MXF/AVID2.1 20170503/KT9035_8.WA08.590A590ADF02A.mxf
986,KT9037_1.WA01.590C590C345BA; KT9037_7.WA07.590C590C345BA; KT9037_8.WA08.590C590C345BA;     301  /t 1   ,2:ecc79f579d15814932d4b86365788f73; 2:aff9eafb261bb18da6e128f71fa60862; 2:da3bb8ce003055400069cc3ab6399373,00:00:00:00:100/1,00:00:55:40:100/1,Avid MediaFiles/MXF/AVID2.1 20170504/KT9037_1.WA01.590C590C345BA.mxf; Avid MediaFiles/MXF/AVID2.1 20170504/KT9037_7.WA07.590C590C345BA.mxf; Avid MediaFiles/MXF/AVID2.1 20170504/KT9037_8.WA08.590C590C345BA.mxf
987,KT9038_1.WA01.590C590C345BA; KT9038_7.WA07.590C590C345BA; KT9038_8.WA08.590C590C345BA;     301  /t 2   ,2:738c736452bd68b1142ae7635d6b8c7d; 2:4389240f55b4768896d1e33b58919081; 2:a8a0913410c11e01a28ce55ce409c9c2,00:00:00:00:100/1,00:00:38:48:100/1,Avid MediaFiles/MXF/AVID2.1 20170504/KT9038_1.WA01.590C590C345BA.mxf; Avid MediaFiles/MXF/AVID2.1 20170504/KT9038_7.WA07.590C590C345BA.mxf; Avid MediaFiles/MXF/AVID2.1 20170504/KT9038_8.WA08.590C590C345BA.mxf
988,KT9039_1.WA01.590C590C345CA; KT9039_7.WA07.590C590C345CA; KT9039_8.WA08.590C590C345CA;     301  /t 3   ,2:4a3659fe90c8f2009b1e33d1f8ed47bf; 2:4eb5a9a0659159327bd8a1d30871707d; 2:16a048b7c8c4eb917214154e86fdf5da,00:00:00:00:100/1,00:00:41:68:100/1,Avid MediaFiles/MXF/AVID2.1 20170504/KT9039_1.WA01.590C590C345CA.mxf; Avid MediaFiles/MXF/AVID2.1 20170504/KT9039_7.WA07.590C590C345CA.mxf; Avid MediaFiles/MXF/AVID2.1 20170504/KT9039_8.WA08.590C590C345CA.mxf
989,KT9040_1.WA01.590C590C345CA; KT9040_7.WA07.590C590C345CA; KT9040_8.WA08.590C590C345CA;     301  /t 4   ,2:0cc373bde85503f59093c8bc679215e0; 2:e8f84d82f2daf3dc6a6d5e0d98ec4305; 2:86c26f63e06d61b1433e4b3dfe1b6b0f,00:00:00:00:100/1,00:02:11:68:100/1,Avid MediaFiles/MXF/AVID2.1 20170504/KT9040_1.WA01.590C590C345CA.mxf; Avid MediaFiles/MXF/AVID2.1 20170504/KT9040_7.WA07.590C590C345CA.mxf; Avid MediaFiles/MXF/AVID2.1 20170504/KT9040_8.WA08.590C590C345CA.mxf
990,KT9042_1.WA01.590C590C345DA; KT9042_7.WA07.590C590C345DA; KT9042_8.WA08.590C590C345DA;     301  /t 6   ,2:7616b263f8038bea422bce04bcefedca; 2:4aeee5c516c09627cf994cb23e47a26f; 2:7c07e8d5408951f87002a6d400bb6a26,00:00:00:00:100/1,00:01:24:64:100/1,Avid MediaFiles/MXF/AVID2.1 20170504/KT9042_1.WA01.590C590C345DA.mxf; Avid MediaFiles/MXF/AVID2.1 20170504/KT9042_7.WA07.590C590C345DA.mxf; Avid MediaFiles/MXF/AVID2.1 20170504/KT9042_8.WA08.590C590C345DA.mxf
991,KT9041_1.WA01.590C590C345DA; KT9041_7.WA07.590C590C345DA; KT9041_8.WA08.590C590C345DA;     301  /t 5   ,2:78281c3ff150720492d30eb5920b1d97; 2:87700893a8347a88e18df25fcf6fc2ac; 2:571325ff6d07dcc3575ba2078cb983bf,00:00:00:00:100/1,00:00:38:84:100/1,Avid MediaFiles/MXF/AVID2.1 20170504/KT9041_1.WA01.590C590C345DA.mxf; Avid MediaFiles/MXF/AVID2.1 20170504/KT9041_7.WA07.590C590C345DA.mxf; Avid MediaFiles/MXF/AVID2.1 20170504/KT9041_8.WA08.590C590C345DA.mxf
992,KT9043_1.WA01.590C590C345EA; KT9043_2.WA02.590C590C345EA; KT9043_3.WA03.590C590C345EA; KT9043_4.WA04.590C590C345EA; KT9043_7.WA07.590C590C345EA; KT9043_8.WA08.590C590C345EA;     301A /w 1   ,2:25ddecc2c7d85eede69292d1ad8f80f5; 2:c6dd4bcf407d880d29554d3bf59bfae0; 2:e1ac6282ea87c929de453c039ef7bb0f; 2:41f34e335b0eed076562e89bc9bf6982; 2:20495651661eb84df44868634cdab791; 2:3a5881809e23a88068829ba1729235ae,00:00:00:00:100/1,00:01:00:68:100/1,Avid MediaFiles/MXF/AVID2.1 20170504/KT9043_1.WA01.590C590C345EA.mxf; Avid MediaFiles/MXF/AVID2.1 20170504/KT9043_2.WA02.590C590C345EA.mxf; Avid MediaFiles/MXF/AVID2.1 20170504/KT9043_3.WA03.590C590C345EA.mxf; Avid MediaFiles/MXF/AVID2.1 20170504/KT9043_4.WA04.590C590C345EA.mxf; Avid MediaFiles/MXF/AVID2.1 20170504/KT9043_7.WA07.590C590C345EA.mxf; Avid MediaFiles/MXF/AVID2.1 20170504/KT9043_8.WA08.590C590C345EA.mxf
993,KT9044_1.WA01.590C590C345FA; KT9044_2.WA02.590C590C345FA; KT9044_3.WA03.590C590C345FA; KT9044_4.WA04.590C590C345FA; KT9044_7.WA07.590C590C345FA; KT9044_8.WA08.590C590C345FA;     301A /t 1   ,2:7128b6cb65c47b9f056703cd4e986a35; 2:7921d65132edf609b3c8463ebeb7d316; 2:4864a2391201537849a47b0f582b6417; 2:15240ed7f23d0566880bc25a9e5a4255; 2:039fbbed52174a756395e7497d3d1b1d; 2:d81899992d086d1ccae97ef7dad7865a,00:00:00:00:100/1,00:01:10:24:100/1,Avid MediaFiles/MXF/AVID2.1 20170504/KT9044_1.WA01.590C590C345FA.mxf; Avid MediaFiles/MXF/AVID2.1 20170504/KT9044_2.WA02.590C590C345FA.mxf; Avid MediaFiles/MXF/AVID2.1 20170504/KT9044_3.WA03.590C590C345FA.mxf; Avid MediaFiles/MXF/AVID2.1 20170504/KT9044_4.WA04.590C590C345FA.mxf; Avid MediaFiles/MXF/AVID2.1 20170504/KT9044_7.WA07.590C590C345FA.mxf; Avid MediaFiles/MXF/AVID2.1 20170504/KT9044_8.WA08.590C590C345FA.mxf
994,KT9048_1.WA01.590C590C3464A; KT9048_2.WA02.590C590C3464A; KT9048_3.WA03.590C590C3464A; KT9048_4.WA04.590C590C3464A; KT9048_7.WA07.590C590C3464A; KT9048_8.WA08.590C590C3464A;     301B /t 3   ,2:51c160866ad3d97cab5923f07baa5cda; 2:475acca9a96ffed847ccb8a80a1d4039; 2:9da4e3d287adffef966da50f176e3f6b; 2:8ee64b963ddb65e36ac725d9c30734a5; 2:5c4ab073551e795e29d986a7ab50c27f; 2:5bf26e891dbaa318af260df5b09dcef8,00:00:00:00:100/1,00:01:54:40:100/1,Avid MediaFiles/MXF/AVID2.1 20170504/KT9048_1.WA01.590C590C3464A.mxf; Avid MediaFiles/MXF/AVID2.1 20170504/KT9048_2.WA02.590C590C3464A.mxf; Avid MediaFiles/MXF/AVID2.1 20170504/KT9048_3.WA03.590C590C3464A.mxf; Avid MediaFiles/MXF/AVID2.1 20170504/KT9048_4.WA04.590C590C3464A.mxf; Avid MediaFiles/MXF/AVID2.1 20170504/KT9048_7.WA07.590C590C3464A.mxf; Avid MediaFiles/MXF/AVID2.1 20170504/KT9048_8.WA08.590C590C3464A.mxf
995,KT9047_1.WA01.590C590C3463A; KT9047_2.WA02.590C590C3463A; KT9047_3.WA03.590C590C3463A; KT9047_4.WA04.590C590C3463A; KT9047_7.WA07.590C590C3463A; KT9047_8.WA08.590C590C3463A;     301B /t 2   ,2:b555adf4516a79f01994083350836748; 2:b43648929a2ba6f2469a963b43242945; 2:c7b012c431ccefa5cb5d42ba130f7db8; 2:f85f9d6f5e0bc82d9740f013bdc874b3; 2:0d7453b6db5c9d637f75430d8c3b7f1d; 2:3e2454920d6cf546a7de5301ab9a715f,00:00:00:00:100/1,00:01:18:60:100/1,Avid MediaFiles/MXF/AVID2.1 20170504/KT9047_1.WA01.590C590C3463A.mxf; Avid MediaFiles/MXF/AVID2.1 20170504/KT9047_2.WA02.590C590C3463A.mxf; Avid MediaFiles/MXF/AVID2.1 20170504/KT9047_3.WA03.590C590C3463A.mxf; Avid MediaFiles/MXF/AVID2.1 20170504/KT9047_4.WA04.590C590C3463A.mxf; Avid MediaFiles/MXF/AVID2.1 20170504/KT9047_7.WA07.590C590C3463A.mxf; Avid MediaFiles/MXF/AVID2.1 20170504/KT9047_8.WA08.590C590C3463A.mxf
996,KT9046_1.WA01.590C590C3462A; KT9046_2.WA02.590C590C3462A; KT9046_3.WA03.590C590C3462A; KT9046_4.WA04.590C590C3462A; KT9046_7.WA07.590C590C3462A; KT9046_8.WA08.590C590C3462A;     301B /t 1   ,2:fe3e3b82daa0280533582c75d808a287; 2:b677b052adf754ea4669cd99b16392f6; 2:b8a3e714cbaee407e9a3f9be16e65fa6; 2:44d3576a336e0ea7f8ad1dc6f385381e; 2:980721c8b5ed5a427e83c9f32f6c5ff2; 2:8a37b8d3c776f26d13e5adcd929ab5c9,00:00:00:00:100/1,00:01:06:76:100/1,Avid MediaFiles/MXF/AVID2.1 20170504/KT9046_1.WA01.590C590C3462A.mxf; Avid MediaFiles/MXF/AVID2.1 20170504/KT9046_2.WA02.590C590C3462A.mxf; Avid MediaFiles/MXF/AVID2.1 20170504/KT9046_3.WA03.590C590C3462A.mxf; Avid MediaFiles/MXF/AVID2.1 20170504/KT9046_4.WA04.590C590C3462A.mxf; Avid MediaFiles/MXF/AVID2.1 20170504/KT9046_7.WA07.590C590C3462A.mxf; Avid MediaFiles/MXF/AVID2.1 20170504/KT9046_8.WA08.590C590C3462A.mxf
997,KT9045_1.WA01.590C590C3460A; KT9045_2.WA02.590C590C3460A; KT9045_3.WA03.590C590C3460A; KT9045_4.WA04.590C590C3460A; KT9045_7.WA07.590C590C3460A; KT9045_8.WA08.590C590C3460A;     301A /t 2   ,2:cfe57e350ddae5c0ae74e2d4676ce61b; 2:08af67dfde460304b241c99331577afa; 2:9e21f28cc8d27a8375fa5c6b9df90c23; 2:e6f4268cf5b3585627ec6f9b88a6c3d0; 2:2cc0a52f716c6bc555034190a08dcba4; 2:21cfd7dd6e337bdcb23850e86e8fe6b3,00:00:00:00:100/1,00:01:10:12:100/1,Avid MediaFiles/MXF/AVID2.1 20170504/KT9045_1.WA01.590C590C3460A.mxf; Avid MediaFiles/MXF/AVID2.1 20170504/KT9045_2.WA02.590C590C3460A.mxf; Avid MediaFiles/MXF/AVID2.1 20170504/KT9045_3.WA03.590C590C3460A.mxf; Avid MediaFiles/MXF/AVID2.1 20170504/KT9045_4.WA04.590C590C3460A.mxf; Avid MediaFiles/MXF/AVID2.1 20170504/KT9045_7.WA07.590C590C3460A.mxf; Avid MediaFiles/MXF/AVID2.1 20170504/KT9045_8.WA08.590C590C3460A.mxf
998,KT9049_1.WA01.590C590C3466A; KT9049_2.WA02.590C590C3466A; KT9049_3.WA03.590C590C3466A; KT9049_4.WA04.590C590C3466A; KT9049_7.WA07.590C590C3466A; KT9049_8.WA08.590C590C3466A;     301B /t 4   ,2:8b0446ed74776f548dd8fc7e97863ca7; 2:e91e0ea21d0ec9ac83c95cdab5363ae7; 2:c2ca8512c388c61dd67b5803e1e17d8d; 2:1b37c0ae0eabeb57ed3cd015610d21ac; 2:f9b49d22dd6b6a52dfa404b0b639c60a; 2:68a7d93a3f494b50e5d659f8b43ceb43,00:00:00:00:100/1,00:01:10:92:100/1,Avid MediaFiles/MXF/AVID2.1 20170504/KT9049_1.WA01.590C590C3466A.mxf; Avid MediaFiles/MXF/AVID2.1 20170504/KT9049_2.WA02.590C590C3466A.mxf; Avid MediaFiles/MXF/AVID2.1 20170504/KT9049_3.WA03.590C590C3466A.mxf; Avid MediaFiles/MXF/AVID2.1 20170504/KT9049_4.WA04.590C590C3466A.mxf; Avid MediaFiles/MXF/AVID2.1 20170504/KT9049_7.WA07.590C590C3466A.mxf; Avid MediaFiles/MXF/AVID2.1 20170504/KT9049_8.WA08.590C590C3466A.mxf
999,KT9050_1.WA01.590C590C3467A; KT9050_2.WA02.590C590C3467A; KT9050_3.WA03.590C590C3467A; KT9050_4.WA04.590C590C3467A; KT9050_7.WA07.590C590C3467A; KT9050_8.WA08.590C590C3467A;     301B /t 5   ,2:9d3a9bb93d5e78aa72d80ab1210b9cc2; 2:31461150d037e87d5742fa9fff140563; 2:f0af0dc2dbd078730dd82e668ff9fe83; 2:378a650a3c7dfbd8b316b08be61ebc3b; 2:c63f9b3c255bd825b52da4bb497a2230; 2:33c165c6341442b1339c28b7d2bea946,00:00:00:00:100/1,00:00:38:32:100/1,Avid MediaFiles/MXF/AVID2.1 20170504/KT9050_1.WA01.590C590C3467A.mxf; Avid MediaFiles/MXF/AVID2.1 20170504/KT9050_2.WA02.590C590C3467A.mxf; Avid MediaFiles/MXF/AVID2.1 20170504/KT9050_3.WA03.590C590C3467A.mxf; Avid MediaFiles/MXF/AVID2.1 20170504/KT9050_4.WA04.590C590C3467A.mxf; Avid MediaFiles/MXF/AVID2.1 20170504/KT9050_7.WA07.590C590C3467A.mxf; Avid MediaFiles/MXF/AVID2.1 20170504/KT9050_8.WA08.590C590C3467A.mxf
1000,KT9051_1.WA01.590C590C3468A; KT9051_2.WA02.590C590C3468A; KT9051_3.WA03.590C590C3468A; KT9051_4.WA04.590C590C3468A; KT9051_7.WA07.590C590C3468A; KT9051_8.WA08.590C590C3468A;     301  /w 1   ,2:93ec9d81bd4287b2a2127c8eee1469e4; 2:7279ef102fcb89e5062e8da5262e4b89; 2:d3a1787e3ee8a35d2065d4474f9a6ac8; 2:0f420416f14f6bc61b1b90afd9083dd8; 2:b4821aa776191cc60ba920c6fcda0d8c; 2:a29ca80b93fb9011ea811f88dbb59fa8,00:00:00:00:100/1,00:00:50:88:100/1,Avid MediaFiles/MXF/AVID2.1 20170504/KT9051_1.WA01.590C590C3468A.mxf; Avid MediaFiles/MXF/AVID2.1 20170504/KT9051_2.WA02.590C590C3468A.mxf; Avid MediaFiles/MXF/AVID2.1 20170504/KT9051_3.WA03.590C590C3468A.mxf; Avid MediaFiles/MXF/AVID2.1 20170504/KT9051_4.WA04.590C590C3468A.mxf; Avid MediaFiles/MXF/AVID2.1 20170504/KT9051_7.WA07.590C590C3468A.mxf; Avid MediaFiles/MXF/AVID2.1 20170504/KT9051_8.WA08.590C590C3468A.mxf
1001,KT9054-5.WA05.590C590C346BA; KT9054-6.WA06.590C590C346BA;     301  /w 1   ,2:bc4fa7a2bbdecc6175b3eae627b9dd87; 2:105970730b40b64ae1bfd8e39ba14834,00:00:00:00:100/1,00:03:48:04:100/1,Avid MediaFiles/MXF/AVID2.1 20170504/KT9054-5.WA05.590C590C346BA.mxf; Avid MediaFiles/MXF/AVID2.1 20170504/KT9054-6.WA06.590C590C346BA.mxf
1002,KT9052_1.WA01.590C590C3469A; KT9052_2.WA02.590C590C3469A; KT9052_3.WA03.590C590C3469A; KT9052_4.WA04.590C590C3469A; KT9052_7.WA07.590C590C3469A; KT9052_8.WA08.590C590C3469A;     301  /w 2   ,2:40b91dab6edc9176fe205944ba1c1fc8; 2:a8f7c84cbd7255e746823dc913175396; 2:0ede698bc3edba3f874208982a9ec668; 2:aefcd11b06bdbe2464ddb419b6dfb031; 2:997763b41a805845eeed7e7e77a42894; 2:49e49dc56772a08fd01cc983dd74da96,00:00:00:00:100/1,00:00:49:32:100/1,Avid MediaFiles/MXF/AVID2.1 20170504/KT9052_1.WA01.590C590C3469A.mxf; Avid MediaFiles/MXF/AVID2.1 20170504/KT9052_2.WA02.590C590C3469A.mxf; Avid MediaFiles/MXF/AVID2.1 20170504/KT9052_3.WA03.590C590C3469A.mxf; Avid MediaFiles/MXF/AVID2.1 20170504/KT9052_4.WA04.590C590C3469A.mxf; Avid MediaFiles/MXF/AVID2.1 20170504/KT9052_7.WA07.590C590C3469A.mxf; Avid MediaFiles/MXF/AVID2.1 20170504/KT9052_8.WA08.590C590C3469A.mxf
