clip_ID,Names,Hashes,TC_start,TC_end,Path,total_duration_hours
7652,"['28 - Bemidji_ M580143EB.1', '28 - Bemidji_ MN (F580143EB', '28 - Bemidji, MN (Fargo Series Main Theme).mp3']","['2:97e31717b9ebae685e1d56a87d431251', '2:9d97ffd8038d86c98b9dc000644d6195']",00:00:00:00:100/1,00:02:27:24:100/1,"['Avid MediaFiles/MXF/AVID4.0002Musictemp/28 - Bemidji_ M580143EB.1.mxf', 'Avid MediaFiles/MXF/AVID4.0002Musictemp/28 - Bemidji_ MN (F580143EB.mxf']",
7653,"['28 - Bemidji_ M580143EB.1', '28 - Bemidji_ MN (F580143EB', '28 - Bemidji, MN (Fargo Series Main Theme).mp3']","['2:97e31717b9ebae685e1d56a87d431251', '2:9d97ffd8038d86c98b9dc000644d6195']",00:00:00:00:100/1,00:02:27:24:100/1,"['Avid MediaFiles/MXF/AVID4.0002Musictemp/28 - Bemidji_ M580143EB.1.mxf', 'Avid MediaFiles/MXF/AVID4.0002Musictemp/28 - Bemidji_ MN (F580143EB.mxf']",
17210,DJI_0009,2:7f7a234ca2a99e344ff23804ec021d18,00:00:00:00:25/1,00:02:41:19:25/1,UHD Mixdown CC/Making of richtiges Anfangsbild/DJI_0009.MOV,
18296,"['DJI_0008.new.02_(-25.00_FPS),FrameFlex,1', 'DJI_0008.new.02_(-25954DCBB']",2:6105361afacfce03c0ed77a7d18621ed,00:00:00:00:25/1,00:00:14:20:25/1,Avid MediaFiles/MXF/ADMIN-HP.1/DJI_0008.new.02_(-25954DCBB.mxf,
18298,"['DJI_0008.new.02_(-25.00_FPS),FrameFlex,3', 'DJI_0008.new.02_(-25954DD22']",2:a6f0b8b46117ed1afb0fbb0fec023ae7,00:00:00:00:25/1,00:00:12:19:25/1,Avid MediaFiles/MXF/ADMIN-HP.1/DJI_0008.new.02_(-25954DD22.mxf,
20315,"['DJI_0028.MOV', 'DJI_0028.MOV.V159819105']",2:d15c2f989eb7fc88cabce80d59079c40,10:00:00:00:25/1,10:01:36:05:25/1,Avid MediaFiles/MXF/ADMIN-HP.1/DJI_0028.MOV.V159819105.mxf,
239894,"['DJI_0015A01.595E162595E1613', 'DJI_0015.new.01']",2:fd1acc60be4b8de27729128ca52ce96d,00:00:00:00:100/1,00:00:23:76:100/1,Protools IN/AL SHAQAB/Alt/AAF_Consolidated/Avid MediaFiles/MXF/1/DJI_0015A01.595E162595E1613.mxf,
239968,"['DJI_0120A01.595E168595E1627', 'DJI_0120.new.01']",2:9c2438c5e76f777a8318e5dfa3160a65,00:00:00:00:100/1,00:00:24:08:100/1,Protools IN/AL SHAQAB/Alt/AAF_Consolidated/Avid MediaFiles/MXF/1/DJI_0120A01.595E168595E1627.mxf,
240456,"['DJI_0109A01.595E188595E168A', 'DJI_0109.new.01']",2:78f505fff801b7169070ddcfbb370581,00:00:00:00:100/1,00:00:27:60:100/1,Protools IN/AL SHAQAB/Alt/AAF_Consolidated/Avid MediaFiles/MXF/1/DJI_0109A01.595E188595E168A.mxf,
240536,"['DJI_0109A01.595E18D595E1693', 'DJI_0109.new.01']",2:bc7f1cda6f9ad30d4fe32749d5d451a6,00:00:00:00:100/1,00:00:22:32:100/1,Protools IN/AL SHAQAB/Alt/AAF_Consolidated/Avid MediaFiles/MXF/1/DJI_0109A01.595E18D595E1693.mxf,
240653,"['DJI_0014A01.595E194595E169E', 'DJI_0014.new.01']",2:875089df42d843a6b2f4b6c9afce0a1a,00:00:00:00:100/1,00:00:38:00:100/1,Protools IN/AL SHAQAB/Alt/AAF_Consolidated/Avid MediaFiles/MXF/1/DJI_0014A01.595E194595E169E.mxf,
240695,"['DJI_0015A01.5981F105981F0EA', 'DJI_0015.new.01']",2:75e2d3dcd6da36af6e37b4d109df51cf,00:00:00:00:100/1,00:00:47:76:100/1,Protools IN/AL SHAQAB/Alt/AAF/AAF_V04/Avid MediaFiles/MXF/1/DJI_0015A01.5981F105981F0EA.mxf,
240766,"['DJI_0120A01.5981F155981F0F7', 'DJI_0120.new.01']",2:152182c8b33c05ca3ccdfc58e16b09c2,00:00:00:00:100/1,00:00:40:24:100/1,Protools IN/AL SHAQAB/Alt/AAF/AAF_V04/Avid MediaFiles/MXF/1/DJI_0120A01.5981F155981F0F7.mxf,
240882,"['DJI_0109A01.5981F1D5981F115', 'DJI_0109.new.01']",2:50518acdf5e762478f9c3572dcd548b5,00:00:00:00:100/1,00:00:51:60:100/1,Protools IN/AL SHAQAB/Alt/AAF/AAF_V04/Avid MediaFiles/MXF/1/DJI_0109A01.5981F1D5981F115.mxf,
240963,"['DJI_0109A01.5981F235981F127', 'DJI_0109.new.01']",2:2f40641a2c45d45e88650d766464f564,00:00:00:00:100/1,00:00:34:32:100/1,Protools IN/AL SHAQAB/Alt/AAF/AAF_V04/Avid MediaFiles/MXF/1/DJI_0109A01.5981F235981F127.mxf,
241013,"['DJI_0014A01.5981F265981F12F', 'DJI_0014.new.01']",2:9ef95114b5447abab88e486efe5b2986,00:00:00:00:100/1,00:00:58:32:100/1,Protools IN/AL SHAQAB/Alt/AAF/AAF_V04/Avid MediaFiles/MXF/1/DJI_0014A01.5981F265981F12F.mxf,
256272,Colonia_2018_11_04_12C_Team A_Santiago_Armenviertel_Tag24_Drohne_SD01,2:5dc4d4fabe4afbfb6f3d02cb791074e9,01:00:00:00:25/1,01:23:45:05:25/1,+ EXPORTE/DROHNEN/vimeo/Colonia_2018_11_04_12C_Team A_Santiago_Armenviertel_Tag24_Drohne_SD01.MOV,
256469,Colonia_2018_11_05_12C_Team A_Santiago_Allgemein_Tag25_Drohne_SD01,2:0d83b060a143a805ecba1aa3e85398f3,01:00:00:00:25/1,02:23:27:17:25/1,+ EXPORTE/DROHNEN/vimeo/Colonia_2018_11_05_12C_Team A_Santiago_Allgemein_Tag25_Drohne_SD01.mov,
256562,2018_Drohne_CD_50B_Villa_Baviera 22.10.18_VB_Chile,2:80dc86fcefaed5c712e18af6f6e1d691,01:00:00:00:25/1,01:06:59:05:25/1,+ EXPORTE/DROHNEN/vimeo/2018_Drohne_CD_50B_Villa_Baviera 22.10.18_VB_Chile.mov,
257021,Colonia_2018_10_21_7B SD_Team K_VillaBaviera_Tag10_Drohne_SD01_006,2:2eb1fc58e8a15ca21135d89dccc0c1f8,01:00:00:00:25/1,01:06:59:05:25/1,+ EXPORTE/DROHNEN/vimeo/Colonia_2018_10_21_7B SD_Team K_VillaBaviera_Tag10_Drohne_SD01_006.mov,
257541,Colonia_2018_10_19_7B SD_Team K_VillaBaviera_Tag8_Drohne_SD02_003,2:3ab750818ff6b82f8eb9a1e3f27891d0,01:00:00:00:25/1,01:19:42:16:25/1,+ EXPORTE/DROHNEN/vimeo/Colonia_2018_10_19_7B SD_Team K_VillaBaviera_Tag8_Drohne_SD02_003.mov,
257978,Colonia_2018_10_18_7B SD_Team W_VillaBaviera_Allgemein_Tag7_Drohne_SD1_002,2:c32961782f2e8d9b353a6dd2c8641369,01:00:00:00:25/1,01:09:53:11:25/1,+ EXPORTE/DROHNEN/vimeo/Colonia_2018_10_18_7B SD_Team W_VillaBaviera_Allgemein_Tag7_Drohne_SD1_002.MOV,
258711,Colonia_2018_11_05_50B_Team K_078_Engelskirchen-Mueller_Tag23_Drohne_SD1,2:8b960f1005c5183e16ba2f9953d834b3,01:00:00:00:25/1,01:00:48:15:25/1,+ EXPORTE/DROHNEN/vimeo/Colonia_2018_11_05_50B_Team K_078_Engelskirchen-Mueller_Tag23_Drohne_SD1.mov,
259112,2018_Drohne_CD_50B_Supermarkt_TopShot,2:79fa687e0a90f56a5c50a5cc12756514,01:00:00:00:25/1,01:03:28:10:25/1,+ EXPORTE/DROHNEN/vimeo/2018_Drohne_CD_50B_Supermarkt_TopShot.mov,
259469,DROHNE DJI_0001_MEMORIAL_DRON_1.new.01 23.98 fps,2:f1cad8c5865081a9427d8e911eb49cd2,01:00:00:00:24000/1001,01:00:14:17:24000/1001,+ EXPORTE/Chile 23.98 fps/DROHNE DJI_0001_MEMORIAL_DRON_1.new.01 23.98 fps.mov,
259478,2018_Drohne_CD_50B_Süden_Chile 25.10.18_Vulkan_Anflug,2:432d0c976cc53cecd0a19a921ec36cad,01:00:00:00:25/1,01:00:31:22:25/1,+ EXPORTE/DROHNEN/vimeo/2018_Drohne_CD_50B_Süden_Chile 25.10.18_Vulkan_Anflug.mov,
259769,2018_Drohne_CD_50B_Siedlung_Chile,2:e8d2025165338f4bfc59e04b1f8ddc2b,01:00:00:00:25/1,01:16:20:19:25/1,+ EXPORTE/DROHNEN/vimeo/2018_Drohne_CD_50B_Siedlung_Chile.mov,
259855,Colonia_2018_10_17_7B SD_Team W_VillaBaviera_Allgemein_Tag6_Drohne_SD1_001+002,2:5ca4cbaff2ebe9e7e4ab7a9abe66efb2,01:00:00:00:25/1,01:25:42:18:25/1,+ EXPORTE/DROHNEN/vimeo/Colonia_2018_10_17_7B SD_Team W_VillaBaviera_Allgemein_Tag6_Drohne_SD1_001+002.MOV,
260066,Colonia_2018_10_20_7B SD_Team W_VillaBaviera_EfrainVedder_Tag9_Drohne_SD1_003,2:1a08d6a2603646fcedc91c83a4d16ae9,01:00:00:00:25/1,01:05:49:13:25/1,+ EXPORTE/DROHNEN/vimeo/Colonia_2018_10_20_7B SD_Team W_VillaBaviera_EfrainVedder_Tag9_Drohne_SD1_003.mov,
260593,Colonia_2018_10_19_7B SD_Team A_VillaBaviera_Allgemein_Tag8_Drohne_SD1_004,2:3c6ab9d540de6fbe7777c85b13a0f6b5,01:00:00:00:25/1,01:12:21:01:25/1,+ EXPORTE/DROHNEN/vimeo/Colonia_2018_10_19_7B SD_Team A_VillaBaviera_Allgemein_Tag8_Drohne_SD1_004.MOV,
261538,Colonia_2018_10_19_7B SD_Team W_VillaBaviera_Tag8_Drohne_SD02_002,2:a13b35a7faadc90e4ceb528f45ada0ed,01:00:00:00:25/1,01:05:48:09:25/1,+ EXPORTE/DROHNEN/vimeo/Colonia_2018_10_19_7B SD_Team W_VillaBaviera_Tag8_Drohne_SD02_002.mov,
261604,DROHNE DJI_0002_MEMORIAL_DRON_1.new.01 23.98 fps,2:32c4c403acd051776d0a879196003d3e,01:00:00:00:24000/1001,01:00:20:19:24000/1001,+ EXPORTE/Chile 23.98 fps/DROHNE DJI_0002_MEMORIAL_DRON_1.new.01 23.98 fps.mov,
261605,Colonia_2018_10_25_9B SD_Team W_Castillo_DROHNE_Tag14_Drohne_SD1_008,2:ef0f23d43cf1527369be11daa0c411a0,01:00:00:00:25/1,01:13:32:01:25/1,+ EXPORTE/DROHNEN/vimeo/Colonia_2018_10_25_9B SD_Team W_Castillo_DROHNE_Tag14_Drohne_SD1_008.MOV,
262090,DROHNE DJI_0003_MEMORIAL_DRON_1.new.01 23.98 fps,2:d89fd726b8bf7899524769d993102bd7,01:00:00:00:24000/1001,01:00:52:00:24000/1001,+ EXPORTE/Chile 23.98 fps/DROHNE DJI_0003_MEMORIAL_DRON_1.new.01 23.98 fps.mov,
262433,DROHNE DJI_0005_MEMORIAL_DRON_1.new.01 23.98 fps,2:1c00920fbfba6a71e7fed307f906213b,01:00:00:00:24000/1001,01:01:00:00:24000/1001,+ EXPORTE/Chile 23.98 fps/DROHNE DJI_0005_MEMORIAL_DRON_1.new.01 23.98 fps.mov,
262441,Colonia_2018_10_18_6A SxS_Team A_6A SxS_052_VillaBaviera_Drohne_Tag 7_Drohne_SD01,2:83ebe3b803ba42ec9264ade234715585,01:00:00:00:25/1,01:18:35:23:25/1,+ EXPORTE/DROHNEN/vimeo/Colonia_2018_10_18_6A SxS_Team A_6A SxS_052_VillaBaviera_Drohne_Tag 7_Drohne_SD01.mov,
262636,DROHNE DJI_0006_MEMORIAL_DRON_1.new.01 23.98 fps,2:a71001cefb80b4074d39ccb4f173f943,01:00:00:00:24000/1001,01:01:57:09:24000/1001,+ EXPORTE/Chile 23.98 fps/DROHNE DJI_0006_MEMORIAL_DRON_1.new.01 23.98 fps.mov,
263024,Colonia_2018_10_19_7B SD_Team K_VillaBaviera_Tag8_Drohne_SD01_001,2:e99a1fc554e5dc6c3a02b6c770c73d33,01:00:00:00:25/1,01:28:11:07:25/1,+ EXPORTE/DROHNEN/vimeo/Colonia_2018_10_19_7B SD_Team K_VillaBaviera_Tag8_Drohne_SD01_001.MOV,
263336,Colonia_2018_10_28_13C_Team W_57_VillaBaviera_Tag_17_Drohne_SD_01,2:8d6bc5a5199f40e4eed352311dde9a57,01:00:00:00:25/1,01:10:37:01:25/1,+ EXPORTE/DROHNEN/vimeo/Colonia_2018_10_28_13C_Team W_57_VillaBaviera_Tag_17_Drohne_SD_01.mov,
263894,2018_Drohne_CD_50B_Süden_Chile 27.10.18_Stadt_und_Land2,2:d15c20519401046451feaa28dc5ec43b,01:00:00:00:25/1,01:09:07:03:25/1,+ EXPORTE/DROHNEN/vimeo/2018_Drohne_CD_50B_Süden_Chile 27.10.18_Stadt_und_Land2.mov,
264001,Colonia_2018_10_31_12C_Team A_VillaBaviera_Allgemein_Tag20_Drohne_SD01,2:3125078565349376df78003955da4a97,01:00:00:00:25/1,01:42:39:01:25/1,+ EXPORTE/DROHNEN/vimeo/Colonia_2018_10_31_12C_Team A_VillaBaviera_Allgemein_Tag20_Drohne_SD01.MOV,
264098,2018_Drohne_CD_50B_Süden_Chile 26.10.18_Stadt_und_Land,2:1f61848e0b54e4c89bc7572600e5ed0a,01:00:00:00:25/1,01:02:21:24:25/1,+ EXPORTE/DROHNEN/vimeo/2018_Drohne_CD_50B_Süden_Chile 26.10.18_Stadt_und_Land.mov,
264362,Colonia_2018_10_31_50B_Team K_061_Gronau_Impressionen_Tag19_Drohne_SD1,2:9d0fa599d9ee88ffda0bfc9275121fea,01:00:00:00:25/1,01:31:42:11:25/1,+ EXPORTE/DROHNEN/vimeo/Colonia_2018_10_31_50B_Team K_061_Gronau_Impressionen_Tag19_Drohne_SD1.mov,
264583,DROHNE DJI_0004_MEMORIAL_DRON_1.new.01 23.98 fps,2:fcf003bb4e8451aeb0ece1b2a04b4d9e,01:00:00:00:24000/1001,01:01:11:00:24000/1001,+ EXPORTE/Chile 23.98 fps/DROHNE DJI_0004_MEMORIAL_DRON_1.new.01 23.98 fps.mov,
264789,2018_Drohne_CD_50B_Süden_Chile 26.10.18_Fege,2:969ca4cc4f6a2d746deeccb133db1503,01:00:00:00:25/1,01:05:41:20:25/1,+ EXPORTE/DROHNEN/vimeo/2018_Drohne_CD_50B_Süden_Chile 26.10.18_Fege.mov,
265219,Colonia_2018_10_24_9B SD_Team W_VillaBaviera_DROHNE_Tag13_Drohne_SD1_007,2:274d80a7421c4ee80adbc7dca7e73d7f,01:00:00:00:25/1,01:04:18:17:25/1,+ EXPORTE/DROHNEN/vimeo/Colonia_2018_10_24_9B SD_Team W_VillaBaviera_DROHNE_Tag13_Drohne_SD1_007.MOV,
265580,2018_Drohne_CD_50B_Villa_Baviera 19.10.18_VB_Chile 2,2:a599589606c49cce4d57aede37ccb968,01:00:00:00:25/1,01:01:31:19:25/1,+ EXPORTE/DROHNEN/vimeo/2018_Drohne_CD_50B_Villa_Baviera 19.10.18_VB_Chile 2.mov,
265759,Colonia_2018_10_22_7B SD_Team W_Castillo_DROHNEr_Tag11_Drohne_SD1_004,2:e38367b6bd25bc3f2a2e9226bced0f4e,01:00:00:00:25/1,01:07:07:16:25/1,+ EXPORTE/DROHNEN/vimeo/Colonia_2018_10_22_7B SD_Team W_Castillo_DROHNEr_Tag11_Drohne_SD1_004.mov,
266005,2018_Drohne_CD_50B_Villa_Baviera 20.10.18_VB_Chile,2:bd43c2ac965ae6a00253f2b0afabd0fb,01:00:00:00:25/1,01:20:23:24:25/1,+ EXPORTE/DROHNEN/vimeo/2018_Drohne_CD_50B_Villa_Baviera 20.10.18_VB_Chile.mov,
266532,2018_Drohne_CD_50B_Villa_Baviera 17.10.18_VB_Chile,2:3bafefb762375fb4235d3f9dabf9435c,01:00:00:00:25/1,01:07:20:20:25/1,+ EXPORTE/DROHNEN/vimeo/2018_Drohne_CD_50B_Villa_Baviera 17.10.18_VB_Chile.mov,
266535,Colonia_2018_11_02_12C_Team A_VillaBaviera_x_Tag22_Drohne_SD01,2:35675de0305bf5f41f6c9803cbab14c7,01:00:00:00:25/1,01:05:03:22:25/1,+ EXPORTE/DROHNEN/vimeo/Colonia_2018_11_02_12C_Team A_VillaBaviera_x_Tag22_Drohne_SD01.mov,
267409,Colonia_2018_10_23_9B SD_Team W_Castillo_DROHNE_Tag12_Drohne_SD1_006,2:c33d0db05292b6a1efe10f6e2aa56ef4,01:00:00:00:25/1,01:12:06:20:25/1,+ EXPORTE/DROHNEN/vimeo/Colonia_2018_10_23_9B SD_Team W_Castillo_DROHNE_Tag12_Drohne_SD1_006.MOV,
268579,Colonia_2018_10_23_9B SD_Team A_VillaBaviera_Robert_Tag12_Drohne_SD1_005,2:8f2f2de44e1bffe74a0b557f3e57f9d9,01:00:00:00:25/1,01:04:48:01:25/1,+ EXPORTE/DROHNEN/vimeo/Colonia_2018_10_23_9B SD_Team A_VillaBaviera_Robert_Tag12_Drohne_SD1_005.MOV,
269722,2018_Drohne_CD_50B_Villa_Baviera 23.10.18_VB_Chile,2:a5a5fda5a9eca56347485f395b0ef7c6,01:00:00:00:25/1,01:02:00:20:25/1,+ EXPORTE/DROHNEN/vimeo/2018_Drohne_CD_50B_Villa_Baviera 23.10.18_VB_Chile.MOV,
269863,2018_Drohne_CD_50B_Villa_Baviera 19.10.18_VB_Chile 1,2:2df704e7bfc67ee00305e3def2289d0c,01:00:00:00:25/1,01:29:31:12:25/1,+ EXPORTE/DROHNEN/vimeo/2018_Drohne_CD_50B_Villa_Baviera 19.10.18_VB_Chile 1.mov,
270477,2018_Drohne_CD_50B_Villa_Baviera 18.10.18_VB_Chile,2:6323bfabf9b8632e98db4469872b1cce,01:00:00:00:25/1,01:11:01:15:25/1,+ EXPORTE/DROHNEN/vimeo/2018_Drohne_CD_50B_Villa_Baviera 18.10.18_VB_Chile.mov,
270818,Colonia_2018_11_03_12C_Team A_Santiago_Jungfrau_Tag23_Drohne_SD01,2:be4c350bbd4a6c893627a4578c0b8188,01:00:00:00:25/1,01:03:17:10:25/1,+ EXPORTE/DROHNEN/vimeo/Colonia_2018_11_03_12C_Team A_Santiago_Jungfrau_Tag23_Drohne_SD01.MOV,
270960,Colonia_2018_10_16_3A SD_Team K_HelgaWilli_Tag5_Drohne_SD01_001,2:8b244a1b791e7976c639b044116604f1,01:00:00:00:25/1,01:19:49:05:25/1,+ EXPORTE/DROHNEN/vimeo/Colonia_2018_10_16_3A SD_Team K_HelgaWilli_Tag5_Drohne_SD01_001.MOV,
271023,Colonia_2018_10_17_7B SD_Team A_VillaBaviera_Allgemein_Tag6_Drohne_SD1_002,2:da21b4386c7e2c2e0ecfa33a18e3fc2a,01:00:00:00:25/1,01:11:14:16:25/1,+ EXPORTE/DROHNEN/vimeo/Colonia_2018_10_17_7B SD_Team A_VillaBaviera_Allgemein_Tag6_Drohne_SD1_002.MOV,
271922,Colonia_2018_10_16_2A SxS_Team A _051_LosAngelesStadt_Tag5_Drohne_SD1,2:00cf82e64ff7f1f695807a3b5b2b1e35,01:00:00:00:25/1,01:11:44:05:25/1,+ EXPORTE/DROHNEN/vimeo/Colonia_2018_10_16_2A SxS_Team A _051_LosAngelesStadt_Tag5_Drohne_SD1.MOV,
320527,"['DJI_0001.new.01', 'DJI_0001V01.5BED355BED359AV']",2:6d64ff1ea9c0d84538d471b81afef823,00:00:00:00:25/1,00:00:48:15:25/1,Avid MediaFiles/MXF/Z820_AVID06.2/DJI_0001V01.5BED355BED359AV.mxf,
326140,"['DJI_0003.new.01', 'DJI_0003V01.5C3C945C3C94C5V']",2:2c505503a61a0a64b13bfbd627cec07d,00:00:00:00:24000/1001,00:00:52:00:24000/1001,Avid MediaFiles/MXF/Z820_AVID06.3/DJI_0003V01.5C3C945C3C94C5V.mxf,
326141,"['DJI_0006.new.01', 'DJI_0006V01.5C3C945C3C94DBV']",2:846756cbe4b3a24d0d541a77590a7a55,00:00:00:00:24000/1001,00:01:57:09:24000/1001,Avid MediaFiles/MXF/Z820_AVID06.3/DJI_0006V01.5C3C945C3C94DBV.mxf,
326142,"['DJI_0001.new.01', 'DJI_0001V01.5C3C955C3C950DV']",2:525a9c867ec6c649c73e968c3b665e4d,00:00:00:00:24000/1001,00:00:14:17:24000/1001,Avid MediaFiles/MXF/Z820_AVID06.3/DJI_0001V01.5C3C955C3C950DV.mxf,
326143,"['DJI_0004.new.01', 'DJI_0004V01.5C3C955C3C9515V']",2:4c98e52661db510ca1167d1420070896,00:00:00:00:24000/1001,00:01:11:00:24000/1001,Avid MediaFiles/MXF/Z820_AVID06.3/DJI_0004V01.5C3C955C3C9515V.mxf,
326144,"['DJI_0002.new.01', 'DJI_0002V01.5C3C955C3C9532V']",2:36d8f88b0e0dfb3d5f721cf51a0c92bd,00:00:00:00:24000/1001,00:00:20:19:24000/1001,Avid MediaFiles/MXF/Z820_AVID06.3/DJI_0002V01.5C3C955C3C9532V.mxf,
326145,"['DJI_0005.new.01', 'DJI_0005V01.5C3C955C3C953BV']",2:b6138fc1aed8e0fecb256f468dbbca7c,00:00:00:00:24000/1001,00:01:00:00:24000/1001,Avid MediaFiles/MXF/Z820_AVID06.3/DJI_0005V01.5C3C955C3C953BV.mxf,
326179,"['DJI_0011.new.01', 'DJI_0011V01.5C3C9B5C3C9B63V']",2:b2f25a94b627234632033f7b8cb1baa4,00:00:00:00:24000/1001,00:00:00:00:24000/1001,Avid MediaFiles/MXF/Z820_AVID06.3/DJI_0011V01.5C3C9B5C3C9B63V.mxf,
326875,"['DJI_0013_MEMORIAL_DRON_1.new.01', 'DJI_0013_MV01.5C455C45AB4BV']",2:6c0ec39aa83bfee1d9898cc8fad07bd7,00:00:00:00:30000/1001 nd,00:04:09:12:30000/1001 nd,Avid MediaFiles/MXF/Z820_ABBY.4/DJI_0013_MV01.5C455C45AB4BV.mxf,
326876,"['DJI_0004_MEMORIAL_DRON_2.new.01', 'DJI_0004_MV01.5C455C45AC44V']",2:1cafc4ad2eada4fdaa3ad39eaf49a339,00:00:00:00:30000/1001 nd,00:01:27:26:30000/1001 nd,Avid MediaFiles/MXF/Z820_ABBY.4/DJI_0004_MV01.5C455C45AC44V.mxf,
326877,"['DJI_0019_MEMORIAL_DRON_1.new.01', 'DJI_0019_MV01.5C455C45AC3CV']",2:0c52b5316b8a70ff0b531bc1a6517fe4,00:00:00:00:30000/1001 nd,00:00:11:13:30000/1001 nd,Avid MediaFiles/MXF/Z820_ABBY.4/DJI_0019_MV01.5C455C45AC3CV.mxf,
326878,"['DJI_0013_MEMORIAL_DRON_2.new.01', 'DJI_0013_MV01.5C455C45ABE0V']",2:1ab2b82be4de2a05fd5396ea3ec0ee29,00:00:00:00:30000/1001 nd,00:01:19:09:30000/1001 nd,Avid MediaFiles/MXF/Z820_ABBY.4/DJI_0013_MV01.5C455C45ABE0V.mxf,
326879,"['DJI_0011_MEMORIAL_DRON_2.new.01', 'DJI_0011_MV01.5C455C45AC12V']",2:a41e138189ec9cfe7aebba39416e9fa7,00:00:00:00:30000/1001 nd,00:01:05:29:30000/1001 nd,Avid MediaFiles/MXF/Z820_ABBY.4/DJI_0011_MV01.5C455C45AC12V.mxf,
326880,"['DJI_0016_MEMORIAL_DRON_1.new.01', 'DJI_0016_MV01.5C455C45AC79V']",2:70987f1abc10e01068ffcf810a8d6259,00:00:00:00:30000/1001 nd,00:01:05:12:30000/1001 nd,Avid MediaFiles/MXF/Z820_ABBY.4/DJI_0016_MV01.5C455C45AC79V.mxf,
326881,"['DJI_0015_MEMORIAL_DRON_1.new.01', 'DJI_0015_MV01.5C455C45AD1EV']",2:9f7cf53da8e13235b87c08ecd16c15c7,00:00:00:00:30000/1001 nd,00:02:20:09:30000/1001 nd,Avid MediaFiles/MXF/Z820_ABBY.4/DJI_0015_MV01.5C455C45AD1EV.mxf,
326882,"['DJI_0008_MEMORIAL_DRON_1.new.01', 'DJI_0008_MV01.5C455C45AD6DV']",2:bb33b7dfa45c52aeaeaf7b3510d88ecd,00:00:00:00:30000/1001 nd,00:00:57:04:30000/1001 nd,Avid MediaFiles/MXF/Z820_ABBY.4/DJI_0008_MV01.5C455C45AD6DV.mxf,
326883,"['DJI_0001_MEMORIAL_DRON_2.new.01', 'DJI_0001_MV01.5C455C45ACA1V']",2:d2edbe10bd5170a5f1c1fde0b498f462,00:00:00:00:30000/1001 nd,00:03:17:23:30000/1001 nd,Avid MediaFiles/MXF/Z820_ABBY.4/DJI_0001_MV01.5C455C45ACA1V.mxf,
326884,"['DJI_0005_MEMORIAL_DRON_2.new.01', 'DJI_0005_MV01.5C455C45AD8DV']",2:7e7b5af60e932e2f2fbe5d46cfa21d24,00:00:00:00:30000/1001 nd,00:02:41:08:30000/1001 nd,Avid MediaFiles/MXF/Z820_ABBY.4/DJI_0005_MV01.5C455C45AD8DV.mxf,
326885,"['DJI_0002_MEMORIAL_DRON_2.new.01', 'DJI_0002_MV01.5C455C45ADEBV']",2:319888cc3c24f6fa20a9fcab83f1ce56,00:00:00:00:30000/1001 nd,00:01:18:10:30000/1001 nd,Avid MediaFiles/MXF/Z820_ABBY.4/DJI_0002_MV01.5C455C45ADEBV.mxf,
326886,"['DJI_0020_MEMORIAL_DRON_1.new.01', 'DJI_0020_MV01.5C455C45AF3DV']",2:785925a309c5b53604314387165f2923,00:00:00:00:30000/1001 nd,00:00:14:25:30000/1001 nd,Avid MediaFiles/MXF/Z820_ABBY.4/DJI_0020_MV01.5C455C45AF3DV.mxf,
326887,"['DJI_0010_MEMORIAL_DRON_1.new.01', 'DJI_0010_MV01.5C455C45AF67V']",2:7aa3d42f26178156e42f0748e749c4ae,00:00:00:00:30000/1001 nd,00:00:48:25:30000/1001 nd,Avid MediaFiles/MXF/Z820_ABBY.4/DJI_0010_MV01.5C455C45AF67V.mxf,
326888,"['DJI_0003_MEMORIAL_DRON_2.new.01', 'DJI_0003_MV01.5C455C45AE18V']",2:0da13f0df5dc9f0c5e8d7bbd65637c68,00:00:00:00:30000/1001 nd,00:07:57:22:30000/1001 nd,Avid MediaFiles/MXF/Z820_ABBY.4/DJI_0003_MV01.5C455C45AE18V.mxf,
326889,"['DJI_0012_MEMORIAL_DRON_1.new.01', 'DJI_0012_MV01.5C455C45AF47V']",2:2940f42c58d4d82cbfbd1c22aec592a1,00:00:00:00:30000/1001 nd,00:00:51:25:30000/1001 nd,Avid MediaFiles/MXF/Z820_ABBY.4/DJI_0012_MV01.5C455C45AF47V.mxf,
326890,"['DJI_0006_MEMORIAL_DRON_2.new.01', 'DJI_0006_MV01.5C455C45B016V']",2:371b62a833a0e439b41b6be4c3c1ea90,00:00:00:00:30000/1001 nd,00:00:16:05:30000/1001 nd,Avid MediaFiles/MXF/Z820_ABBY.4/DJI_0006_MV01.5C455C45B016V.mxf,
326891,"['DJI_0022_MEMORIAL_DRON_1.new.01', 'DJI_0022_MV01.5C455C45AF7FV']",2:08093a60c6184b1bd3a2bf29c77a8273,00:00:00:00:30000/1001 nd,00:04:00:13:30000/1001 nd,Avid MediaFiles/MXF/Z820_ABBY.4/DJI_0022_MV01.5C455C45AF7FV.mxf,
326892,"['DJI_0007_MEMORIAL_DRON_1.new.01', 'DJI_0007_MV01.5C455C45B020V']",2:7416a270595f4073bc847bf792701be0,00:00:00:00:30000/1001 nd,00:01:06:15:30000/1001 nd,Avid MediaFiles/MXF/Z820_ABBY.4/DJI_0007_MV01.5C455C45B020V.mxf,
326893,"['DJI_0014_MEMORIAL_DRON_2.new.01', 'DJI_0014_MV01.5C455C45B043V']",2:6cc93a47f8b2fab12f358f1ad245e914,00:00:00:00:30000/1001 nd,00:01:08:09:30000/1001 nd,Avid MediaFiles/MXF/Z820_ABBY.4/DJI_0014_MV01.5C455C45B043V.mxf,
326894,"['DJI_0018_MEMORIAL_DRON_1.new.01', 'DJI_0018_MV01.5C455C45B06CV']",2:f8a8d130800434ddf3598e5714946730,00:00:00:00:30000/1001 nd,00:00:29:14:30000/1001 nd,Avid MediaFiles/MXF/Z820_ABBY.4/DJI_0018_MV01.5C455C45B06CV.mxf,
326895,"['DJI_0021_MEMORIAL_DRON_1.new.01', 'DJI_0021_MV01.5C455C45B07EV']",2:82bdd73629c251c0e5a20f3a9d517ef5,00:00:00:00:30000/1001 nd,00:00:38:16:30000/1001 nd,Avid MediaFiles/MXF/Z820_ABBY.4/DJI_0021_MV01.5C455C45B07EV.mxf,
326896,"['DJI_0009_MEMORIAL_DRON_1.new.01', 'DJI_0009_MV01.5C455C45B098V']",2:17e3984b777653136f3f998778d978ea,00:00:00:00:30000/1001 nd,00:00:38:21:30000/1001 nd,Avid MediaFiles/MXF/Z820_ABBY.4/DJI_0009_MV01.5C455C45B098V.mxf,
326897,"['DJI_0014_MEMORIAL_DRON_1.new.01', 'DJI_0014_MV01.5C455C45B0ABV']",2:4989950c3ad008503a066cbefc335c0b,00:00:00:00:30000/1001 nd,00:03:47:17:30000/1001 nd,Avid MediaFiles/MXF/Z820_ABBY.4/DJI_0014_MV01.5C455C45B0ABV.mxf,
326898,"['DJI_0012_MEMORIAL_DRON_2.new.01', 'DJI_0012_MV01.5C455C45B134V']",2:c4e02d5fd001f782900bd5c58ab1f535,00:00:00:00:30000/1001 nd,00:02:18:17:30000/1001 nd,Avid MediaFiles/MXF/Z820_ABBY.4/DJI_0012_MV01.5C455C45B134V.mxf,
326899,"['DJI_0017_MEMORIAL_DRON_1.new.01', 'DJI_0017_MV01.5C455C45B1E2V']",2:480eb93bf55d27b8661ef07c77653bfa,00:00:00:00:30000/1001 nd,00:02:14:22:30000/1001 nd,Avid MediaFiles/MXF/Z820_ABBY.4/DJI_0017_MV01.5C455C45B1E2V.mxf,
326900,"['DJI_0023_MEMORIAL_DRON_1.new.01', 'DJI_0023_MV01.5C455C45B18CV']",2:4a2c962a3fe0c9e24423d22e53beb7f4,00:00:00:00:30000/1001 nd,00:02:21:22:30000/1001 nd,Avid MediaFiles/MXF/Z820_ABBY.4/DJI_0023_MV01.5C455C45B18CV.mxf,
326901,"['DJI_0003_MEMORIAL_DRON_1.new.01', 'DJI_0003_MV01.5C455C45C717V']",2:fa9c93b53f2c8d38279f42840679aafe,00:00:00:00:24000/1001,00:00:52:00:24000/1001,Avid MediaFiles/MXF/Z820_ABBY.4/DJI_0003_MV01.5C455C45C717V.mxf,
326902,"['DJI_0006_MEMORIAL_DRON_1.new.01', 'DJI_0006_MV01.5C455C45C72EV']",2:17d161b851619246fbb76014bd706f09,00:00:00:00:24000/1001,00:01:57:09:24000/1001,Avid MediaFiles/MXF/Z820_ABBY.4/DJI_0006_MV01.5C455C45C72EV.mxf,
326903,"['DJI_0001_MEMORIAL_DRON_1.new.01', 'DJI_0001_MV01.5C455C45C765V']",2:883c0a217f8f38ec09535f5ed092aa26,00:00:00:00:24000/1001,00:00:14:17:24000/1001,Avid MediaFiles/MXF/Z820_ABBY.4/DJI_0001_MV01.5C455C45C765V.mxf,
326904,"['DJI_0004_MEMORIAL_DRON_1.new.01', 'DJI_0004_MV01.5C455C45C76DV']",2:a6e5dacac6beb474f0291f351f6a3ffd,00:00:00:00:24000/1001,00:01:11:00:24000/1001,Avid MediaFiles/MXF/Z820_ABBY.4/DJI_0004_MV01.5C455C45C76DV.mxf,
326905,"['DJI_0002_MEMORIAL_DRON_1.new.01', 'DJI_0002_MV01.5C455C45C78CV']",2:c5bd5ba6377471e8ff8ba7a3f4580c59,00:00:00:00:24000/1001,00:00:20:19:24000/1001,Avid MediaFiles/MXF/Z820_ABBY.4/DJI_0002_MV01.5C455C45C78CV.mxf,
326906,"['DJI_0005_MEMORIAL_DRON_1.new.01', 'DJI_0005_MV01.5C455C45C796V']",2:fc80546a54b4c2d5c0d7494ab1f8d72f,00:00:00:00:24000/1001,00:01:00:00:24000/1001,Avid MediaFiles/MXF/Z820_ABBY.4/DJI_0005_MV01.5C455C45C796V.mxf,
326983,"['DJI_0013.new.01', 'DJI_0013V01.5C4F035C4F03E0V']",2:d7747d5a68e6a1ce98eb3085b87395c1,00:00:00:00:30000/1001 nd,00:04:09:12:30000/1001 nd,Avid MediaFiles/MXF/Z820_AVID06.3/DJI_0013V01.5C4F035C4F03E0V.mxf,
326985,"['DJI_0019.new.01', 'DJI_0019V01.5C4F045C4F047CV']",2:3b5f0e55f9c3e3c6df7b0c1c6e8f54e7,00:00:00:00:30000/1001 nd,00:00:11:13:30000/1001 nd,Avid MediaFiles/MXF/Z820_AVID06.3/DJI_0019V01.5C4F045C4F047CV.mxf,
326986,"['DJI_0016.new.01', 'DJI_0016V01.5C4F045C4F0484V']",2:d297350742906da831d244d56f54bafa,00:00:00:00:30000/1001 nd,00:01:05:12:30000/1001 nd,Avid MediaFiles/MXF/Z820_AVID06.3/DJI_0016V01.5C4F045C4F0484V.mxf,
326988,"['DJI_0015.new.01', 'DJI_0015V01.5C4F045C4F04AEV']",2:76fbf8e4245397682c38ee7663814d5a,00:00:00:00:30000/1001 nd,00:02:20:09:30000/1001 nd,Avid MediaFiles/MXF/Z820_AVID06.3/DJI_0015V01.5C4F045C4F04AEV.mxf,
326989,"['DJI_0008.new.01', 'DJI_0008V01.5C4F055C4F0503V']",2:d53750cc47e2b2160f872c7f274ef71e,00:00:00:00:30000/1001 nd,00:00:57:04:30000/1001 nd,Avid MediaFiles/MXF/Z820_AVID06.3/DJI_0008V01.5C4F055C4F0503V.mxf,
326990,"['DJI_0012.new.01', 'DJI_0012V01.5C4F055C4F0531V']",2:b4c5c35e88e1efba87ee475327275554,00:00:00:00:30000/1001 nd,00:00:51:25:30000/1001 nd,Avid MediaFiles/MXF/Z820_AVID06.3/DJI_0012V01.5C4F055C4F0531V.mxf,
326991,"['DJI_0020.new.01', 'DJI_0020V01.5C4F055C4F0526V']",2:db2ee65160e1b030af23ae9f1eadc917,00:00:00:00:30000/1001 nd,00:00:14:25:30000/1001 nd,Avid MediaFiles/MXF/Z820_AVID06.3/DJI_0020V01.5C4F055C4F0526V.mxf,
326992,"['DJI_0010.new.01', 'DJI_0010V01.5C4F055C4F0552V']",2:8a202bea9f50bad0a0c2bd95c39e7aef,00:00:00:00:30000/1001 nd,00:00:48:25:30000/1001 nd,Avid MediaFiles/MXF/Z820_AVID06.3/DJI_0010V01.5C4F055C4F0552V.mxf,
326993,"['DJI_0022.new.01', 'DJI_0022V01.5C4F055C4F056DV']",2:e115d5d94f33d714dba8ef58b25bcd33,00:00:00:00:30000/1001 nd,00:04:00:13:30000/1001 nd,Avid MediaFiles/MXF/Z820_AVID06.3/DJI_0022V01.5C4F055C4F056DV.mxf,
326994,"['DJI_0007.new.01', 'DJI_0007V01.5C4F065C4F060DV']",2:3868ddfa20e65ec5fba62382b58a532d,00:00:00:00:30000/1001 nd,00:01:06:15:30000/1001 nd,Avid MediaFiles/MXF/Z820_AVID06.3/DJI_0007V01.5C4F065C4F060DV.mxf,
326995,"['DJI_0018.new.01', 'DJI_0018V01.5C4F065C4F0635V']",2:6d6a3b59088b638bfea2e176872a1fd9,00:00:00:00:30000/1001 nd,00:00:29:14:30000/1001 nd,Avid MediaFiles/MXF/Z820_AVID06.3/DJI_0018V01.5C4F065C4F0635V.mxf,
326996,"['DJI_0009.new.01', 'DJI_0009V01.5C4F065C4F0663V']",2:837cc983efdc9cefb4af750fd977763e,00:00:00:00:30000/1001 nd,00:00:38:21:30000/1001 nd,Avid MediaFiles/MXF/Z820_AVID06.3/DJI_0009V01.5C4F065C4F0663V.mxf,
326997,"['DJI_0021.new.01', 'DJI_0021V01.5C4F065C4F0648V']",2:01ffbad04bde0bee283133f4bbe7c6e6,00:00:00:00:30000/1001 nd,00:00:38:16:30000/1001 nd,Avid MediaFiles/MXF/Z820_AVID06.3/DJI_0021V01.5C4F065C4F0648V.mxf,
326998,"['DJI_0014.new.01', 'DJI_0014V01.5C4F065C4F0679V']",2:81aecaf9a983a56288f251e26887b1e5,00:00:00:00:30000/1001 nd,00:03:47:17:30000/1001 nd,Avid MediaFiles/MXF/Z820_AVID06.3/DJI_0014V01.5C4F065C4F0679V.mxf,
326999,"['DJI_0023.new.01', 'DJI_0023V01.5C4F075C4F070CV']",2:0972d72094c21a708964270b4bfee7af,00:00:00:00:30000/1001 nd,00:02:21:22:30000/1001 nd,Avid MediaFiles/MXF/Z820_AVID06.3/DJI_0023V01.5C4F075C4F070CV.mxf,
327000,"['DJI_0017.new.01', 'DJI_0017V01.5C4F075C4F0767V']",2:d9d3c3b898dcbbce464c4d1f893c848d,00:00:00:00:30000/1001 nd,00:02:14:22:30000/1001 nd,Avid MediaFiles/MXF/Z820_AVID06.3/DJI_0017V01.5C4F075C4F0767V.mxf,
424626,"['DJI_0117.new.01', 'DJI_0117V01.5C6EC25C6EC2C0V']",2:d90ce077242718bf2a4c50e1e3e15bcb,00:00:00:00:25/1,00:00:51:19:25/1,Avid MediaFiles/MXF/Z840_AVID05.1/DJI_0117V01.5C6EC25C6EC2C0V.mxf,
424627,"['DJI_0116.new.01', 'DJI_0116V01.5C6EC25C6EC2CFV']",2:2a064357a52825c30895d8f4725bd3a7,00:00:00:00:25/1,00:00:43:14:25/1,Avid MediaFiles/MXF/Z840_AVID05.1/DJI_0116V01.5C6EC25C6EC2CFV.mxf,
424629,"['DJI_0119.new.01', 'DJI_0119V01.5C6EC25C6EC2DCV']",2:878ba43bda1c56e25bbab51a44b15b4e,00:00:00:00:25/1,00:00:30:05:25/1,Avid MediaFiles/MXF/Z840_AVID05.1/DJI_0119V01.5C6EC25C6EC2DCV.mxf,
424630,"['DJI_0115.new.01', 'DJI_0115V01.5C6EC25C6EC2E6V']",2:e8d3d07f4ec3c029ab82bf11510c8ed0,00:00:00:00:25/1,00:00:47:04:25/1,Avid MediaFiles/MXF/Z840_AVID05.1/DJI_0115V01.5C6EC25C6EC2E6V.mxf,
424631,"['DJI_0121.new.01', 'DJI_0121V01.5C6EC25C6EC2F4V']",2:108e18588a6435083b7c161dcfacdea6,00:00:00:00:25/1,00:00:05:24:25/1,Avid MediaFiles/MXF/Z840_AVID05.1/DJI_0121V01.5C6EC25C6EC2F4V.mxf,
424632,"['DJI_0122.new.01', 'DJI_0122V01.5C6EC25C6EC2F6V']",2:d41c9e683454304ac95894269eb96b8e,00:00:00:00:25/1,00:00:17:19:25/1,Avid MediaFiles/MXF/Z840_AVID05.1/DJI_0122V01.5C6EC25C6EC2F6V.mxf,
424633,"['DJI_0120.new.01', 'DJI_0120V01.5C6EC25C6EC2FCV']",2:bc39bc8157fd87e7aa799fb4b0ff4d9e,00:00:00:00:25/1,00:05:26:13:25/1,Avid MediaFiles/MXF/Z840_AVID05.1/DJI_0120V01.5C6EC25C6EC2FCV.mxf,
424634,"['DJI_0118.new.01', 'DJI_0118V01.5C6EC35C6EC31BV']",2:2ba13486bca9e4cf781864cb7da13c3a,00:00:00:00:25/1,00:00:02:24:25/1,Avid MediaFiles/MXF/Z840_AVID05.1/DJI_0118V01.5C6EC35C6EC31BV.mxf,
427277,"['457f6c9409264bfe81c102239A1', '457f6c9409264bfe81c102239A2', 'USA 175__RQ2 Drone__1991', '457f6c9409264bfe81c102239']","['2:d13de1aae88d70d5dc92eb1a64eef7fb', '2:74fc415fb677b08ae0324049c298778f', '2:b341bc73c76b87373a94414afc71542d']",00:00:00:00:25/1,00:02:35:09:25/1,"['Avid MediaFiles/MXF/LAPTOP_MAX.1/457f6c9409264bfe81c102239A1.mxf', 'ARCHIVE MASTER/Footage/Episode 04/YouTube/USA 175__RQ2 Drone__1991 A1.mxf', 'Avid MediaFiles/MXF/ARCHIVAVID-2.1/457f6c9409264bfe81c102239A1.mxf', 'Avid MediaFiles/MXF/LAPTOP_MAX.1/457f6c9409264bfe81c102239A2.mxf', 'ARCHIVE MASTER/Footage/Episode 04/YouTube/USA 175__RQ2 Drone__1991 A2.mxf', 'Avid MediaFiles/MXF/ARCHIVAVID-2.1/457f6c9409264bfe81c102239A2.mxf', 'Avid MediaFiles/MXF/LAPTOP_MAX.1/457f6c9409264bfe81c102239.mxf', 'ARCHIVE MASTER/Footage/Episode 04/YouTube/USA 175__RQ2 Drone__1991.mxf', 'Avid MediaFiles/MXF/ARCHIVAVID-2.1/457f6c9409264bfe81c102239.mxf']",
451150,"['Drones_01.A01.5C9D5C9DF7D8A', 'Drones_01.A02.5C9D5C9DF7D8A', 'Drones_01.wav']","['2:6a9434424d9fd5fb19137b9785865eef', '2:06fe411c8e3b9d61a79d54fef1b76a69']",00:00:00:00:100/1,00:00:07:48:100/1,"['Avid MediaFiles/MXF/Z840_AVID09.10D/Drones_01.A01.5C9D5C9DF7D8A.mxf', 'Avid MediaFiles/MXF/Z840_AVID09.10D/Drones_01.A02.5C9D5C9DF7D8A.mxf']",
451151,"['Drones_02.A01.5C9D5C9DF7D8A', 'Drones_02.A02.5C9D5C9DF7D8A', 'Drones_02.wav']","['2:9d85e5062f0c8aa058224f5c9891aa9e', '2:f4302496847a7e8e8be2c21a6cfc96a6']",00:00:00:00:100/1,00:00:13:52:100/1,"['Avid MediaFiles/MXF/Z840_AVID09.10D/Drones_02.A01.5C9D5C9DF7D8A.mxf', 'Avid MediaFiles/MXF/Z840_AVID09.10D/Drones_02.A02.5C9D5C9DF7D8A.mxf']",
451153,"['Drones_04.A01.5C9D5C9DF7D9A', 'Drones_04.A02.5C9D5C9DF7D9A', 'Drones_04.wav']","['2:ea589f8ebd0cd358e21698feaf4f17eb', '2:7ca3913a56cc21e4c4c50d0bbaa1077f']",00:00:00:00:100/1,00:00:14:92:100/1,"['Avid MediaFiles/MXF/Z840_AVID09.10D/Drones_04.A01.5C9D5C9DF7D9A.mxf', 'Avid MediaFiles/MXF/Z840_AVID09.10D/Drones_04.A02.5C9D5C9DF7D9A.mxf']",
451154,"['Drones_03.A01.5C9D5C9DF7D9A', 'Drones_03.A02.5C9D5C9DF7D9A', 'Drones_03.wav']","['2:de11140d1390814e1f4505d56979e79e', '2:6f93eba0055279182bc192fe19f8a857']",00:00:00:00:100/1,00:00:07:48:100/1,"['Avid MediaFiles/MXF/Z840_AVID09.10D/Drones_03.A01.5C9D5C9DF7D9A.mxf', 'Avid MediaFiles/MXF/Z840_AVID09.10D/Drones_03.A02.5C9D5C9DF7D9A.mxf']",
451155,"['Drones_06.A01.5C9D5C9DF7DAA', 'Drones_06.A02.5C9D5C9DF7DAA', 'Drones_06.wav']","['2:524d02c951edee285df58d2e32619ebf', '2:29c9a753421cce09edcd77558ab39a73']",00:00:00:00:100/1,00:00:02:36:100/1,"['Avid MediaFiles/MXF/Z840_AVID09.10D/Drones_06.A01.5C9D5C9DF7DAA.mxf', 'Avid MediaFiles/MXF/Z840_AVID09.10D/Drones_06.A02.5C9D5C9DF7DAA.mxf']",
451156,"['Drones_05.A01.5C9D5C9DF7DAA', 'Drones_05.A02.5C9D5C9DF7DAA', 'Drones_05.wav']","['2:a46164eb5fb60347aa151bd03cd86fcf', '2:f0557975856c4c1dac939ac599337ffe']",00:00:00:00:100/1,00:00:01:88:100/1,"['Avid MediaFiles/MXF/Z840_AVID09.10D/Drones_05.A01.5C9D5C9DF7DAA.mxf', 'Avid MediaFiles/MXF/Z840_AVID09.10D/Drones_05.A02.5C9D5C9DF7DAA.mxf']",
451157,"['Drones_08.A01.5C9D5C9DF7DAA', 'Drones_08.A02.5C9D5C9DF7DAA', 'Drones_08.wav']","['2:0bd808598e5413efff52c4a04dfadb74', '2:0645a9c0c9d0b0a70245dde796aaa972']",00:00:00:00:100/1,00:00:20:36:100/1,"['Avid MediaFiles/MXF/Z840_AVID09.10D/Drones_08.A01.5C9D5C9DF7DAA.mxf', 'Avid MediaFiles/MXF/Z840_AVID09.10D/Drones_08.A02.5C9D5C9DF7DAA.mxf']",
451158,"['Drones_07.A01.5C9D5C9DF7DAA', 'Drones_07.A02.5C9D5C9DF7DAA', 'Drones_07.wav']","['2:c08b5751aeb831707a70f90fe3182ed0', '2:5d4fa79f80f414e4505999360774b6d4']",00:00:00:00:100/1,00:00:13:76:100/1,"['Avid MediaFiles/MXF/Z840_AVID09.10D/Drones_07.A01.5C9D5C9DF7DAA.mxf', 'Avid MediaFiles/MXF/Z840_AVID09.10D/Drones_07.A02.5C9D5C9DF7DAA.mxf']",
451159,"['Drones_09.A01.5C9D5C9DF7DBA', 'Drones_09.A02.5C9D5C9DF7DBA', 'Drones_09.wav']","['2:33f1480dd5d1915ff7021b1ee7bfcff6', '2:216e40634290f248713173967383a905']",00:00:00:00:100/1,00:00:03:44:100/1,"['Avid MediaFiles/MXF/Z840_AVID09.10D/Drones_09.A01.5C9D5C9DF7DBA.mxf', 'Avid MediaFiles/MXF/Z840_AVID09.10D/Drones_09.A02.5C9D5C9DF7DBA.mxf']",
451160,"['Drones_HeaA01.5C9D5C9DF7DDA', 'Drones_HeaA02.5C9D5C9DF7DDA', 'Drones_Heavy_02.wav']","['2:b85ee3f6241e28f698f39bd5541fdbf5', '2:5a9658fd1b33617851fde159cca0d33a']",00:00:00:00:100/1,00:00:22:20:100/1,"['Avid MediaFiles/MXF/Z840_AVID09.10D/Drones_HeaA01.5C9D5C9DF7DDA.mxf', 'Avid MediaFiles/MXF/Z840_AVID09.10D/Drones_HeaA02.5C9D5C9DF7DDA.mxf']",
451161,"['Drones_HeaA01.5C9D5C9DF7DCA', 'Drones_HeaA02.5C9D5C9DF7DCA', 'Drones_Heavy_01.wav']","['2:18f67be4a43e40d673a4eef063bcd149', '2:cf0971a006e951f8e3c9f0208a013181']",00:00:00:00:100/1,00:00:22:20:100/1,"['Avid MediaFiles/MXF/Z840_AVID09.10D/Drones_HeaA01.5C9D5C9DF7DCA.mxf', 'Avid MediaFiles/MXF/Z840_AVID09.10D/Drones_HeaA02.5C9D5C9DF7DCA.mxf']",
451162,"['Drones_10.A01.5C9D5C9DF7DBA', 'Drones_10.A02.5C9D5C9DF7DBA', 'Drones_10.wav']","['2:a4322deb57f990cb4e8e0be615dd1f9c', '2:b3d431c1aca5b1b3004913a9752efb74']",00:00:00:00:100/1,00:00:06:88:100/1,"['Avid MediaFiles/MXF/Z840_AVID09.10D/Drones_10.A01.5C9D5C9DF7DBA.mxf', 'Avid MediaFiles/MXF/Z840_AVID09.10D/Drones_10.A02.5C9D5C9DF7DBA.mxf']",
451163,"['Drones_HeaA01.5C9DF7DDA.1', 'Drones_HeaA02.5C9DF7DDA.1', 'Drones_Heavy_03.wav']","['2:be9028274b3c980240c5d4d086fba494', '2:435e05815aa73deb7964af79f4ee4064']",00:00:00:00:100/1,00:00:03:72:100/1,"['Avid MediaFiles/MXF/Z840_AVID09.10D/Drones_HeaA01.5C9DF7DDA.1.mxf', 'Avid MediaFiles/MXF/Z840_AVID09.10D/Drones_HeaA02.5C9DF7DDA.1.mxf']",
451164,"['Drones_HeaA01.5C9D5C9DF7DEA', 'Drones_HeaA02.5C9D5C9DF7DEA', 'Drones_Heavy_04.wav']","['2:61cda9391bdd98099fc63a38cbdab36d', '2:03f39d90889298234c0a32391d5261b9']",00:00:00:00:100/1,00:00:14:80:100/1,"['Avid MediaFiles/MXF/Z840_AVID09.10D/Drones_HeaA01.5C9D5C9DF7DEA.mxf', 'Avid MediaFiles/MXF/Z840_AVID09.10D/Drones_HeaA02.5C9D5C9DF7DEA.mxf']",
451165,"['Drones_HeaA01.5C9DF7DEA.1', 'Drones_HeaA02.5C9DF7DEA.1', 'Drones_Heavy_05.wav']","['2:b0101d99d0308bcff3a275df5e5644c7', '2:59b6f8517f39707838dfb69c0068babf']",00:00:00:00:100/1,00:00:20:60:100/1,"['Avid MediaFiles/MXF/Z840_AVID09.10D/Drones_HeaA01.5C9DF7DEA.1.mxf', 'Avid MediaFiles/MXF/Z840_AVID09.10D/Drones_HeaA02.5C9DF7DEA.1.mxf']",
451166,"['Drones_HeaA01.5C9D5C9DF7DFA', 'Drones_HeaA02.5C9D5C9DF7DFA', 'Drones_Heavy_06.wav']","['2:d7f963835946412ce6ae245ef9d20a8e', '2:88be06da0470e36e4f2c381141f09fb8']",00:00:00:00:100/1,00:00:02:28:100/1,"['Avid MediaFiles/MXF/Z840_AVID09.10D/Drones_HeaA01.5C9D5C9DF7DFA.mxf', 'Avid MediaFiles/MXF/Z840_AVID09.10D/Drones_HeaA02.5C9D5C9DF7DFA.mxf']",
451167,"['Drones_HeaA01.5C9DF7DFA.1', 'Drones_HeaA02.5C9DF7DFA.1', 'Drones_Heavy_07.wav']","['2:493c82486eda0b4906d391197b96b151', '2:beaa1f27b06acaaf9c1ba255fadd512e']",00:00:00:00:100/1,00:00:03:72:100/1,"['Avid MediaFiles/MXF/Z840_AVID09.10D/Drones_HeaA01.5C9DF7DFA.1.mxf', 'Avid MediaFiles/MXF/Z840_AVID09.10D/Drones_HeaA02.5C9DF7DFA.1.mxf']",
451168,"['Drones_LigA01.5C9DF7E0A.1', 'Drones_LigA02.5C9DF7E0A.1', 'Drones_Light_02.wav']","['2:9e736206a19e93db0ce7df6e6de6255f', '2:bff68cb8a8ecc9a0f82b04f55fa2c6e1']",00:00:00:00:100/1,00:00:13:76:100/1,"['Avid MediaFiles/MXF/Z840_AVID09.10D/Drones_LigA01.5C9DF7E0A.1.mxf', 'Avid MediaFiles/MXF/Z840_AVID09.10D/Drones_LigA02.5C9DF7E0A.1.mxf']",
451169,"['Drones_LigA01.5C9D5C9DF7E0A', 'Drones_LigA02.5C9D5C9DF7E0A', 'Drones_Light_01.wav']","['2:bf3054860fbf795b5c181301bba7abe7', '2:c3cacaad8b8a08995618aebf37886158']",00:00:00:00:100/1,00:00:13:76:100/1,"['Avid MediaFiles/MXF/Z840_AVID09.10D/Drones_LigA01.5C9D5C9DF7E0A.mxf', 'Avid MediaFiles/MXF/Z840_AVID09.10D/Drones_LigA02.5C9D5C9DF7E0A.mxf']",
451170,"['Drones_LigA01.5C9D5C9DF7E1A', 'Drones_LigA02.5C9D5C9DF7E1A', 'Drones_Light_03.wav']","['2:c1e0eb14483b9a479181a6612f9235da', '2:db7cdd3a54d3b0c1f2a1363c644434fe']",00:00:00:00:100/1,00:00:12:04:100/1,"['Avid MediaFiles/MXF/Z840_AVID09.10D/Drones_LigA01.5C9D5C9DF7E1A.mxf', 'Avid MediaFiles/MXF/Z840_AVID09.10D/Drones_LigA02.5C9D5C9DF7E1A.mxf']",
451171,"['Drones_LigA01.5C9DF7E1A.2', 'Drones_LigA02.5C9DF7E1A.2', 'Drones_Light_05.wav']","['2:fb4f29f63d2163e460e6de3fbdaf29b1', '2:917948cce660b68c290e5890b3c08285']",00:00:00:00:100/1,00:00:09:28:100/1,"['Avid MediaFiles/MXF/Z840_AVID09.10D/Drones_LigA01.5C9DF7E1A.2.mxf', 'Avid MediaFiles/MXF/Z840_AVID09.10D/Drones_LigA02.5C9DF7E1A.2.mxf']",
451172,"['Drones_LigA01.5C9DF7E1A.1', 'Drones_LigA02.5C9DF7E1A.1', 'Drones_Light_04.wav']","['2:fbb7cd9d83397caa2f306db43cb294fe', '2:ccadf3ff1f98ba5a9ad3e7041d9c20bb']",00:00:00:00:100/1,00:00:05:44:100/1,"['Avid MediaFiles/MXF/Z840_AVID09.10D/Drones_LigA01.5C9DF7E1A.1.mxf', 'Avid MediaFiles/MXF/Z840_AVID09.10D/Drones_LigA02.5C9DF7E1A.1.mxf']",
451173,"['Drones_LigA01.5C9D5C9DF7E2A', 'Drones_LigA02.5C9D5C9DF7E2A', 'Drones_Light_06.wav']","['2:7785d686e715e87acc40c64a05023dca', '2:45666db5663762e7fded2d7b4387ba4c']",00:00:00:00:100/1,00:00:07:44:100/1,"['Avid MediaFiles/MXF/Z840_AVID09.10D/Drones_LigA01.5C9D5C9DF7E2A.mxf', 'Avid MediaFiles/MXF/Z840_AVID09.10D/Drones_LigA02.5C9D5C9DF7E2A.mxf']",
451174,"['Drones_LigA01.5C9DF7E2A.1', 'Drones_LigA02.5C9DF7E2A.1', 'Drones_Light_07.wav']","['2:919a3f7dc3463a5e926f948abad9b580', '2:3e10230827d653c4d760b32d0a4ae2a0']",00:00:00:00:100/1,00:00:07:44:100/1,"['Avid MediaFiles/MXF/Z840_AVID09.10D/Drones_LigA01.5C9DF7E2A.1.mxf', 'Avid MediaFiles/MXF/Z840_AVID09.10D/Drones_LigA02.5C9DF7E2A.1.mxf']",
451175,"['Drones_LigA01.5C9DF7E2A.2', 'Drones_LigA02.5C9DF7E2A.2', 'Drones_Light_08.wav']","['2:0c662b24af30540265ad8026ad320d04', '2:9749cc325b49cf42ddbd778efcd5296b']",00:00:00:00:100/1,00:00:12:04:100/1,"['Avid MediaFiles/MXF/Z840_AVID09.10D/Drones_LigA01.5C9DF7E2A.2.mxf', 'Avid MediaFiles/MXF/Z840_AVID09.10D/Drones_LigA02.5C9DF7E2A.2.mxf']",
525914,DJI_0042,2:bf4ae7f70f4e27852c72eb65838858da,00:00:15:15:25/1,00:00:20:19:25/1,FÜR SIMON/von CC/Colonia Teil 3 HD NT/DJI_0042.mxf,
525917,VillaBaviera_Scheune_Tag18_DROHNE_SD1_0021_10C RED_DJI_0121,2:d6f562d7792300ff2f1f594f8c6f87c8,00:00:08:00:25/1,00:00:28:21:25/1,FÜR SIMON/von CC/Colonia Teil 3 HD NT/VillaBaviera_Scheune_Tag18_DROHNE_SD1_0021_10C RED_DJI_0121.mxf,
525921,VillaBaviera_Allgemein_Tag14_ DROHNE_CF1_0003_10C RED_DJI_0103,2:052e1c34684f6f4a51978002dc93c93e,00:00:15:15:25/1,00:00:39:16:25/1,FÜR SIMON/von CC/Colonia Teil 3 HD NT/VillaBaviera_Allgemein_Tag14_ DROHNE_CF1_0003_10C RED_DJI_0103.mxf,
525922,Villa_Baviera 19.10.18 1_0059_50B_DJI_0001,2:21f1dcef02f68b551c55fdd18797280b,00:00:16:00:25/1,00:00:26:01:25/1,FÜR SIMON/von CC/Colonia Teil 3 HD NT/Villa_Baviera 19.10.18 1_0059_50B_DJI_0001.mxf,
525924,Villa_Baviera 19.10.18 1_0076_50B_DJI_0018,2:aa1634f8bf10425ebd43f29562d372ac,00:00:21:15:25/1,00:00:30:09:25/1,FÜR SIMON/von CC/Colonia Teil 3 HD NT/Villa_Baviera 19.10.18 1_0076_50B_DJI_0018.mxf,
525925,Villa_Baviera 17.10.18_0042_50B_DJI_0014,2:59bbf4da41223a7b5259c131273932c9,00:00:19:04:25/1,00:00:31:15:25/1,FÜR SIMON/von CC/Colonia Teil 3 HD NT/Villa_Baviera 17.10.18_0042_50B_DJI_0014.mxf,
525927,Villa_Baviera 17.10.18_0041_50B_DJI_0013,2:8e7b7dcde6280e5f18331e3a6978b799,00:00:19:19:25/1,00:00:29:18:25/1,FÜR SIMON/von CC/Colonia Teil 3 HD NT/Villa_Baviera 17.10.18_0041_50B_DJI_0013.mxf,
525930,V1-0001_Villa_Baviera 19.10.18 1_0074_50B_DJI_0016,2:d9ad2e330697844020cc95caf64dde83,00:00:25:12:25/1,00:00:47:05:25/1,Colonia 42mi_Teil 4_NT/V1-0001_Villa_Baviera 19.10.18 1_0074_50B_DJI_0016.mxf,
525932,V1-0002_DJI_0086,2:d30329cec2a01c3d7f7093a7ed69be5e,00:00:16:24:25/1,00:00:35:16:25/1,Colonia 42mi_Teil 4_NT/V1-0002_DJI_0086.mxf,
525933,V1-0003_DJI_0085,2:61f858ae5a26df2d84d318581622e459,00:00:30:11:25/1,00:00:52:23:25/1,Colonia 42mi_Teil 4_NT/V1-0003_DJI_0085.mxf,
525939,V1-0004_Colonia_2019_01_25_60A_Team A_DJI_0296,2:9bd84d07cc553b68fc858db24181bca2,00:00:19:23:25/1,00:00:37:23:25/1,Colonia 90min_Teil 1/V1-0004_Colonia_2019_01_25_60A_Team A_DJI_0296.mxf,
525940,V1-0006_GATZ DROHNE C004_DJI_0096,2:721eadca6beb1aadf436c1ef63d4c52b,00:01:09:14:25/1,00:01:19:16:25/1,Colonia 90min_Teil 1/V1-0006_GATZ DROHNE C004_DJI_0096.mxf,
525941,V1-0007_GATZ DROHNE C005_DJI_0097,2:e12318550bf53fdc555a79dd173e9109,00:01:32:17:25/1,00:01:42:00:25/1,Colonia 90min_Teil 1/V1-0007_GATZ DROHNE C005_DJI_0097.mxf,
525969,V1-0018_VillaBavaria_Allgemein_Tag10_GH5_SD1_011_0037_7B_SD_DJI_0051,2:93c3728a528e8530d0faa7b754ee7308,00:00:20:05:25/1,00:00:44:08:25/1,Colonia 90min_Teil 1/V1-0018_VillaBavaria_Allgemein_Tag10_GH5_SD1_011_0037_7B_SD_DJI_0051.mxf,
525970,V1-0020_Santiago_Allgemein_Tag25_Drohne_SD01_0120_12C_DJI_0239,2:941c7277f89331b0ba039077458f31e7,00:01:02:04:25/1,00:01:15:09:25/1,Colonia 90min_Teil 1/V1-0020_Santiago_Allgemein_Tag25_Drohne_SD01_0120_12C_DJI_0239.mxf,
525971,V1-0021_Santiago_Allgemein_Tag25_Drohne_SD01_0120_12C_DJI_0239,2:ca18d9f8d7dcad7929dc2cb949e828d7,00:02:56:11:25/1,00:03:11:00:25/1,Colonia 90min_Teil 1/V1-0021_Santiago_Allgemein_Tag25_Drohne_SD01_0120_12C_DJI_0239.mxf,
525976,V1-0001_Colonia_2019_01_25_60A_Team A_DJI_0286,2:db581d0308c8bd58731bb2a6d679afb1,00:00:31:02:25/1,00:00:42:18:25/1,Colonia_90min_Teil 2_NT/Einzelclips/V1-0001_Colonia_2019_01_25_60A_Team A_DJI_0286.mxf,
525977,V1-0002_Colonia_2019_01_23_60A_Team A_DJI_0270,2:22cd632a9695780913857663b5c5fd98,00:00:00:21:25/1,00:00:16:02:25/1,Colonia_90min_Teil 2_NT/Einzelclips/V1-0002_Colonia_2019_01_23_60A_Team A_DJI_0270.mxf,
525981,V1-0005_VillaBaviera_Allgemein_Tag6_Drohne_SD1_001_J__0135_7B_SD_DJI_0012,2:46b0bf1a9db6251cb478792543849a12,00:02:01:06:25/1,00:02:14:17:25/1,Colonia_90min_Teil 2_NT/Einzelclips/V1-0005_VillaBaviera_Allgemein_Tag6_Drohne_SD1_001_J__0135_7B_SD_DJI_0012.mxf,
526005,V1-0023_VillaBaviera_Allgemein_Tag20_Drohne_SD01_0003_12B_DJI_0128,2:3dc32b4cf131c3482d0d9e6ac0274047,00:01:40:09:25/1,00:02:24:23:25/1,Colonia_90min_Teil 2_NT/Einzelclips/V1-0023_VillaBaviera_Allgemein_Tag20_Drohne_SD01_0003_12B_DJI_0128.mxf,
526018,V1-0033_VillaBaviera_Tag10_Drohne_SD01_006_0183_7B_SD_DJI_0002,2:9ca0162d6083a8dd24b28a62c6f1d1f3,00:01:12:16:25/1,00:01:42:09:25/1,Colonia_90min_Teil 2_NT/Einzelclips/V1-0033_VillaBaviera_Tag10_Drohne_SD01_006_0183_7B_SD_DJI_0002.mxf,
526019,V1-0034_VillaBaviera_Allgemein_Tag20_Drohne_SD01_0003_12B_DJI_0128,2:17f1669e1fce0535fdc025c1119c812b,00:01:43:18:25/1,00:02:31:03:25/1,Colonia_90min_Teil 2_NT/Einzelclips/V1-0034_VillaBaviera_Allgemein_Tag20_Drohne_SD01_0003_12B_DJI_0128.mxf,
526022,V3-0002_VillaBaviera_Tag10_Drohne_SD01_006_0183_7B_SD_DJI_0002,2:a296592adfc9e137627e86b32e56d6d0,00:01:14:16:25/1,00:01:40:09:25/1,NT NT/V3-0002_VillaBaviera_Tag10_Drohne_SD01_006_0183_7B_SD_DJI_0002.mxf,
526023,V3-0001_VillaBaviera_Allgemein_Tag6_Drohne_SD1_001_J__0135_7B_SD_DJI_0012,2:ba42eb42f6b71350ccea13a6c9ba4d75,00:02:03:06:25/1,00:02:12:17:25/1,NT NT/V3-0001_VillaBaviera_Allgemein_Tag6_Drohne_SD1_001_J__0135_7B_SD_DJI_0012.mxf,
530426,"['Drohne geclipt,Video Mixdown,1', 'Drohne geclipt_Vid5CE54BD3V']",2:5921359a4fd291071fee272ff0d10803,01:22:24:08:25/1,01:22:40:09:25/1,Avid MediaFiles/MXF/Richard_Render_bis_20190531_1/Drohne geclipt_Vid5CE54BD3V.mxf,
530427,"['Drohne geclipt,Video Mixdown,2', 'Drohne geclipt_Vid5CE54C5EV']",2:a1c653be84504bb15c6fad54b38ab89a,01:22:20:04:25/1,01:23:08:04:25/1,Avid MediaFiles/MXF/Richard_Render_bis_20190531_1/Drohne geclipt_Vid5CE54C5EV.mxf,
572925,"['18 Drone.wA01.5E4D5E4D1D0EA', '18 Drone.wA02.5E4D5E4D1D0EA', '18 Drone.wav']","['2:8b7afd5782788bff9a987fe62042dbdc', '2:7ec5d6abddb3a4cebe5682935563e162']",00:00:00:00:100/1,00:02:08:60:100/1,"['Avid MediaFiles/MXF/Z820_CANDY.4/18 Drone.wA01.5E4D5E4D1D0EA.mxf', 'Avid MediaFiles/MXF/Z820_CANDY.4/18 Drone.wA02.5E4D5E4D1D0EA.mxf']",
574525,"['DJI_0003.new.01', 'DJI_0003V01.5DB82C5DB82C0CV']",2:fa384a9f84598bbb81ce2940e09ff0ce,00:00:00:00:50/1,00:04:17:26:50/1,Avid MediaFiles/MXF/Z840_AVID07.1/DJI_0003V01.5DB82C5DB82C0CV.mxf,
574526,"['DJI_0001.new.01', 'DJI_0001V01.5DB82C5DB82CA6V']",2:2922c87fbb5b624980f1b51138e13ba5,00:00:00:00:50/1,00:02:21:11:50/1,Avid MediaFiles/MXF/Z840_AVID07.1/DJI_0001V01.5DB82C5DB82CA6V.mxf,
574527,"['DJI_0005.new.01', 'DJI_0005V01.5DB82C5DB82CFBV']",2:6fd7742a76b68bb7acf14308ebc3580c,00:00:00:00:50/1,00:01:27:37:50/1,Avid MediaFiles/MXF/Z840_AVID07.1/DJI_0005V01.5DB82C5DB82CFBV.mxf,
574528,"['DJI_0002.new.01', 'DJI_0002V01.5DB82D5DB82D31V']",2:d94f34e4fd38b2c68d81898804a42984,00:00:00:00:50/1,00:05:27:06:50/1,Avid MediaFiles/MXF/Z840_AVID07.1/DJI_0002V01.5DB82D5DB82D31V.mxf,
574529,"['DJI_0006.new.01', 'DJI_0006V01.5DB82D5DB82DF0V']",2:ecece527b7dea1d4b3adeabb4b82c91b,00:00:00:00:50/1,00:02:38:41:50/1,Avid MediaFiles/MXF/Z840_AVID07.1/DJI_0006V01.5DB82D5DB82DF0V.mxf,
574530,"['DJI_0004.new.01', 'DJI_0004V01.5DB82E5DB82E51V']",2:d562ac1c5c55a1de2793d17a100ce216,00:00:00:00:50/1,00:03:20:43:50/1,Avid MediaFiles/MXF/Z840_AVID07.1/DJI_0004V01.5DB82E5DB82E51V.mxf,
574581,"['DJI_0013.new.01', 'DJI_0013V01.5DB8385DB83806V']",2:b058d3d6ef5aa1e022f604bd29c4ea8e,00:00:00:00:50/1,00:00:47:47:50/1,Avid MediaFiles/MXF/Z840_AVID07.1/DJI_0013V01.5DB8385DB83806V.mxf,
574582,"['DJI_0009.new.01', 'DJI_0009V01.5DB8385DB83824V']",2:c3790103b28377050a5fda5cb13a70b9,00:00:00:00:50/1,00:00:53:19:50/1,Avid MediaFiles/MXF/Z840_AVID07.1/DJI_0009V01.5DB8385DB83824V.mxf,
574583,"['DJI_0016.new.01', 'DJI_0016V01.5DB8385DB83844V']",2:99ee73c3f22c9732a692fb1602b47fa3,00:00:00:00:50/1,00:00:35:49:50/1,Avid MediaFiles/MXF/Z840_AVID07.1/DJI_0016V01.5DB8385DB83844V.mxf,
574584,"['DJI_0012.new.01', 'DJI_0012V01.5DB8385DB8385AV']",2:494a7f40b3fe2c66541186d6eabbe5de,00:00:00:00:50/1,00:02:08:02:50/1,Avid MediaFiles/MXF/Z840_AVID07.1/DJI_0012V01.5DB8385DB8385AV.mxf,
574585,"['DJI_0007.new.01', 'DJI_0007V01.5DB8385DB838A4V']",2:e1a844c4344e466cb1286e72b879c7e0,00:00:00:00:50/1,00:02:01:21:50/1,Avid MediaFiles/MXF/Z840_AVID07.1/DJI_0007V01.5DB8385DB838A4V.mxf,
574586,"['DJI_0008.new.01', 'DJI_0008V01.5DB8385DB838EEV']",2:371c3d6e1b5cd6ca6ab0accb17c049c2,00:00:00:00:50/1,00:01:29:39:50/1,Avid MediaFiles/MXF/Z840_AVID07.1/DJI_0008V01.5DB8385DB838EEV.mxf,
574587,"['DJI_0018MOV.new.01', 'DJI_0018MOV01.5DB85DB83926V']",2:ae69a6d6c3322c09446e5442a73e1f05,00:00:00:00:50/1,00:01:13:48:50/1,Avid MediaFiles/MXF/Z840_AVID07.1/DJI_0018MOV01.5DB85DB83926V.mxf,
574588,"['DJI_0017.new.01', 'DJI_0017V01.5DB8395DB83952V']",2:a5d5d2a4fa9ad77fdf58e3e140c8eb70,00:00:00:00:50/1,00:00:32:08:50/1,Avid MediaFiles/MXF/Z840_AVID07.1/DJI_0017V01.5DB8395DB83952V.mxf,
574589,"['DJI_0011.new.01', 'DJI_0011V01.5DB8395DB83966V']",2:f021855a7764b76351f88a9d013ef57c,00:00:00:00:50/1,00:00:42:47:50/1,Avid MediaFiles/MXF/Z840_AVID07.1/DJI_0011V01.5DB8395DB83966V.mxf,
574590,"['DJI_0014.new.01', 'DJI_0014V01.5DB8395DB83981V']",2:e9d1022d7ef3835e47a3218fe8a457f4,00:00:00:00:50/1,00:00:21:19:50/1,Avid MediaFiles/MXF/Z840_AVID07.1/DJI_0014V01.5DB8395DB83981V.mxf,
574591,"['DJI_0015MOV.new.01', 'DJI_0015MOV01.5DB85DB8398FV']",2:a08379f53548d87c4d026af63042f4a3,00:00:00:00:50/1,00:00:39:15:50/1,Avid MediaFiles/MXF/Z840_AVID07.1/DJI_0015MOV01.5DB85DB8398FV.mxf,
574592,"['DJI_0010.new.01', 'DJI_0010V01.5DB8395DB839A7V']",2:d61f5d8bb48a39233b5a8c78ab16db64,00:00:00:00:50/1,00:00:49:33:50/1,Avid MediaFiles/MXF/Z840_AVID07.1/DJI_0010V01.5DB8395DB839A7V.mxf,
574597,"['DJI_0030.new.01', 'DJI_0030V01.5DB8565DB85692V']",2:009aeada6b689e06aae2021ff7ac303d,00:00:00:00:50/1,00:00:35:15:50/1,Avid MediaFiles/MXF/Z840_AVID07.1/DJI_0030V01.5DB8565DB85692V.mxf,
574598,"['DJI_0028.new.01', 'DJI_0028V01.5DB8565DB856A9V']",2:e9cfa753760a009569df91895f4904d2,00:00:00:00:50/1,00:00:22:25:50/1,Avid MediaFiles/MXF/Z840_AVID07.1/DJI_0028V01.5DB8565DB856A9V.mxf,
574599,"['DJI_0026.new.01', 'DJI_0026V01.5DB8565DB856B8V']",2:3daa2cd4bda503f005516156782b0c3f,00:00:00:00:50/1,00:04:23:46:50/1,Avid MediaFiles/MXF/Z840_AVID07.1/DJI_0026V01.5DB8565DB856B8V.mxf,
574600,"['DJI_0024.new.01', 'DJI_0024V01.5DB8575DB85750V']",2:9ff7dc5273e0110b6443fa96dcbd68bd,00:00:00:00:50/1,00:00:51:46:50/1,Avid MediaFiles/MXF/Z840_AVID07.1/DJI_0024V01.5DB8575DB85750V.mxf,
574601,"['DJI_0025.new.01', 'DJI_0025V01.5DB8575DB85771V']",2:b2e64b787d30a27db4c22d5e95d3dc4e,00:00:00:00:50/1,00:04:07:34:50/1,Avid MediaFiles/MXF/Z840_AVID07.1/DJI_0025V01.5DB8575DB85771V.mxf,
574602,"['DJI_0022.new.01', 'DJI_0022V01.5DB8585DB85804V']",2:8b75251e96d736585b82b913eb0fe745,00:00:00:00:50/1,00:04:46:36:50/1,Avid MediaFiles/MXF/Z840_AVID07.1/DJI_0022V01.5DB8585DB85804V.mxf,
574603,"['DJI_0019.new.01', 'DJI_0019V01.5DB8585DB858B3V']",2:75f8200bbb895d10711656d8ee8e9978,00:00:00:00:50/1,00:05:27:05:50/1,Avid MediaFiles/MXF/Z840_AVID07.1/DJI_0019V01.5DB8585DB858B3V.mxf,
574604,"['DJI_0020.new.01', 'DJI_0020V01.5DB8595DB85972V']",2:4f2c7b02cded7ca369488b325083fd40,00:00:00:00:50/1,00:01:03:47:50/1,Avid MediaFiles/MXF/Z840_AVID07.1/DJI_0020V01.5DB8595DB85972V.mxf,
574605,"['DJI_0027.new.01', 'DJI_0027V01.5DB8595DB85999V']",2:ecbeee864ccf46571f0f128112a743eb,00:00:00:00:50/1,00:04:08:45:50/1,Avid MediaFiles/MXF/Z840_AVID07.1/DJI_0027V01.5DB8595DB85999V.mxf,
574606,"['DJI_0021.new.01', 'DJI_0021V01.5DB85A5DB85A2EV']",2:4b2260b274ff2e6eba416b7f612b4a0d,00:00:00:00:50/1,00:05:27:06:50/1,Avid MediaFiles/MXF/Z840_AVID07.1/DJI_0021V01.5DB85A5DB85A2EV.mxf,
574607,"['DJI_0023.new.01', 'DJI_0023V01.5DB85A5DB85AF7V']",2:9a179be911553241e6ddad9c279f2539,00:00:00:00:50/1,00:01:14:46:50/1,Avid MediaFiles/MXF/Z840_AVID07.1/DJI_0023V01.5DB85A5DB85AF7V.mxf,
574608,"['DJI_0029.new.01', 'DJI_0029V01.5DB85B5DB85B24V']",2:890b04fd8370a4955baa46da22185bcd,00:00:00:00:50/1,00:03:50:17:50/1,Avid MediaFiles/MXF/Z840_AVID07.1/DJI_0029V01.5DB85B5DB85B24V.mxf,
574791,"['DJI_0040.new.01', 'DJI_0040V01.5DB9575DB95767V']",2:adf5fb74d43f30e88e42e5c80d1ceb30,00:00:00:00:50/1,00:05:11:13:50/1,Avid MediaFiles/MXF/Z840_AVID07.1/DJI_0040V01.5DB9575DB95767V.mxf,
574792,"['DJI_0045.new.01', 'DJI_0045V01.5DB9585DB95816V']",2:0644c99798b9b562cbda473d3d2c8366,00:00:00:00:50/1,00:00:47:10:50/1,Avid MediaFiles/MXF/Z840_AVID07.1/DJI_0045V01.5DB9585DB95816V.mxf,
574793,"['DJI_0033.new.01', 'DJI_0033V01.5DB9585DB9586CV']",2:efc57fd098a65f65527365bd07b6d339,00:00:00:00:50/1,00:01:15:45:50/1,Avid MediaFiles/MXF/Z840_AVID07.1/DJI_0033V01.5DB9585DB9586CV.mxf,
574794,"['DJI_0036.new.01', 'DJI_0036V01.5DB9585DB95835V']",2:b0883c54b23f56e5bf582ca49e94523b,00:00:00:00:50/1,00:01:29:14:50/1,Avid MediaFiles/MXF/Z840_AVID07.1/DJI_0036V01.5DB9585DB95835V.mxf,
574795,"['DJI_0039.new.01', 'DJI_0039V01.5DB9585DB95899V']",2:ede531de2cc5c52578cf89334655a9b7,00:00:00:00:50/1,00:00:33:33:50/1,Avid MediaFiles/MXF/Z840_AVID07.1/DJI_0039V01.5DB9585DB95899V.mxf,
574796,"['DJI_0034.new.01', 'DJI_0034V01.5DB9585DB958AFV']",2:60350e7d1f37f50d6dca2676e7997a25,00:00:00:00:50/1,00:00:29:09:50/1,Avid MediaFiles/MXF/Z840_AVID07.1/DJI_0034V01.5DB9585DB958AFV.mxf,
574797,"['DJI_0043.new.01', 'DJI_0043V01.5DB9585DB958C2V']",2:b5e5396ae982543534aa9fed37f1dd41,00:00:00:00:50/1,00:01:29:25:50/1,Avid MediaFiles/MXF/Z840_AVID07.1/DJI_0043V01.5DB9585DB958C2V.mxf,
574798,"['DJI_0044.new.01', 'DJI_0044V01.5DB9585DB958F8V']",2:eca896d8c15a50c42d36f5eabc3fb2da,00:00:00:00:50/1,00:01:53:05:50/1,Avid MediaFiles/MXF/Z840_AVID07.1/DJI_0044V01.5DB9585DB958F8V.mxf,
574799,"['DJI_0042.new.01', 'DJI_0042V01.5DB9595DB9593BV']",2:a095f39d9e666ab48aa9ab7330ad0a71,00:00:00:00:50/1,00:01:56:23:50/1,Avid MediaFiles/MXF/Z840_AVID07.1/DJI_0042V01.5DB9595DB9593BV.mxf,
574800,"['DJI_0035.new.01', 'DJI_0035V01.5DB9595DB95980V']",2:702b5a9a17c8743741d618e99d3858c7,00:00:00:00:50/1,00:01:17:03:50/1,Avid MediaFiles/MXF/Z840_AVID07.1/DJI_0035V01.5DB9595DB95980V.mxf,
574801,"['DJI_0037.new.01', 'DJI_0037V01.5DB9595DB959AFV']",2:ddddaa67391668b58f930e34627fd462,00:00:00:00:50/1,00:00:37:34:50/1,Avid MediaFiles/MXF/Z840_AVID07.1/DJI_0037V01.5DB9595DB959AFV.mxf,
574802,"['DJI_0030.new.01', 'DJI_0030V01.5DB9595DB959C6V']",2:76bde63a87493158adbca6c3b269086e,00:00:00:00:50/1,00:04:01:27:50/1,Avid MediaFiles/MXF/Z840_AVID07.1/DJI_0030V01.5DB9595DB959C6V.mxf,
574803,"['DJI_0031.new.01', 'DJI_0031V01.5DB95A5DB95A5EV']",2:a7304739bdbba19343edf398fe69b352,00:00:00:00:50/1,00:00:25:24:50/1,Avid MediaFiles/MXF/Z840_AVID07.1/DJI_0031V01.5DB95A5DB95A5EV.mxf,
574804,"['DJI_0032.new.01', 'DJI_0032V01.5DB95A5DB95A6FV']",2:d2cca530d11c755cd045c8b96b944f29,00:00:00:00:50/1,00:02:14:47:50/1,Avid MediaFiles/MXF/Z840_AVID07.1/DJI_0032V01.5DB95A5DB95A6FV.mxf,
574805,"['DJI_0038.new.01', 'DJI_0038V01.5DB95A5DB95AC2V']",2:6d1775ace0e97ab40b4e025bc7f28283,00:00:00:00:50/1,00:01:13:02:50/1,Avid MediaFiles/MXF/Z840_AVID07.1/DJI_0038V01.5DB95A5DB95AC2V.mxf,
595320,PND 0285 M__102260654__Seashore Drone Follow Shot In The Mediterranean Sea,2:c6447e88797cb243434cbfd7d15ef0f8,00:00:00:00:30000/1001 nd,00:00:16:09:30000/1001 nd,Share/Importe/Onlining EP 1+2/Filme/PND 0285 M__102260654__Seashore Drone Follow Shot In The Mediterranean Sea.mov,
604496,"['DJI_0004.new.02', 'DJI_0004V01.5FCF4F5FCF4FDBV']",2:cf18ae755fc4c31bbd23a95c49d73f69,00:02:53:00:25/1,00:03:11:21:25/1,Avid MediaFiles/MXF/Z8AVID15.4/DJI_0004V01.5FCF4F5FCF4FDBV.mxf,
604500,"['DJI_0044.new.02', 'DJI_0044V01.5FCF7B5FCF7B26V']",2:1b496912d9eb166181eca63f7ee6698a,00:01:00:08:25/1,00:01:20:21:25/1,Avid MediaFiles/MXF/Z8AVID15.4/DJI_0044V01.5FCF7B5FCF7B26V.mxf,
604503,"['DJI_0044.new.03', 'DJI_0044V01.5FCF7B5FCF7BD8V']",2:ead66d2d9458da36e545b8ae349b5e3d,00:01:15:17:25/1,00:01:24:04:25/1,Avid MediaFiles/MXF/Z8AVID15.4/DJI_0044V01.5FCF7B5FCF7BD8V.mxf,
604504,"['DJI_0022.new.02', 'DJI_0022V01.5FCF7B5FCF7BF0V']",2:2df60dd7482e25298968d1984c9486ab,00:02:52:02:25/1,00:03:12:01:25/1,Avid MediaFiles/MXF/Z8AVID15.4/DJI_0022V01.5FCF7B5FCF7BF0V.mxf,
626107,"['DJI_0044.new.04', 'DJI_0044V01.5FD33F5FD33F47V']",2:23d034c973ef5749eb787c1d262d9c9c,00:01:15:01:25/1,00:01:27:13:25/1,Avid MediaFiles/MXF/Z8AVID15.4/DJI_0044V01.5FD33F5FD33F47V.mxf,
626109,"['DJI_0019.new.01', 'DJI_0019V01.5FD33F5FD33F63V']",2:0ec1e8551b0b4c2ee3503dc1561bdc55,00:01:20:04:25/1,00:01:34:03:25/1,Avid MediaFiles/MXF/Z8AVID15.4/DJI_0019V01.5FD33F5FD33F63V.mxf,
626111,"['DJI_0027.new.01', 'DJI_0027V01.5FD33F5FD33F9EV']",2:f51531dcad7e10e0a605ac4fc6f7a87a,00:01:34:22:25/1,00:01:46:10:25/1,Avid MediaFiles/MXF/Z8AVID15.4/DJI_0027V01.5FD33F5FD33F9EV.mxf,
626112,"['DJI_0023.new.01', 'DJI_0023V01.5FD33F5FD33FB8V']",2:b6f8cd7136ea7b9d2ef0cdf3a221e508,00:00:13:10:25/1,00:00:32:19:25/1,Avid MediaFiles/MXF/Z8AVID15.4/DJI_0023V01.5FD33F5FD33FB8V.mxf,
626299,"['DJI_0022.new.01', 'DJI_0022V01.5FDA205FDA20CCV']",2:b42663f34d8ec334a7f3a829caf7b4eb,00:02:52:02:25/1,00:03:12:01:25/1,Avid MediaFiles/MXF/Z840-AVID07.1/DJI_0022V01.5FDA205FDA20CCV.mxf,
626300,"['DJI_0044.new.01', 'DJI_0044V01.5FDA205FDA20C0V']",2:69e286284b6738770776bed2f8ec73ff,00:01:15:17:25/1,00:01:24:04:25/1,Avid MediaFiles/MXF/Z840-AVID07.1/DJI_0044V01.5FDA205FDA20C0V.mxf,
626302,"['DJI_0031.new.01', 'DJI_0031V01.5FDA205FDA20E9V']",2:a0b559cf8f17850100892a5843fb79e6,00:00:13:15:25/1,00:00:23:04:25/1,Avid MediaFiles/MXF/Z840-AVID07.1/DJI_0031V01.5FDA205FDA20E9V.mxf,
627136,"['DJI_0001.new.01', 'DJI_0001V01.602130602130FAV']",2:d4cbcdcf57b58267e5249d3cdd354f0c,00:00:23:11:25/1,00:00:40:23:25/1,Avid MediaFiles/MXF/Z8AVID15.1/DJI_0001V01.602130602130FAV.mxf,
627138,"['DJI_0026.new.01', 'DJI_0026V01.60213160213125V']",2:c6585d1f47c0235072cced30599115b3,00:00:15:06:25/1,00:00:31:00:25/1,Avid MediaFiles/MXF/Z8AVID15.1/DJI_0026V01.60213160213125V.mxf,
627141,"['DJI_0044.new.01', 'DJI_0044V01.60213160213163V']",2:282b3803e12ef7664142fa2e089e172f,00:01:13:15:25/1,00:01:28:06:25/1,Avid MediaFiles/MXF/Z8AVID15.1/DJI_0044V01.60213160213163V.mxf,
627143,"['DJI_0022.new.01', 'DJI_0022V01.60213160213197V']",2:2f3992c3f59d1397c25d39f3d2f0dc2e,00:02:50:01:25/1,00:03:05:03:25/1,Avid MediaFiles/MXF/Z8AVID15.1/DJI_0022V01.60213160213197V.mxf,
627144,"['DJI_0019.new.01', 'DJI_0019V01.602131602131BDV']",2:e90c7846b2e17491e80b54df0df562cd,00:00:29:00:25/1,00:00:48:00:25/1,Avid MediaFiles/MXF/Z8AVID15.1/DJI_0019V01.602131602131BDV.mxf,
627147,"['DJI_0027.new.01', 'DJI_0027V01.60213260213206V']",2:0a266f394d58dba6cb444ae856eb406d,00:00:44:12:25/1,00:01:04:12:25/1,Avid MediaFiles/MXF/Z8AVID15.1/DJI_0027V01.60213260213206V.mxf,
627428,"['DJI_0006.new.02', 'DJI_0006V01.6035356035353FV']",2:9487203413ecdcceb8ac6dafb04b362b,00:01:00:16:50/1,00:01:11:31:50/1,Avid MediaFiles/MXF/Z8AVID15.1/DJI_0006V01.6035356035353FV.mxf,
627484,"['DJI_0006.new.02', 'DJI_0006V01.60354760354714V']",2:57143dd2933e9e6fde55572793203eda,00:01:00:08:25/1,00:01:11:15:25/1,Avid MediaFiles/MXF/Z8AVID15.1/DJI_0006V01.60354760354714V.mxf,
642913,Villa_Baviera 19.10.18 1_0083_50B_DJI_0037_fixRollingShutter3,2:b14b79530a894483905187133fd09060,00:00:20:04:25/1,00:00:40:00:25/1,++ Color Grading/RollingShutter_fix/Villa_Baviera 19.10.18 1_0083_50B_DJI_0037_fixRollingShutter3.mov,
642933,Villa_Baviera 19.10.18 1_0083_50B_DJI_0037_fixRollingShutter5,2:46c105dc8280148a7ef19fd7ac860410,00:00:20:04:25/1,00:00:40:00:25/1,++ Color Grading/RollingShutter_fix/Villa_Baviera 19.10.18 1_0083_50B_DJI_0037_fixRollingShutter5.mov,
642958,Villa_Baviera 19.10.18 1_0083_50B_DJI_0037_fixRollingShutter6,2:2d3cdbe81889eb28123d726d11b183b1,00:00:20:04:25/1,00:00:22:13:25/1,++ Color Grading/RollingShutter_fix/Villa_Baviera 19.10.18 1_0083_50B_DJI_0037_fixRollingShutter6.mov,
643011,Villa_Baviera 19.10.18 1_0083_50B_DJI_0037_fixRollingShutter4,2:4388b4767dd93dfd4cc75d20c1fe8d8e,00:00:20:04:25/1,00:00:40:00:25/1,++ Color Grading/RollingShutter_fix/Villa_Baviera 19.10.18 1_0083_50B_DJI_0037_fixRollingShutter4.mov,
643045,Villa_Baviera 19.10.18 1_0083_50B_DJI_0037_fixRollingShutter2,2:48e25c792dc2b7b432cacafd189d615a,00:00:20:04:25/1,00:00:40:00:25/1,++ Color Grading/RollingShutter_fix/Villa_Baviera 19.10.18 1_0083_50B_DJI_0037_fixRollingShutter2.mov,
643092,Villa_Baviera 19.10.18 1_0083_50B_DJI_0037_fixRollingShutter,2:66c1aa6d85f231aac9e73c1d0042e8b0,00:00:20:04:25/1,00:00:40:00:25/1,++ Color Grading/RollingShutter_fix/Villa_Baviera 19.10.18 1_0083_50B_DJI_0037_fixRollingShutter.mov,
643106,Villa_Baviera 19.10.18 1_0083_50B_DJI_0037_fixRollingShutter___1,2:88cff0ed4f3a07eb819aa2b18fedb429,00:00:30:05:25/1,00:00:35:08:25/1,++ Color Grading/RollingShutter_fix/Villa_Baviera 19.10.18 1_0083_50B_DJI_0037_fixRollingShutter___1.mov,
655025,Zwangsarbeit Drohnenaufnahmen,2:73a5ca96a08a45f30cf3918fbd90840c,01:00:00:00:25/1,01:59:11:07:25/1,Exporte Rohmaterial/Zwangsarbeit Drohnenaufnahmen.mov,
655064,2022-03-30 Drohne,2:c169a6d850805116b4f64e45edd410d7,01:00:00:00:25/1,01:05:31:00:25/1,Exports/for transcription/2022-03-30 Drohne.mov,
668365,2021-06-21_Day5_BRoll Zone_Drones,,00:00:00:00:25/1,00:00:09:24:25/1,Placeholder/2021-06-21_Day5_BRoll Zone_Drones.mxf,
668385,2021-08-16_Pripyat_Drone,,00:00:00:00:25/1,00:00:09:24:25/1,Placeholder/2021-08-16_Pripyat_Drone.mxf,
668388,2021-08-19_Charnobyl_Bio-Reserve_Drone,,00:00:00:00:25/1,00:00:09:24:25/1,Placeholder/2021-08-19_Charnobyl_Bio-Reserve_Drone.mxf,
668390,2021-08-20_Zone_Drone,,00:00:00:00:25/1,00:00:09:24:25/1,Placeholder/2021-08-20_Zone_Drone.mxf,
668392,2021-08-22_Zone_Drone,,00:00:00:00:25/1,00:00:09:24:25/1,Placeholder/2021-08-22_Zone_Drone.mxf,
702550,"['1972_DroneA01.62D4C71490BCA', '1972_DroneA02.62D4C7149152A', '1972_Drone Pulse #2_STEM_PULSE.wav.new.01']","['2:33303dd8da2da71d868382ef58c7441b', '2:4a2874e53f8f3bc8a25c4620733728e4']",00:00:00:00:100/1,00:00:51:40:100/1,"['München72/IN/EP03/Avid MediaFiles/MXF/1/1972_DroneA01.62D4C71490BCA.mxf', 'München72/IN/EP03/Avid MediaFiles/MXF/1/1972_DroneA02.62D4C7149152A.mxf']",
706082,SST 0183 M__1051495456__Tripoli drone shooting in Libya__Libya,2:e0ca118e2582fa5c5b21b03c57ea1a58,00:00:00:00:30000/1001,00:00:56:05:30000/1001,MASTER FÜR ONLINING/2022-07-19/SST 0183 M__1051495456__Tripoli drone shooting in Libya__Libya.MP4,
706460,"['2022-04-12_Munich-Drone_D001_003_DJI_0003', '2022-04-12_B-Roll_Munich-Drone_D001_003_DJI_0003']",2:664272d313079dd401370231b7c3dab0,00:00:00:00:25/1,00:00:43:02:25/1,"['MASTER FÜR ONLINING/2022-08-01/2022-04-12_Munich-Drone_D001_003_DJI_0003.MOV', 'Tod und Spiele - München 72 #B0011/B-Roll/2022-04-12/2022-04-12_B-Roll_Munich-Drone_D001_003_DJI_0003.MOV']",
708701,"['1972_DroneA01.62F5826B035EA', '1972_DroneA02.62F5826B03EAA', '1972_Drone Pulse #2_STEM_PULSE.wav.new.01']","['2:b3d53b8cd46618dc4d7ce4411b2f622a', '2:e728b63d753a6b23137c8fa1fa41d1cf']",00:00:00:00:100/1,00:00:29:08:100/1,"['München72/IN/90min ARD/AAF/Avid MediaFiles/MXF/1/1972_DroneA01.62F5826B035EA.mxf', 'Avid MediaFiles/MXF/FX_WORKSTATION.3/1972_DroneA01.62F5826B035EA.mxf', 'München72/IN/90min ARD/AAF/Avid MediaFiles/MXF/1/1972_DroneA02.62F5826B03EAA.mxf', 'Avid MediaFiles/MXF/FX_WORKSTATION.3/1972_DroneA02.62F5826B03EAA.mxf']",
715695,"['DJI Dron 4 (Proxy)_DJI_0014-1.new.01', 'DJI Dron 4V01.6079349693DDV']",2:109eae0786df40652764249e78046e5f,00:00:00:00:25/1,00:00:45:24:25/1,"['Avid MediaFiles/MXF/Z840_AVID09.1/DJI Dron 4V01.6079349693DDV.mxf', 'Avid MediaFiles/MXF/Z8-DIAMANT.1/DJI Dron 4V01.6079349693DDV.mxf']",
715697,"['DJI Dron 1-2-3 (Proxy)_DJI_0028-1.new.01', 'DJI Dron 1V01.6079349E4495V']",2:8baee773ddba8fb4bcf0b09c00eec3ed,00:00:00:00:25/1,00:03:34:19:25/1,"['Avid MediaFiles/MXF/Z840_AVID09.1/DJI Dron 1V01.6079349E4495V.mxf', 'Avid MediaFiles/MXF/Z8-DIAMANT.1/DJI Dron 1V01.6079349E4495V.mxf']",
715699,"['DJI Dron 1-2-3 (Proxy)_DJI_0016-1.new.01', 'DJI Dron 1V01.607934B6584CV']",2:c6c01b091d2b39acc6728fe6711d6b57,00:00:00:00:25/1,00:01:51:09:25/1,"['Avid MediaFiles/MXF/Z840_AVID09.1/DJI Dron 1V01.607934B6584CV.mxf', 'Avid MediaFiles/MXF/Z8-DIAMANT.1/DJI Dron 1V01.607934B6584CV.mxf']",
715701,"['DJI Dron 1-2-3 (Proxy)_DJI_0328-1.new.01', 'DJI Dron 1V01.607934C7AFB1V']",2:353ab2e566b7b6737ff4e933678959fa,00:00:00:00:25/1,00:00:38:00:25/1,"['Avid MediaFiles/MXF/Z840_AVID09.1/DJI Dron 1V01.607934C7AFB1V.mxf', 'Avid MediaFiles/MXF/Z8-DIAMANT.1/DJI Dron 1V01.607934C7AFB1V.mxf']",
715702,"['DJI Dron 1-2-3 (Proxy)_DJI_0322-1.new.01', 'DJI Dron 1V01.607934CB6C60V']",2:96f4ef1e08ea7a031338b4f12873eb6a,00:00:00:00:25/1,00:00:25:14:25/1,"['Avid MediaFiles/MXF/Z840_AVID09.1/DJI Dron 1V01.607934CB6C60V.mxf', 'Avid MediaFiles/MXF/Z8-DIAMANT.1/DJI Dron 1V01.607934CB6C60V.mxf']",
715704,"['DJI Dron 1-2-3 (Proxy)_DJI_0326-1.new.01', 'DJI Dron 1V01.607934D53AA2V']",2:4d8ae7b79d4cb4f687a073540ff02757,00:00:00:00:25/1,00:00:44:17:25/1,"['Avid MediaFiles/MXF/Z840_AVID09.1/DJI Dron 1V01.607934D53AA2V.mxf', 'Avid MediaFiles/MXF/Z8-DIAMANT.1/DJI Dron 1V01.607934D53AA2V.mxf']",
715705,"['DJI Dron 1-2-3 (Proxy)_DJI_0325-1.new.01', 'DJI Dron 1V01.607934D9B312V']",2:89a3211971c84f3e0fdf3a1e9c2b0f16,00:00:00:00:25/1,00:00:35:17:25/1,"['Avid MediaFiles/MXF/Z840_AVID09.1/DJI Dron 1V01.607934D9B312V.mxf', 'Avid MediaFiles/MXF/Z8-DIAMANT.1/DJI Dron 1V01.607934D9B312V.mxf']",
715709,"['DJI Dron 1-2-3 (Proxy)_DJI_0020-1.new.01', 'DJI Dron 1V01.607934F379CCV']",2:d10cf29203686dbf27dfd907ba5ad5a1,00:00:00:00:25/1,00:00:22:03:25/1,"['Avid MediaFiles/MXF/Z840_AVID09.1/DJI Dron 1V01.607934F379CCV.mxf', 'Avid MediaFiles/MXF/Z8-DIAMANT.1/DJI Dron 1V01.607934F379CCV.mxf']",
715710,"['DJI Dron 1-2-3 (Proxy)_DJI_0025-1.new.01', 'DJI Dron 1V01.607934F594D4V']",2:0a533a0a0785bc8003251844b8c769cd,00:00:00:00:25/1,00:03:35:05:25/1,"['Avid MediaFiles/MXF/Z840_AVID09.1/DJI Dron 1V01.607934F594D4V.mxf', 'Avid MediaFiles/MXF/Z8-DIAMANT.1/DJI Dron 1V01.607934F594D4V.mxf']",
715711,"['DJI Dron 4 (Proxy)_DJI_0011-1.new.01', 'DJI Dron 4V01.607935081BC8V']",2:cdf1eca8bbe860dabb6bd5f8d87f6244,00:00:00:00:25/1,00:00:59:18:25/1,"['Avid MediaFiles/MXF/Z840_AVID09.1/DJI Dron 4V01.607935081BC8V.mxf', 'Avid MediaFiles/MXF/Z8-DIAMANT.1/DJI Dron 4V01.607935081BC8V.mxf']",
715713,"['DJI Dron 1-2-3 (Proxy)_DJI_0314-1.new.01', 'DJI Dron 1V01.6079350F3969V']",2:1dd91f60665fdccd28c0db7fb99601dc,00:00:00:00:25/1,00:00:57:01:25/1,"['Avid MediaFiles/MXF/Z840_AVID09.1/DJI Dron 1V01.6079350F3969V.mxf', 'Avid MediaFiles/MXF/Z8-DIAMANT.1/DJI Dron 1V01.6079350F3969V.mxf']",
715714,"['DJI Dron 1-2-3 (Proxy)_DJI_0297-1.new.01', 'DJI Dron 1V01.607935142FC4V']",2:5a840a4abb746898e507a50c57473241,00:00:00:00:25/1,00:01:25:21:25/1,"['Avid MediaFiles/MXF/Z840_AVID09.1/DJI Dron 1V01.607935142FC4V.mxf', 'Avid MediaFiles/MXF/Z8-DIAMANT.1/DJI Dron 1V01.607935142FC4V.mxf']",
715715,"['DJI Dron 1-2-3 (Proxy)_DJI_0340-1.new.01', 'DJI Dron 1V01.6079351B73F9V']",2:e58d57538abe40d3939b22d54def72b2,00:00:00:00:25/1,00:00:36:04:25/1,"['Avid MediaFiles/MXF/Z840_AVID09.1/DJI Dron 1V01.6079351B73F9V.mxf', 'Avid MediaFiles/MXF/Z8-DIAMANT.1/DJI Dron 1V01.6079351B73F9V.mxf']",
715716,"['DJI Dron 4 (Proxy)_DJI_0003-1.new.01', 'DJI Dron 4V01.6079351EF6FFV']",2:03d588e1626cf80f6ab32429b720dc69,00:00:00:00:25/1,00:00:50:11:25/1,"['Avid MediaFiles/MXF/Z840_AVID09.1/DJI Dron 4V01.6079351EF6FFV.mxf', 'Avid MediaFiles/MXF/Z8-DIAMANT.1/DJI Dron 4V01.6079351EF6FFV.mxf']",
715717,"['DJI Dron 1-2-3 (Proxy)_DJI_0005-1.new.01', 'DJI Dron 1V01.60793523A004V']",2:5c2d1ee294afd9cef609265a8de0c6eb,00:00:00:00:25/1,00:00:17:03:25/1,"['Avid MediaFiles/MXF/Z840_AVID09.1/DJI Dron 1V01.60793523A004V.mxf', 'Avid MediaFiles/MXF/Z8-DIAMANT.1/DJI Dron 1V01.60793523A004V.mxf']",
715718,"['DJI Dron 1-2-3 (Proxy)_DJI_0347-1.new.01', 'DJI Dron 1V01.607935256193V']",2:cafa7ec5f9467c7fd4f26a516294024c,00:00:00:00:25/1,00:01:07:10:25/1,"['Avid MediaFiles/MXF/Z840_AVID09.1/DJI Dron 1V01.607935256193V.mxf', 'Avid MediaFiles/MXF/Z8-DIAMANT.1/DJI Dron 1V01.607935256193V.mxf']",
715719,"['DJI Dron 1-2-3 (Proxy)_DJI_0334-1.new.01', 'DJI Dron 1V01.6079352B4E28V']",2:5fbff2c0258ff97bacebc59e3ebf741d,00:00:00:00:25/1,00:00:54:20:25/1,"['Avid MediaFiles/MXF/Z840_AVID09.1/DJI Dron 1V01.6079352B4E28V.mxf', 'Avid MediaFiles/MXF/Z8-DIAMANT.1/DJI Dron 1V01.6079352B4E28V.mxf']",
715720,"['DJI Dron 1-2-3 (Proxy)_DJI_0324-1.new.01', 'DJI Dron 1V01.6079353047D0V']",2:f925e69547c531427f84d96f5fbf65ca,00:00:00:00:25/1,00:00:35:05:25/1,"['Avid MediaFiles/MXF/Z840_AVID09.1/DJI Dron 1V01.6079353047D0V.mxf', 'Avid MediaFiles/MXF/Z8-DIAMANT.1/DJI Dron 1V01.6079353047D0V.mxf']",
715721,"['DJI Dron 1-2-3 (Proxy)_DJI_0027-1.new.01', 'DJI Dron 1V01.60793533976FV']",2:3b915929d767690df5f4cf2b2ce8f8e6,00:00:00:00:25/1,00:01:12:12:25/1,"['Avid MediaFiles/MXF/Z840_AVID09.1/DJI Dron 1V01.60793533976FV.mxf', 'Avid MediaFiles/MXF/Z8-DIAMANT.1/DJI Dron 1V01.60793533976FV.mxf']",
715725,"['DJI Dron 1-2-3 (Proxy)_DJI_0054-1.new.01', 'DJI Dron 1V01.60793545A668V']",2:370cf02fe9fcbd1acfb27325a662f3cb,00:00:00:00:25/1,00:00:28:07:25/1,"['Avid MediaFiles/MXF/Z840_AVID09.1/DJI Dron 1V01.60793545A668V.mxf', 'Avid MediaFiles/MXF/Z8-DIAMANT.1/DJI Dron 1V01.60793545A668V.mxf']",
715726,"['DJI Dron 1-2-3 (Proxy)_DJI_0018-1.new.01', 'DJI Dron 1V01.607935485031V']",2:20f0da43be8e6ccf17356ceca77da269,00:00:00:00:25/1,00:01:16:19:25/1,"['Avid MediaFiles/MXF/Z840_AVID09.1/DJI Dron 1V01.607935485031V.mxf', 'Avid MediaFiles/MXF/Z8-DIAMANT.1/DJI Dron 1V01.607935485031V.mxf']",
715727,"['DJI Dron 1-2-3 (Proxy)_DJI_0017-1.new.01', 'DJI Dron 1V01.6079354F0EEFV']",2:ebf8ef28cb9fd316d1ee99c6ca44d8ea,00:00:00:00:25/1,00:00:59:20:25/1,"['Avid MediaFiles/MXF/Z840_AVID09.1/DJI Dron 1V01.6079354F0EEFV.mxf', 'Avid MediaFiles/MXF/Z8-DIAMANT.1/DJI Dron 1V01.6079354F0EEFV.mxf']",
715728,"['DJI Dron 1-2-3 (Proxy)_DJI_0010-1.new.01', 'DJI Dron 1V01.607935545063V']",2:b3be867c811da11548a896d50e7f2ce8,00:00:00:00:25/1,00:00:25:15:25/1,"['Avid MediaFiles/MXF/Z840_AVID09.1/DJI Dron 1V01.607935545063V.mxf', 'Avid MediaFiles/MXF/Z8-DIAMANT.1/DJI Dron 1V01.607935545063V.mxf']",
715729,"['DJI Dron 1-2-3 (Proxy)_DJI_0022-1.new.01', 'DJI Dron 1V01.60793556B929V']",2:6d24d6d58b18a751d91099270fff3acb,00:00:00:00:25/1,00:02:51:20:25/1,"['Avid MediaFiles/MXF/Z840_AVID09.1/DJI Dron 1V01.60793556B929V.mxf', 'Avid MediaFiles/MXF/Z8-DIAMANT.1/DJI Dron 1V01.60793556B929V.mxf']",
715730,"['DJI Dron 1-2-3 (Proxy)_DJI_0015-1.new.01', 'DJI Dron 1V01.6079356538CAV']",2:19717e2251433362d1af99811e074b14,00:00:00:00:25/1,00:01:14:12:25/1,"['Avid MediaFiles/MXF/Z840_AVID09.1/DJI Dron 1V01.6079356538CAV.mxf', 'Avid MediaFiles/MXF/Z8-DIAMANT.1/DJI Dron 1V01.6079356538CAV.mxf']",
715732,"['DJI Dron 1-2-3 (Proxy)_DJI_0306-1.new.01', 'DJI Dron 1V01.6079356BAEBCV']",2:d7ebfef50045a5ecf9a0b6710b672c7e,00:00:00:00:25/1,00:00:07:03:25/1,"['Avid MediaFiles/MXF/Z840_AVID09.1/DJI Dron 1V01.6079356BAEBCV.mxf', 'Avid MediaFiles/MXF/Z8-DIAMANT.1/DJI Dron 1V01.6079356BAEBCV.mxf']",
715735,"['DJI Dron 4 (Proxy)_DJI_0010-1.new.01', 'DJI Dron 4V01.60793574E9ACV']",2:0e0a663ca8793f3c144d9dbe9d0ee527,00:00:00:00:25/1,00:00:46:21:25/1,"['Avid MediaFiles/MXF/Z840_AVID09.1/DJI Dron 4V01.60793574E9ACV.mxf', 'Avid MediaFiles/MXF/Z8-DIAMANT.1/DJI Dron 4V01.60793574E9ACV.mxf']",
715737,"['DJI Dron 4 (Proxy)_DJI_0002-1.new.01', 'DJI Dron 4V01.6079357C89A1V']",2:14914058afc29b676a2e1935b8f49f6c,00:00:00:00:25/1,00:00:08:05:25/1,"['Avid MediaFiles/MXF/Z840_AVID09.1/DJI Dron 4V01.6079357C89A1V.mxf', 'Avid MediaFiles/MXF/Z8-DIAMANT.1/DJI Dron 4V01.6079357C89A1V.mxf']",
715738,"['DJI Dron 1-2-3 (Proxy)_DJI_0308-1.new.01', 'DJI Dron 1V01.6079357D82FDV']",2:3913268db1dcdd3fb12a86c8e48771c8,00:00:00:00:25/1,00:00:37:19:25/1,"['Avid MediaFiles/MXF/Z840_AVID09.1/DJI Dron 1V01.6079357D82FDV.mxf', 'Avid MediaFiles/MXF/Z8-DIAMANT.1/DJI Dron 1V01.6079357D82FDV.mxf']",
715740,"['DJI Dron 1-2-3 (Proxy)_DJI_0042-1.new.01', 'DJI Dron 1V01.6079358796E4V']",2:25785f7d477592154ec9da0c6aa69e1f,00:00:00:00:25/1,00:00:15:15:25/1,"['Avid MediaFiles/MXF/Z840_AVID09.1/DJI Dron 1V01.6079358796E4V.mxf', 'Avid MediaFiles/MXF/Z8-DIAMANT.1/DJI Dron 1V01.6079358796E4V.mxf']",
715741,"['DJI Dron 1-2-3 (Proxy)_DJI_0053-1.new.01', 'DJI Dron 1V01.6079358935A5V']",2:53eac78381e699af475ab201d29c7a82,00:00:00:00:25/1,00:00:27:21:25/1,"['Avid MediaFiles/MXF/Z840_AVID09.1/DJI Dron 1V01.6079358935A5V.mxf', 'Avid MediaFiles/MXF/Z8-DIAMANT.1/DJI Dron 1V01.6079358935A5V.mxf']",
715742,"['DJI Dron 1-2-3 (Proxy)_DJI_0366-1.new.01', 'DJI Dron 1V01.6079358BCB27V']",2:68fda23b9441368e8b9127a2752b1198,00:00:00:00:25/1,00:00:20:22:25/1,"['Avid MediaFiles/MXF/Z840_AVID09.1/DJI Dron 1V01.6079358BCB27V.mxf', 'Avid MediaFiles/MXF/Z8-DIAMANT.1/DJI Dron 1V01.6079358BCB27V.mxf']",
715743,"['DJI Dron 1-2-3 (Proxy)_DJI_0349-1.new.01', 'DJI Dron 1V01.6079358DD014V']",2:1b94b02c4528d31149adda507f86ff63,00:00:00:00:25/1,00:00:24:03:25/1,"['Avid MediaFiles/MXF/Z840_AVID09.1/DJI Dron 1V01.6079358DD014V.mxf', 'Avid MediaFiles/MXF/Z8-DIAMANT.1/DJI Dron 1V01.6079358DD014V.mxf']",
715744,"['DJI Dron 4 (Proxy)_DJI_0007-1.new.01', 'DJI Dron 4V01.6079359033E9V']",2:f4ac3ae9de7fd3131ab312409a27101a,00:00:00:00:25/1,00:00:34:21:25/1,"['Avid MediaFiles/MXF/Z840_AVID09.1/DJI Dron 4V01.6079359033E9V.mxf', 'Avid MediaFiles/MXF/Z8-DIAMANT.1/DJI Dron 4V01.6079359033E9V.mxf']",
715745,"['DJI Dron 1-2-3 (Proxy)_DJI_0369-1.new.01', 'DJI Dron 1V01.607935937DFBV']",2:d40d9b8988296b10d9b3a42b2dfb7e13,00:00:00:00:25/1,00:00:11:19:25/1,"['Avid MediaFiles/MXF/Z840_AVID09.1/DJI Dron 1V01.607935937DFBV.mxf', 'Avid MediaFiles/MXF/Z8-DIAMANT.1/DJI Dron 1V01.607935937DFBV.mxf']",
715746,"['DJI Dron 1-2-3 (Proxy)_DJI_0037-1.new.01', 'DJI Dron 1V01.60793594BB9AV']",2:cb26c8b4ad3b08c94fa7d8b184270d08,00:00:00:00:25/1,00:01:42:22:25/1,"['Avid MediaFiles/MXF/Z840_AVID09.1/DJI Dron 1V01.60793594BB9AV.mxf', 'Avid MediaFiles/MXF/Z8-DIAMANT.1/DJI Dron 1V01.60793594BB9AV.mxf']",
715747,"['DJI Dron 1-2-3 (Proxy)_DJI_0019-1.new.01', 'DJI Dron 1V01.6079359D9BF9V']",2:b023ae007fe9e25a1a30e67ee7c987c7,00:00:00:00:25/1,00:00:29:00:25/1,"['Avid MediaFiles/MXF/Z840_AVID09.1/DJI Dron 1V01.6079359D9BF9V.mxf', 'Avid MediaFiles/MXF/Z8-DIAMANT.1/DJI Dron 1V01.6079359D9BF9V.mxf']",
715748,"['DJI Dron 1-2-3 (Proxy)_DJI_0339-1.new.01', 'DJI Dron 1V01.607935A04469V']",2:f60398fcdfbb607afcb9d9a918a980b1,00:00:00:00:25/1,00:00:29:24:25/1,"['Avid MediaFiles/MXF/Z840_AVID09.1/DJI Dron 1V01.607935A04469V.mxf', 'Avid MediaFiles/MXF/Z8-DIAMANT.1/DJI Dron 1V01.607935A04469V.mxf']",
715749,"['DJI Dron 1-2-3 (Proxy)_DJI_0327-1.new.01', 'DJI Dron 1V01.607935A33406V']",2:6cf00e6248ae59f62f8f09c540bee307,00:00:00:00:25/1,00:00:15:23:25/1,"['Avid MediaFiles/MXF/Z840_AVID09.1/DJI Dron 1V01.607935A33406V.mxf', 'Avid MediaFiles/MXF/Z8-DIAMANT.1/DJI Dron 1V01.607935A33406V.mxf']",
715750,"['DJI Dron 1-2-3 (Proxy)_DJI_0368-1.new.01', 'DJI Dron 1V01.607935A4EC54V']",2:401226641a120b940ce2f13272ab9d8a,00:00:00:00:25/1,00:00:12:03:25/1,"['Avid MediaFiles/MXF/Z840_AVID09.1/DJI Dron 1V01.607935A4EC54V.mxf', 'Avid MediaFiles/MXF/Z8-DIAMANT.1/DJI Dron 1V01.607935A4EC54V.mxf']",
715752,"['DJI Dron 4 (Proxy)_DJI_0012-1.new.01', 'DJI Dron 4V01.607935A886C8V']",2:d54767af18e7919e1b35b444a11bf585,00:00:00:00:25/1,00:00:41:23:25/1,"['Avid MediaFiles/MXF/Z840_AVID09.1/DJI Dron 4V01.607935A886C8V.mxf', 'Avid MediaFiles/MXF/Z8-DIAMANT.1/DJI Dron 4V01.607935A886C8V.mxf']",
715753,"['DJI Dron 1-2-3 (Proxy)_DJI_0319-1.new.01', 'DJI Dron 1V01.607935AC6B60V']",2:9b41b2710fe8bcad949f2a0dc50a3bfc,00:00:00:00:25/1,00:00:46:03:25/1,"['Avid MediaFiles/MXF/Z840_AVID09.1/DJI Dron 1V01.607935AC6B60V.mxf', 'Avid MediaFiles/MXF/Z8-DIAMANT.1/DJI Dron 1V01.607935AC6B60V.mxf']",
715754,"['DJI Dron 1-2-3 (Proxy)_DJI_0009-1.new.01', 'DJI Dron 1V01.607935B0AB12V']",2:cc277db2a4b430096c9ce5579d433be8,00:00:00:00:25/1,00:00:17:07:25/1,"['Avid MediaFiles/MXF/Z840_AVID09.1/DJI Dron 1V01.607935B0AB12V.mxf', 'Avid MediaFiles/MXF/Z8-DIAMANT.1/DJI Dron 1V01.607935B0AB12V.mxf']",
715755,"['DJI Dron 1-2-3 (Proxy)_DJI_0363-1.new.01', 'DJI Dron 1V01.607935B25BA1V']",2:66fdb0fc4c61be4e6848a642a40888fc,00:00:00:00:25/1,00:00:29:17:25/1,"['Avid MediaFiles/MXF/Z840_AVID09.1/DJI Dron 1V01.607935B25BA1V.mxf', 'Avid MediaFiles/MXF/Z8-DIAMANT.1/DJI Dron 1V01.607935B25BA1V.mxf']",
715756,"['DJI Dron 4 (Proxy)_DJI_0005-1.new.01', 'DJI Dron 4V01.607935B52CD7V']",2:3b7406f2548d6fba60395bc621299985,00:00:00:00:25/1,00:01:17:24:25/1,"['Avid MediaFiles/MXF/Z840_AVID09.1/DJI Dron 4V01.607935B52CD7V.mxf', 'Avid MediaFiles/MXF/Z8-DIAMANT.1/DJI Dron 4V01.607935B52CD7V.mxf']",
715760,"['DJI Dron 1-2-3 (Proxy)_DJI_0316-1.new.01', 'DJI Dron 1V01.607935CD097EV']",2:21ed4abc2e7fc2f441205e0846384be9,00:00:00:00:25/1,00:00:30:14:25/1,"['Avid MediaFiles/MXF/Z840_AVID09.1/DJI Dron 1V01.607935CD097EV.mxf', 'Avid MediaFiles/MXF/Z8-DIAMANT.1/DJI Dron 1V01.607935CD097EV.mxf']",
715762,"['DJI Dron 4 (Proxy)_DJI_0001-1.new.01', 'DJI Dron 4V01.607935D0414AV']",2:d2aebc65d5341ef27db6a24d6265eac5,00:00:00:00:25/1,00:01:10:15:25/1,"['Avid MediaFiles/MXF/Z840_AVID09.1/DJI Dron 4V01.607935D0414AV.mxf', 'Avid MediaFiles/MXF/Z8-DIAMANT.1/DJI Dron 4V01.607935D0414AV.mxf']",
715765,"['DJI Dron 1-2-3 (Proxy)_DJI_0036-1.new.01', 'DJI Dron 1V01.607935DF5A65V']",2:ed7267a6e49cae18a759748027bf15f1,00:00:00:00:25/1,00:00:33:11:25/1,"['Avid MediaFiles/MXF/Z840_AVID09.1/DJI Dron 1V01.607935DF5A65V.mxf', 'Avid MediaFiles/MXF/Z8-DIAMANT.1/DJI Dron 1V01.607935DF5A65V.mxf']",
715766,"['DJI Dron 1-2-3 (Proxy)_DJI_0315-1.new.01', 'DJI Dron 1V01.607935E29001V']",2:d425ffe164725a85b500418480e090a9,00:00:00:00:25/1,00:00:41:06:25/1,"['Avid MediaFiles/MXF/Z840_AVID09.1/DJI Dron 1V01.607935E29001V.mxf', 'Avid MediaFiles/MXF/Z8-DIAMANT.1/DJI Dron 1V01.607935E29001V.mxf']",
715768,"['DJI Dron 1-2-3 (Proxy)_DJI_0367-1.new.01', 'DJI Dron 1V01.607935E9FE3EV']",2:938cf61dccb14fa0371c3e777a25b613,00:00:00:00:25/1,00:00:10:20:25/1,"['Avid MediaFiles/MXF/Z840_AVID09.1/DJI Dron 1V01.607935E9FE3EV.mxf', 'Avid MediaFiles/MXF/Z8-DIAMANT.1/DJI Dron 1V01.607935E9FE3EV.mxf']",
715769,"['DJI Dron 1-2-3 (Proxy)_DJI_0307-1.new.01', 'DJI Dron 1V01.607935EB2585V']",2:ce23a9089128a4e07c97fffcdd83aac2,00:00:00:00:25/1,00:00:41:18:25/1,"['Avid MediaFiles/MXF/Z840_AVID09.1/DJI Dron 1V01.607935EB2585V.mxf', 'Avid MediaFiles/MXF/Z8-DIAMANT.1/DJI Dron 1V01.607935EB2585V.mxf']",
715770,"['DJI Dron 1-2-3 (Proxy)_DJI_0300-1.new.01', 'DJI Dron 1V01.607935EEE482V']",2:09237f9c0a64e77b2e77c88c76f1fe1a,00:00:00:00:25/1,00:01:02:09:25/1,"['Avid MediaFiles/MXF/Z840_AVID09.1/DJI Dron 1V01.607935EEE482V.mxf', 'Avid MediaFiles/MXF/Z8-DIAMANT.1/DJI Dron 1V01.607935EEE482V.mxf']",
715773,"['DJI Dron 1-2-3 (Proxy)_DJI_0303-1.new.01', 'DJI Dron 1V01.607935FD57CFV']",2:5370a794c5506c428eb299890d410843,00:00:00:00:25/1,00:00:57:11:25/1,"['Avid MediaFiles/MXF/Z840_AVID09.1/DJI Dron 1V01.607935FD57CFV.mxf', 'Avid MediaFiles/MXF/Z8-DIAMANT.1/DJI Dron 1V01.607935FD57CFV.mxf']",
715774,"['DJI Dron 1-2-3 (Proxy)_DJI_0318-1.new.01', 'DJI Dron 1V01.607936025E0AV']",2:f0452b2691a6883872024bb38bd4e1ab,00:00:00:00:25/1,00:00:30:17:25/1,"['Avid MediaFiles/MXF/Z840_AVID09.1/DJI Dron 1V01.607936025E0AV.mxf', 'Avid MediaFiles/MXF/Z8-DIAMANT.1/DJI Dron 1V01.607936025E0AV.mxf']",
715775,"['DJI Dron 1-2-3 (Proxy)_DJI_0309-1.new.01', 'DJI Dron 1V01.607936052153V']",2:3a75e011a1f6f83decf094d0a9ebaeaf,00:00:00:00:25/1,00:00:22:23:25/1,"['Avid MediaFiles/MXF/Z840_AVID09.1/DJI Dron 1V01.607936052153V.mxf', 'Avid MediaFiles/MXF/Z8-DIAMANT.1/DJI Dron 1V01.607936052153V.mxf']",
715776,"['DJI Dron 1-2-3 (Proxy)_DJI_0302-1.new.01', 'DJI Dron 1V01.607936073323V']",2:beb12523feb32d6a3bae61ddeac1144b,00:00:00:00:25/1,00:01:18:10:25/1,"['Avid MediaFiles/MXF/Z840_AVID09.1/DJI Dron 1V01.607936073323V.mxf', 'Avid MediaFiles/MXF/Z8-DIAMANT.1/DJI Dron 1V01.607936073323V.mxf']",
715778,"['DJI Dron 1-2-3 (Proxy)_DJI_0365-1.new.01', 'DJI Dron 1V01.607936130752V']",2:39cd60de9cb21b30a75ab1d1922b92eb,00:00:00:00:25/1,00:00:18:01:25/1,"['Avid MediaFiles/MXF/Z840_AVID09.1/DJI Dron 1V01.607936130752V.mxf', 'Avid MediaFiles/MXF/Z8-DIAMANT.1/DJI Dron 1V01.607936130752V.mxf']",
715780,"['DJI Dron 1-2-3 (Proxy)_DJI_0310-1.new.01', 'DJI Dron 1V01.6079361544DDV']",2:3dd92f4cc515fc2f5e508430844d5f54,00:00:00:00:25/1,00:00:29:09:25/1,"['Avid MediaFiles/MXF/Z840_AVID09.1/DJI Dron 1V01.6079361544DDV.mxf', 'Avid MediaFiles/MXF/Z8-DIAMANT.1/DJI Dron 1V01.6079361544DDV.mxf']",
715781,"['DJI Dron 1-2-3 (Proxy)_DJI_0032-1.new.01', 'DJI Dron 1V01.60793617E49CV']",2:27955ed0e1c5769fc553f74e2d03e75a,00:00:00:00:25/1,00:00:20:24:25/1,"['Avid MediaFiles/MXF/Z840_AVID09.1/DJI Dron 1V01.60793617E49CV.mxf', 'Avid MediaFiles/MXF/Z8-DIAMANT.1/DJI Dron 1V01.60793617E49CV.mxf']",
715782,"['DJI Dron 1-2-3 (Proxy)_DJI_0317-1.new.01', 'DJI Dron 1V01.60793619C6BBV']",2:2194fc4fec35fdb04c024c01437d6d5d,00:00:00:00:25/1,00:00:55:16:25/1,"['Avid MediaFiles/MXF/Z840_AVID09.1/DJI Dron 1V01.60793619C6BBV.mxf', 'Avid MediaFiles/MXF/Z8-DIAMANT.1/DJI Dron 1V01.60793619C6BBV.mxf']",
715784,"['DJI Dron 1-2-3 (Proxy)_DJI_0002-1.new.01', 'DJI Dron 1V01.60793621198FV']",2:5137c2461c8f33f194fabfc8e1ddf743,00:00:00:00:25/1,00:02:49:00:25/1,"['Avid MediaFiles/MXF/Z840_AVID09.1/DJI Dron 1V01.60793621198FV.mxf', 'Avid MediaFiles/MXF/Z8-DIAMANT.1/DJI Dron 1V01.60793621198FV.mxf']",
715785,"['DJI Dron 1-2-3 (Proxy)_DJI_0329-1.new.01', 'DJI Dron 1V01.607936302A2AV']",2:d2db2ce035e5388d8227ba1a88f4248d,00:00:00:00:25/1,00:00:38:06:25/1,"['Avid MediaFiles/MXF/Z840_AVID09.1/DJI Dron 1V01.607936302A2AV.mxf', 'Avid MediaFiles/MXF/Z8-DIAMANT.1/DJI Dron 1V01.607936302A2AV.mxf']",
715786,"['DJI Dron 1-2-3 (Proxy)_DJI_0321-1.new.01', 'DJI Dron 1V01.60793633ABF5V']",2:5c9205a16915086cb26f737cb23e9c8d,00:00:00:00:25/1,00:00:35:24:25/1,"['Avid MediaFiles/MXF/Z840_AVID09.1/DJI Dron 1V01.60793633ABF5V.mxf', 'Avid MediaFiles/MXF/Z8-DIAMANT.1/DJI Dron 1V01.60793633ABF5V.mxf']",
715787,"['DJI Dron 1-2-3 (Proxy)_DJI_0001-1.new.01', 'DJI Dron 1V01.60793636F85DV']",2:9965ecd38794ce127985cdab1226d93a,00:00:00:00:25/1,00:01:43:23:25/1,"['Avid MediaFiles/MXF/Z840_AVID09.1/DJI Dron 1V01.60793636F85DV.mxf', 'Avid MediaFiles/MXF/Z8-DIAMANT.1/DJI Dron 1V01.60793636F85DV.mxf']",
715788,"['DJI Dron 1-2-3 (Proxy)_DJI_0052-1.new.01', 'DJI Dron 1V01.60793640C0DFV']",2:cf8b1ecc0f77cb474b2b928142e76a19,00:00:00:00:25/1,00:00:25:19:25/1,"['Avid MediaFiles/MXF/Z840_AVID09.1/DJI Dron 1V01.60793640C0DFV.mxf', 'Avid MediaFiles/MXF/Z8-DIAMANT.1/DJI Dron 1V01.60793640C0DFV.mxf']",
715789,"['DJI Dron 1-2-3 (Proxy)_DJI_0056-1.new.01', 'DJI Dron 1V01.607936433A58V']",2:53c1d1cc9cbea258a09d63defe8675a2,00:00:00:00:25/1,00:00:18:17:25/1,"['Avid MediaFiles/MXF/Z840_AVID09.1/DJI Dron 1V01.607936433A58V.mxf', 'Avid MediaFiles/MXF/Z8-DIAMANT.1/DJI Dron 1V01.607936433A58V.mxf']",
715791,"['DJI Dron 1-2-3 (Proxy)_DJI_0035-1.new.01', 'DJI Dron 1V01.6079364522B7V']",2:38efdedafd21611c0b190289e8f3aa1a,00:00:00:00:25/1,00:00:52:10:25/1,"['Avid MediaFiles/MXF/Z840_AVID09.1/DJI Dron 1V01.6079364522B7V.mxf', 'Avid MediaFiles/MXF/Z8-DIAMANT.1/DJI Dron 1V01.6079364522B7V.mxf']",
715792,"['DJI Dron 4 (Proxy)_DJI_0006-1.new.01', 'DJI Dron 4V01.60793649CCCFV']",2:dab1e85723e23195744fd30accd86f71,00:00:00:00:25/1,00:01:26:23:25/1,"['Avid MediaFiles/MXF/Z840_AVID09.1/DJI Dron 4V01.60793649CCCFV.mxf', 'Avid MediaFiles/MXF/Z8-DIAMANT.1/DJI Dron 4V01.60793649CCCFV.mxf']",
715793,"['DJI Dron 1-2-3 (Proxy)_DJI_0304-1.new.01', 'DJI Dron 1V01.607936518DF5V']",2:793d215b88e7141a57af7bac9d1b8d4b,00:00:00:00:25/1,00:00:24:14:25/1,"['Avid MediaFiles/MXF/Z840_AVID09.1/DJI Dron 1V01.607936518DF5V.mxf', 'Avid MediaFiles/MXF/Z8-DIAMANT.1/DJI Dron 1V01.607936518DF5V.mxf']",
715795,"['DJI Dron 4 (Proxy)_DJI_0009-1.new.01', 'DJI Dron 4V01.607936580A77V']",2:f4506de4a1afebc01a400d05d285127d,00:00:00:00:25/1,00:00:08:09:25/1,"['Avid MediaFiles/MXF/Z840_AVID09.1/DJI Dron 4V01.607936580A77V.mxf', 'Avid MediaFiles/MXF/Z8-DIAMANT.1/DJI Dron 4V01.607936580A77V.mxf']",
715796,"['DJI Dron 1-2-3 (Proxy)_DJI_0312-1.new.01', 'DJI Dron 1V01.60793658F6CAV']",2:08bc4d771f49f6b4a7745d48b3994660,00:00:00:00:25/1,00:00:42:07:25/1,"['Avid MediaFiles/MXF/Z840_AVID09.1/DJI Dron 1V01.60793658F6CAV.mxf', 'Avid MediaFiles/MXF/Z8-DIAMANT.1/DJI Dron 1V01.60793658F6CAV.mxf']",
715799,"['DJI Dron 1-2-3 (Proxy)_DJI_0320-1.new.01', 'DJI Dron 1V01.6079366A2D2CV']",2:7e1d8337e8a15464f55cdbef6aaff0be,00:00:00:00:25/1,00:00:24:16:25/1,"['Avid MediaFiles/MXF/Z840_AVID09.1/DJI Dron 1V01.6079366A2D2CV.mxf', 'Avid MediaFiles/MXF/Z8-DIAMANT.1/DJI Dron 1V01.6079366A2D2CV.mxf']",
715800,"['DJI Dron 1-2-3 (Proxy)_DJI_0313-1.new.01', 'DJI Dron 1V01.6079366C7CF7V']",2:592f8a3bc2a594b03a6d77e4c20128e0,00:00:00:00:25/1,00:00:57:22:25/1,"['Avid MediaFiles/MXF/Z840_AVID09.1/DJI Dron 1V01.6079366C7CF7V.mxf', 'Avid MediaFiles/MXF/Z8-DIAMANT.1/DJI Dron 1V01.6079366C7CF7V.mxf']",
715801,"['DJI Dron 1-2-3 (Proxy)_DJI_0330-1.new.01', 'DJI Dron 1V01.607936717680V']",2:48a6c07fde1f56a32c7444cc0daac796,00:00:00:00:25/1,00:00:50:13:25/1,"['Avid MediaFiles/MXF/Z840_AVID09.1/DJI Dron 1V01.607936717680V.mxf', 'Avid MediaFiles/MXF/Z8-DIAMANT.1/DJI Dron 1V01.607936717680V.mxf']",
715803,"['DJI Dron 1-2-3 (Proxy)_DJI_0332-1.new.01', 'DJI Dron 1V01.60793679ED81V']",2:b8aa4f8d21cfefd483ce3884d27af4b2,00:00:00:00:25/1,00:00:26:14:25/1,"['Avid MediaFiles/MXF/Z840_AVID09.1/DJI Dron 1V01.60793679ED81V.mxf', 'Avid MediaFiles/MXF/Z8-DIAMANT.1/DJI Dron 1V01.60793679ED81V.mxf']",
715804,"['DJI Dron 1-2-3 (Proxy)_DJI_0021-1.new.01', 'DJI Dron 1V01.6079367C887AV']",2:46bc2f8273bffad616f14046ac4f9de6,00:00:00:00:25/1,00:00:40:16:25/1,"['Avid MediaFiles/MXF/Z840_AVID09.1/DJI Dron 1V01.6079367C887AV.mxf', 'Avid MediaFiles/MXF/Z8-DIAMANT.1/DJI Dron 1V01.6079367C887AV.mxf']",
715805,"['DJI Dron 1-2-3 (Proxy)_DJI_0335-1.new.01', 'DJI Dron 1V01.60793680300BV']",2:21b438bfd5489d5435e2e89ea7d80473,00:00:00:00:25/1,00:01:41:08:25/1,"['Avid MediaFiles/MXF/Z840_AVID09.1/DJI Dron 1V01.60793680300BV.mxf', 'Avid MediaFiles/MXF/Z8-DIAMANT.1/DJI Dron 1V01.60793680300BV.mxf']",
715806,"['DJI Dron 1-2-3 (Proxy)_DJI_0331-1.new.01', 'DJI Dron 1V01.60793688EA0AV']",2:676dd0237cccd3dbd70994d50c3a9a0f,00:00:00:00:25/1,00:00:22:15:25/1,"['Avid MediaFiles/MXF/Z840_AVID09.1/DJI Dron 1V01.60793688EA0AV.mxf', 'Avid MediaFiles/MXF/Z8-DIAMANT.1/DJI Dron 1V01.60793688EA0AV.mxf']",
715807,"['DJI Dron 1-2-3 (Proxy)_DJI_0026-1.new.01', 'DJI Dron 1V01.6079368B2018V']",2:cdbe9ed9b29cbd3ecd0743310f631f10,00:00:00:00:25/1,00:01:05:00:25/1,"['Avid MediaFiles/MXF/Z840_AVID09.1/DJI Dron 1V01.6079368B2018V.mxf', 'Avid MediaFiles/MXF/Z8-DIAMANT.1/DJI Dron 1V01.6079368B2018V.mxf']",
715810,"['DJI Dron 1-2-3 (Proxy)_DJI_0043-1.new.01', 'DJI Dron 1V01.607936943258V']",2:0e267da960a6fd7d9acc57682b94ccb5,00:00:00:00:25/1,00:00:22:12:25/1,"['Avid MediaFiles/MXF/Z840_AVID09.1/DJI Dron 1V01.607936943258V.mxf', 'Avid MediaFiles/MXF/Z8-DIAMANT.1/DJI Dron 1V01.607936943258V.mxf']",
715811,"['DJI Dron 1-2-3 (Proxy)_DJI_0051-1.new.01', 'DJI Dron 1V01.607936966A5BV']",2:29f76132e1db53136e8589173191476a,00:00:00:00:25/1,00:00:24:06:25/1,"['Avid MediaFiles/MXF/Z840_AVID09.1/DJI Dron 1V01.607936966A5BV.mxf', 'Avid MediaFiles/MXF/Z8-DIAMANT.1/DJI Dron 1V01.607936966A5BV.mxf']",
715812,"['DJI Dron 1-2-3 (Proxy)_DJI_0298-1.new.01', 'DJI Dron 1V01.60793698CC2BV']",2:a98febc3b5d570d526301a9775ad5b03,00:00:00:00:25/1,00:00:47:23:25/1,"['Avid MediaFiles/MXF/Z840_AVID09.1/DJI Dron 1V01.60793698CC2BV.mxf', 'Avid MediaFiles/MXF/Z8-DIAMANT.1/DJI Dron 1V01.60793698CC2BV.mxf']",
715813,"['DJI Dron 4 (Proxy)_DJI_0013-1.new.01', 'DJI Dron 4V01.6079369CEA22V']",2:ebd4a1a69c0d6cacc3c3947d4f03a499,00:00:00:00:25/1,00:00:31:15:25/1,"['Avid MediaFiles/MXF/Z840_AVID09.1/DJI Dron 4V01.6079369CEA22V.mxf', 'Avid MediaFiles/MXF/Z8-DIAMANT.1/DJI Dron 4V01.6079369CEA22V.mxf']",
715814,"['DJI Dron 1-2-3 (Proxy)_DJI_0301-1.new.01', 'DJI Dron 1V01.6079369FCB31V']",2:e22b318e36fcaf4dc2d7525578b15be2,00:00:00:00:25/1,00:00:14:04:25/1,"['Avid MediaFiles/MXF/Z840_AVID09.1/DJI Dron 1V01.6079369FCB31V.mxf', 'Avid MediaFiles/MXF/Z8-DIAMANT.1/DJI Dron 1V01.6079369FCB31V.mxf']",
715816,"['DJI Dron 1-2-3 (Proxy)_DJI_0024-1.new.01', 'DJI Dron 1V01.607936A3FD5CV']",2:031fdc550dfec182fe41942c8ea0380e,00:00:00:00:25/1,00:04:48:02:25/1,"['Avid MediaFiles/MXF/Z840_AVID09.1/DJI Dron 1V01.607936A3FD5CV.mxf', 'Avid MediaFiles/MXF/Z8-DIAMANT.1/DJI Dron 1V01.607936A3FD5CV.mxf']",
715817,"['DJI Dron 1-2-3 (Proxy)_DJI_0360-1.new.01', 'DJI Dron 1V01.607936BC7A89V']",2:1a4bde45386681242539189a2e4c26cc,00:00:00:00:25/1,00:00:30:22:25/1,"['Avid MediaFiles/MXF/Z840_AVID09.1/DJI Dron 1V01.607936BC7A89V.mxf', 'Avid MediaFiles/MXF/Z8-DIAMANT.1/DJI Dron 1V01.607936BC7A89V.mxf']",
715818,"['DJI Dron 1-2-3 (Proxy)_DJI_0350-1.new.01', 'DJI Dron 1V01.607936BF4EBFV']",2:e607cc6fd4421b689235f26880fe8136,00:00:00:00:25/1,00:01:28:17:25/1,"['Avid MediaFiles/MXF/Z840_AVID09.1/DJI Dron 1V01.607936BF4EBFV.mxf', 'Avid MediaFiles/MXF/Z8-DIAMANT.1/DJI Dron 1V01.607936BF4EBFV.mxf']",
715820,"['DJI Dron 1-2-3 (Proxy)_DJI_0014-1.new.01', 'DJI Dron 1V01.607936C90F25V']",2:2d839b4c2f0bc08921fd1638130a708d,00:00:00:00:25/1,00:00:13:22:25/1,"['Avid MediaFiles/MXF/Z840_AVID09.1/DJI Dron 1V01.607936C90F25V.mxf', 'Avid MediaFiles/MXF/Z8-DIAMANT.1/DJI Dron 1V01.607936C90F25V.mxf']",
715821,"['DJI Dron 1-2-3 (Proxy)_DJI_0305-1.new.01', 'DJI Dron 1V01.607936CA7202V']",2:31c4d53460af7749f8bd91fd80cec40d,00:00:00:00:25/1,00:01:38:03:25/1,"['Avid MediaFiles/MXF/Z840_AVID09.1/DJI Dron 1V01.607936CA7202V.mxf', 'Avid MediaFiles/MXF/Z8-DIAMANT.1/DJI Dron 1V01.607936CA7202V.mxf']",
715822,"['DJI Dron 1-2-3 (Proxy)_DJI_0323-1.new.01', 'DJI Dron 1V01.607936D2E007V']",2:1f0c3511f636c8bed5fb9afb6c448a2c,00:00:00:00:25/1,00:00:30:21:25/1,"['Avid MediaFiles/MXF/Z840_AVID09.1/DJI Dron 1V01.607936D2E007V.mxf', 'Avid MediaFiles/MXF/Z8-DIAMANT.1/DJI Dron 1V01.607936D2E007V.mxf']",
715824,"['DJI Dron 1-2-3 (Proxy)_DJI_0361-1.new.01', 'DJI Dron 1V01.607936D933A2V']",2:1d1518d6c280044d6c37ca2dec855ba6,00:00:00:00:25/1,00:01:07:17:25/1,"['Avid MediaFiles/MXF/Z840_AVID09.1/DJI Dron 1V01.607936D933A2V.mxf', 'Avid MediaFiles/MXF/Z8-DIAMANT.1/DJI Dron 1V01.607936D933A2V.mxf']",
715827,"['DJI Dron 1-2-3 (Proxy)_DJI_0007-1.new.01', 'DJI Dron 1V01.607936EAF137V']",2:55cdc06efe13f7d7e228a32aee201f22,00:00:00:00:25/1,00:00:17:01:25/1,"['Avid MediaFiles/MXF/Z840_AVID09.1/DJI Dron 1V01.607936EAF137V.mxf', 'Avid MediaFiles/MXF/Z8-DIAMANT.1/DJI Dron 1V01.607936EAF137V.mxf']",
715828,"['DJI Dron 1-2-3 (Proxy)_DJI_0358-1.new.01', 'DJI Dron 1V01.607936ECA16DV']",2:549ae541e5479f8bc28015bb5b550253,00:00:00:00:25/1,00:00:28:19:25/1,"['Avid MediaFiles/MXF/Z840_AVID09.1/DJI Dron 1V01.607936ECA16DV.mxf', 'Avid MediaFiles/MXF/Z8-DIAMANT.1/DJI Dron 1V01.607936ECA16DV.mxf']",
715829,"['DJI Dron 1-2-3 (Proxy)_DJI_0006-1.new.01', 'DJI Dron 1V01.607936EF5C90V']",2:d3f18ec549d783c3484270dce0fe3852,00:00:00:00:25/1,00:01:08:15:25/1,"['Avid MediaFiles/MXF/Z840_AVID09.1/DJI Dron 1V01.607936EF5C90V.mxf', 'Avid MediaFiles/MXF/Z8-DIAMANT.1/DJI Dron 1V01.607936EF5C90V.mxf']",
715833,"['DJI Dron 1-2-3 (Proxy)_DJI_0299-1.new.01', 'DJI Dron 1V01.60793704FDC2V']",2:eb504a897bdcbac00c1d008da3e85049,00:00:00:00:25/1,00:01:40:00:25/1,"['Avid MediaFiles/MXF/Z840_AVID09.1/DJI Dron 1V01.60793704FDC2V.mxf', 'Avid MediaFiles/MXF/Z8-DIAMANT.1/DJI Dron 1V01.60793704FDC2V.mxf']",
715834,"['DJI Dron 1-2-3 (Proxy)_DJI_0338-1.new.01', 'DJI Dron 1V01.6079370D7220V']",2:085265a7e9b46f0e2f80db70b2eaf7b0,00:00:00:00:25/1,00:00:21:06:25/1,"['Avid MediaFiles/MXF/Z840_AVID09.1/DJI Dron 1V01.6079370D7220V.mxf', 'Avid MediaFiles/MXF/Z8-DIAMANT.1/DJI Dron 1V01.6079370D7220V.mxf']",
715836,"['DJI Dron 4 (Proxy)_DJI_0004-1.new.01', 'DJI Dron 4V01.6079370FE95BV']",2:94d040a42ccf61b6c37574bfe5b7bb6a,00:00:00:00:25/1,00:04:54:07:25/1,"['Avid MediaFiles/MXF/Z840_AVID09.1/DJI Dron 4V01.6079370FE95BV.mxf', 'Avid MediaFiles/MXF/Z8-DIAMANT.1/DJI Dron 4V01.6079370FE95BV.mxf']",
715838,"['DJI Dron 1-2-3 (Proxy)_DJI_0049-1.new.01', 'DJI Dron 1V01.6079372B55C4V']",2:5c34e6cbeb5e10c635bd903aa5c9d002,00:00:00:00:25/1,00:00:30:16:25/1,"['Avid MediaFiles/MXF/Z840_AVID09.1/DJI Dron 1V01.6079372B55C4V.mxf', 'Avid MediaFiles/MXF/Z8-DIAMANT.1/DJI Dron 1V01.6079372B55C4V.mxf']",
715846,"['DJI Dron 1-2-3 (Proxy)_DJI_0342-1.new.01', 'DJI Dron 1V01.60793742B9B2V']",2:e0548bbece5b60531dd82c844ef9b8f6,00:00:00:00:25/1,00:00:46:00:25/1,"['Avid MediaFiles/MXF/Z840_AVID09.1/DJI Dron 1V01.60793742B9B2V.mxf', 'Avid MediaFiles/MXF/Z8-DIAMANT.1/DJI Dron 1V01.60793742B9B2V.mxf']",
715847,"['DJI Dron 1-2-3 (Proxy)_DJI_0364-1.new.01', 'DJI Dron 1V01.60793746C3BBV']",2:b5f7257dd681fcb35dbc13be37f0017b,00:00:00:00:25/1,00:00:43:15:25/1,"['Avid MediaFiles/MXF/Z840_AVID09.1/DJI Dron 1V01.60793746C3BBV.mxf', 'Avid MediaFiles/MXF/Z8-DIAMANT.1/DJI Dron 1V01.60793746C3BBV.mxf']",
715848,"['DJI Dron 1-2-3 (Proxy)_DJI_0031-1.new.01', 'DJI Dron 1V01.6079374ACE92V']",2:9dc31523b9000589063aa0cb91102ffd,00:00:00:00:25/1,00:02:16:12:25/1,"['Avid MediaFiles/MXF/Z840_AVID09.1/DJI Dron 1V01.6079374ACE92V.mxf', 'Avid MediaFiles/MXF/Z8-DIAMANT.1/DJI Dron 1V01.6079374ACE92V.mxf']",
715849,"['DJI Dron 4 (Proxy)_DJI_0008-1.new.01', 'DJI Dron 4V01.607937562695V']",2:cdc0e2effc34dfcff705734209aadaf3,00:00:00:00:25/1,00:01:06:09:25/1,"['Avid MediaFiles/MXF/Z840_AVID09.1/DJI Dron 4V01.607937562695V.mxf', 'Avid MediaFiles/MXF/Z8-DIAMANT.1/DJI Dron 4V01.607937562695V.mxf']",
715850,"['DJI Dron 1-2-3 (Proxy)_DJI_0370-1.new.01', 'DJI Dron 1V01.6079375C30CAV']",2:85ee6a0c7ba6500b74bf8614c35c7b5e,00:00:00:00:25/1,00:01:27:06:25/1,"['Avid MediaFiles/MXF/Z840_AVID09.1/DJI Dron 1V01.6079375C30CAV.mxf', 'Avid MediaFiles/MXF/Z8-DIAMANT.1/DJI Dron 1V01.6079375C30CAV.mxf']",
715852,"['DJI Dron 1-2-3 (Proxy)_DJI_0311-1.new.01', 'DJI Dron 1V01.607937746487V']",2:d3c64a694048ace96650e64e0498a777,00:00:00:00:25/1,00:02:13:22:25/1,"['Avid MediaFiles/MXF/Z840_AVID09.1/DJI Dron 1V01.607937746487V.mxf', 'Avid MediaFiles/MXF/Z8-DIAMANT.1/DJI Dron 1V01.607937746487V.mxf']",
715854,"['DJI Dron 1-2-3 (Proxy)_DJI_0337-1.new.01', 'DJI Dron 1V01.6079377FE1C2V']",2:89fb4325115bb875c3f8d3fc67c4fd44,00:00:00:00:25/1,00:00:32:01:25/1,"['Avid MediaFiles/MXF/Z840_AVID09.1/DJI Dron 1V01.6079377FE1C2V.mxf', 'Avid MediaFiles/MXF/Z8-DIAMANT.1/DJI Dron 1V01.6079377FE1C2V.mxf']",
717584,Clean Drohne,2:639c9d0091007a553efcaa7b69fdfcc8,00:00:00:00:25/1,00:00:08:07:25/1,Exports/Social Media Clips/TAFELN/Clean Drohne.mp4,
717931,V4-0059_2022-06-14_Fuerstenfeldbruck_Drone_30__C031_20220614,2:9cea2fac1f1de936fc09827ff63f9787,00:04:54:06:25/1,00:05:10:22:25/1,Avid MediaFiles/MXF/FX_WORKSTATION.6/V4-0059_2022-06-14_Fuerstenfeldbruck_Drone_30__C031_20220614.mxf,
717951,V4-0079_2022-04-12_Munich-Drone_D001_026_DJI_0026,2:ef26b7f971eb3f3f01ef550b3f61e9db,00:00:06:18:25/1,00:00:23:22:25/1,Avid MediaFiles/MXF/FX_WORKSTATION.6/V4-0079_2022-04-12_Munich-Drone_D001_026_DJI_0026.mxf,
717953,V4-0081_2022-04-12_Munich-Drone_D001_029_DJI_0029,2:55c6261dae55071103691db278925f55,00:00:22:03:25/1,00:00:42:20:25/1,Avid MediaFiles/MXF/FX_WORKSTATION.6/V4-0081_2022-04-12_Munich-Drone_D001_029_DJI_0029.mxf,
722106,IIM 085 M__p95037596__Drone shot of the harbor in Oslo__Norway 2018,2:7f5f251a762cb7b171a2daff5c25bd45,00:04:58:00:24000/1001,00:05:09:23:24000/1001,+++HighRes/Episode 2/IIM/IIM 085 M__p95037596__Drone shot of the harbor in Oslo__Norway 2018.mov,
724499,LACHERNO__2021-08-17_ChNPP_Drone Riesenrad.Copy.01,2:0722debf0d9cd68b352accf7a0674ce1,01:00:00:00:25/1,01:43:41:04:25/1,Chernobyl B-Roll/LACHERNO__2021-08-17_ChNPP_Drone Riesenrad.Copy.01.mov,
724504,LACHERNO__2021-08-16_Pripyat_Drone.Copy.01,2:6f9c6683813e6ff3e201558a16885615,01:00:00:00:25/1,01:20:07:06:25/1,Chernobyl B-Roll/LACHERNO__2021-08-16_Pripyat_Drone.Copy.01.mov,
726231,LosAngelesStadt_Tag5_Drohne_0007_2A_DJI_0045,2:a70fc9565613ca6d1cbf4f35b779ad03,00:00:00:00:25/1,00:02:14:04:25/1,LosAngelesStadt_Tag5_Drohne_0007_2A_DJI_0045.MOV,
726232,DJI_0528,2:6cc2911405d74069c4ab86bc1d07d56a,00:00:00:00:25/1,00:01:36:01:25/1,DJI_0528.MP4,
726233,DJI_0546,2:0f9d65af1937dd3e97b7b115167fe787,00:00:00:00:25/1,00:01:17:01:25/1,DJI_0546.MP4,
726234,GATZ DROHNE C008_DJI_0100,2:ff761a3dd8be365c62e79c8692da691e,00:00:00:00:25/1,00:00:54:13:25/1,GATZ DROHNE C008_DJI_0100.MOV,
727129,2022-09-03__DJI_0751_006__1RVB46_AUDN4Z2RF8,2:cce593d501d50a25ad3e7b1bb678253f,00:00:00:00:25/1,00:03:05:10:25/1,"['2022-09-03__DJI_0751_006__1RVB46_AUDN4Z2RF8.mp4', 'Proxy_Ingest/2022-09-03__DJI_0751_006__1RVB46_AUDN4Z2RF8.mp4']",
727132,2022-10-21__DJI_0798,2:8d81807f83f34492a38a2da7db8ab3b9,00:00:00:00:25/1,00:00:34:21:25/1,2022-10-21__DJI_0798.MP4,
727139,2022-10-01__DJI_0777__1RVB46_9RMW1LEV4N,2:3927352b8ca5d54aaeeb8bf86e7880f9,00:00:00:00:25/1,00:00:17:21:25/1,"['2022-10-01__DJI_0777__1RVB46_9RMW1LEV4N.mp4', 'Proxy_Ingest/2022-10-01__DJI_0777__1RVB46_9RMW1LEV4N.mp4']",
727150,2022-10-01__DJI_0761__1RVB46_9RNF5QKF0S,2:46b9205cb7c43a714406bb41eb626c25,00:00:00:00:30000/1001,00:00:52:14:30000/1001,"['2022-10-01__DJI_0761__1RVB46_9RNF5QKF0S.mp4', 'Proxy_Ingest/2022-10-01__DJI_0761__1RVB46_9RNF5QKF0S.mp4']",
727156,2022-10-01__DJI_0781__1RVB46_9RNXUDGC20,2:5880f70ea19ac7dfae6e0e7b3dfd92f7,00:00:00:00:25/1,00:00:11:08:25/1,"['2022-10-01__DJI_0781__1RVB46_9RNXUDGC20.mp4', 'Proxy_Ingest/2022-10-01__DJI_0781__1RVB46_9RNXUDGC20.mp4']",
727166,2022-08-13__DJI_0750__1RVB46_99L5WVPATE,2:8a8ca4e101ac524b89954727be956583,00:00:00:00:30000/1001,00:00:49:05:30000/1001,"['2022-08-13__DJI_0750__1RVB46_99L5WVPATE.mp4', 'Proxy_Ingest/2022-08-13__DJI_0750__1RVB46_99L5WVPATE.mp4']",
727169,2022-10-01__DJI_0766__1RVB46_9RN4CEX1B3,2:2f9123fc4987ba5d0c3d8a9ded0c6b90,00:00:00:00:25/1,00:00:52:01:25/1,"['2022-10-01__DJI_0766__1RVB46_9RN4CEX1B3.mp4', 'Proxy_Ingest/2022-10-01__DJI_0766__1RVB46_9RN4CEX1B3.mp4']",
727170,2022-10-21__DJI_0804,2:860329cd1ad859ca85b2f199e5c974c2,00:00:00:00:25/1,00:01:25:07:25/1,2022-10-21__DJI_0804.MP4,
727173,2022-09-03__DJI_0751_004__1RVB46_AUDG9H908M,2:374ef7cb82aee8d39629686c4ea02202,00:00:00:00:25/1,00:05:27:16:25/1,"['2022-09-03__DJI_0751_004__1RVB46_AUDG9H908M.mp4', 'Proxy_Ingest/2022-09-03__DJI_0751_004__1RVB46_AUDG9H908M.mp4']",
727176,2022-10-01__DJI_0755__1RVB46_9RNAKVR11K,2:368c67353a08df29693b244eb6004dd4,00:00:00:00:25/1,00:00:34:11:25/1,"['2022-10-01__DJI_0755__1RVB46_9RNAKVR11K.mp4', 'Proxy_Ingest/2022-10-01__DJI_0755__1RVB46_9RNAKVR11K.mp4']",
727181,2022-09-03__DJI_0751_001__1RVB46_AUDG41548S,2:1416e27246eadf54842917b3e2bf95bc,00:00:00:00:25/1,00:05:27:12:25/1,"['2022-09-03__DJI_0751_001__1RVB46_AUDG41548S.mp4', 'Proxy_Ingest/2022-09-03__DJI_0751_001__1RVB46_AUDG41548S.mp4']",
727182,2022-10-01__DJI_0785__1RVB46_9RP7YN4MDL,2:47403d474cf96829cf491c02e3ae74c9,00:00:00:00:25/1,00:00:14:12:25/1,"['2022-10-01__DJI_0785__1RVB46_9RP7YN4MDL.mp4', 'Proxy_Ingest/2022-10-01__DJI_0785__1RVB46_9RP7YN4MDL.mp4']",
727193,2022-10-21__DJI_0800,2:3ee9c9c6adac75b181933600aa5865c9,00:00:00:00:25/1,00:00:26:19:25/1,2022-10-21__DJI_0800.MP4,
727196,2022-10-01__DJI_0779__1RVB46_9RN56KQUEA,2:03103a1b68040b5438a38083e3562efd,00:00:00:00:25/1,00:00:19:00:25/1,"['2022-10-01__DJI_0779__1RVB46_9RN56KQUEA.mp4', 'Proxy_Ingest/2022-10-01__DJI_0779__1RVB46_9RN56KQUEA.mp4']",
727197,2022-10-21__DJI_0795,2:fe571b1e1da6fc5257ddb7a03a794f1f,00:00:00:00:25/1,00:00:11:20:25/1,2022-10-21__DJI_0795.MP4,
727211,2022-10-21__DJI_0803,2:cd0bf03b328d2819a6cfe7677b14cf31,00:00:00:00:25/1,00:00:24:00:25/1,2022-10-21__DJI_0803.MP4,
727212,2022-10-21__DJI_0797,2:3b4b121be3e5bade004ff2a65bc26b5c,00:00:00:00:25/1,00:01:00:01:25/1,2022-10-21__DJI_0797.MP4,
727214,2022-10-01__DJI_0792__1RVB46_9RQ4UKV5K3,2:905b256179d27803d27330a54d8bce7b,00:00:00:00:25/1,00:00:12:15:25/1,"['2022-10-01__DJI_0792__1RVB46_9RQ4UKV5K3.mp4', 'Proxy_Ingest/2022-10-01__DJI_0792__1RVB46_9RQ4UKV5K3.mp4']",
727228,2022-10-21__DJI_0805,2:6d14e90ea91c7cbfea7557dedcb3199a,00:00:00:00:25/1,00:02:11:15:25/1,2022-10-21__DJI_0805.MP4,
727233,2022-10-01__DJI_0787__1RVB46_9RP9C0FFH2,2:650232b406f8601a4a5046ca7d745bde,00:00:00:00:25/1,00:00:37:23:25/1,"['2022-10-01__DJI_0787__1RVB46_9RP9C0FFH2.mp4', 'Proxy_Ingest/2022-10-01__DJI_0787__1RVB46_9RP9C0FFH2.mp4']",
727234,2022-10-21__DJI_0801,2:240155d927b26e7a7d1f3243636d820c,00:00:00:00:25/1,00:00:25:20:25/1,2022-10-21__DJI_0801.MP4,
727236,2022-10-01__DJI_0772__1RVB46_9RMKL7T6LX,2:9ccd590839f7df95c796d5e388241670,00:00:00:00:25/1,00:00:13:13:25/1,"['2022-10-01__DJI_0772__1RVB46_9RMKL7T6LX.mp4', 'Proxy_Ingest/2022-10-01__DJI_0772__1RVB46_9RMKL7T6LX.mp4']",
727240,2022-10-01__DJI_0774__1RVB46_9RLQZ8BNT2,2:e2787436d40caea103d60291d5af979c,00:00:00:00:25/1,00:01:41:11:25/1,"['2022-10-01__DJI_0774__1RVB46_9RLQZ8BNT2.mp4', 'Proxy_Ingest/2022-10-01__DJI_0774__1RVB46_9RLQZ8BNT2.mp4']",
727246,2022-10-21__DJI_0808,2:ad330ef9859e73e61b63d899f02a8000,00:00:00:00:25/1,00:00:14:22:25/1,2022-10-21__DJI_0808.MP4,
727255,2022-09-30__DJI_0753__1RVB46_9RK5KAFCTT,2:641e15a42b256201a04080c8255b90c3,00:00:00:00:25/1,00:01:00:16:25/1,"['2022-09-30__DJI_0753__1RVB46_9RK5KAFCTT.mp4', 'Proxy_Ingest/2022-09-30__DJI_0753__1RVB46_9RK5KAFCTT.mp4']",
727256,2022-10-21__DJI_0809,2:0f13a6bcf699839714ae8290ac3f7365,00:00:00:00:25/1,00:00:13:12:25/1,2022-10-21__DJI_0809.MP4,
727258,2022-10-01__DJI_0773__1RVB46_9RM8FFM7HJ,2:b0a5575dbebc2aedf7054be4ce7baa0e,00:00:00:00:25/1,00:00:26:05:25/1,"['2022-10-01__DJI_0773__1RVB46_9RM8FFM7HJ.mp4', 'Proxy_Ingest/2022-10-01__DJI_0773__1RVB46_9RM8FFM7HJ.mp4']",
727262,2022-10-01__DJI_0771__1RVB46_9RN9NXBF6K,2:b63475452d5415d4796ef48521315b43,00:00:00:00:25/1,00:00:57:08:25/1,"['2022-10-01__DJI_0771__1RVB46_9RN9NXBF6K.mp4', 'Proxy_Ingest/2022-10-01__DJI_0771__1RVB46_9RN9NXBF6K.mp4']",
727264,2022-10-01__DJI_0767__1RVB46_9RNK5PDACS,2:3329e7826f67bad3b3b502d8f0e5d11b,00:00:00:00:25/1,00:03:22:12:25/1,"['2022-10-01__DJI_0767__1RVB46_9RNK5PDACS.mp4', 'Proxy_Ingest/2022-10-01__DJI_0767__1RVB46_9RNK5PDACS.mp4']",
727266,2022-10-21__DJI_0794,2:856ee9a1c87608966ee5ad0d59a2152c,00:00:00:00:25/1,00:01:36:13:25/1,2022-10-21__DJI_0794.MP4,
727267,2022-10-01__DJI_0791__1RVB46_9RQYUUM7ZG,2:ccda9a84782d276d8a99a110ebff1dfb,00:00:00:00:25/1,00:00:24:19:25/1,"['2022-10-01__DJI_0791__1RVB46_9RQYUUM7ZG.mp4', 'Proxy_Ingest/2022-10-01__DJI_0791__1RVB46_9RQYUUM7ZG.mp4']",
727290,2022-10-21__DJI_0806,2:7d2ad64e17370901850ca8e967ea8880,00:00:00:00:25/1,00:00:18:14:25/1,2022-10-21__DJI_0806.MP4,
727292,2022-10-21__DJI_0807,2:e48807deec8c2a57741d5fbd9b6a2494,00:00:00:00:25/1,00:00:19:12:25/1,2022-10-21__DJI_0807.MP4,
727300,2022-10-01__DJI_0770__1RVB46_9RN0QUS995,2:4b3595eceac3b274f7f1c1db73f7c58d,00:00:00:00:25/1,00:00:34:17:25/1,"['2022-10-01__DJI_0770__1RVB46_9RN0QUS995.mp4', 'Proxy_Ingest/2022-10-01__DJI_0770__1RVB46_9RN0QUS995.mp4']",
727308,2022-10-01__DJI_0780__1RVB46_9RP2SQ6NMN,2:8038f3daf361099b258757011152c7a1,00:00:00:00:25/1,00:00:13:01:25/1,"['2022-10-01__DJI_0780__1RVB46_9RP2SQ6NMN.mp4', 'Proxy_Ingest/2022-10-01__DJI_0780__1RVB46_9RP2SQ6NMN.mp4']",
727316,2022-10-01__DJI_0757__1RVB46_9RNS0QNDS1,2:c20143b21756fb534aed55fcc0ecdc24,00:00:00:00:25/1,00:00:21:17:25/1,"['2022-10-01__DJI_0757__1RVB46_9RNS0QNDS1.mp4', 'Proxy_Ingest/2022-10-01__DJI_0757__1RVB46_9RNS0QNDS1.mp4']",
727326,2022-09-30__DJI_0754__1RVB46_9RL1MQHZKY,2:68ac73b9cf9aa56e41a463a7c2dd42df,00:00:00:00:25/1,00:00:28:04:25/1,"['2022-09-30__DJI_0754__1RVB46_9RL1MQHZKY.mp4', 'Proxy_Ingest/2022-09-30__DJI_0754__1RVB46_9RL1MQHZKY.mp4']",
727338,2022-10-01__DJI_0775__1RVB46_9RN3LZJJBY,2:ba035286ffcd6941b970e0e85304538d,00:00:00:00:25/1,00:00:11:24:25/1,"['2022-10-01__DJI_0775__1RVB46_9RN3LZJJBY.mp4', 'Proxy_Ingest/2022-10-01__DJI_0775__1RVB46_9RN3LZJJBY.mp4']",
727346,2022-10-01__DJI_0778__1RVB46_9RMU14L5KX,2:937ebaddab72655fc2e30a77a7f4af8f,00:00:00:00:25/1,00:00:33:10:25/1,"['2022-10-01__DJI_0778__1RVB46_9RMU14L5KX.mp4', 'Proxy_Ingest/2022-10-01__DJI_0778__1RVB46_9RMU14L5KX.mp4']",
727348,2022-10-01__DJI_0783__1RVB46_9RPP8PRDX0,2:6ec8166992895f12350ff8319d966dea,00:00:00:00:25/1,00:00:12:21:25/1,"['2022-10-01__DJI_0783__1RVB46_9RPP8PRDX0.mp4', 'Proxy_Ingest/2022-10-01__DJI_0783__1RVB46_9RPP8PRDX0.mp4']",
727352,2022-10-01__DJI_0758__1RVB46_9RNKJ1QXTD,2:b2c0fc813edab72798827b21f96f097c,00:00:00:00:25/1,00:00:19:20:25/1,"['2022-10-01__DJI_0758__1RVB46_9RNKJ1QXTD.mp4', 'Proxy_Ingest/2022-10-01__DJI_0758__1RVB46_9RNKJ1QXTD.mp4']",
727363,2022-10-01__DJI_0776__1RVB46_9RMY30VTT4,2:8b8f99ffa028d6afc36a55e0dbcdacc0,00:00:00:00:25/1,00:00:22:24:25/1,"['2022-10-01__DJI_0776__1RVB46_9RMY30VTT4.mp4', 'Proxy_Ingest/2022-10-01__DJI_0776__1RVB46_9RMY30VTT4.mp4']",
727374,2022-10-01__DJI_0769__1RVB46_9RNEVUPXT4,2:f072c05498dedca821fb266baa034c55,00:00:00:00:25/1,00:00:40:09:25/1,"['2022-10-01__DJI_0769__1RVB46_9RNEVUPXT4.mp4', 'Proxy_Ingest/2022-10-01__DJI_0769__1RVB46_9RNEVUPXT4.mp4']",
727378,2022-10-01__DJI_0765__1RVB46_9RN0K5BTSN,2:ee42d4fe4bee3471c9338f9df09fd88c,00:00:00:00:25/1,00:00:39:19:25/1,"['2022-10-01__DJI_0765__1RVB46_9RN0K5BTSN.mp4', 'Proxy_Ingest/2022-10-01__DJI_0765__1RVB46_9RN0K5BTSN.mp4']",
727384,2022-10-01__DJI_0786__1RVB46_9RPE5PU5EY,2:37666d3876e4d14071ed8d45f2a9c186,00:00:00:00:25/1,00:00:35:08:25/1,"['2022-10-01__DJI_0786__1RVB46_9RPE5PU5EY.mp4', 'Proxy_Ingest/2022-10-01__DJI_0786__1RVB46_9RPE5PU5EY.mp4']",
727385,2022-10-01__DJI_0764__1RVB46_9RN8SCXMH4,2:1f0c391bee8f7ff0c6215b6a4944a14b,00:00:00:00:25/1,00:01:00:23:25/1,"['2022-10-01__DJI_0764__1RVB46_9RN8SCXMH4.mp4', 'Proxy_Ingest/2022-10-01__DJI_0764__1RVB46_9RN8SCXMH4.mp4']",
727393,2022-09-03__DJI_0751_005__1RVB46_AUBKK6E5K5,2:5330463a6712c0462aac29be08274c10,00:00:00:00:25/1,00:05:27:16:25/1,"['2022-09-03__DJI_0751_005__1RVB46_AUBKK6E5K5.mp4', 'Proxy_Ingest/2022-09-03__DJI_0751_005__1RVB46_AUBKK6E5K5.mp4']",
727400,2022-10-01__DJI_0756__1RVB46_9RNR9XSYJ7,2:34a3f2ed695179879dfeda559a7d2051,00:00:00:00:25/1,00:00:13:20:25/1,"['2022-10-01__DJI_0756__1RVB46_9RNR9XSYJ7.mp4', 'Proxy_Ingest/2022-10-01__DJI_0756__1RVB46_9RNR9XSYJ7.mp4']",
727406,2022-10-01__DJI_0759__1RVB46_9RNKNXCNX7,2:8b2d37dd01b32ead9b70ec8a0ab26f3b,00:00:00:00:25/1,00:00:20:17:25/1,"['2022-10-01__DJI_0759__1RVB46_9RNKNXCNX7.mp4', 'Proxy_Ingest/2022-10-01__DJI_0759__1RVB46_9RNKNXCNX7.mp4']",
727417,2022-08-13__DJI_0749__1RVB46_99LQFJSUP3,2:a57da5704a49f49e43d4fe2b7026db61,00:00:00:00:30000/1001,00:00:21:27:30000/1001,"['2022-08-13__DJI_0749__1RVB46_99LQFJSUP3.mp4', 'Proxy_Ingest/2022-08-13__DJI_0749__1RVB46_99LQFJSUP3.mp4']",
727421,2022-10-01__DJI_0788__1RVB46_9RPS3K4DRM,2:2d35cc6c4cba0243e88262297825af62,00:00:00:00:25/1,00:00:50:19:25/1,"['2022-10-01__DJI_0788__1RVB46_9RPS3K4DRM.mp4', 'Proxy_Ingest/2022-10-01__DJI_0788__1RVB46_9RPS3K4DRM.mp4']",
727428,2022-10-01__DJI_0789__1RVB46_9RRNMGXGB5,2:b59541a07a20900529278a97f24f8746,00:00:00:00:25/1,00:00:12:11:25/1,"['2022-10-01__DJI_0789__1RVB46_9RRNMGXGB5.mp4', 'Proxy_Ingest/2022-10-01__DJI_0789__1RVB46_9RRNMGXGB5.mp4']",
727431,2022-10-01__DJI_0763__1RVB46_9RNWE1MPKG,2:6e5a8bbd923fdd7425da9a440dcea777,00:00:00:00:25/1,00:00:13:08:25/1,"['2022-10-01__DJI_0763__1RVB46_9RNWE1MPKG.mp4', 'Proxy_Ingest/2022-10-01__DJI_0763__1RVB46_9RNWE1MPKG.mp4']",
727436,2022-10-21__DJI_0810,2:fd02d1c93719d05830827c3c31839f5f,00:00:00:00:25/1,00:00:57:22:25/1,2022-10-21__DJI_0810.MP4,
727439,2022-10-01__DJI_0790__1RVB46_9RRGXS3FH7,2:04d5aebb7e2d0e2f3085093f7b5b4a89,00:00:00:00:25/1,00:00:12:14:25/1,"['2022-10-01__DJI_0790__1RVB46_9RRGXS3FH7.mp4', 'Proxy_Ingest/2022-10-01__DJI_0790__1RVB46_9RRGXS3FH7.mp4']",
727445,2022-10-21__DJI_0811,2:67eb8cb9cbb6433e8a0ba4717ab52ec7,00:00:00:00:25/1,00:00:45:10:25/1,2022-10-21__DJI_0811.MP4,
727447,2022-10-01__DJI_0784__1RVB46_9RPJB72J3R,2:07d798e8fc37b4a1c6e24418aefc84c5,00:00:00:00:25/1,00:00:19:00:25/1,"['2022-10-01__DJI_0784__1RVB46_9RPJB72J3R.mp4', 'Proxy_Ingest/2022-10-01__DJI_0784__1RVB46_9RPJB72J3R.mp4']",
727466,2022-09-03__DJI_0751_003__1RVB46_AUC3U5S8NU,2:5df511461d7d9d7181c7d26e12905745,00:00:00:00:25/1,00:05:27:16:25/1,"['2022-09-03__DJI_0751_003__1RVB46_AUC3U5S8NU.mp4', 'Proxy_Ingest/2022-09-03__DJI_0751_003__1RVB46_AUC3U5S8NU.mp4']",
727467,2022-09-03__DJI_0751_002__1RVB46_AUCXMP0E31,2:604da5b87b1ea0ea59ca22daf876bf99,00:00:00:00:25/1,00:05:27:14:25/1,"['2022-09-03__DJI_0751_002__1RVB46_AUCXMP0E31.mp4', 'Proxy_Ingest/2022-09-03__DJI_0751_002__1RVB46_AUCXMP0E31.mp4']",
727475,2022-10-21__DJI_0796,2:25db11aaf7913ee20a99f056070b093b,00:00:00:00:25/1,00:00:14:11:25/1,2022-10-21__DJI_0796.MP4,
727477,2022-10-21__DJI_0799,2:3634ab7d461c1b57a03e110d8f922148,00:00:00:00:25/1,00:00:16:13:25/1,2022-10-21__DJI_0799.MP4,
727481,2022-10-01__DJI_0782__1RVB46_9RP3YSMTC7,2:6fd45cdd2f1b441f0c3676a1d7349382,00:00:00:00:25/1,00:00:12:10:25/1,"['2022-10-01__DJI_0782__1RVB46_9RP3YSMTC7.mp4', 'Proxy_Ingest/2022-10-01__DJI_0782__1RVB46_9RP3YSMTC7.mp4']",
727484,2022-10-01__DJI_0760__1RVB46_9RNYPLWT9G,2:ea2a6a23d2633f9129848b072b71d1d2,00:00:00:00:25/1,00:00:05:16:25/1,"['2022-10-01__DJI_0760__1RVB46_9RNYPLWT9G.mp4', 'Proxy_Ingest/2022-10-01__DJI_0760__1RVB46_9RNYPLWT9G.mp4']",
727490,2022-10-21__DJI_0802,2:ddc2b46131e95f81acea63a12281ea32,00:00:00:00:25/1,00:01:08:02:25/1,2022-10-21__DJI_0802.MP4,
727494,2022-10-01__DJI_0793__1RVB46_9RRX0EZZDT,2:e10313ea327b9a6e01241696153d5711,00:00:00:00:25/1,00:00:25:11:25/1,"['2022-10-01__DJI_0793__1RVB46_9RRX0EZZDT.mp4', 'Proxy_Ingest/2022-10-01__DJI_0793__1RVB46_9RRX0EZZDT.mp4']",
727496,2022-10-01__DJI_0768__1RVB46_9RNGVM5DHX,2:51fb99196257d5f12ccf8eab03b16029,00:00:00:00:25/1,00:00:17:15:25/1,"['2022-10-01__DJI_0768__1RVB46_9RNGVM5DHX.mp4', 'Proxy_Ingest/2022-10-01__DJI_0768__1RVB46_9RNGVM5DHX.mp4']",
733727,2022-10-21__DJI_0803_1,2:2983006d4b9051c203108027b0e5f8be,00:00:00:00:25/1,00:00:24:00:25/1,MXF - Converted/2022-10-21__DJI_0803_1.mxf,
733728,2022-10-21__DJI_0798_1,2:f4205f53a90e2ca007c4f3666cf76f99,00:00:00:00:25/1,00:00:34:21:25/1,MXF - Converted/2022-10-21__DJI_0798_1.mxf,
733729,2022-10-21__DJI_0800_1,2:cb14fd52978240ec89a1c3c560ffb19c,00:00:00:00:25/1,00:00:26:19:25/1,MXF - Converted/2022-10-21__DJI_0800_1.mxf,
733730,2022-10-21__DJI_0807_1,2:29ddfa613c1cee0ae9822f4122446022,00:00:00:00:25/1,00:00:19:12:25/1,MXF - Converted/2022-10-21__DJI_0807_1.mxf,
733731,2022-10-21__DJI_0797_1,2:5f1e04ab008149613415a13c472788e9,00:00:00:00:25/1,00:01:00:01:25/1,MXF - Converted/2022-10-21__DJI_0797_1.mxf,
733732,2022-10-21__DJI_0805_1,2:a2c50fc5e56036d2aed5e806179ff109,00:00:00:00:25/1,00:02:11:15:25/1,MXF - Converted/2022-10-21__DJI_0805_1.mxf,
733733,2022-10-21__DJI_0808_1,2:db77d63cd7ed0137c5bc9b1ffcf1b7a7,00:00:00:00:25/1,00:00:14:22:25/1,MXF - Converted/2022-10-21__DJI_0808_1.mxf,
733734,2022-10-21__DJI_0810_1,2:193b325118c4a6c10c5cb0982924e1d7,00:00:00:00:25/1,00:00:57:22:25/1,MXF - Converted/2022-10-21__DJI_0810_1.mxf,
733735,2022-10-21__DJI_0794_1,2:2459ccba6d2b3419e5c59e760d359a61,00:00:00:00:25/1,00:01:36:13:25/1,MXF - Converted/2022-10-21__DJI_0794_1.mxf,
733736,2022-10-21__DJI_0796_1,2:b3009cd608b65fc5b1f24e3a26c8fd5e,00:00:00:00:25/1,00:00:14:11:25/1,MXF - Converted/2022-10-21__DJI_0796_1.mxf,
733737,2022-10-21__DJI_0802_1,2:cbf60c15d7f1bba69b84f0bc8203af7a,00:00:00:00:25/1,00:01:08:02:25/1,MXF - Converted/2022-10-21__DJI_0802_1.mxf,
733738,2022-10-21__DJI_0804_1,2:3c259228735337a8df7cd7fab610ae98,00:00:00:00:25/1,00:01:25:07:25/1,MXF - Converted/2022-10-21__DJI_0804_1.mxf,
733739,2022-10-21__DJI_0811_1,2:82622357bdf48ae76fce3096fd1c4f9f,00:00:00:00:25/1,00:00:45:10:25/1,MXF - Converted/2022-10-21__DJI_0811_1.mxf,
733740,2022-10-21__DJI_0799_1,2:77f7d36ffe4c9428f9bd555dc281e731,00:00:00:00:25/1,00:00:16:13:25/1,MXF - Converted/2022-10-21__DJI_0799_1.mxf,
733741,2022-10-21__DJI_0795_1,2:a46872bf0feba85b960c7cc685071a9b,00:00:00:00:25/1,00:00:11:20:25/1,MXF - Converted/2022-10-21__DJI_0795_1.mxf,
733742,2022-10-21__DJI_0806_1,2:121939e665bab6193744e487eb6373f6,00:00:00:00:25/1,00:00:18:14:25/1,MXF - Converted/2022-10-21__DJI_0806_1.mxf,
733743,2022-10-21__DJI_0809_1,2:083414185baff0862d76ceabb2502732,00:00:00:00:25/1,00:00:13:12:25/1,MXF - Converted/2022-10-21__DJI_0809_1.mxf,
733744,2022-10-21__DJI_0801_1,2:ced3c901fe5cef6c4207a288074a5f94,00:00:00:00:25/1,00:00:25:20:25/1,MXF - Converted/2022-10-21__DJI_0801_1.mxf,
743932,"['1972_DroneA01.DF4F4BF0A69BA', '1972_DroneA02.DF4F4BF0A8A3A', '1972_Drone Pulse #2_STEM_PULSE.wav']","['2:860e03fde660bc61dc08018a51e9f376', '2:1c467b11e8138a5e18b9630c3d114e76']",00:00:00:00:100/1,00:00:51:40:100/1,"['Avid MediaFiles/MXF/PROTOOLS.1/1972_DroneA01.DF4F4BF0A69BA.mxf', 'Avid MediaFiles/MXF/PROTOOLS.1/1972_DroneA02.DF4F4BF0A8A3A.mxf']",
772220,"['05 Drone WA01.DB510784511BA', '05 Drone WA02.DB5107845213A', '05 Drone Whoosh.wav']","['2:c89b49b11f157cf6291ee1924e300ac4', '2:2aeea20580b58d6861a5aef34abd5419']",00:00:00:00:100/1,00:00:08:88:100/1,"['Avid MediaFiles/MXF/1/05 Drone WA01.DB510784511BA.mxf', 'Avid MediaFiles/MXF/1/05 Drone WA02.DB5107845213A.mxf']",
773115,"['04 Dark Drone.mp3.37F07066A', '04 Dark Drone.mp3.37F08788A', '04 Dark Drone.mp3']","['2:6fdd6f881d000fa7957e840a694a3ade', '2:f3ad22941399dbbfb05fb8964ece1e01']",00:00:00:00:100/1,00:00:52:68:100/1,"['Avid MediaFiles/MXF/1/04 Dark Drone.mp3.37F07066A.mxf', 'Avid MediaFiles/MXF/1/04 Dark Drone.mp3.37F08788A.mxf']",
773122,"['11 Sub Drone.mp3.A37F1FBA1A', '11 Sub Drone.mp3.A37F212CFA', '11 Sub Drone.mp3']","['2:caf676b10fcc78d9526d0f048a944ed2', '2:03380f3b291f1e39810e55b39ed00494']",00:00:00:00:100/1,00:00:31:44:100/1,"['Avid MediaFiles/MXF/1/11 Sub Drone.mp3.A37F1FBA1A.mxf', 'Avid MediaFiles/MXF/1/11 Sub Drone.mp3.A37F212CFA.mxf']",
773124,"['13 Hollow Drone.mp37F277B4A', '13 Hollow Drone.mp37F28EBAA', '13 Hollow Drone.mp3']","['2:2d1087871a2e354b8e6b50c3ed6febad', '2:69c44004789549aacc7a3d667dc95da5']",00:00:00:00:100/1,00:00:53:80:100/1,"['Avid MediaFiles/MXF/1/13 Hollow Drone.mp37F277B4A.mxf', 'Avid MediaFiles/MXF/1/13 Hollow Drone.mp37F28EBAA.mxf']",
773186,"['05 Drone Whoosh.mp3819FA26A', '05 Drone Whoosh.mp381A1104A', '05 Drone Whoosh.mp3']","['2:324c8b54ae1a38bc309ceb5cf287a035', '2:118212fcfe7ee5572e27a819158fc20b']",00:00:00:00:100/1,00:00:08:88:100/1,"['Avid MediaFiles/MXF/1/05 Drone Whoosh.mp3819FA26A.mxf', 'Avid MediaFiles/MXF/1/05 Drone Whoosh.mp381A1104A.mxf']",
776341,DJI_0971,2:3ddd9e2d6da6f08462fda273dc3e2bc7,00:00:00:00:25/1,00:01:41:14:25/1,_Additional OCF/Drone/DJI_0971.MOV,
776347,DJI_0970,2:0d451ad8314699ccdc2cc7e533e69dc2,00:00:00:00:25/1,00:01:22:22:25/1,_Additional OCF/Drone/DJI_0970.MOV,
776355,DJI_0961,2:a854bf9f9860da94ec6b60e607161d0c,00:00:00:00:25/1,00:04:11:08:25/1,_Additional OCF/Drone/DJI_0961.MOV,
776733,SST M__1040352830__White Horse Running in Virginian Pasture at Sunrise from Drone,2:ca9a46ef7bbda0822618b5f42defef68,00:00:00:00:60000/1001,00:00:07:59:60000/1001,Archive Masters/EP2/SST M__1040352830__White Horse Running in Virginian Pasture at Sunrise from Drone.mp4,
779695,DJI_0012,2:929b4f202d82cf9b27a0fc9bb65c1160,00:00:00:00:25/1,00:00:28:02:25/1,Der Fall/P0045S_Der_Fall/08_THEMA Malte C/Footage/Drone/100MEDIA/DJI_0012.MP4,
779705,DJI_0362,2:f50c761c74b3d649a93460fb0ec06018,00:00:00:00:25/1,00:00:05:05:25/1,Der Fall/P0045S_Der_Fall/Footage_Ella/Footage/Drone 1/100MEDIA/DJI_0362.MP4,
779831,DJI_0011,2:df480dac4c246c60f70dd5e4439c74f4,00:00:00:00:25/1,00:01:24:14:25/1,Der Fall/P0045S_Der_Fall/08_THEMA Malte C/Footage/Drone/100MEDIA/DJI_0011.MP4,
779885,DJI_0361,2:ca3e941669c59ff02a49851889ca9fea,00:00:00:00:25/1,00:00:26:22:25/1,Der Fall/P0045S_Der_Fall/Footage_Ella/Footage/Drone 1/100MEDIA/DJI_0361.MP4,
780014,DJI_0010,2:fdbaa43466f55dae0744e6cf1ffb801d,00:00:00:00:25/1,00:00:27:08:25/1,Der Fall/P0045S_Der_Fall/08_THEMA Malte C/Footage/Drone/100MEDIA/DJI_0010.MP4,
780025,DJI_0360,2:6544871988747838b4e44c98bddc54e4,00:00:00:00:25/1,00:00:23:06:25/1,Der Fall/P0045S_Der_Fall/Footage_Ella/Footage/Drone 1/100MEDIA/DJI_0360.MP4,
780192,DJI_0359,2:0aec48a73682055cfe5bb8df396989a5,00:00:00:00:25/1,00:05:00:18:25/1,Der Fall/P0045S_Der_Fall/Footage_Ella/Footage/Drone 1/100MEDIA/DJI_0359.MP4,
780221,DJI_0009,2:1cee3b08cc480f5fff8cab5eb60d244a,00:00:00:00:25/1,00:00:17:12:25/1,Der Fall/P0045S_Der_Fall/08_THEMA Malte C/Footage/Drone/100MEDIA/DJI_0009.MP4,
780251,DJI_0358,2:a7b222952c4e7682b4501c3c2a40673c,00:00:00:00:25/1,00:01:14:21:25/1,Der Fall/P0045S_Der_Fall/Footage_Ella/Footage/Drone 1/100MEDIA/DJI_0358.MP4,
780392,DJI_0008,2:f9b72fac306a0dc13ddb04a6f18bef26,00:00:00:00:25/1,00:02:33:01:25/1,Der Fall/P0045S_Der_Fall/08_THEMA Malte C/Footage/Drone/100MEDIA/DJI_0008.MP4,
780411,DJI_0357,2:972fc299c85e3bee739746d781ad5811,00:00:00:00:25/1,00:01:39:07:25/1,Der Fall/P0045S_Der_Fall/Footage_Ella/Footage/Drone 1/100MEDIA/DJI_0357.MP4,
780522,DJI_0007,2:b51f3f8b62e41285e1729e6125d0ed7b,00:00:00:00:25/1,00:04:33:16:25/1,Der Fall/P0045S_Der_Fall/08_THEMA Malte C/Footage/Drone/100MEDIA/DJI_0007.MP4,
780545,DJI_0356,2:e1f3f69b49f06f840bdaa66f8cefb797,00:00:00:00:25/1,00:00:02:16:25/1,Der Fall/P0045S_Der_Fall/Footage_Ella/Footage/Drone 1/100MEDIA/DJI_0356.MP4,
780688,DJI_0006,2:9cb1c78e058e2d678de26f170bde5c08,00:00:00:00:25/1,00:02:33:13:25/1,Der Fall/P0045S_Der_Fall/08_THEMA Malte C/Footage/Drone/100MEDIA/DJI_0006.MP4,
780709,DJI_0355,2:1aa4440fa2e1b4b072d5b5fc915027fe,00:00:00:00:25/1,00:05:00:17:25/1,Der Fall/P0045S_Der_Fall/Footage_Ella/Footage/Drone 1/100MEDIA/DJI_0355.MP4,
780839,DJI_0363,2:f9891cb6a1da24af35d9f65e298912e5,00:00:00:00:25/1,00:01:28:16:25/1,Der Fall/P0045S_Der_Fall/Footage_Ella/Footage/Drone 1/100MEDIA/DJI_0363.MP4,
780853,DJI_0005,2:cbf20d58106c2f4bb56419387b23f732,00:00:00:00:25/1,00:05:27:03:25/1,Der Fall/P0045S_Der_Fall/08_THEMA Malte C/Footage/Drone/100MEDIA/DJI_0005.MP4,
780874,DJI_0013,2:6eaa2d2e2c3c47c98594d39d701239cd,00:00:00:00:25/1,00:01:34:07:25/1,Der Fall/P0045S_Der_Fall/08_THEMA Malte C/Footage/Drone/100MEDIA/DJI_0013.MP4,
781544,00010,2:75637b4467df571476852b7ddbe15ec7,00:00:00:00:50/1,00:06:06:35:50/1,+ INPUT/Drohnenaufnahmen Maydan/00010.MTS,
781551,00008,2:2a9ec64bc54ce67776641c722cf9ce09,00:00:00:00:25/1,00:02:22:13:25/1,+ INPUT/Drohnenaufnahmen Maydan/00008.mxf,
781565,00008,2:bda4db0f0d4c44d1677c362408c83b3e,00:00:00:00:50/1,00:02:22:27:50/1,+ INPUT/Drohnenaufnahmen Maydan/00008.MTS,
781574,00007,2:3a8d5416799d2811c8af15e83701a1d6,00:00:00:00:25/1,00:01:45:02:25/1,+ INPUT/Drohnenaufnahmen Maydan/00007.mxf,
781585,00007,2:c66e22bf928fe6c2ff040e4853244081,00:00:00:00:50/1,00:01:45:05:50/1,+ INPUT/Drohnenaufnahmen Maydan/00007.MTS,
781593,00005,2:61ebede995a29e5c3f12c12caa3a8d7f,00:00:00:00:50/1,00:04:34:03:50/1,+ INPUT/Drohnenaufnahmen Maydan/00005.MTS,
781602,00004,2:5eef0f1b602b00e13189dfa7482071a5,00:00:00:00:50/1,00:03:02:19:50/1,+ INPUT/Drohnenaufnahmen Maydan/00004.MTS,
781604,00003,2:b72ccca6bd9be84356c398aca5670716,00:00:00:00:25/1,00:05:09:02:25/1,+ INPUT/Drohnenaufnahmen Maydan/00003.mxf,
781623,00003,2:d2523bb6e95bb8dc1420a47203b705be,00:00:00:00:50/1,00:05:09:05:50/1,+ INPUT/Drohnenaufnahmen Maydan/00003.MTS,
781630,00002,2:41f55f0c3b51bf6de460a5080ecd5c4c,00:00:00:00:50/1,00:01:41:37:50/1,+ INPUT/Drohnenaufnahmen Maydan/00002.MTS,
781645,00000,2:e9e9cbef1d07e491229db4a01932d9ef,00:00:00:00:50/1,00:04:03:41:50/1,+ INPUT/Drohnenaufnahmen Maydan/00000.MTS,
781651,DJI_0313,2:9a9653658a342dfd3414941a2526a82b,00:00:00:00:50/1,00:00:57:46:50/1,+ INPUT/DJI_0313.MOV,
781656,DJI_0031,2:a8bdae36507d5f5501eb3f88400b0ada,00:00:00:00:50/1,00:02:16:25:50/1,+ INPUT/DJI_0031.MOV,
781684,davinci drone tracking stabilization,2:63eb92fefe49200e55926a0730d49558,00:00:00:00:25/1,00:00:12:07:25/1,+Export/Fusion_resolve/davinci drone tracking stabilization.mxf,
781695,davinci drone stabilize tool,2:d5d6a149a00887381c6834fe69c1c3aa,00:00:00:00:25/1,00:00:12:07:25/1,+Export/Fusion_resolve/davinci drone stabilize tool.mxf,
820021,DJI_0294,2:8ef477e82582ef22075717b3b8f8c982,00:00:00:00:30000/1001,00:00:43:26:30000/1001,41/OCF/2023-07-04_DT33/DRON/DJI_0294.MP4,
827459,2021-08-20_Zone_Drone,2:4b20ab56959b209ead7ee844af2f5638,01:00:00:00:25/1,01:22:48:14:25/1,+Exports/Drehblock2/2021-08-20_Zone_Drone.mov,
827565,2021-08-22_Zone_Drone,2:d8d453a198241c0cae53832c051c9b7f,01:00:00:00:25/1,02:06:45:06:25/1,+Exports/Drehblock2/2021-08-22_Zone_Drone.mov,
831269,2021-08-19_Charnobyl_Bio-Reserve_Drone,2:fdec07d5e8f588eef3e0a0c68ab6b5c2,01:00:00:00:25/1,02:22:34:02:25/1,+Exports/Drehblock2/2021-08-19_Charnobyl_Bio-Reserve_Drone.mov,
831499,2021-08-17_ChNPP_Drone,2:7648c4ac0c2f821f985c19253a39df12,01:00:00:00:25/1,01:43:41:04:25/1,+Exports/Drehblock2/2021-08-17_ChNPP_Drone.mov,
831611,2021-08-16_Pripyat_Drone,2:39226ea9f189cfb6460ea5136845535f,01:00:00:00:25/1,01:20:08:24:25/1,+Exports/Drehblock2/2021-08-16_Pripyat_Drone.mov,
831943,2022-03-03_Zwangsarbeit_Ravensbrück_Drohne_Card_002_DJI_0756,2:0c5ecb16d08710ce0a30f69dbd73636a,00:00:00:00:30000/1001 nd,00:00:27:22:30000/1001 nd,2022-03-03_Zwangsarbeit_Ravensbrück_Drohne_Card_002_DJI_0756.mxf,
831966,2022-03-03_Zwangsarbeit_Ravensbrück_Drohne_Card_002_DJI_0756,2:fd9ffec4ef695ca3ac83b7f18003cbef,00:00:00:00:30000/1001,00:00:27:22:30000/1001,2022-03-03_Zwangsarbeit_Ravensbrück_Drohne_Card_002_DJI_0756.MOV,
832539,"['93 - 93 - Horror Drone', '93 - Horror Drone']",2:3f6cf2f31dadc71438e590e42dc011f9,00:00:00:00:100/1,00:01:20:00:100/1,"['+Imports/SoundFXse Annina/Sound Series 6000/6018 - Miscellaneous D to H/93 - 93 - Horror Drone.mp3', 'Imports/SoundFXse Annina/Sound Series 6000/6018 - Miscellaneous D to H/93 - 93 - Horror Drone.mp3']",
856568,"['2022-08-13__DJI_0750__1RVB46_99L5WVPATE.new.01_(250.20_FPS),Motion_Effect,1', '2022-08-13__DJI_0719FDD0F7V']",2:afea79f0c9274583d3dbb6f44b3b092e,00:00:00:00:25/1,00:00:04:22:25/1,Avid MediaFiles/MXF/Avid iMac.1/2022-08-13__DJI_0719FDD0F7V.mxf,
856739,2021-08-19_Charnobyl_Bio-Reserve_Drone_Card3_DJI_0768,2:fb3273e9844040791441480ade6fe468,00:00:00:00:25/1,00:00:49:20:25/1,Tschernobyl/2021-08-19_Charnobyl_Bio-Reserve_Drone_Card3_DJI_0768.mxf,
856741,2021-08-19_Charnobyl_Bio-Reserve_Drone_Card3_DJI_0743,2:32e07d8568376939588b81a4e4a49503,00:00:00:00:25/1,00:01:30:22:25/1,Tschernobyl/2021-08-19_Charnobyl_Bio-Reserve_Drone_Card3_DJI_0743.mxf,
856743,2021-08-17_ChNPP_Drone_Card2_DJI_0715,2:bed1f5a0ee88ff1bbe86d04afff62e6d,00:00:00:00:25/1,00:01:06:03:25/1,Tschernobyl/2021-08-17_ChNPP_Drone_Card2_DJI_0715.mxf,
856747,2021-08-20_Zone_Drone_Card5_DJI_0776,2:e9fda1ccd54c0ed4abf3b982c281df82,00:00:00:00:25/1,00:02:53:14:25/1,Tschernobyl/2021-08-20_Zone_Drone_Card5_DJI_0776.mxf,
856750,"['2021-08-20_Zone_Drone_Card5_DJI_0779', ' 2021 08 20 Tschernobyl_Block2 Drone Card5 DJI_0779']",2:664efb4119b508bbc32717c94225b6d4,00:00:00:00:25/1,00:01:58:14:25/1,"['Tschernobyl/2021-08-20_Zone_Drone_Card5_DJI_0779.MOV', 'Tschernobyl/2021-08-20/Tschernobyl_Block2/Drone/Card5/DCIM/101MEDIA/ 2021 08 20 Tschernobyl_Block2 Drone Card5 DJI_0779.MOV']",
856751,2021-08-16_Pripyat_Drone_Card1_DJI_0690,2:443880fbc1018f72acf4e0f0bdce5672,00:00:00:00:25/1,00:04:06:06:25/1,Tschernobyl/2021-08-16_Pripyat_Drone_Card1_DJI_0690.mxf,
856753,2021-08-19_Charnobyl_Bio-Reserve_Drone_Card3_DJI_0733,2:07af123694110cabefbac2064557310a,00:00:00:00:25/1,00:02:54:09:25/1,Tschernobyl/2021-08-19_Charnobyl_Bio-Reserve_Drone_Card3_DJI_0733.mxf,
856759,2021-08-17_ChNPP_Drone_Card2_DJI_0713,2:217c6ffc3830acbe7c9fb5af78cb4d53,00:00:00:00:25/1,00:01:33:09:25/1,Tschernobyl/2021-08-17_ChNPP_Drone_Card2_DJI_0713.mxf,
856761,2021-08-19_Charnobyl_Bio-Reserve_Drone_Card3_DJI_0730,2:70cd260bda2c45d952af3b4ee309153a,00:00:00:00:25/1,00:01:30:22:25/1,Tschernobyl/2021-08-19_Charnobyl_Bio-Reserve_Drone_Card3_DJI_0730.mxf,
856775,2021-08-17_ChNPP_Drone_Card2_DJI_0712,2:7efef84985ac0a50f74b620023ab0dbc,00:00:00:00:25/1,00:02:01:22:25/1,Tschernobyl/2021-08-17_ChNPP_Drone_Card2_DJI_0712.mxf,
856793,2021-08-19_Charnobyl_Bio-Reserve_Drone_Card3_DJI_0744,2:08d859c9bbfa700b76b2ec9d790adc1a,00:00:00:00:25/1,00:02:01:19:25/1,Tschernobyl/2021-08-19_Charnobyl_Bio-Reserve_Drone_Card3_DJI_0744.mxf,
856795,2021-08-22_Zone_Drone_Card6_DJI_0795,2:5183aef929ca7ab648ad9bad0ae7bde1,00:00:00:00:25/1,00:03:41:22:25/1,Tschernobyl/2021-08-22_Zone_Drone_Card6_DJI_0795.mxf,
856803,"['2021-08-20_Zone_Drone_Card5_DJI_0776', ' 2021 08 20 Tschernobyl_Block2 Drone Card5 DJI_0776']",2:e29f04c129ebf83851e10f713272972e,00:00:00:00:25/1,00:02:53:14:25/1,"['Tschernobyl/2021-08-20_Zone_Drone_Card5_DJI_0776.MOV', 'Tschernobyl/2021-08-20/Tschernobyl_Block2/Drone/Card5/DCIM/101MEDIA/ 2021 08 20 Tschernobyl_Block2 Drone Card5 DJI_0776.MOV']",
856808,2021-08-20_Zone_Drone_Card5_DJI_0779,2:1c39813a093a2a0bb4a70256911e7c33,00:00:00:00:25/1,00:01:58:14:25/1,Tschernobyl/2021-08-20_Zone_Drone_Card5_DJI_0779.mxf,
856809,"['2021-08-19_Charnobyl_Bio-Reserve_Sony_Alpha_Card001_C0120', ' 2021 08 19 Tschernobyl_Block2 Sony_Alpha Card001 C0120']",2:9bac2e5afbc71cb5b71a2057549167c0,13:14:27:20:25/1,13:15:13:21:25/1,"['Tschernobyl/2021-08-19_Charnobyl_Bio-Reserve_Sony_Alpha_Card001_C0120.MP4', 'Tschernobyl/2021-08-19/Tschernobyl_Block2/Sony_Alpha/Card001/M4ROOT/CLIP/ 2021 08 19 Tschernobyl_Block2 Sony_Alpha Card001 C0120.MP4', 'Tschernobyl/2021-08-19/Tschernobyl_Block2/Drone/Card4/M4ROOT/CLIP/ 2021 08 19 Tschernobyl_Block2 Drone Card4 C0120.MP4']",
856811,2021-08-19_Charnobyl_Bio-Reserve_Drone_Card3_DJI_0742,2:366f856c34f3f972be7a14021abafe87,00:00:00:00:25/1,00:01:37:16:25/1,Tschernobyl/2021-08-19_Charnobyl_Bio-Reserve_Drone_Card3_DJI_0742.mxf,
856821,2021-08-17_ChNPP_Drone_Card2_DJI_0719,2:bd914dc04c33d55182ee6dd64b3f1585,00:00:00:00:25/1,00:01:19:14:25/1,Tschernobyl/2021-08-17_ChNPP_Drone_Card2_DJI_0719.mxf,
856822,2021-08-22_Zone_Drone_Card6_DJI_0796,2:a81077c3fcf37a32d16528ae181fea89,00:00:00:00:25/1,00:03:53:14:25/1,Tschernobyl/2021-08-22_Zone_Drone_Card6_DJI_0796.mxf,
856830,"['2021-08-19_Charnobyl_Bio-Reserve_Drone_Card3_DJI_0742', ' 2021 08 19 Tschernobyl_Block2 Drone Card3 DJI_0742']",2:4c54f92dcecef45a4a1850516407ab4c,00:00:00:00:25/1,00:01:37:16:25/1,"['Tschernobyl/2021-08-19_Charnobyl_Bio-Reserve_Drone_Card3_DJI_0742.MOV', 'Tschernobyl/2021-08-19/Tschernobyl_Block2/Drone/Card3/DCIM/100MEDIA/ 2021 08 19 Tschernobyl_Block2 Drone Card3 DJI_0742.MOV']",
856832,2021-08-17_ChNPP_Drone_Card2_DJI_0718,2:d470c3cc05f113243183bc021dd776f2,00:00:00:00:25/1,00:01:48:24:25/1,Tschernobyl/2021-08-17_ChNPP_Drone_Card2_DJI_0718.mxf,
856833,2021-08-22_Zone_Drone_Card6_DJI_0789,2:c53bff4665e7db355102f933b51e212f,00:00:00:00:25/1,00:01:27:16:25/1,Tschernobyl/2021-08-22_Zone_Drone_Card6_DJI_0789.mxf,
856840,2021-08-16_Pripyat_Drone_Card1_DJI_0691,2:1ead9a8b80a95c6afb73ca071d621a54,00:00:00:00:25/1,00:01:21:12:25/1,Tschernobyl/2021-08-16_Pripyat_Drone_Card1_DJI_0691.mxf,
856845,2021-08-16_Pripyat_Drone_Card1_DJI_0692,2:9bce9c9acc93e9a2fceef9e0a5a7b94a,00:00:00:00:25/1,00:01:24:18:25/1,Tschernobyl/2021-08-16_Pripyat_Drone_Card1_DJI_0692.mxf,
856850,"['2021-08-19_Charnobyl_Bio-Reserve_Drone_Card3_DJI_0743', ' 2021 08 19 Tschernobyl_Block2 Drone Card3 DJI_0743']",2:e37ee428f0add0c2a5d5864f7cbfa76b,00:00:00:00:25/1,00:01:30:22:25/1,"['Tschernobyl/2021-08-19_Charnobyl_Bio-Reserve_Drone_Card3_DJI_0743.MOV', 'Tschernobyl/2021-08-19/Tschernobyl_Block2/Drone/Card3/DCIM/100MEDIA/ 2021 08 19 Tschernobyl_Block2 Drone Card3 DJI_0743.MOV']",
856853,2021-08-17_ChNPP_Drone_Card2_DJI_0717,2:ad69877ae3db812717de99d87e8a5cba,00:00:00:00:25/1,00:01:33:18:25/1,Tschernobyl/2021-08-17_ChNPP_Drone_Card2_DJI_0717.mxf,
860334,"['LD_F_860334__Trasse__2020-10-24_Talne_Ukraine_Drone_01', '2020-10-24_Talne_Ukraine_Drone_01']",2:20c1720f044e066e98450202e5088f43,00:00:00:00:25/1,00:01:12:20:25/1,"['Trasse/2020-10-24/2020-10-24_Talne_Ukraine_Drone_01.MOV', 'Trasse/2020-10-24_Talne_Ukraine_Drone_01.MOV']",
860337,"['LD_F_860337__Trasse__2020-10-24_Talne_Ukraine_Drone_20', '2020-10-24_Talne_Ukraine_Drone_20']",2:6c2f36ddf1275e66838dd56491dfadf0,00:00:00:00:25/1,00:00:40:01:25/1,"['Trasse/2020-10-24/2020-10-24_Talne_Ukraine_Drone_20.MOV', 'Trasse/2020-10-24_Talne_Ukraine_Drone_20.MOV']",
860338,"['LD_F_860338__Trasse__2020-10-23_Talne_Ukraine_Drone_15', '2020-10-23_Talne_Ukraine_Drone_15']",2:8a47382b1f7dfe2aaa162c98b4fbfb34,00:00:00:00:25/1,00:00:13:10:25/1,"['Trasse/2020-10-23/2020-10-23_Talne_Ukraine_Drone_15.MOV', 'Trasse/2020-10-23_Talne_Ukraine_Drone_15.MOV']",
860340,"['LD_F_860340__Trasse__2020-10-24_Talne_Ukraine_Drone_11', '2020-10-24_Talne_Ukraine_Drone_11']",2:49d101f95ef2306751474e80c630c6cc,00:00:00:00:25/1,00:01:50:08:25/1,"['Trasse/2020-10-24/2020-10-24_Talne_Ukraine_Drone_11.MOV', 'Trasse/2020-10-24_Talne_Ukraine_Drone_11.MOV']",
860343,"['LD_F_860343__Trasse__2020-10-24_Talne_Ukraine_Drone_05', '2020-10-24_Talne_Ukraine_Drone_05']",2:12b1cdf418cbaa12f17342531b65fd11,00:00:00:00:25/1,00:00:15:01:25/1,"['Trasse/2020-10-24/2020-10-24_Talne_Ukraine_Drone_05.MOV', 'Trasse/2020-10-24_Talne_Ukraine_Drone_05.MOV']",
860346,"['LD_F_860346__Trasse__2020-10-23_Talne_Ukraine_Drone_02', '2020-10-23_Talne_Ukraine_Drone_02']",2:3c1c91ce45e4f37c000d027ffa888ce5,00:00:00:00:25/1,00:00:44:22:25/1,"['Trasse/2020-10-23/2020-10-23_Talne_Ukraine_Drone_02.MOV', 'Trasse/2020-10-23_Talne_Ukraine_Drone_02.MOV']",
860347,"['LD_F_860347__Trasse__2020-10-24_Talne_Ukraine_Drone_36', '2020-10-24_Talne_Ukraine_Drone_36']",2:7b4db655d6b5a83565ed82924440732a,00:00:00:00:25/1,00:00:35:18:25/1,"['Trasse/2020-10-24/2020-10-24_Talne_Ukraine_Drone_36.MOV', 'Trasse/2020-10-24_Talne_Ukraine_Drone_36.MOV']",
860351,"['LD_F_860351__Trasse__2020-10-24_Talne_Ukraine_Drone_33', '2020-10-24_Talne_Ukraine_Drone_33']",2:14cd95d4960dac4a5269d1aa0f44b43c,00:00:00:00:25/1,00:00:53:03:25/1,"['Trasse/2020-10-24/2020-10-24_Talne_Ukraine_Drone_33.MOV', 'Trasse/2020-10-24_Talne_Ukraine_Drone_33.MOV']",
860355,"['LD_F_860355__Trasse__2020-10-23_Talne_Ukraine_Drone_14', '2020-10-23_Talne_Ukraine_Drone_14']",2:de64dd3128de542a3105dcdee2c98f25,00:00:00:00:25/1,00:00:34:17:25/1,"['Trasse/2020-10-23/2020-10-23_Talne_Ukraine_Drone_14.MOV', 'Trasse/2020-10-23_Talne_Ukraine_Drone_14.MOV']",
860360,"['LD_F_860360__Trasse__2020-10-24_Talne_Ukraine_Drone_24', '2020-10-24_Talne_Ukraine_Drone_24']",2:3c50988ae5a73cb3e313f67b17f575da,00:00:00:00:25/1,00:01:25:16:25/1,"['Trasse/2020-10-24/2020-10-24_Talne_Ukraine_Drone_24.MOV', 'Trasse/2020-10-24_Talne_Ukraine_Drone_24.MOV']",
860371,"['LD_F_860371__Trasse__2020-10-24_Talne_Ukraine_Drone_07', '2020-10-24_Talne_Ukraine_Drone_07']",2:0908d9288ae6e756a52b4e4b9b794e20,00:00:00:00:25/1,00:00:08:08:25/1,"['Trasse/2020-10-24/2020-10-24_Talne_Ukraine_Drone_07.MOV', 'Trasse/2020-10-24_Talne_Ukraine_Drone_07.MOV']",
860372,"['LD_F_860372__Trasse__2020-10-24_Talne_Ukraine_Drone_41', '2020-10-24_Talne_Ukraine_Drone_41']",2:5ec16a9982dd9b989d0166a25d657258,00:00:00:00:25/1,00:00:41:01:25/1,"['Trasse/2020-10-24/2020-10-24_Talne_Ukraine_Drone_41.MOV', 'Trasse/2020-10-24_Talne_Ukraine_Drone_41.MOV']",
860376,"['LD_F_860376__Trasse__2020-10-23_Talne_Ukraine_Drone_01', '2020-10-23_Talne_Ukraine_Drone_01']",2:e7fec2a965b284403db4311d21b192c2,00:00:00:00:25/1,00:00:08:06:25/1,"['Trasse/2020-10-23/2020-10-23_Talne_Ukraine_Drone_01.MOV', 'Trasse/2020-10-23_Talne_Ukraine_Drone_01.MOV']",
860378,"['LD_F_860378__Trasse__2020-10-24_Talne_Ukraine_Drone_10', '2020-10-24_Talne_Ukraine_Drone_10']",2:70aaf1dc42409236faa09373c23325fa,00:00:00:00:25/1,00:00:35:22:25/1,"['Trasse/2020-10-24/2020-10-24_Talne_Ukraine_Drone_10.MOV', 'Trasse/2020-10-24_Talne_Ukraine_Drone_10.MOV']",
860380,"['LD_F_860380__Trasse__2020-10-23_Talne_Ukraine_Drone_07', '2020-10-23_Talne_Ukraine_Drone_07']",2:1b0df95864703203d0c6bc687a9353a5,00:00:00:00:25/1,00:00:14:13:25/1,"['Trasse/2020-10-23/2020-10-23_Talne_Ukraine_Drone_07.MOV', 'Trasse/2020-10-23_Talne_Ukraine_Drone_07.MOV']",
860382,"['LD_F_860382__Trasse__2020-10-24_Talne_Ukraine_Drone_28', '2020-10-24_Talne_Ukraine_Drone_28']",2:c81ca7c864cf8a071dab61f57cdf60a0,00:00:00:00:25/1,00:00:33:22:25/1,"['Trasse/2020-10-24/2020-10-24_Talne_Ukraine_Drone_28.MOV', 'Trasse/2020-10-24_Talne_Ukraine_Drone_28.MOV']",
860384,"['LD_F_860384__Trasse__2020-10-24_Talne_Ukraine_Drone_03', '2020-10-24_Talne_Ukraine_Drone_03']",2:a4000d40fc2ea95dd25e1d9bf2898252,00:00:00:00:25/1,00:00:40:04:25/1,"['Trasse/2020-10-24/2020-10-24_Talne_Ukraine_Drone_03.MOV', 'Trasse/2020-10-24_Talne_Ukraine_Drone_03.MOV']",
860385,"['LD_F_860385__Trasse__2020-10-23_Talne_Ukraine_Drone_13', '2020-10-23_Talne_Ukraine_Drone_13']",2:b274540d172a7c2310204d4119363d40,00:00:00:00:25/1,00:00:25:07:25/1,"['Trasse/2020-10-23/2020-10-23_Talne_Ukraine_Drone_13.MOV', 'Trasse/2020-10-23_Talne_Ukraine_Drone_13.MOV']",
860393,"['LD_F_860393__Trasse__2020-10-24_Talne_Ukraine_Drone_38', '2020-10-24_Talne_Ukraine_Drone_38']",2:86ba04cdfcc99b9ebc62a225fe6f7cbb,00:00:00:00:25/1,00:00:35:00:25/1,"['Trasse/2020-10-24/2020-10-24_Talne_Ukraine_Drone_38.MOV', 'Trasse/2020-10-24_Talne_Ukraine_Drone_38.MOV']",
860396,"['LD_F_860396__Trasse__2020-10-24_Talne_Ukraine_Drone_16', '2020-10-24_Talne_Ukraine_Drone_16']",2:76d412caf49b85afc1acae78b808fb67,00:00:00:00:25/1,00:01:45:13:25/1,"['Trasse/2020-10-24/2020-10-24_Talne_Ukraine_Drone_16.MOV', 'Trasse/2020-10-24_Talne_Ukraine_Drone_16.MOV']",
860397,"['LD_F_860397__Trasse__2020-10-23_Talne_Ukraine_Drone_21', '2020-10-23_Talne_Ukraine_Drone_21']",2:b310f2dd62a7c144129ce55f1a213afd,00:00:00:00:25/1,00:00:48:11:25/1,"['Trasse/2020-10-23/2020-10-23_Talne_Ukraine_Drone_21.MOV', 'Trasse/2020-10-23_Talne_Ukraine_Drone_21.MOV']",
860402,"['LD_F_860402__Trasse__2020-10-24_Talne_Ukraine_Drone_23', '2020-10-24_Talne_Ukraine_Drone_23']",2:c353369580b174243e86a692f7f42c5e,00:00:00:00:25/1,00:02:06:08:25/1,"['Trasse/2020-10-24/2020-10-24_Talne_Ukraine_Drone_23.MOV', 'Trasse/2020-10-24_Talne_Ukraine_Drone_23.MOV']",
860409,"['LD_F_860409__Trasse__2020-10-24_Talne_Ukraine_Drone_35', '2020-10-24_Talne_Ukraine_Drone_35']",2:1e262012ffc05cff1aaa4d4996deda78,00:00:00:00:25/1,00:00:42:00:25/1,"['Trasse/2020-10-24/2020-10-24_Talne_Ukraine_Drone_35.MOV', 'Trasse/2020-10-24_Talne_Ukraine_Drone_35.MOV']",
860411,"['LD_F_860411__Trasse__2020-10-24_Talne_Ukraine_Drone_30', '2020-10-24_Talne_Ukraine_Drone_30']",2:23b1fc28d541c883a0f088ebea123f8a,00:00:00:00:25/1,00:00:20:07:25/1,"['Trasse/2020-10-24/2020-10-24_Talne_Ukraine_Drone_30.MOV', 'Trasse/2020-10-24_Talne_Ukraine_Drone_30.MOV']",
860414,"['LD_F_860414__Trasse__2020-10-24_Talne_Ukraine_Drone_42', '2020-10-24_Talne_Ukraine_Drone_42']",2:38ee5f225c86e152a9e6192f5a1763f9,00:00:00:00:25/1,00:00:45:02:25/1,"['Trasse/2020-10-24/2020-10-24_Talne_Ukraine_Drone_42.MOV', 'Trasse/2020-10-24_Talne_Ukraine_Drone_42.MOV']",
860415,"['LD_F_860415__Trasse__2020-10-24_Talne_Ukraine_Drone_32', '2020-10-24_Talne_Ukraine_Drone_32']",2:18e30ab580a2783c41ab3794242ba442,00:00:00:00:25/1,00:01:56:02:25/1,"['Trasse/2020-10-24/2020-10-24_Talne_Ukraine_Drone_32.MOV', 'Trasse/2020-10-24_Talne_Ukraine_Drone_32.MOV']",
860416,"['LD_F_860416__Trasse__2020-10-23_Talne_Ukraine_Drone_12', '2020-10-23_Talne_Ukraine_Drone_12']",2:4e1baeedca2fe37c30c640f13a81339a,00:00:00:00:25/1,00:00:39:23:25/1,"['Trasse/2020-10-23/2020-10-23_Talne_Ukraine_Drone_12.MOV', 'Trasse/2020-10-23_Talne_Ukraine_Drone_12.MOV']",
860418,"['LD_F_860418__Trasse__2020-10-24_Talne_Ukraine_Drone_34', '2020-10-24_Talne_Ukraine_Drone_34']",2:6cdf2d17b53577d974f58e98e59bacfe,00:00:00:00:25/1,00:00:18:22:25/1,"['Trasse/2020-10-24/2020-10-24_Talne_Ukraine_Drone_34.MOV', 'Trasse/2020-10-24_Talne_Ukraine_Drone_34.MOV']",
860423,"['LD_F_860423__Trasse__2020-10-24_Talne_Ukraine_Drone_15', '2020-10-24_Talne_Ukraine_Drone_15']",2:a8c6eb2e08d17dbc5a9e2b8820b17a69,00:00:00:00:25/1,00:00:59:24:25/1,"['Trasse/2020-10-24/2020-10-24_Talne_Ukraine_Drone_15.MOV', 'Trasse/2020-10-24_Talne_Ukraine_Drone_15.MOV']",
860426,"['LD_F_860426__Trasse__2020-10-24_Talne_Ukraine_Drone_27', '2020-10-24_Talne_Ukraine_Drone_27']",2:c60cf6a3fab1360dfbdd5ac62649cded,00:00:00:00:25/1,00:00:32:14:25/1,"['Trasse/2020-10-24/2020-10-24_Talne_Ukraine_Drone_27.MOV', 'Trasse/2020-10-24_Talne_Ukraine_Drone_27.MOV']",
860431,"['LD_F_860431__Trasse__2020-10-23_Talne_Ukraine_Drone_20', '2020-10-23_Talne_Ukraine_Drone_20']",2:cf47abb70d538451f64971e5fa675466,00:00:00:00:25/1,00:00:31:22:25/1,"['Trasse/2020-10-23/2020-10-23_Talne_Ukraine_Drone_20.MOV', 'Trasse/2020-10-23_Talne_Ukraine_Drone_20.MOV']",
860433,"['LD_F_860433__Trasse__2020-10-24_Talne_Ukraine_Drone_12', '2020-10-24_Talne_Ukraine_Drone_12']",2:94dcb5ce351e8ed994bbbb068277f795,00:00:00:00:25/1,00:00:46:08:25/1,"['Trasse/2020-10-24/2020-10-24_Talne_Ukraine_Drone_12.MOV', 'Trasse/2020-10-24_Talne_Ukraine_Drone_12.MOV']",
860442,"['LD_F_860442__Trasse__2020-10-24_Talne_Ukraine_Drone_43', '2020-10-24_Talne_Ukraine_Drone_43']",2:5ede234a4d7ae2f2995ed14a581c6950,00:00:00:00:25/1,00:00:42:24:25/1,"['Trasse/2020-10-24/2020-10-24_Talne_Ukraine_Drone_43.MOV', 'Trasse/2020-10-24_Talne_Ukraine_Drone_43.MOV']",
860444,"['LD_F_860444__Trasse__2020-10-24_Talne_Ukraine_Drone_29', '2020-10-24_Talne_Ukraine_Drone_29']",2:98f20057feeb55f085c1c48e4c4f0a5c,00:00:00:00:25/1,00:01:29:14:25/1,"['Trasse/2020-10-24/2020-10-24_Talne_Ukraine_Drone_29.MOV', 'Trasse/2020-10-24_Talne_Ukraine_Drone_29.MOV']",
860445,"['LD_F_860445__Trasse__2020-10-23_Talne_Ukraine_Drone_11', '2020-10-23_Talne_Ukraine_Drone_11']",2:4d5d244e48b9b0469b725cb34436accb,00:00:00:00:25/1,00:00:07:11:25/1,"['Trasse/2020-10-23/2020-10-23_Talne_Ukraine_Drone_11.MOV', 'Trasse/2020-10-23_Talne_Ukraine_Drone_11.MOV']",
860446,"['LD_F_860446__Trasse__2020-10-24_Talne_Ukraine_Drone_19', '2020-10-24_Talne_Ukraine_Drone_19']",2:41fcfac75880d14bbb8c2d6ada657406,00:00:00:00:25/1,00:00:16:12:25/1,"['Trasse/2020-10-24/2020-10-24_Talne_Ukraine_Drone_19.MOV', 'Trasse/2020-10-24_Talne_Ukraine_Drone_19.MOV']",
860455,"['LD_F_860455__Trasse__2020-10-24_Talne_Ukraine_Drone_25', '2020-10-24_Talne_Ukraine_Drone_25']",2:042b29ee4b0cd94861e125d39b0dfa41,00:00:00:00:25/1,00:00:16:10:25/1,"['Trasse/2020-10-24/2020-10-24_Talne_Ukraine_Drone_25.MOV', 'Trasse/2020-10-24_Talne_Ukraine_Drone_25.MOV']",
860457,"['LD_F_860457__Trasse__2020-10-24_Talne_Ukraine_Drone_44', '2020-10-24_Talne_Ukraine_Drone_44']",2:e737707c7fdce538a03abb16ed8981fd,00:00:00:00:25/1,00:00:45:02:25/1,"['Trasse/2020-10-24/2020-10-24_Talne_Ukraine_Drone_44.MOV', 'Trasse/2020-10-24_Talne_Ukraine_Drone_44.MOV']",
860458,"['LD_F_860458__Trasse__2020-10-24_Talne_Ukraine_Drone_14', '2020-10-24_Talne_Ukraine_Drone_14']",2:6de691ae000fa460caff11a78649f09a,00:00:00:00:25/1,00:00:43:19:25/1,"['Trasse/2020-10-24/2020-10-24_Talne_Ukraine_Drone_14.MOV', 'Trasse/2020-10-24_Talne_Ukraine_Drone_14.MOV']",
860459,"['LD_F_860459__Trasse__2020-10-23_Talne_Ukraine_Drone_19', '2020-10-23_Talne_Ukraine_Drone_19']",2:7a3347059da72e78fda26a12a324dba2,00:00:00:00:25/1,00:00:23:12:25/1,"['Trasse/2020-10-23/2020-10-23_Talne_Ukraine_Drone_19.MOV', 'Trasse/2020-10-23_Talne_Ukraine_Drone_19.MOV']",
860463,"['LD_F_860463__Trasse__2020-10-24_Talne_Ukraine_Drone_37', '2020-10-24_Talne_Ukraine_Drone_37']",2:447b711660d2e4910f21d1119daaa046,00:00:00:00:25/1,00:01:52:02:25/1,"['Trasse/2020-10-24/2020-10-24_Talne_Ukraine_Drone_37.MOV', 'Trasse/2020-10-24_Talne_Ukraine_Drone_37.MOV']",
860465,"['LD_F_860465__Trasse__2020-10-24_Talne_Ukraine_Drone_04', '2020-10-24_Talne_Ukraine_Drone_04']",2:6cb3be49d1475716630ff2e5d2e28588,00:00:00:00:25/1,00:01:41:07:25/1,"['Trasse/2020-10-24/2020-10-24_Talne_Ukraine_Drone_04.MOV', 'Trasse/2020-10-24_Talne_Ukraine_Drone_04.MOV']",
860466,"['LD_F_860466__Trasse__2020-10-23_Talne_Ukraine_Drone_10', '2020-10-23_Talne_Ukraine_Drone_10']",2:bbaf77c5c3adb15d0395dcdbc2ed437b,00:00:00:00:25/1,00:00:08:19:25/1,"['Trasse/2020-10-23/2020-10-23_Talne_Ukraine_Drone_10.MOV', 'Trasse/2020-10-23_Talne_Ukraine_Drone_10.MOV']",
860470,"['LD_F_860470__Trasse__2020-10-23_Talne_Ukraine_Drone_06', '2020-10-23_Talne_Ukraine_Drone_06']",2:ff4265246d913111df27b95ab4de43e2,00:00:00:00:25/1,00:00:26:10:25/1,"['Trasse/2020-10-23/2020-10-23_Talne_Ukraine_Drone_06.MOV', 'Trasse/2020-10-23_Talne_Ukraine_Drone_06.MOV']",
860473,"['LD_F_860473__Trasse__2020-10-24_Talne_Ukraine_Drone_45', '2020-10-24_Talne_Ukraine_Drone_45']",2:d932268e34b726489669abe1c8fe9134,00:00:00:00:25/1,00:00:38:21:25/1,"['Trasse/2020-10-24/2020-10-24_Talne_Ukraine_Drone_45.MOV', 'Trasse/2020-10-24_Talne_Ukraine_Drone_45.MOV']",
860474,"['LD_F_860474__Trasse__2020-10-24_Talne_Ukraine_Drone_08', '2020-10-24_Talne_Ukraine_Drone_08']",2:541c89fe0f8ec07cc0b52e77faebcac8,00:00:00:00:25/1,00:00:41:17:25/1,"['Trasse/2020-10-24/2020-10-24_Talne_Ukraine_Drone_08.MOV', 'Trasse/2020-10-24_Talne_Ukraine_Drone_08.MOV']",
860477,"['LD_F_860477__Trasse__2020-10-23_Talne_Ukraine_Drone_05', '2020-10-23_Talne_Ukraine_Drone_05']",2:a90a26107da2b2d6f1dceb9798ed7f70,00:00:00:00:25/1,00:00:15:13:25/1,"['Trasse/2020-10-23/2020-10-23_Talne_Ukraine_Drone_05.MOV', 'Trasse/2020-10-23_Talne_Ukraine_Drone_05.MOV']",
860479,"['LD_F_860479__Trasse__2020-10-24_Talne_Ukraine_Drone_46', '2020-10-24_Talne_Ukraine_Drone_46']",2:485622ee626f1f87e2299ed57091d98f,00:00:00:00:25/1,00:00:27:01:25/1,"['Trasse/2020-10-24/2020-10-24_Talne_Ukraine_Drone_46.MOV', 'Trasse/2020-10-24_Talne_Ukraine_Drone_46.MOV']",
860481,"['LD_F_860481__Trasse__2020-10-23_Talne_Ukraine_Drone_18', '2020-10-23_Talne_Ukraine_Drone_18']",2:2080ffef024d1f331301a02b57a99762,00:00:00:00:25/1,00:00:39:04:25/1,"['Trasse/2020-10-23/2020-10-23_Talne_Ukraine_Drone_18.MOV', 'Trasse/2020-10-23_Talne_Ukraine_Drone_18.MOV']",
860483,"['LD_F_860483__Trasse__2020-10-24_Talne_Ukraine_Drone_21', '2020-10-24_Talne_Ukraine_Drone_21']",2:c34e8e9aa5129b7cd38f1168638314dc,00:00:00:00:25/1,00:01:18:11:25/1,"['Trasse/2020-10-24/2020-10-24_Talne_Ukraine_Drone_21.MOV', 'Trasse/2020-10-24_Talne_Ukraine_Drone_21.MOV']",
860493,"['LD_F_860493__Trasse__2020-10-24_Talne_Ukraine_Drone_06', '2020-10-24_Talne_Ukraine_Drone_06']",2:47e375c1a76976143881ac4de488ba3b,00:00:00:00:25/1,00:00:29:10:25/1,"['Trasse/2020-10-24/2020-10-24_Talne_Ukraine_Drone_06.MOV', 'Trasse/2020-10-24_Talne_Ukraine_Drone_06.MOV']",
860494,"['LD_F_860494__Trasse__2020-10-24_Talne_Ukraine_Drone_40', '2020-10-24_Talne_Ukraine_Drone_40']",2:fbae01f51907176ff8c3d9df92864619,00:00:00:00:25/1,00:00:30:15:25/1,"['Trasse/2020-10-24/2020-10-24_Talne_Ukraine_Drone_40.MOV', 'Trasse/2020-10-24_Talne_Ukraine_Drone_40.MOV']",
860495,"['LD_F_860495__Trasse__2020-10-24_Talne_Ukraine_Drone_18', '2020-10-24_Talne_Ukraine_Drone_18']",2:4876cca27bd64888ac4c7da929674a7e,00:00:00:00:25/1,00:00:29:16:25/1,"['Trasse/2020-10-24/2020-10-24_Talne_Ukraine_Drone_18.MOV', 'Trasse/2020-10-24_Talne_Ukraine_Drone_18.MOV']",
860496,"['LD_F_860496__Trasse__2020-10-23_Talne_Ukraine_Drone_09', '2020-10-23_Talne_Ukraine_Drone_09']",2:e97a1c7883b4ee80716585e90106ad1c,00:00:00:00:25/1,00:03:18:16:25/1,"['Trasse/2020-10-23/2020-10-23_Talne_Ukraine_Drone_09.MOV', 'Trasse/2020-10-23_Talne_Ukraine_Drone_09.MOV']",
860501,"['LD_F_860501__Trasse__2020-10-23_Talne_Ukraine_Drone_16', '2020-10-23_Talne_Ukraine_Drone_16']",2:0722f1388633bff02e5bbadc24bdeb90,00:00:00:00:25/1,00:00:49:08:25/1,"['Trasse/2020-10-23/2020-10-23_Talne_Ukraine_Drone_16.MOV', 'Trasse/2020-10-23_Talne_Ukraine_Drone_16.MOV']",
860502,"['LD_F_860502__Trasse__2020-10-24_Talne_Ukraine_Drone_39', '2020-10-24_Talne_Ukraine_Drone_39']",2:3f9e17b9dc2d5661b451cc0356734e1c,00:00:00:00:25/1,00:00:18:24:25/1,"['Trasse/2020-10-24/2020-10-24_Talne_Ukraine_Drone_39.MOV', 'Trasse/2020-10-24_Talne_Ukraine_Drone_39.MOV']",
860510,"['LD_F_860510__Trasse__2020-10-24_Talne_Ukraine_Drone_13', '2020-10-24_Talne_Ukraine_Drone_13']",2:7c5248ab820d400d60e6809fc6116828,00:00:00:00:25/1,00:00:21:02:25/1,"['Trasse/2020-10-24/2020-10-24_Talne_Ukraine_Drone_13.MOV', 'Trasse/2020-10-24_Talne_Ukraine_Drone_13.MOV']",
860514,"['LD_F_860514__Trasse__2020-10-24_Talne_Ukraine_Drone_22', '2020-10-24_Talne_Ukraine_Drone_22']",2:9c5bf98d38a2257edc1f404509d9f369,00:00:00:00:25/1,00:00:52:15:25/1,"['Trasse/2020-10-24/2020-10-24_Talne_Ukraine_Drone_22.MOV', 'Trasse/2020-10-24_Talne_Ukraine_Drone_22.MOV']",
860517,"['LD_F_860517__Trasse__2020-10-23_Talne_Ukraine_Drone_03', '2020-10-23_Talne_Ukraine_Drone_03']",2:3d1499e2f094a7ad3d4a276768689b48,00:00:00:00:25/1,00:00:11:11:25/1,"['Trasse/2020-10-23/2020-10-23_Talne_Ukraine_Drone_03.MOV', 'Trasse/2020-10-23_Talne_Ukraine_Drone_03.MOV']",
860521,"['LD_F_860521__Trasse__2020-10-24_Talne_Ukraine_Drone_17', '2020-10-24_Talne_Ukraine_Drone_17']",2:779edb30f56c0cb07cbaa182d3b188c8,00:00:00:00:25/1,00:00:22:16:25/1,"['Trasse/2020-10-24/2020-10-24_Talne_Ukraine_Drone_17.MOV', 'Trasse/2020-10-24_Talne_Ukraine_Drone_17.MOV']",
860524,"['LD_F_860524__Trasse__2020-10-24_Talne_Ukraine_Drone_02', '2020-10-24_Talne_Ukraine_Drone_02']",2:628feb4c1e5e15fc56055bcaef6c75db,00:00:00:00:25/1,00:02:29:08:25/1,"['Trasse/2020-10-24/2020-10-24_Talne_Ukraine_Drone_02.MOV', 'Trasse/2020-10-24_Talne_Ukraine_Drone_02.MOV']",
860527,"['LD_F_860527__Trasse__2020-10-24_Talne_Ukraine_Drone_31', '2020-10-24_Talne_Ukraine_Drone_31']",2:d032a51628d3491d5f635a2af6740891,00:00:00:00:25/1,00:01:21:18:25/1,"['Trasse/2020-10-24/2020-10-24_Talne_Ukraine_Drone_31.MOV', 'Trasse/2020-10-24_Talne_Ukraine_Drone_31.MOV']",
860528,"['LD_F_860528__Trasse__2020-10-24_Talne_Ukraine_Drone_26', '2020-10-24_Talne_Ukraine_Drone_26']",2:012842336178df1488441c613e590d18,00:00:00:00:25/1,00:01:25:14:25/1,"['Trasse/2020-10-24/2020-10-24_Talne_Ukraine_Drone_26.MOV', 'Trasse/2020-10-24_Talne_Ukraine_Drone_26.MOV']",
860529,"['LD_F_860529__Trasse__2020-10-23_Talne_Ukraine_Drone_17', '2020-10-23_Talne_Ukraine_Drone_17']",2:ab4121ddf99226f57b0a1af42ffea415,00:00:00:00:25/1,00:02:01:05:25/1,"['Trasse/2020-10-23/2020-10-23_Talne_Ukraine_Drone_17.MOV', 'Trasse/2020-10-23_Talne_Ukraine_Drone_17.MOV']",
860530,"['LD_F_860530__Trasse__2020-10-23_Talne_Ukraine_Drone_04', '2020-10-23_Talne_Ukraine_Drone_04']",2:b4ae3519e3d6de56564b45484479dfb0,00:00:00:00:25/1,00:01:02:12:25/1,"['Trasse/2020-10-23/2020-10-23_Talne_Ukraine_Drone_04.MOV', 'Trasse/2020-10-23_Talne_Ukraine_Drone_04.MOV']",
860531,"['LD_F_860531__Trasse__2020-10-24_Talne_Ukraine_Drone_09', '2020-10-24_Talne_Ukraine_Drone_09']",2:0d72591b731baff5e9ffda4559ec2810,00:00:00:00:25/1,00:01:31:24:25/1,"['Trasse/2020-10-24/2020-10-24_Talne_Ukraine_Drone_09.MOV', 'Trasse/2020-10-24_Talne_Ukraine_Drone_09.MOV']",
860534,"['LD_F_860534__Trasse__2020-10-23_Talne_Ukraine_Drone_08', '2020-10-23_Talne_Ukraine_Drone_08']",2:4a4430ba2aadb623270bf1a156b33bb4,00:00:00:00:25/1,00:02:26:00:25/1,"['Trasse/2020-10-23/2020-10-23_Talne_Ukraine_Drone_08.MOV', 'Trasse/2020-10-23_Talne_Ukraine_Drone_08.MOV']",
862551,DJI_0122,2:d811161aefab97239f9bd43ff536fbb6,00:00:00:00:25/1,00:00:17:19:25/1,Countdown Mauer/Mauer_2019-01-30_OSMO/OSMO Probebilder MauerBradenburger Tor/100MEDIA/DJI_0122.MOV,
862784,DJI_0120,2:bfac8f5f2754f27a9aef3a7b18d31b16,00:00:00:00:25000/1001,00:05:26:05:25000/1001,Countdown Mauer/Mauer_2019-01-30_OSMO/OSMO Probebilder MauerBradenburger Tor/100MEDIA/DJI_0120.MOV,
862809,DJI_0119,2:4e5c3171c6de1bfb755ea7d2a23da045,00:00:00:00:25/1,00:00:30:05:25/1,Countdown Mauer/Mauer_2019-01-30_OSMO/OSMO Probebilder MauerBradenburger Tor/100MEDIA/DJI_0119.MOV,
862894,DJI_0118,2:cf412b7769ade0f87068b82e5daf09fa,00:00:00:00:25/1,00:00:02:24:25/1,Countdown Mauer/Mauer_2019-01-30_OSMO/OSMO Probebilder MauerBradenburger Tor/100MEDIA/DJI_0118.MOV,
862951,DJI_0117,2:1c1579c9d671164e33a9732e193312cf,00:00:00:00:25/1,00:00:51:19:25/1,Countdown Mauer/Mauer_2019-01-30_OSMO/OSMO Probebilder MauerBradenburger Tor/100MEDIA/DJI_0117.MOV,
863018,DJI_0116,2:7ee8a76733e090ddfefd9665815c7257,00:00:00:00:25/1,00:00:43:14:25/1,Countdown Mauer/Mauer_2019-01-30_OSMO/OSMO Probebilder MauerBradenburger Tor/100MEDIA/DJI_0116.MOV,
863118,DJI_0115,2:961db93b9932f4fab1e7d16c1671c61c,00:00:00:00:25/1,00:00:47:04:25/1,Countdown Mauer/Mauer_2019-01-30_OSMO/OSMO Probebilder MauerBradenburger Tor/100MEDIA/DJI_0115.MOV,
863592,DJI_0121,2:3086162af6f9ccefc01145e592d50781,00:00:00:00:25/1,00:00:05:24:25/1,Countdown Mauer/Mauer_2019-01-30_OSMO/OSMO Probebilder MauerBradenburger Tor/100MEDIA/DJI_0121.MOV,
866315,"['2021-08-22_Zone_Drone_Card6_DJI_0795', '2021-08-22_B-Roll_Zone_Drone_Card6_DJI_0795']",2:0e440182b93bd0f1142fd5a5d7454024,00:00:00:00:25/1,00:03:41:22:25/1,"['ONLINING/2021-08-22_Zone_Drone_Card6_DJI_0795.MOV', 'Tschernobyl/2021-08-22/Tschernobyl_Block2/Drone/Card6/DCIM/100MEDIA/ 2021 08 22 Tschernobyl_Block2 Drone Card6 DJI_0795.MOV', 'Krieg in Europa - Das Ukraine-Drama #L00004P/B-Roll/2021-08-22_Zone_Drone/2021-08-22_B-Roll_Zone_Drone_Card6_DJI_0795.MOV']",
866940,"['2021-08-22_Zone_Drone_Card6_DJI_0796', '2021-08-22_B-Roll_Zone_Drone_Card6_DJI_0796']",2:305867d20cca6756b2f6b5b05fa6a610,00:00:00:00:25/1,00:03:53:14:25/1,"['ONLINING/2021-08-22_Zone_Drone_Card6_DJI_0796.MOV', 'Tschernobyl/2021-08-22/Tschernobyl_Block2/Drone/Card6/DCIM/100MEDIA/ 2021 08 22 Tschernobyl_Block2 Drone Card6 DJI_0796.MOV', 'Krieg in Europa - Das Ukraine-Drama #L00004P/B-Roll/2021-08-22_Zone_Drone/2021-08-22_B-Roll_Zone_Drone_Card6_DJI_0796.MOV']",
871568,Schachfigur_Abdelmadjid Tebboune,2:6ff39ae78f902e73ec904b0041e16a7f,00:00:00:00:25/1,00:00:09:21:25/1,Archiv Master/Master/Schachfigur_Abdelmadjid Tebboune.mov,
880851,"SST M__1031533553__Old steam train running on the tracks in the countryside. Heritage historic steam locomotive with smoke, seen from above by drone.",2:73a52daea631dd908d4acc08a66700ab,00:00:00:00:25/1,00:00:37:02:25/1,"Archive Masters/EP4/SST M__1031533553__Old steam train running on the tracks in the countryside. Heritage historic steam locomotive with smoke, seen from above by drone..mov",
898203,"REU 1055 M__1622571__CITYSHOTS Fall in love with Paris - by foot, boat, drone or skateboard__France 2021",2:c385e223ea440be85fce60319ff7b5fa,00:00:00:00:25/1,00:01:18:12:25/1,"Archiv Master/Episode 2/REU (Screenocean Reuters)/REU 1055 M__1622571__CITYSHOTS Fall in love with Paris - by foot, boat, drone or skateboard__France 2021.mxf",
898216,Schachfigur_Abdelmadjid Tebboune,2:9ddf58be85fa52f7c57c1661978cb499,00:00:00:00:25/1,00:00:09:21:25/1,"['Archiv Master/Episode 2/Effekt Tafeln/Schachfigur_Abdelmadjid Tebboune.mov', 'Archiv Master/Episode 2/Effekt Tafeln/Ergänzungen/Schachfigur_Abdelmadjid Tebboune.mov']",
912010,2022-06-28_DT19_Ep 5_8_Drone_DJI_0007,2:c03568ba8454c738ba8a04ce2ef0c70c,00:00:00:00:25/1,00:01:42:11:25/1,My Dream/My_Dream OCF/2022-06-28/DT19_Ep 5_8_Drone/CARD_117/DCIM/100MEDIA/2022-06-28_DT19_Ep 5_8_Drone_DJI_0007.MOV,
912116,2022-06-28_DT19_Ep 5_8_Drone_DJI_0007,2:19092adedf76866cd68374417c5d80ff,00:00:00:00:25/1,00:01:42:11:25/1,My Dream/My_Dream OCF/2022-06-28/DT19_Ep 5_8_Drone/CARD_117/DCIM/100MEDIA/2022-06-28_DT19_Ep 5_8_Drone_DJI_0007.mxf,
912178,2022-06-28_DT19_Ep 5_8_Drone_DJI_0006,2:bcc2c163c0b714d74fd02eb24123cdbf,00:00:00:00:25/1,00:02:33:17:25/1,My Dream/My_Dream OCF/2022-06-28/DT19_Ep 5_8_Drone/CARD_117/DCIM/100MEDIA/2022-06-28_DT19_Ep 5_8_Drone_DJI_0006.mxf,
912979,2022-06-28_DT19_Ep 5_8_Drone_DJI_0003,2:c6654955a62b8f71a3f44a2c05d24848,00:00:00:00:25/1,00:00:24:23:25/1,My Dream/My_Dream OCF/2022-06-28/DT19_Ep 5_8_Drone/CARD_117/DCIM/100MEDIA/2022-06-28_DT19_Ep 5_8_Drone_DJI_0003.MOV,
912996,2022-06-28_DT19_Ep 5_8_Drone_DJI_0003,2:530e78678e2bae58771a7299ebba51c8,00:00:00:00:25/1,00:00:24:23:25/1,My Dream/My_Dream OCF/2022-06-28/DT19_Ep 5_8_Drone/CARD_117/DCIM/100MEDIA/2022-06-28_DT19_Ep 5_8_Drone_DJI_0003.mxf,
913041,2022-06-28_DT19_Ep 5_8_Drone_DJI_0002,2:2f7ca2d1969b868c1bb96564c08eeb3d,00:00:00:00:25/1,00:00:39:14:25/1,My Dream/My_Dream OCF/2022-06-28/DT19_Ep 5_8_Drone/CARD_117/DCIM/100MEDIA/2022-06-28_DT19_Ep 5_8_Drone_DJI_0002.MOV,
913120,2022-06-28_DT19_Ep 5_8_Drone_DJI_0002,2:c008545da1a09b96ca75d367a27c0572,00:00:00:00:25/1,00:00:39:14:25/1,My Dream/My_Dream OCF/2022-06-28/DT19_Ep 5_8_Drone/CARD_117/DCIM/100MEDIA/2022-06-28_DT19_Ep 5_8_Drone_DJI_0002.mxf,
913150,2022-06-28_DT19_Ep 5_8_Drone_DJI_0001,2:57de7f3dc55ada8a46ccddc7e2191a9e,00:00:00:00:25/1,00:00:53:20:25/1,My Dream/My_Dream OCF/2022-06-28/DT19_Ep 5_8_Drone/CARD_117/DCIM/100MEDIA/2022-06-28_DT19_Ep 5_8_Drone_DJI_0001.mxf,
913384,2022-06-28_DT19_Ep 5_8_Drone_DJI_0001,2:31113be741298d5ae19967f13ad19291,00:00:00:00:25/1,00:00:53:20:25/1,My Dream/My_Dream OCF/2022-06-28/DT19_Ep 5_8_Drone/CARD_117/DCIM/100MEDIA/2022-06-28_DT19_Ep 5_8_Drone_DJI_0001.MOV,
913461,2022-06-28_DT19_Ep 5_8_Drone_DJI_0011,2:a8ddc82f340d613adbc7afcd7d5aadfc,00:00:00:00:25/1,00:02:24:12:25/1,My Dream/My_Dream OCF/2022-06-28/DT19_Ep 5_8_Drone/CARD_117/DCIM/100MEDIA/2022-06-28_DT19_Ep 5_8_Drone_DJI_0011.mxf,
913517,2022-06-28_DT19_Ep 5_8_Drone_DJI_0006,2:2556e09a5ba9355b42a27127acc5fe90,00:00:00:00:25/1,00:02:33:17:25/1,My Dream/My_Dream OCF/2022-06-28/DT19_Ep 5_8_Drone/CARD_117/DCIM/100MEDIA/2022-06-28_DT19_Ep 5_8_Drone_DJI_0006.MOV,
913646,2022-06-28_DT19_Ep 5_8_Drone_DJI_0005,2:b402c67f709bdc3c114ab3ef61d81f15,00:00:00:00:25/1,00:00:54:17:25/1,My Dream/My_Dream OCF/2022-06-28/DT19_Ep 5_8_Drone/CARD_117/DCIM/100MEDIA/2022-06-28_DT19_Ep 5_8_Drone_DJI_0005.MOV,
913676,2022-06-28_DT19_Ep 5_8_Drone_DJI_0011,2:4f4c5b0820d5f6e1105b175d0da6c914,00:00:00:00:25/1,00:02:24:12:25/1,My Dream/My_Dream OCF/2022-06-28/DT19_Ep 5_8_Drone/CARD_117/DCIM/100MEDIA/2022-06-28_DT19_Ep 5_8_Drone_DJI_0011.MOV,
913707,2022-06-28_DT19_Ep 5_8_Drone_DJI_0005,2:8160d1d49d4cf3b0e3a5feaa2b5a7ae6,00:00:00:00:25/1,00:00:54:17:25/1,My Dream/My_Dream OCF/2022-06-28/DT19_Ep 5_8_Drone/CARD_117/DCIM/100MEDIA/2022-06-28_DT19_Ep 5_8_Drone_DJI_0005.mxf,
913719,2022-06-28_DT19_Ep 5_8_Drone_DJI_0010,2:f986db627b87fda9890ad31dd6f18436,00:00:00:00:25/1,00:00:42:15:25/1,My Dream/My_Dream OCF/2022-06-28/DT19_Ep 5_8_Drone/CARD_117/DCIM/100MEDIA/2022-06-28_DT19_Ep 5_8_Drone_DJI_0010.MOV,
913771,2022-06-28_DT19_Ep 5_8_Drone_DJI_0004,2:d2ee6c83109a34f24821fe0abf2bc591,00:00:00:00:25/1,00:00:30:13:25/1,My Dream/My_Dream OCF/2022-06-28/DT19_Ep 5_8_Drone/CARD_117/DCIM/100MEDIA/2022-06-28_DT19_Ep 5_8_Drone_DJI_0004.mxf,
913809,2022-06-28_DT19_Ep 5_8_Drone_DJI_0010,2:ccb1e84d68d9356c84202b27741e035c,00:00:00:00:25/1,00:00:42:15:25/1,My Dream/My_Dream OCF/2022-06-28/DT19_Ep 5_8_Drone/CARD_117/DCIM/100MEDIA/2022-06-28_DT19_Ep 5_8_Drone_DJI_0010.mxf,
913871,2022-06-28_DT19_Ep 5_8_Drone_DJI_0009,2:879ec92fdaa154cad2153502ebf56694,00:00:00:00:25/1,00:01:39:17:25/1,My Dream/My_Dream OCF/2022-06-28/DT19_Ep 5_8_Drone/CARD_117/DCIM/100MEDIA/2022-06-28_DT19_Ep 5_8_Drone_DJI_0009.MOV,
913893,2022-06-28_DT19_Ep 5_8_Drone_DJI_0009,2:621bf135b714355cbb9b7afaf3a33de3,00:00:00:00:25/1,00:01:39:17:25/1,My Dream/My_Dream OCF/2022-06-28/DT19_Ep 5_8_Drone/CARD_117/DCIM/100MEDIA/2022-06-28_DT19_Ep 5_8_Drone_DJI_0009.mxf,
913940,2022-06-28_DT19_Ep 5_8_Drone_DJI_0008,2:4b3c20051e21e7d23be9c47d86b35dd8,00:00:00:00:25/1,00:01:03:05:25/1,My Dream/My_Dream OCF/2022-06-28/DT19_Ep 5_8_Drone/CARD_117/DCIM/100MEDIA/2022-06-28_DT19_Ep 5_8_Drone_DJI_0008.MOV,
914181,2022-06-28_DT19_Ep 5_8_Drone_DJI_0004,2:7607390664907e41ecdd752e26e75169,00:00:00:00:25/1,00:00:30:13:25/1,My Dream/My_Dream OCF/2022-06-28/DT19_Ep 5_8_Drone/CARD_117/DCIM/100MEDIA/2022-06-28_DT19_Ep 5_8_Drone_DJI_0004.MOV,
914221,2022-06-28_DT19_Ep 5_8_Drone_DJI_0008,2:bdcdcbf0b8fd16cd1b806ee0023c56ed,00:00:00:00:25/1,00:01:03:05:25/1,My Dream/My_Dream OCF/2022-06-28/DT19_Ep 5_8_Drone/CARD_117/DCIM/100MEDIA/2022-06-28_DT19_Ep 5_8_Drone_DJI_0008.mxf,
914482,DJI_0667,2:36f40399c47bc8755990400a2f08788e,00:00:00:00:50/1,00:00:06:34:50/1,"['Archive Master/FEUM/FEUM 006 M__DJI_0667__Feuerwehroffice__Germany.MP4', 'Archive Master/Sonstige/Transfer Michael Kloepper Feuerwehr-Magazin/DJI_0667.MP4']",
914510,DJI_0629,2:a03f218a095979218d84f8101a4368a2,00:00:00:00:50/1,00:00:15:33:50/1,"['Archive Master/FEUM/FEUM 001 M__DJI_0629__Feuerwehrtruck im Einsatz__Germany.MP4', 'Archive Master/Sonstige/Transfer Michael Kloepper Feuerwehr-Magazin/DJI_0629.MP4']",
914600,DJI_0660,2:8435bb8e153f9168a17fbf5d92e12e03,00:00:00:00:50/1,00:00:12:45:50/1,"['Archive Master/FEUM/FEUM 003 M__DJI_0660__Feuerwehrausrüstung__Germany.MP4', 'Archive Master/Sonstige/Transfer Michael Kloepper Feuerwehr-Magazin/DJI_0660.MP4']",
914654,DJI_0659,2:34347a9156dbd3d31fb13d5e4a12c4e5,00:00:00:00:50/1,00:00:40:10:50/1,"['Archive Master/FEUM/FEUM 002 M__DJI_0659__Feuerwehrstation__Germany.MP4', 'Archive Master/Sonstige/Transfer Michael Kloepper Feuerwehr-Magazin/DJI_0659.MP4']",
914711,DJI_0663,2:e843c6db9e4f3f82ce6fe0e8be5d8343,00:00:00:00:50/1,00:00:04:11:50/1,"['Archive Master/FEUM/FEUM 005 M__DJI_0663__Feuerwehrschlauch__Germany.MP4', 'Archive Master/Sonstige/Transfer Michael Kloepper Feuerwehr-Magazin/DJI_0663.MP4']",
914762,DJI_0661,2:b54a4c9846fc1e6aae07d1b38a73fc7b,00:00:00:00:50/1,00:00:37:49:50/1,"['Archive Master/FEUM/FEUM 004 M__DJI_0661__Feuerwehrtruck fährt aus__Germany.MP4', 'Archive Master/Sonstige/Transfer Michael Kloepper Feuerwehr-Magazin/DJI_0661.MP4']",
916238,IIM 189 M__204854771__autumn colors of lviv city drone__Ukraine 2022,2:266a26e33d4e2fdcd941c87bd1b8d90d,00:00:00:00:30000/1001 nd,00:00:13:25:30000/1001 nd,ARCHIVE MASTER/IIM (Imago)/IIM 189 M__204854771__autumn colors of lviv city drone__Ukraine 2022.mov,
916299,"IIM 180 M__0135746714__Aerial drone video of city Lviv, Ukraine. Flight above roofs and streets__Ukraine 2020",2:715d7ceec52cd7f92520f44dc06d017d,00:00:00:00:30000/1001,00:00:19:10:30000/1001,"ARCHIVE MASTER/IIM (Imago)/IIM 180 M__0135746714__Aerial drone video of city Lviv, Ukraine. Flight above roofs and streets__Ukraine 2020.mov",
916355,IIM 189__204854771__autumn colors of lviv city drone__Ukraine 2022,2:2d96b24b364d72f0e107926f1ece0eb6,00:00:00:00:30000/1001,00:00:13:25:30000/1001,ARCHIVE MASTER/CONVERTED FILES TO INGEST/2023-12-12 (2)/IIM 189__204854771__autumn colors of lviv city drone__Ukraine 2022.mov,
947465, 2021 08 17 Tschernobyl_Block2 Drone Card2 DJI_0719,2:12eaf0db6cb7343d0d484322e9bc3547,00:00:00:00:25/1,00:01:19:14:25/1,Tschernobyl/2021-08-17/Tschernobyl_Block2/Drone/Card2/DCIM/100MEDIA/ 2021 08 17 Tschernobyl_Block2 Drone Card2 DJI_0719.MOV,
947470, 2021 08 16 Tschernobyl_Block2 Drone Card1 DJI_0692,2:2b4460c995829bcbcc2efe3ee7794a12,00:00:00:00:25/1,00:01:24:18:25/1,Tschernobyl/2021-08-16/Tschernobyl_Block2/Drone/Card1/DCIM/100MEDIA/ 2021 08 16 Tschernobyl_Block2 Drone Card1 DJI_0692.MOV,
947488, 2021 08 19 Tschernobyl_Block2 Drone Card3 DJI_0751,2:fddaf33f1111daac55cb1d312379228d,00:00:00:00:25/1,00:01:17:19:25/1,Tschernobyl/2021-08-19/Tschernobyl_Block2/Drone/Card3/DCIM/100MEDIA/ 2021 08 19 Tschernobyl_Block2 Drone Card3 DJI_0751.MOV,
947517, 2021 08 19 Tschernobyl_Block2 Sony_Alpha Card001 C0120S03,2:df14b26dedfbe3cc19819fb6e4230856,13:14:27:20:25/1,13:15:13:21:25/1,"['Tschernobyl/2021-08-19/Tschernobyl_Block2/Sony_Alpha/Card001/M4ROOT/SUB/ 2021 08 19 Tschernobyl_Block2 Sony_Alpha Card001 C0120S03.MP4', 'Tschernobyl/2021-08-19/Tschernobyl_Block2/Drone/Card4/M4ROOT/SUB/ 2021 08 19 Tschernobyl_Block2 Drone Card4 C0120S03.MP4']",
947546, 2021 08 19 Tschernobyl_Block2 Drone Card3 DJI_0744,2:c6721729c96e360b980b58c9d80e4ed6,00:00:00:00:25/1,00:02:01:19:25/1,Tschernobyl/2021-08-19/Tschernobyl_Block2/Drone/Card3/DCIM/100MEDIA/ 2021 08 19 Tschernobyl_Block2 Drone Card3 DJI_0744.MOV,
947547, 2021 08 19 Tschernobyl_Block2 Drone Card3 DJI_0735,2:576b87ad82c1d6c6e45dd8bc0b0909a5,00:00:00:00:25/1,00:01:12:00:25/1,Tschernobyl/2021-08-19/Tschernobyl_Block2/Drone/Card3/DCIM/100MEDIA/ 2021 08 19 Tschernobyl_Block2 Drone Card3 DJI_0735.MOV,
947548, 2021 08 20 Tschernobyl_Block2 Drone Card5 DJI_0777,2:c64cac55b56f69043548558ba3325723,00:00:00:00:25/1,00:01:02:23:25/1,Tschernobyl/2021-08-20/Tschernobyl_Block2/Drone/Card5/DCIM/101MEDIA/ 2021 08 20 Tschernobyl_Block2 Drone Card5 DJI_0777.MOV,
947585, 2021 08 17 Tschernobyl_Block2 Drone Card2 DJI_0720,2:cebc79e9b69a7105ede5af46cacd5f02,00:00:00:00:25/1,00:01:19:10:25/1,Tschernobyl/2021-08-17/Tschernobyl_Block2/Drone/Card2/DCIM/100MEDIA/ 2021 08 17 Tschernobyl_Block2 Drone Card2 DJI_0720.MOV,
947628, 2021 08 19 Tschernobyl_Block2 Drone Card3 DJI_0745,2:80b0a5cb8e28b9379d3ec73f75258153,00:00:00:00:25/1,00:03:24:09:25/1,Tschernobyl/2021-08-19/Tschernobyl_Block2/Drone/Card3/DCIM/100MEDIA/ 2021 08 19 Tschernobyl_Block2 Drone Card3 DJI_0745.MOV,
947650, 2021 08 19 Tschernobyl_Block2 Sony_Alpha Card001 C0121S03,2:a9c22eb43a2672fd8ef86791ea1b2a01,13:15:13:22:25/1,13:16:49:21:25/1,"['Tschernobyl/2021-08-19/Tschernobyl_Block2/Drone/Card4/M4ROOT/SUB/ 2021 08 19 Tschernobyl_Block2 Drone Card4 C0121S03.MP4', 'Tschernobyl/2021-08-19/Tschernobyl_Block2/Sony_Alpha/Card001/M4ROOT/SUB/ 2021 08 19 Tschernobyl_Block2 Sony_Alpha Card001 C0121S03.MP4']",
947660, 2021 08 16 Tschernobyl_Block2 Drone Card1 DJI_0693,2:b139bf913c44681f95831ed6a1649c35,00:00:00:00:25/1,00:01:21:22:25/1,Tschernobyl/2021-08-16/Tschernobyl_Block2/Drone/Card1/DCIM/100MEDIA/ 2021 08 16 Tschernobyl_Block2 Drone Card1 DJI_0693.MOV,
947701, 2021 08 20 Tschernobyl_Block2 Drone Card5 DJI_0778,2:efb091703bdc23c99401c3608bd44d27,00:00:00:00:25/1,00:01:42:12:25/1,Tschernobyl/2021-08-20/Tschernobyl_Block2/Drone/Card5/DCIM/101MEDIA/ 2021 08 20 Tschernobyl_Block2 Drone Card5 DJI_0778.MOV,
947704, 2021 08 19 Tschernobyl_Block2 Drone Card3 DJI_0736,2:2ac5bc873fc28604cb4042ed1085c002,00:00:00:00:25/1,00:00:58:09:25/1,Tschernobyl/2021-08-19/Tschernobyl_Block2/Drone/Card3/DCIM/100MEDIA/ 2021 08 19 Tschernobyl_Block2 Drone Card3 DJI_0736.MOV,
947747, 2021 08 17 Tschernobyl_Block2 Drone Card2 DJI_0713,2:205f2a47524ebbb3e786e5660d77c922,00:00:00:00:25/1,00:01:33:09:25/1,Tschernobyl/2021-08-17/Tschernobyl_Block2/Drone/Card2/DCIM/100MEDIA/ 2021 08 17 Tschernobyl_Block2 Drone Card2 DJI_0713.MOV,
947779, 2021 08 19 Tschernobyl_Block2 Drone Card3 DJI_0746,2:9bf6192a630e777cb2da40803937e208,00:00:00:00:25/1,00:02:48:15:25/1,Tschernobyl/2021-08-19/Tschernobyl_Block2/Drone/Card3/DCIM/100MEDIA/ 2021 08 19 Tschernobyl_Block2 Drone Card3 DJI_0746.MOV,
947804, 2021 08 19 Tschernobyl_Block2 Sony_Alpha Card001 C0122S03,2:a013dd9f1ea800521b72feea92536d39,13:16:49:22:25/1,13:17:44:14:25/1,"['Tschernobyl/2021-08-19/Tschernobyl_Block2/Sony_Alpha/Card001/M4ROOT/SUB/ 2021 08 19 Tschernobyl_Block2 Sony_Alpha Card001 C0122S03.MP4', 'Tschernobyl/2021-08-19/Tschernobyl_Block2/Drone/Card4/M4ROOT/SUB/ 2021 08 19 Tschernobyl_Block2 Drone Card4 C0122S03.MP4']",
947814, 2021 08 16 Tschernobyl_Block2 Drone Card1 DJI_0694,2:5db7fc7dc31344f7c26dcaf2a126820f,00:00:00:00:25/1,00:04:23:00:25/1,Tschernobyl/2021-08-16/Tschernobyl_Block2/Drone/Card1/DCIM/100MEDIA/ 2021 08 16 Tschernobyl_Block2 Drone Card1 DJI_0694.MOV,
947844, 2021 08 19 Tschernobyl_Block2 Drone Card3 DJI_0737,2:2591b2899d11bf9a59253c366188977d,00:00:00:00:25/1,00:00:38:15:25/1,Tschernobyl/2021-08-19/Tschernobyl_Block2/Drone/Card3/DCIM/100MEDIA/ 2021 08 19 Tschernobyl_Block2 Drone Card3 DJI_0737.MOV,
947879, 2021 08 17 Tschernobyl_Block2 Drone Card2 DJI_0714,2:4fd9c888cced97b053897f9609319fdf,00:00:00:00:25/1,00:00:06:08:25/1,Tschernobyl/2021-08-17/Tschernobyl_Block2/Drone/Card2/DCIM/100MEDIA/ 2021 08 17 Tschernobyl_Block2 Drone Card2 DJI_0714.MOV,
947911, 2021 08 19 Tschernobyl_Block2 Drone Card3 DJI_0747,2:6088a8d05eec86533a3ed78702ce3564,00:00:00:00:25/1,00:01:40:18:25/1,Tschernobyl/2021-08-19/Tschernobyl_Block2/Drone/Card3/DCIM/100MEDIA/ 2021 08 19 Tschernobyl_Block2 Drone Card3 DJI_0747.MOV,
947918, 2021 08 19 Tschernobyl_Block2 Drone Card3 DJI_0739,2:c8cc9525c9cb9033b80e0d0dce482864,00:00:00:00:25/1,00:01:00:13:25/1,Tschernobyl/2021-08-19/Tschernobyl_Block2/Drone/Card3/DCIM/100MEDIA/ 2021 08 19 Tschernobyl_Block2 Drone Card3 DJI_0739.MOV,
947938, 2021 08 16 Tschernobyl_Block2 Drone Card1 DJI_0683,2:ea0a9ad3902f0f977aa565642ecb2eb3,00:00:00:00:25/1,00:01:05:24:25/1,Tschernobyl/2021-08-16/Tschernobyl_Block2/Drone/Card1/DCIM/100MEDIA/ 2021 08 16 Tschernobyl_Block2 Drone Card1 DJI_0683.MOV,
947980, 2021 08 19 Tschernobyl_Block2 Drone Card3 DJI_0738,2:abec733192c9cb9393cc5ea635e57c67,00:00:00:00:25/1,00:01:33:23:25/1,Tschernobyl/2021-08-19/Tschernobyl_Block2/Drone/Card3/DCIM/100MEDIA/ 2021 08 19 Tschernobyl_Block2 Drone Card3 DJI_0738.MOV,
948000, 2021 08 16 Tschernobyl_Block2 Drone Card1 DJI_0682,2:3472a6911815b46184d05ac8243b237f,00:00:00:00:25/1,00:00:01:17:25/1,Tschernobyl/2021-08-16/Tschernobyl_Block2/Drone/Card1/DCIM/100MEDIA/ 2021 08 16 Tschernobyl_Block2 Drone Card1 DJI_0682.MOV,
948016, 2021 08 17 Tschernobyl_Block2 Drone Card2 DJI_0715,2:c0de7ff322e42ffab056a80125924a98,00:00:00:00:25/1,00:01:06:03:25/1,Tschernobyl/2021-08-17/Tschernobyl_Block2/Drone/Card2/DCIM/100MEDIA/ 2021 08 17 Tschernobyl_Block2 Drone Card2 DJI_0715.MOV,
948018, 2021 08 16 Tschernobyl_Block2 Drone Card1 DJI_0688,2:24f3864e8b3929cdeb1094f8f779e149,00:00:00:00:25/1,00:01:10:17:25/1,Tschernobyl/2021-08-16/Tschernobyl_Block2/Drone/Card1/DCIM/100MEDIA/ 2021 08 16 Tschernobyl_Block2 Drone Card1 DJI_0688.MOV,
948094, 2021 08 16 Tschernobyl_Block2 Drone Card1 DJI_0689,2:ff10d1b85e38f34c498aac47af6d1077,00:00:00:00:25/1,00:00:47:04:25/1,Tschernobyl/2021-08-16/Tschernobyl_Block2/Drone/Card1/DCIM/100MEDIA/ 2021 08 16 Tschernobyl_Block2 Drone Card1 DJI_0689.MOV,
948116, 2021 08 19 Tschernobyl_Block2 Drone Card3 DJI_0731,2:1621ea56f52a123362c3c290f41ae884,00:00:00:00:25/1,00:05:09:18:25/1,Tschernobyl/2021-08-19/Tschernobyl_Block2/Drone/Card3/DCIM/100MEDIA/ 2021 08 19 Tschernobyl_Block2 Drone Card3 DJI_0731.MOV,
948148, 2021 08 17 Tschernobyl_Block2 Drone Card2 DJI_0716,2:d29c66876e79a6b425f8a611057fa245,00:00:00:00:25/1,00:04:20:11:25/1,Tschernobyl/2021-08-17/Tschernobyl_Block2/Drone/Card2/DCIM/100MEDIA/ 2021 08 17 Tschernobyl_Block2 Drone Card2 DJI_0716.MOV,
948160, 2021 08 17 Tschernobyl_Block2 Drone Card2 DJI_0709,2:6f7f8236bcc83e90b90cde41f9d54095,00:00:00:00:25/1,00:01:26:15:25/1,Tschernobyl/2021-08-17/Tschernobyl_Block2/Drone/Card2/DCIM/100MEDIA/ 2021 08 17 Tschernobyl_Block2 Drone Card2 DJI_0709.MOV,
948178, 2021 08 19 Tschernobyl_Block2 Drone Card3 DJI_0741,2:5159b61beaa23618eee9490a6c107e99,00:00:00:00:25/1,00:00:38:12:25/1,Tschernobyl/2021-08-19/Tschernobyl_Block2/Drone/Card3/DCIM/100MEDIA/ 2021 08 19 Tschernobyl_Block2 Drone Card3 DJI_0741.MOV,
948222, 2021 08 16 Tschernobyl_Block2 Drone Card1 DJI_0690,2:571c395e00f1b34946dbb3731f3c2de5,00:00:00:00:25/1,00:04:06:06:25/1,Tschernobyl/2021-08-16/Tschernobyl_Block2/Drone/Card1/DCIM/100MEDIA/ 2021 08 16 Tschernobyl_Block2 Drone Card1 DJI_0690.MOV,
948235, 2021 08 19 Tschernobyl_Block2 Drone Card3 DJI_0740,2:8666d30a6c03451118ed79f7d6b0a4bf,00:00:00:00:25/1,00:01:42:18:25/1,Tschernobyl/2021-08-19/Tschernobyl_Block2/Drone/Card3/DCIM/100MEDIA/ 2021 08 19 Tschernobyl_Block2 Drone Card3 DJI_0740.MOV,
948251, 2021 08 20 Tschernobyl_Block2 Drone Card5 DJI_0774,2:8256d986ca009d9be550d60826d7e336,00:00:00:00:25/1,00:01:52:17:25/1,Tschernobyl/2021-08-20/Tschernobyl_Block2/Drone/Card5/DCIM/101MEDIA/ 2021 08 20 Tschernobyl_Block2 Drone Card5 DJI_0774.MOV,
948255, 2021 08 19 Tschernobyl_Block2 Drone Card3 DJI_0732,2:1b74e83341e8db381bef93797349847e,00:00:00:00:25/1,00:02:35:00:25/1,Tschernobyl/2021-08-19/Tschernobyl_Block2/Drone/Card3/DCIM/100MEDIA/ 2021 08 19 Tschernobyl_Block2 Drone Card3 DJI_0732.MOV,
948307, 2021 08 17 Tschernobyl_Block2 Drone Card2 DJI_0710,2:ed7309c5bcdfd456a4e2a4f6b43402ad,00:00:00:00:25/1,00:02:07:14:25/1,Tschernobyl/2021-08-17/Tschernobyl_Block2/Drone/Card2/DCIM/100MEDIA/ 2021 08 17 Tschernobyl_Block2 Drone Card2 DJI_0710.MOV,
948374, 2021 08 16 Tschernobyl_Block2 Drone Card1 DJI_0691,2:b381b293db580ab265e7b09b0fa0056e,00:00:00:00:25/1,00:01:21:12:25/1,Tschernobyl/2021-08-16/Tschernobyl_Block2/Drone/Card1/DCIM/100MEDIA/ 2021 08 16 Tschernobyl_Block2 Drone Card1 DJI_0691.MOV,
948405, 2021 08 19 Tschernobyl_Block2 Drone Card3 DJI_0733,2:db5648afa7a9529831ebc92769394003,00:00:00:00:25/1,00:02:54:09:25/1,Tschernobyl/2021-08-19/Tschernobyl_Block2/Drone/Card3/DCIM/100MEDIA/ 2021 08 19 Tschernobyl_Block2 Drone Card3 DJI_0733.MOV,
948454, 2021 08 17 Tschernobyl_Block2 Drone Card2 DJI_0711,2:7328d3c124a7b0a7f4154d9ab0d4a506,00:00:00:00:25/1,00:00:52:13:25/1,Tschernobyl/2021-08-17/Tschernobyl_Block2/Drone/Card2/DCIM/100MEDIA/ 2021 08 17 Tschernobyl_Block2 Drone Card2 DJI_0711.MOV,
948522, 2021 08 22 Tschernobyl_Block2 Drone Card6 DJI_0807,2:dd93c6063ffb4b47257286c356e8741e,00:00:00:00:25/1,00:05:00:17:25/1,Tschernobyl/2021-08-22/Tschernobyl_Block2/Drone/Card6/DCIM/100MEDIA/ 2021 08 22 Tschernobyl_Block2 Drone Card6 DJI_0807.MOV,
948535, 2021 08 20 Tschernobyl_Block2 Drone Card5 GP017442,2:5714e6bbdb7129ac1ed9c3dc6fc3607e,02:03:11:38:50/1,02:08:41:33:50/1,Tschernobyl/2021-08-20/Tschernobyl_Block2/Drone/Card5/DCIM/100GOPRO/ 2021 08 20 Tschernobyl_Block2 Drone Card5 GP017442.MP4,
948556, 2021 08 19 Tschernobyl_Block2 Drone Card3 DJI_0734,2:4852fb0c38e36b1c9585bcc8cf294a35,00:00:00:00:25/1,00:02:22:23:25/1,Tschernobyl/2021-08-19/Tschernobyl_Block2/Drone/Card3/DCIM/100MEDIA/ 2021 08 19 Tschernobyl_Block2 Drone Card3 DJI_0734.MOV,
948563, 2021 08 19 Tschernobyl_Block2 Drone Card3 DJI_0727,2:0a795b594e33233a130fd3fb41959ffb,00:00:00:00:25/1,00:01:15:22:25/1,Tschernobyl/2021-08-19/Tschernobyl_Block2/Drone/Card3/DCIM/100MEDIA/ 2021 08 19 Tschernobyl_Block2 Drone Card3 DJI_0727.MOV,
948601, 2021 08 17 Tschernobyl_Block2 Drone Card2 DJI_0712,2:4b400b6f7b3832b1f571a7902ba2e0c3,00:00:00:00:25/1,00:02:01:22:25/1,Tschernobyl/2021-08-17/Tschernobyl_Block2/Drone/Card2/DCIM/100MEDIA/ 2021 08 17 Tschernobyl_Block2 Drone Card2 DJI_0712.MOV,
948636, 2021 08 19 Tschernobyl_Block2 Drone Card3 DJI_0769,2:3d81183abf17932ec20c0a8040e22ec7,00:00:00:00:25/1,00:01:34:04:25/1,Tschernobyl/2021-08-19/Tschernobyl_Block2/Drone/Card3/DCIM/100MEDIA/ 2021 08 19 Tschernobyl_Block2 Drone Card3 DJI_0769.MOV,
948671, 2021 08 16 Tschernobyl_Block2 Drone Card1 DJI_0685,2:6cac1eb3da64ea58d7f4fcb8ef5d6f5f,00:00:00:00:25/1,00:01:05:21:25/1,Tschernobyl/2021-08-16/Tschernobyl_Block2/Drone/Card1/DCIM/100MEDIA/ 2021 08 16 Tschernobyl_Block2 Drone Card1 DJI_0685.MOV,
948718, 2021 08 19 Tschernobyl_Block2 Drone Card3 DJI_0728,2:519ef7b8c217e96a7053601db298e7e4,00:00:00:00:25/1,00:01:25:23:25/1,Tschernobyl/2021-08-19/Tschernobyl_Block2/Drone/Card3/DCIM/100MEDIA/ 2021 08 19 Tschernobyl_Block2 Drone Card3 DJI_0728.MOV,
948750, 2021 08 16 Tschernobyl_Block2 Drone Card1 DJI_0684,2:3c2714bab6d56871d6a1ff94cd3df97b,00:00:00:00:25/1,00:01:14:13:25/1,Tschernobyl/2021-08-16/Tschernobyl_Block2/Drone/Card1/DCIM/100MEDIA/ 2021 08 16 Tschernobyl_Block2 Drone Card1 DJI_0684.MOV,
948752, 2021 08 19 Tschernobyl_Block2 Sony_Alpha Card001 C0127,2:b4f315db0f480d3a59af05c8afbd97c9,13:18:34:01:25/1,13:18:40:18:25/1,"['Tschernobyl/2021-08-19/Tschernobyl_Block2/Drone/Card4/M4ROOT/CLIP/ 2021 08 19 Tschernobyl_Block2 Drone Card4 C0127.MP4', 'Tschernobyl/2021-08-19/Tschernobyl_Block2/Sony_Alpha/Card001/M4ROOT/CLIP/ 2021 08 19 Tschernobyl_Block2 Sony_Alpha Card001 C0127.MP4']",
948754, 2021 08 22 Tschernobyl_Block2 Drone Card6 DJI_0808,2:88cc401392904e66a11fc636c2ba5612,00:00:00:00:25/1,00:01:20:08:25/1,Tschernobyl/2021-08-22/Tschernobyl_Block2/Drone/Card6/DCIM/100MEDIA/ 2021 08 22 Tschernobyl_Block2 Drone Card6 DJI_0808.MOV,
948770, 2021 08 17 Tschernobyl_Block2 Drone Card2 DJI_0705,2:28ebd9cc119efe108147abd5a759a57e,00:00:00:00:25/1,00:00:56:24:25/1,Tschernobyl/2021-08-17/Tschernobyl_Block2/Drone/Card2/DCIM/100MEDIA/ 2021 08 17 Tschernobyl_Block2 Drone Card2 DJI_0705.MOV,
948784, 2021 08 22 Tschernobyl_Block2 Drone Card6 DJI_0794,2:b1727141b79debc2d486d0eeadd709a9,00:00:00:00:25/1,00:05:00:17:25/1,Tschernobyl/2021-08-22/Tschernobyl_Block2/Drone/Card6/DCIM/100MEDIA/ 2021 08 22 Tschernobyl_Block2 Drone Card6 DJI_0794.MOV,
948796, 2021 08 19 Tschernobyl_Block2 Drone Card3 DJI_0770,2:d73b3177877f6bc545774ac78bd6a50b,00:00:00:00:25/1,00:00:05:02:25/1,Tschernobyl/2021-08-19/Tschernobyl_Block2/Drone/Card3/DCIM/100MEDIA/ 2021 08 19 Tschernobyl_Block2 Drone Card3 DJI_0770.MOV,
948817, 2021 08 17 Tschernobyl_Block2 Drone Card2 DJI_0704,2:665d0158c2b8af1d0d06d87fbc1782de,00:00:00:00:25/1,00:00:58:07:25/1,Tschernobyl/2021-08-17/Tschernobyl_Block2/Drone/Card2/DCIM/100MEDIA/ 2021 08 17 Tschernobyl_Block2 Drone Card2 DJI_0704.MOV,
948826, 2021 08 16 Tschernobyl_Block2 Drone Card1 DJI_0686,2:b58f3d4c34a630e69b1854a32faf3ce0,00:00:00:00:25/1,00:00:45:17:25/1,Tschernobyl/2021-08-16/Tschernobyl_Block2/Drone/Card1/DCIM/100MEDIA/ 2021 08 16 Tschernobyl_Block2 Drone Card1 DJI_0686.MOV,
948856, 2021 08 19 Tschernobyl_Block2 Drone Card3 DJI_0729,2:78c15cf614e07a96b5023e86e9c09f7c,00:00:00:00:25/1,00:00:28:07:25/1,Tschernobyl/2021-08-19/Tschernobyl_Block2/Drone/Card3/DCIM/100MEDIA/ 2021 08 19 Tschernobyl_Block2 Drone Card3 DJI_0729.MOV,
948902, 2021 08 17 Tschernobyl_Block2 Drone Card2 DJI_0706,2:435dbf030a5846d044850eb5bd49f38c,00:00:00:00:25/1,00:00:49:21:25/1,Tschernobyl/2021-08-17/Tschernobyl_Block2/Drone/Card2/DCIM/100MEDIA/ 2021 08 17 Tschernobyl_Block2 Drone Card2 DJI_0706.MOV,
948937, 2021 08 19 Tschernobyl_Block2 Drone Card3 DJI_0771,2:af447ecbdb43c28a41a5b06d672ce9d1,00:00:00:00:25/1,00:02:16:19:25/1,Tschernobyl/2021-08-19/Tschernobyl_Block2/Drone/Card3/DCIM/100MEDIA/ 2021 08 19 Tschernobyl_Block2 Drone Card3 DJI_0771.MOV,
948969, 2021 08 16 Tschernobyl_Block2 Drone Card1 DJI_0687,2:a00dfba5060341fc2e25f8e4ba2d75ca,00:00:00:00:25/1,00:01:19:16:25/1,Tschernobyl/2021-08-16/Tschernobyl_Block2/Drone/Card1/DCIM/100MEDIA/ 2021 08 16 Tschernobyl_Block2 Drone Card1 DJI_0687.MOV,
948998, 2021 08 19 Tschernobyl_Block2 Drone Card3 DJI_0730,2:38e992144398c07050a9b51f30d1494b,00:00:00:00:25/1,00:01:30:22:25/1,Tschernobyl/2021-08-19/Tschernobyl_Block2/Drone/Card3/DCIM/100MEDIA/ 2021 08 19 Tschernobyl_Block2 Drone Card3 DJI_0730.MOV,
949010, 2021 08 19 Tschernobyl_Block2 Drone Card3 DJI_0773,2:5801ac6e49297ee17e33c7383f85dbd5,00:00:00:00:25/1,00:00:56:05:25/1,Tschernobyl/2021-08-19/Tschernobyl_Block2/Drone/Card3/DCIM/100MEDIA/ 2021 08 19 Tschernobyl_Block2 Drone Card3 DJI_0773.MOV,
949045, 2021 08 17 Tschernobyl_Block2 Drone Card2 DJI_0707,2:330ea91e4f2e1045de63e7d3bc307528,00:00:00:00:25/1,00:01:41:23:25/1,Tschernobyl/2021-08-17/Tschernobyl_Block2/Drone/Card2/DCIM/100MEDIA/ 2021 08 17 Tschernobyl_Block2 Drone Card2 DJI_0707.MOV,
949074, 2021 08 19 Tschernobyl_Block2 Drone Card3 DJI_0772,2:e48506728742b7fbb382440d318a03e5,00:00:00:00:25/1,00:02:05:06:25/1,Tschernobyl/2021-08-19/Tschernobyl_Block2/Drone/Card3/DCIM/100MEDIA/ 2021 08 19 Tschernobyl_Block2 Drone Card3 DJI_0772.MOV,
949107, 2021 08 22 Tschernobyl_Block2 Drone Card6 DJI_0803,2:93f686f780af20d5522afb6d86928316,00:00:00:00:25/1,00:01:22:08:25/1,Tschernobyl/2021-08-22/Tschernobyl_Block2/Drone/Card6/DCIM/100MEDIA/ 2021 08 22 Tschernobyl_Block2 Drone Card6 DJI_0803.MOV,
949121, 2021 08 20 Tschernobyl_Block2 Drone Card5 GOPR7443,2:f9e448a21fafff5d1b66d79ecc25dedd,02:26:28:34:50/1,02:26:43:12:50/1,Tschernobyl/2021-08-20/Tschernobyl_Block2/Drone/Card5/DCIM/100GOPRO/ 2021 08 20 Tschernobyl_Block2 Drone Card5 GOPR7443.MP4,
949152, 2021 08 19 Tschernobyl_Block2 Drone Card3 DJI_0723,2:cbc996af3f78a3242b9e962b1bd1e422,00:00:00:00:25/1,00:02:03:00:25/1,Tschernobyl/2021-08-19/Tschernobyl_Block2/Drone/Card3/DCIM/100MEDIA/ 2021 08 19 Tschernobyl_Block2 Drone Card3 DJI_0723.MOV,
949158, 2021 08 22 Tschernobyl_Block2 Drone Card6 DJI_0798,2:2137b4d9c074e42eacd43994da2e3609,00:00:00:00:25/1,00:02:51:02:25/1,Tschernobyl/2021-08-22/Tschernobyl_Block2/Drone/Card6/DCIM/100MEDIA/ 2021 08 22 Tschernobyl_Block2 Drone Card6 DJI_0798.MOV,
949196, 2021 08 17 Tschernobyl_Block2 Drone Card2 DJI_0708,2:509b0bd2600540587e1c1ae01ff19c2b,00:00:00:00:25/1,00:02:31:15:25/1,Tschernobyl/2021-08-17/Tschernobyl_Block2/Drone/Card2/DCIM/100MEDIA/ 2021 08 17 Tschernobyl_Block2 Drone Card2 DJI_0708.MOV,
949199, 2021 08 22 Tschernobyl_Block2 Drone Card6 DJI_0804,2:6e79a8cee01b55fa785962f162288e4c,00:00:00:00:25/1,00:05:00:18:25/1,Tschernobyl/2021-08-22/Tschernobyl_Block2/Drone/Card6/DCIM/100MEDIA/ 2021 08 22 Tschernobyl_Block2 Drone Card6 DJI_0804.MOV,
949218, 2021 08 19 Tschernobyl_Block2 Drone Card3 DJI_0722,2:3b4f02a12162d92cd5d2c3f831ccd64a,00:00:00:00:25/1,00:02:37:07:25/1,Tschernobyl/2021-08-19/Tschernobyl_Block2/Drone/Card3/DCIM/100MEDIA/ 2021 08 19 Tschernobyl_Block2 Drone Card3 DJI_0722.MOV,
949220, 2021 08 22 Tschernobyl_Block2 Drone Card6 DJI_0797,2:b85b82743c57cc2a37eac28ec730d57f,00:00:00:00:25/1,00:04:23:06:25/1,Tschernobyl/2021-08-22/Tschernobyl_Block2/Drone/Card6/DCIM/100MEDIA/ 2021 08 22 Tschernobyl_Block2 Drone Card6 DJI_0797.MOV,
949235, 2021 08 19 Tschernobyl_Block2 Drone Card3 DJI_0765,2:093ae22ba5d05e300cd6eae686895a6e,00:00:00:00:25/1,00:03:20:22:25/1,Tschernobyl/2021-08-19/Tschernobyl_Block2/Drone/Card3/DCIM/100MEDIA/ 2021 08 19 Tschernobyl_Block2 Drone Card3 DJI_0765.MOV,
949279, 2021 08 20 Tschernobyl_Block2 Drone Card5 GOPR7444,2:cfd0c2df13b393764d9111330b229c37,02:27:24:47:50/1,02:32:10:26:50/1,Tschernobyl/2021-08-20/Tschernobyl_Block2/Drone/Card5/DCIM/100GOPRO/ 2021 08 20 Tschernobyl_Block2 Drone Card5 GOPR7444.MP4,
949303, 2021 08 19 Tschernobyl_Block2 Drone Card3 DJI_0724,2:3236c543fa16e642bb2a288d35f804e5,00:00:00:00:25/1,00:01:36:03:25/1,Tschernobyl/2021-08-19/Tschernobyl_Block2/Drone/Card3/DCIM/100MEDIA/ 2021 08 19 Tschernobyl_Block2 Drone Card3 DJI_0724.MOV,
949338, 2021 08 19 Tschernobyl_Block2 Sony_Alpha Card001 C0123,2:a25a76dd61a0b3338f9f85ce0b4ea6e5,13:17:44:15:25/1,13:18:00:22:25/1,"['Tschernobyl/2021-08-19/Tschernobyl_Block2/Drone/Card4/M4ROOT/CLIP/ 2021 08 19 Tschernobyl_Block2 Drone Card4 C0123.MP4', 'Tschernobyl/2021-08-19/Tschernobyl_Block2/Sony_Alpha/Card001/M4ROOT/CLIP/ 2021 08 19 Tschernobyl_Block2 Sony_Alpha Card001 C0123.MP4']",
949353, 2021 08 22 Tschernobyl_Block2 Drone Card6 DJI_0805,2:82e4e49a15b69de4ebde9524e58d2528,00:00:00:00:25/1,00:05:00:17:25/1,Tschernobyl/2021-08-22/Tschernobyl_Block2/Drone/Card6/DCIM/100MEDIA/ 2021 08 22 Tschernobyl_Block2 Drone Card6 DJI_0805.MOV,
949374, 2021 08 22 Tschernobyl_Block2 Drone Card6 DJI_0790,2:bae1d3cfbd898e60e66299e5d03e12b2,00:00:00:00:25/1,00:01:23:00:25/1,Tschernobyl/2021-08-22/Tschernobyl_Block2/Drone/Card6/DCIM/100MEDIA/ 2021 08 22 Tschernobyl_Block2 Drone Card6 DJI_0790.MOV,
949388, 2021 08 19 Tschernobyl_Block2 Drone Card3 DJI_0766,2:e352bd366902b7c17f422bd78f850a47,00:00:00:00:25/1,00:00:41:05:25/1,Tschernobyl/2021-08-19/Tschernobyl_Block2/Drone/Card3/DCIM/100MEDIA/ 2021 08 19 Tschernobyl_Block2 Drone Card3 DJI_0766.MOV,
949413, 2021 08 17 Tschernobyl_Block2 Drone Card2 DJI_0700,2:bdb7769268f34164b78de092a9a30e46,00:00:00:00:25/1,00:03:17:03:25/1,Tschernobyl/2021-08-17/Tschernobyl_Block2/Drone/Card2/DCIM/100MEDIA/ 2021 08 17 Tschernobyl_Block2 Drone Card2 DJI_0700.MOV,
949425, 2021 08 20 Tschernobyl_Block2 Drone Card5 GOPR7445,2:b6e63a634287998b08fc768e376fa589,02:37:27:29:50/1,02:37:28:12:50/1,Tschernobyl/2021-08-20/Tschernobyl_Block2/Drone/Card5/DCIM/100GOPRO/ 2021 08 20 Tschernobyl_Block2 Drone Card5 GOPR7445.MP4,
949454, 2021 08 19 Tschernobyl_Block2 Drone Card3 DJI_0725,2:1147eb7a22ac19a7fc2d223a3f56d81b,00:00:00:00:25/1,00:02:14:19:25/1,Tschernobyl/2021-08-19/Tschernobyl_Block2/Drone/Card3/DCIM/100MEDIA/ 2021 08 19 Tschernobyl_Block2 Drone Card3 DJI_0725.MOV,
949490, 2021 08 19 Tschernobyl_Block2 Sony_Alpha Card001 C0124,2:3de7ee8090619ce76ee17f7be3598732,13:18:00:23:25/1,13:18:17:17:25/1,"['Tschernobyl/2021-08-19/Tschernobyl_Block2/Drone/Card4/M4ROOT/CLIP/ 2021 08 19 Tschernobyl_Block2 Drone Card4 C0124.MP4', 'Tschernobyl/2021-08-19/Tschernobyl_Block2/Sony_Alpha/Card001/M4ROOT/CLIP/ 2021 08 19 Tschernobyl_Block2 Sony_Alpha Card001 C0124.MP4']",
949500, 2021 08 17 Tschernobyl_Block2 Drone Card2 DJI_0701,2:2711d777d8b98d34a3b2e3582b98ab24,00:00:00:00:25/1,00:00:01:05:25/1,Tschernobyl/2021-08-17/Tschernobyl_Block2/Drone/Card2/DCIM/100MEDIA/ 2021 08 17 Tschernobyl_Block2 Drone Card2 DJI_0701.MOV,
949504, 2021 08 22 Tschernobyl_Block2 Drone Card6 DJI_0806,2:61e53dfa6926b515531fdeb79b9909a8,00:00:00:00:25/1,00:05:00:17:25/1,Tschernobyl/2021-08-22/Tschernobyl_Block2/Drone/Card6/DCIM/100MEDIA/ 2021 08 22 Tschernobyl_Block2 Drone Card6 DJI_0806.MOV,
949527, 2021 08 22 Tschernobyl_Block2 Drone Card6 DJI_0791,2:135e0556f092b69167426e95f6fa9ecc,00:00:00:00:25/1,00:01:47:06:25/1,Tschernobyl/2021-08-22/Tschernobyl_Block2/Drone/Card6/DCIM/100MEDIA/ 2021 08 22 Tschernobyl_Block2 Drone Card6 DJI_0791.MOV,
949538, 2021 08 19 Tschernobyl_Block2 Drone Card3 DJI_0767,2:666ee7e79d8281d2d32cbf7ce552a1ee,00:00:00:00:25/1,00:00:28:20:25/1,Tschernobyl/2021-08-19/Tschernobyl_Block2/Drone/Card3/DCIM/100MEDIA/ 2021 08 19 Tschernobyl_Block2 Drone Card3 DJI_0767.MOV,
949580, 2021 08 20 Tschernobyl_Block2 Drone Card5 GOPR7446,2:9727f8eba67a9269f73c4b36cfc02497,02:37:44:25:50/1,02:40:28:47:50/1,Tschernobyl/2021-08-20/Tschernobyl_Block2/Drone/Card5/DCIM/100GOPRO/ 2021 08 20 Tschernobyl_Block2 Drone Card5 GOPR7446.MP4,
949608, 2021 08 19 Tschernobyl_Block2 Drone Card3 DJI_0726,2:34347b058e9174265f3d1d47727122b7,00:00:00:00:25/1,00:00:50:19:25/1,Tschernobyl/2021-08-19/Tschernobyl_Block2/Drone/Card3/DCIM/100MEDIA/ 2021 08 19 Tschernobyl_Block2 Drone Card3 DJI_0726.MOV,
949645, 2021 08 19 Tschernobyl_Block2 Sony_Alpha Card001 C0125,2:7f252b80f64aa433a60d6388329f4001,13:18:17:18:25/1,13:18:18:16:25/1,"['Tschernobyl/2021-08-19/Tschernobyl_Block2/Drone/Card4/M4ROOT/CLIP/ 2021 08 19 Tschernobyl_Block2 Drone Card4 C0125.MP4', 'Tschernobyl/2021-08-19/Tschernobyl_Block2/Sony_Alpha/Card001/M4ROOT/CLIP/ 2021 08 19 Tschernobyl_Block2 Sony_Alpha Card001 C0125.MP4']",
949655, 2021 08 17 Tschernobyl_Block2 Drone Card2 DJI_0702,2:c3b29548b70110b9c76c1553bdfe5ca2,00:00:00:00:25/1,00:00:56:09:25/1,Tschernobyl/2021-08-17/Tschernobyl_Block2/Drone/Card2/DCIM/100MEDIA/ 2021 08 17 Tschernobyl_Block2 Drone Card2 DJI_0702.MOV,
949677, 2021 08 22 Tschernobyl_Block2 Drone Card6 DJI_0792,2:3854e39451b84c8685c91a34d91d3aa4,00:00:00:00:25/1,00:01:04:15:25/1,Tschernobyl/2021-08-22/Tschernobyl_Block2/Drone/Card6/DCIM/100MEDIA/ 2021 08 22 Tschernobyl_Block2 Drone Card6 DJI_0792.MOV,
949685, 2021 08 19 Tschernobyl_Block2 Drone Card3 DJI_0768,2:5c638138b177da36917fa87ae689da2c,00:00:00:00:25/1,00:00:49:20:25/1,Tschernobyl/2021-08-19/Tschernobyl_Block2/Drone/Card3/DCIM/100MEDIA/ 2021 08 19 Tschernobyl_Block2 Drone Card3 DJI_0768.MOV,
949692, 2021 08 19 Tschernobyl_Block2 Drone Card3 DJI_0761,2:432234dce749b8fe84c4b2eb3949fabe,00:00:00:00:25/1,00:01:26:02:25/1,Tschernobyl/2021-08-19/Tschernobyl_Block2/Drone/Card3/DCIM/100MEDIA/ 2021 08 19 Tschernobyl_Block2 Drone Card3 DJI_0761.MOV,
949736, 2021 08 20 Tschernobyl_Block2 Drone Card5 GOPR7440,2:8e32ea97a874b1671aac0a9a0c6da19b,00:22:39:48:50/1,00:23:16:08:50/1,Tschernobyl/2021-08-20/Tschernobyl_Block2/Drone/Card5/DCIM/100GOPRO/ 2021 08 20 Tschernobyl_Block2 Drone Card5 GOPR7440.MP4,
949797, 2021 08 19 Tschernobyl_Block2 Sony_Alpha Card001 C0126,2:2fc4ef4519f946f84211d8daaf7d48ac,13:18:18:17:25/1,13:18:34:00:25/1,"['Tschernobyl/2021-08-19/Tschernobyl_Block2/Drone/Card4/M4ROOT/CLIP/ 2021 08 19 Tschernobyl_Block2 Drone Card4 C0126.MP4', 'Tschernobyl/2021-08-19/Tschernobyl_Block2/Sony_Alpha/Card001/M4ROOT/CLIP/ 2021 08 19 Tschernobyl_Block2 Sony_Alpha Card001 C0126.MP4']",
949799, 2021 08 17 Tschernobyl_Block2 Drone Card2 DJI_0703,2:5b60f5f8017e11305b0b4ab1a0d0d6ce,00:00:00:00:25/1,00:02:00:00:25/1,Tschernobyl/2021-08-17/Tschernobyl_Block2/Drone/Card2/DCIM/100MEDIA/ 2021 08 17 Tschernobyl_Block2 Drone Card2 DJI_0703.MOV,
949802, 2021 08 22 Tschernobyl_Block2 Drone Card6 DJI_0800,2:3b6e0ba4782834d1690210a55ffd2ed1,00:00:00:00:25/1,00:01:33:03:25/1,Tschernobyl/2021-08-22/Tschernobyl_Block2/Drone/Card6/DCIM/100MEDIA/ 2021 08 22 Tschernobyl_Block2 Drone Card6 DJI_0800.MOV,
949827, 2021 08 22 Tschernobyl_Block2 Drone Card6 DJI_0793,2:98bd2c615b422cdb79e7b669d50a28e5,00:00:00:00:25/1,00:01:51:18:25/1,Tschernobyl/2021-08-22/Tschernobyl_Block2/Drone/Card6/DCIM/100MEDIA/ 2021 08 22 Tschernobyl_Block2 Drone Card6 DJI_0793.MOV,
949848, 2021 08 19 Tschernobyl_Block2 Drone Card3 DJI_0762,2:1fb3e9a3689dfd8000a458424b520323,00:00:00:00:25/1,00:00:47:02:25/1,Tschernobyl/2021-08-19/Tschernobyl_Block2/Drone/Card3/DCIM/100MEDIA/ 2021 08 19 Tschernobyl_Block2 Drone Card3 DJI_0762.MOV,
949857, 2021 08 22 Tschernobyl_Block2 Drone Card6 DJI_0799,2:ed8d109529aad81f0e41c1ce4b11ea42,00:00:00:00:25/1,00:01:42:06:25/1,Tschernobyl/2021-08-22/Tschernobyl_Block2/Drone/Card6/DCIM/100MEDIA/ 2021 08 22 Tschernobyl_Block2 Drone Card6 DJI_0799.MOV,
949880, 2021 08 17 Tschernobyl_Block2 Drone Card2 DJI_0696,2:d2f3160bc0538a36a5f91531e8764d09,00:00:00:00:25/1,00:05:00:17:25/1,Tschernobyl/2021-08-17/Tschernobyl_Block2/Drone/Card2/DCIM/100MEDIA/ 2021 08 17 Tschernobyl_Block2 Drone Card2 DJI_0696.MOV,
949891, 2021 08 20 Tschernobyl_Block2 Drone Card5 GOPR7441,2:ce95a82ed30b35b305d511fdf87a45a2,00:43:08:47:50/1,00:46:33:33:50/1,Tschernobyl/2021-08-20/Tschernobyl_Block2/Drone/Card5/DCIM/100GOPRO/ 2021 08 20 Tschernobyl_Block2 Drone Card5 GOPR7441.MP4,
949949, 2021 08 22 Tschernobyl_Block2 Drone Card6 DJI_0801,2:b6705ebfab2f676845bb24d9a89c113c,00:00:00:00:25/1,00:05:00:18:25/1,Tschernobyl/2021-08-22/Tschernobyl_Block2/Drone/Card6/DCIM/100MEDIA/ 2021 08 22 Tschernobyl_Block2 Drone Card6 DJI_0801.MOV,
949990, 2021 08 19 Tschernobyl_Block2 Drone Card3 DJI_0763,2:cfe6f2d219ba3202b1c3ab7b7c2915db,00:00:00:00:25/1,00:01:20:20:25/1,Tschernobyl/2021-08-19/Tschernobyl_Block2/Drone/Card3/DCIM/100MEDIA/ 2021 08 19 Tschernobyl_Block2 Drone Card3 DJI_0763.MOV,
950026, 2021 08 20 Tschernobyl_Block2 Drone Card5 GOPR7442,2:712e6a6de94b744416dd0145d7aa65fa,01:45:30:32:50/1,02:03:11:31:50/1,Tschernobyl/2021-08-20/Tschernobyl_Block2/Drone/Card5/DCIM/100GOPRO/ 2021 08 20 Tschernobyl_Block2 Drone Card5 GOPR7442.MP4,
950088, 2021 08 19 Tschernobyl_Block2 Sony_Alpha Card001 C0121,2:cee8a9b812a4ab993a1c9d5e013c873a,13:15:13:22:25/1,13:16:49:21:25/1,"['Tschernobyl/2021-08-19/Tschernobyl_Block2/Drone/Card4/M4ROOT/CLIP/ 2021 08 19 Tschernobyl_Block2 Drone Card4 C0121.MP4', 'Tschernobyl/2021-08-19/Tschernobyl_Block2/Sony_Alpha/Card001/M4ROOT/CLIP/ 2021 08 19 Tschernobyl_Block2 Sony_Alpha Card001 C0121.MP4']",
950090, 2021 08 17 Tschernobyl_Block2 Drone Card2 DJI_0697,2:4f9cb838e7b05ccd923e7aeffa34278d,00:00:00:00:25/1,00:02:01:02:25/1,Tschernobyl/2021-08-17/Tschernobyl_Block2/Drone/Card2/DCIM/100MEDIA/ 2021 08 17 Tschernobyl_Block2 Drone Card2 DJI_0697.MOV,
950092, 2021 08 22 Tschernobyl_Block2 Drone Card6 DJI_0802,2:ca732d9bf3f6aa075d7fb050e6b10933,00:00:00:00:25/1,00:05:00:18:25/1,Tschernobyl/2021-08-22/Tschernobyl_Block2/Drone/Card6/DCIM/100MEDIA/ 2021 08 22 Tschernobyl_Block2 Drone Card6 DJI_0802.MOV,
950126, 2021 08 22 Tschernobyl_Block2 Drone Card6 DJI_0788,2:98eb9dbfd4350acbc15ac9de8460e9fd,00:00:00:00:25/1,00:03:17:15:25/1,Tschernobyl/2021-08-22/Tschernobyl_Block2/Drone/Card6/DCIM/100MEDIA/ 2021 08 22 Tschernobyl_Block2 Drone Card6 DJI_0788.MOV,
950136, 2021 08 19 Tschernobyl_Block2 Drone Card3 DJI_0764,2:fdd5cb7940efa9d3fe64440c59268a5d,00:00:00:00:25/1,00:00:32:09:25/1,Tschernobyl/2021-08-19/Tschernobyl_Block2/Drone/Card3/DCIM/100MEDIA/ 2021 08 19 Tschernobyl_Block2 Drone Card3 DJI_0764.MOV,
950201, 2021 08 19 Tschernobyl_Block2 Drone Card3 DJI_0721,2:f70894ade24de1065811dbd721dfcee0,00:00:00:00:25/1,00:00:18:00:25/1,Tschernobyl/2021-08-19/Tschernobyl_Block2/Drone/Card3/DCIM/100MEDIA/ 2021 08 19 Tschernobyl_Block2 Drone Card3 DJI_0721.MOV,
950232, 2021 08 17 Tschernobyl_Block2 Drone Card2 DJI_0698,2:47eaeb9ca0ea52b1a06b7ae308690d0b,00:00:00:00:25/1,00:00:25:23:25/1,Tschernobyl/2021-08-17/Tschernobyl_Block2/Drone/Card2/DCIM/100MEDIA/ 2021 08 17 Tschernobyl_Block2 Drone Card2 DJI_0698.MOV,
950233, 2021 08 19 Tschernobyl_Block2 Sony_Alpha Card001 C0122,2:4ac15bb512d8c0bdf66c76d12ca84265,13:16:49:22:25/1,13:17:44:14:25/1,"['Tschernobyl/2021-08-19/Tschernobyl_Block2/Sony_Alpha/Card001/M4ROOT/CLIP/ 2021 08 19 Tschernobyl_Block2 Sony_Alpha Card001 C0122.MP4', 'Tschernobyl/2021-08-19/Tschernobyl_Block2/Drone/Card4/M4ROOT/CLIP/ 2021 08 19 Tschernobyl_Block2 Drone Card4 C0122.MP4']",
950255, 2021 08 22 Tschernobyl_Block2 Drone Card6 DJI_0789,2:f89fc0a701d3658f41559f149643b5bf,00:00:00:00:25/1,00:01:27:16:25/1,Tschernobyl/2021-08-22/Tschernobyl_Block2/Drone/Card6/DCIM/100MEDIA/ 2021 08 22 Tschernobyl_Block2 Drone Card6 DJI_0789.MOV,
950273, 2021 08 19 Tschernobyl_Block2 Drone Card3 DJI_0757,2:fbc1aa267cbbdfe95e78e60941bf9747,00:00:00:00:25/1,00:00:57:17:25/1,Tschernobyl/2021-08-19/Tschernobyl_Block2/Drone/Card3/DCIM/100MEDIA/ 2021 08 19 Tschernobyl_Block2 Drone Card3 DJI_0757.MOV,
950308, 2021 08 19 Tschernobyl_Block2 Drone Card3 DJI_0756,2:4cbec61343bf42d1df4719a84712ded5,00:00:00:00:25/1,00:00:23:12:25/1,Tschernobyl/2021-08-19/Tschernobyl_Block2/Drone/Card3/DCIM/100MEDIA/ 2021 08 19 Tschernobyl_Block2 Drone Card3 DJI_0756.MOV,
950349, 2021 08 17 Tschernobyl_Block2 Drone Card2 DJI_0699,2:f754138c75c33906362f26b957c280d1,00:00:00:00:25/1,00:02:29:24:25/1,Tschernobyl/2021-08-17/Tschernobyl_Block2/Drone/Card2/DCIM/100MEDIA/ 2021 08 17 Tschernobyl_Block2 Drone Card2 DJI_0699.MOV,
950403, 2021 08 19 Tschernobyl_Block2 Drone Card3 DJI_0758,2:7ec84242f78b9cb0f6eef836ce316a25,00:00:00:00:25/1,00:00:49:24:25/1,Tschernobyl/2021-08-19/Tschernobyl_Block2/Drone/Card3/DCIM/100MEDIA/ 2021 08 19 Tschernobyl_Block2 Drone Card3 DJI_0758.MOV,
950473, 2021 08 20 Tschernobyl_Block2 Drone Card5 DJI_0784,2:d82417340996e698c794197a0e1386f5,00:00:00:00:25/1,00:02:17:02:25/1,Tschernobyl/2021-08-20/Tschernobyl_Block2/Drone/Card5/DCIM/101MEDIA/ 2021 08 20 Tschernobyl_Block2 Drone Card5 DJI_0784.MOV,
950545, 2021 08 19 Tschernobyl_Block2 Drone Card3 DJI_0759,2:557e1c64bf3912a3c13579983d27bcd6,00:00:00:00:25/1,00:01:12:15:25/1,Tschernobyl/2021-08-19/Tschernobyl_Block2/Drone/Card3/DCIM/100MEDIA/ 2021 08 19 Tschernobyl_Block2 Drone Card3 DJI_0759.MOV,
950613, 2021 08 20 Tschernobyl_Block2 Drone Card5 DJI_0785,2:daec53bb7c106ec9224f4f8021a21082,00:00:00:00:25/1,00:00:02:06:25/1,Tschernobyl/2021-08-20/Tschernobyl_Block2/Drone/Card5/DCIM/101MEDIA/ 2021 08 20 Tschernobyl_Block2 Drone Card5 DJI_0785.MOV,
950675,"['2021 08 22 Tschernobyl_Block2 Sony FX9 Card9 CHERNOBYL_1298', '2021-08-22_B-Roll_Zone_Sony FX9_Card9_CHERNOBYL_1298']",2:0ba519b66fa063e0f1c9a5b2b05ac55f,21:59:54:14:25/1,22:00:08:14:25/1,"['Tschernobyl/2021-08-22/Tschernobyl_Block2/Sony FX9/Card9/XDROOT/Clip/2021 08 22 Tschernobyl_Block2 Sony FX9 Card9 CHERNOBYL_1298.MXF', 'Krieg in Europa - Das Ukraine-Drama #L00004P/B-Roll/2021-08-22_Zone_Drone/2021-08-22_B-Roll_Zone_Sony FX9_Card9_CHERNOBYL_1298.MXF']",
950689, 2021 08 19 Tschernobyl_Block2 Drone Card3 DJI_0760,2:33c48f038baf08851cdc45a4d6415dd3,00:00:00:00:25/1,00:01:46:23:25/1,Tschernobyl/2021-08-19/Tschernobyl_Block2/Drone/Card3/DCIM/100MEDIA/ 2021 08 19 Tschernobyl_Block2 Drone Card3 DJI_0760.MOV,
950752, 2021 08 20 Tschernobyl_Block2 Drone Card5 DJI_0786,2:0e9535333a4be5782fc87035a0a4df8e,00:00:00:00:25/1,00:02:56:07:25/1,Tschernobyl/2021-08-20/Tschernobyl_Block2/Drone/Card5/DCIM/101MEDIA/ 2021 08 20 Tschernobyl_Block2 Drone Card5 DJI_0786.MOV,
950778, 2021 08 19 Tschernobyl_Block2 Sony_Alpha Card001 C0127S03,2:23bd1905bc5470382e9a19e1419bf963,13:18:34:01:25/1,13:18:40:18:25/1,"['Tschernobyl/2021-08-19/Tschernobyl_Block2/Drone/Card4/M4ROOT/SUB/ 2021 08 19 Tschernobyl_Block2 Drone Card4 C0127S03.MP4', 'Tschernobyl/2021-08-19/Tschernobyl_Block2/Sony_Alpha/Card001/M4ROOT/SUB/ 2021 08 19 Tschernobyl_Block2 Sony_Alpha Card001 C0127S03.MP4']",
950787, 2021 08 17 Tschernobyl_Block2 Drone Card2 DJI_0695,2:a8a60218f36508470e2539be4eb0c667,00:00:00:00:25/1,00:00:52:20:25/1,Tschernobyl/2021-08-17/Tschernobyl_Block2/Drone/Card2/DCIM/100MEDIA/ 2021 08 17 Tschernobyl_Block2 Drone Card2 DJI_0695.MOV,
950878, 2021 08 19 Tschernobyl_Block2 Drone Card3 DJI_0752,2:4d38fbaa193bd84afecc3fd74ed69e6e,00:00:00:00:25/1,00:01:19:08:25/1,Tschernobyl/2021-08-19/Tschernobyl_Block2/Drone/Card3/DCIM/100MEDIA/ 2021 08 19 Tschernobyl_Block2 Drone Card3 DJI_0752.MOV,
950883, 2021 08 20 Tschernobyl_Block2 Drone Card5 DJI_0787,2:1a56a1cac981372e862b125d143d38a2,00:00:00:00:25/1,00:00:47:00:25/1,Tschernobyl/2021-08-20/Tschernobyl_Block2/Drone/Card5/DCIM/101MEDIA/ 2021 08 20 Tschernobyl_Block2 Drone Card5 DJI_0787.MOV,
950948, 2021 08 20 Tschernobyl_Block2 Drone Card5 DJI_0780,2:fb1419f41adc2e06a81ba363cdbd77b0,00:00:00:00:25/1,00:00:05:05:25/1,Tschernobyl/2021-08-20/Tschernobyl_Block2/Drone/Card5/DCIM/101MEDIA/ 2021 08 20 Tschernobyl_Block2 Drone Card5 DJI_0780.MOV,
950952, 2021 08 19 Tschernobyl_Block2 Sony_Alpha Card001 C0126S03,2:83370c8e40638e6c483d44c1c9f88eaa,13:18:18:17:25/1,13:18:34:00:25/1,"['Tschernobyl/2021-08-19/Tschernobyl_Block2/Sony_Alpha/Card001/M4ROOT/SUB/ 2021 08 19 Tschernobyl_Block2 Sony_Alpha Card001 C0126S03.MP4', 'Tschernobyl/2021-08-19/Tschernobyl_Block2/Drone/Card4/M4ROOT/SUB/ 2021 08 19 Tschernobyl_Block2 Drone Card4 C0126S03.MP4']",
951034, 2021 08 19 Tschernobyl_Block2 Drone Card3 DJI_0749,2:87ee54a450dcb257c70b657ce69fa30d,00:00:00:00:25/1,00:01:54:20:25/1,Tschernobyl/2021-08-19/Tschernobyl_Block2/Drone/Card3/DCIM/100MEDIA/ 2021 08 19 Tschernobyl_Block2 Drone Card3 DJI_0749.MOV,
951046, 2021 08 20 Tschernobyl_Block2 Drone Card5 DJI_0781,2:bf8d1a38c55871487ffd1dedd4f03435,00:00:00:00:25/1,00:00:56:17:25/1,Tschernobyl/2021-08-20/Tschernobyl_Block2/Drone/Card5/DCIM/101MEDIA/ 2021 08 20 Tschernobyl_Block2 Drone Card5 DJI_0781.MOV,
951136, 2021 08 19 Tschernobyl_Block2 Drone Card3 DJI_0750,2:8e6a26249916f9c4f78d7ef8e95f2a8f,00:00:00:00:25/1,00:02:33:17:25/1,Tschernobyl/2021-08-19/Tschernobyl_Block2/Drone/Card3/DCIM/100MEDIA/ 2021 08 19 Tschernobyl_Block2 Drone Card3 DJI_0750.MOV,
951142, 2021 08 20 Tschernobyl_Block2 Drone Card5 DJI_0782,2:6737f68838384761ea57544d4b9e520f,00:00:00:00:25/1,00:01:13:16:25/1,Tschernobyl/2021-08-20/Tschernobyl_Block2/Drone/Card5/DCIM/101MEDIA/ 2021 08 20 Tschernobyl_Block2 Drone Card5 DJI_0782.MOV,
951255, 2021 08 20 Tschernobyl_Block2 Drone Card5 DJI_0783,2:f1bd1188d3ba52f0ad3643fa71108b6c,00:00:00:00:25/1,00:01:19:10:25/1,Tschernobyl/2021-08-20/Tschernobyl_Block2/Drone/Card5/DCIM/101MEDIA/ 2021 08 20 Tschernobyl_Block2 Drone Card5 DJI_0783.MOV,
951350, 2021 08 19 Tschernobyl_Block2 Sony_Alpha Card001 C0123S03,2:57edc4b67ea422d5c2018bc814de59b9,13:17:44:15:25/1,13:18:00:22:25/1,"['Tschernobyl/2021-08-19/Tschernobyl_Block2/Sony_Alpha/Card001/M4ROOT/SUB/ 2021 08 19 Tschernobyl_Block2 Sony_Alpha Card001 C0123S03.MP4', 'Tschernobyl/2021-08-19/Tschernobyl_Block2/Drone/Card4/M4ROOT/SUB/ 2021 08 19 Tschernobyl_Block2 Drone Card4 C0123S03.MP4']",
951401, 2021 08 20 Tschernobyl_Block2 Drone Card5 DJI_0775,2:7c0bc4195fc986153e8b7f6996a330c0,00:00:00:00:25/1,00:03:40:08:25/1,Tschernobyl/2021-08-20/Tschernobyl_Block2/Drone/Card5/DCIM/101MEDIA/ 2021 08 20 Tschernobyl_Block2 Drone Card5 DJI_0775.MOV,
951412, 2021 08 19 Tschernobyl_Block2 Drone Card3 DJI_0753,2:484101475d4646448a99166e466c306f,00:00:00:00:25/1,00:00:47:21:25/1,Tschernobyl/2021-08-19/Tschernobyl_Block2/Drone/Card3/DCIM/100MEDIA/ 2021 08 19 Tschernobyl_Block2 Drone Card3 DJI_0753.MOV,
951444,"['2021 08 22 Tschernobyl_Block2 Sony FX9 Card9 CHERNOBYL_1295', '2021-08-22_B-Roll_Zone_Sony FX9_Card9_CHERNOBYL_1295']",2:faa843b494dd2223e8e5331d6c398b6d,21:57:25:10:25/1,21:57:34:20:25/1,"['Tschernobyl/2021-08-22/Tschernobyl_Block2/Sony FX9/Card9/XDROOT/Clip/2021 08 22 Tschernobyl_Block2 Sony FX9 Card9 CHERNOBYL_1295.MXF', 'Krieg in Europa - Das Ukraine-Drama #L00004P/B-Roll/2021-08-22_Zone_Drone/2021-08-22_B-Roll_Zone_Sony FX9_Card9_CHERNOBYL_1295.MXF']",
951491, 2021 08 17 Tschernobyl_Block2 Drone Card2 DJI_0717,2:7fd062af87056d4fa8faf60a9eaa0860,00:00:00:00:25/1,00:01:33:18:25/1,Tschernobyl/2021-08-17/Tschernobyl_Block2/Drone/Card2/DCIM/100MEDIA/ 2021 08 17 Tschernobyl_Block2 Drone Card2 DJI_0717.MOV,
951542, 2021 08 19 Tschernobyl_Block2 Drone Card3 DJI_0755,2:60a1a95925cc6cf72802bc952efb5702,00:00:00:00:25/1,00:00:45:17:25/1,Tschernobyl/2021-08-19/Tschernobyl_Block2/Drone/Card3/DCIM/100MEDIA/ 2021 08 19 Tschernobyl_Block2 Drone Card3 DJI_0755.MOV,
951573, 2021 08 19 Tschernobyl_Block2 Sony_Alpha Card001 C0124S03,2:177228b716debad252aae36fdb6c56d4,13:18:00:23:25/1,13:18:17:17:25/1,"['Tschernobyl/2021-08-19/Tschernobyl_Block2/Drone/Card4/M4ROOT/SUB/ 2021 08 19 Tschernobyl_Block2 Drone Card4 C0124S03.MP4', 'Tschernobyl/2021-08-19/Tschernobyl_Block2/Sony_Alpha/Card001/M4ROOT/SUB/ 2021 08 19 Tschernobyl_Block2 Sony_Alpha Card001 C0124S03.MP4']",
951584, 2021 08 19 Tschernobyl_Block2 Drone Card3 DJI_0748,2:5b56d9e46126eabe7d4316d1fc55c298,00:00:00:00:25/1,00:01:48:17:25/1,Tschernobyl/2021-08-19/Tschernobyl_Block2/Drone/Card3/DCIM/100MEDIA/ 2021 08 19 Tschernobyl_Block2 Drone Card3 DJI_0748.MOV,
951616, 2021 08 17 Tschernobyl_Block2 Drone Card2 DJI_0718,2:c217765198a1f34ca763b8fd2a4fffef,00:00:00:00:25/1,00:01:48:24:25/1,Tschernobyl/2021-08-17/Tschernobyl_Block2/Drone/Card2/DCIM/100MEDIA/ 2021 08 17 Tschernobyl_Block2 Drone Card2 DJI_0718.MOV,
951618, 2021 08 19 Tschernobyl_Block2 Drone Card3 DJI_0754,2:5656a3e2c73221706a4390c4681ac0ec,00:00:00:00:25/1,00:02:17:18:25/1,Tschernobyl/2021-08-19/Tschernobyl_Block2/Drone/Card3/DCIM/100MEDIA/ 2021 08 19 Tschernobyl_Block2 Drone Card3 DJI_0754.MOV,
951661, 2021 08 19 Tschernobyl_Block2 Sony_Alpha Card001 C0125S03,2:058a9336889a0b0f819b487d6b131aba,13:18:17:18:25/1,13:18:18:16:25/1,"['Tschernobyl/2021-08-19/Tschernobyl_Block2/Drone/Card4/M4ROOT/SUB/ 2021 08 19 Tschernobyl_Block2 Drone Card4 C0125S03.MP4', 'Tschernobyl/2021-08-19/Tschernobyl_Block2/Sony_Alpha/Card001/M4ROOT/SUB/ 2021 08 19 Tschernobyl_Block2 Sony_Alpha Card001 C0125S03.MP4']",
951731,AGD 0086__196832_Aerial_Drone_Ocean_Sea_By_Timelab_Pro_Artlist_HD,2:527b3a9197cdcaeed13fd6a5fea04c1b,00:00:00:00:25/1,00:00:09:24:25/1,Archiv Master/Episode 6 - Mode/AGD 0086__196832_Aerial_Drone_Ocean_Sea_By_Timelab_Pro_Artlist_HD.mp4,
962597,"AGD 0049 M__566320__Ocean, Drone, Sea, Water",2:f4c52737446e187a9a5f04b117d09848,00:01:35:13:24000/1001,00:01:56:03:24000/1001,"ARCHIVE MASTER/Footage Episode 1/AGD/AGD 0049 M__566320__Ocean, Drone, Sea, Water.mp4",
962895,"MCEP 014 M__I249097__European Parliament Stockshots 9th Parliamentary Term Drone views – Strasbourg__France, 17.11.2023",2:0bbc8720ddb8187017c1f6ba60a8e103,00:00:00:00:25/1,00:05:16:22:25/1,"ARCHIVE MASTER/Footage Episode 1/MCEP/MCEP 014 M__I249097__European Parliament Stockshots 9th Parliamentary Term Drone views – Strasbourg__France, 17.11.2023.mp4",
976024,"['LB000009__Rohmaterial Talne 2020 (Teil 9)', 'LB00010__Talne_Ukraine_Drohnenaufnahmen_Landschaft_Okt 2020']",2:d5b7166e2da532d4a6f7cc7f597dba73,01:00:00:00:30000/1001 nd,01:06:58:23:30000/1001 nd,Avid MediaFiles/MXF/CAPM.1/LB00010__Talne_Ukraine_Drohnenaufnahmen_Landschaft_Okt 2020.mxf,
976025,"['LB000010__Rohmaterial Talne 2020 (Teil 10)', 'LB00011__Talne_Ukraine_Drohnenaufnahmen_Pipeline_Okt 2020']",2:aeff3ae59298ffd26ddb663a09226a9b,01:00:00:00:30000/1001 nd,01:06:21:29:30000/1001 nd,Avid MediaFiles/MXF/CAPM.1/LB00011__Talne_Ukraine_Drohnenaufnahmen_Pipeline_Okt 2020.mxf,
976026,"['LB000011__Rohmaterial Talne 2020 (Teil 11)', 'LB00012__Talne_Ukraine_Drohnenaufnahmen_Fabrik_Okt 2020']",2:9ec2c119d984633eb4f476f7b08d18e1,01:00:00:00:30000/1001 nd,01:08:53:24:30000/1001 nd,Avid MediaFiles/MXF/CAPM.1/LB00012__Talne_Ukraine_Drohnenaufnahmen_Fabrik_Okt 2020.mxf,
976175,"MCEP 030 M__I112440__European Parliament Stockshots - 8th Parliamentary Term - Strasbourg EP buildings external shots - Drones illustrations__France, 2015",2:f663e86c19d883f94538f71f686af370,00:00:00:00:50/1,00:08:22:11:50/1,"ARCHIVE MASTER/Footage Episode 3/MCEP/MCEP 030 M__I112440__European Parliament Stockshots - 8th Parliamentary Term - Strasbourg EP buildings external shots - Drones illustrations__France, 2015.mp4",
1034452,EQU003_HQ_DOTGW_1m2 m3 V2 Full Drones,2:e0637d0788d410c13ac7ecded956a603,00:00:00:00:100/1,00:02:25:00:100/1,S2F_Hist_Trash/EQU003_HQ_DOTGW_1m2 m3 V2 Full Drones.mp3,
1319261,"AGD 0159__437474__Coffee, Plantations, Trees, Path, Drone",2:4befad35bf432383417b3ef859f99879,00:00:00:00:30000/1001 nd,00:00:07:02:30000/1001 nd,".rewrap/AGD 0159__437474__Coffee, Plantations, Trees, Path, Drone.mxf",
1319262,"AGD 0160__437481__Coffee, Plantations, Workers, Drone, Trees",2:5fdb80a951ac16f41bf20db2e498bf44,00:00:00:00:30000/1001 nd,00:00:12:22:30000/1001 nd,".rewrap/AGD 0160__437481__Coffee, Plantations, Workers, Drone, Trees.mxf",
1319263,"AGD 0161__437487__Jungle, Coffee, Plantations, Drone, Mountains",2:e01c98488a31aebcf0c490edc9e8d44a,00:00:00:00:30000/1001 nd,00:00:18:00:30000/1001 nd,".rewrap/AGD 0161__437487__Jungle, Coffee, Plantations, Drone, Mountains.mxf",
1324357,"AGD M__6026618_Drone, Paris, France, City",2:e7f480a77ede486ed96979e99588567f,00:00:00:00:30000/1001 nd,00:00:26:28:30000/1001 nd,"ARCHIVE MASTER/Footage Episode 3/AGD/AGD M__6026618_Drone, Paris, France, City.mp4",
1330908,Ani_01_Dronenshot_V2,2:24400087ae45d6cd7d6eb41be264ade7,10:07:38:18:25/1,10:07:45:20:25/1,Animationen/Rohclips für Animationen_Jan_24-01-30_1833/Ani_01_Dronenshot_V2.mxf,
1331066,"GIA 801 M__1289195583__Drohnen-Ansicht zum Kherson Ukraine Grand Canyon__Kherson, Ukraine",2:01e5c86cd7c6fcea7bf8b8661fc2fd6a,00:00:00:00:25/1,00:00:24:14:25/1,"ARCHIVE MASTER/GIA (Getty)/GIA 801 M__1289195583__Drohnen-Ansicht zum Kherson Ukraine Grand Canyon__Kherson, Ukraine.mov",
1331072,"GIA 829 M__1272897126__Drone over Kiev Ukraine__Kyiv, Ukaine 01.11.2019",2:77ba9b621ab6c758170ef1045b96f248,00:00:00:00:30000/1001,00:00:18:15:30000/1001,"ARCHIVE MASTER/GIA (Getty)/GIA 829 M__1272897126__Drone over Kiev Ukraine__Kyiv, Ukaine 01.11.2019.mov",
1331104,"IIM 208 M__234732595__Old castle Podgortsy, Ukraine. View of the castle from above, aerial view from a drone. Podgoretsky__Ukraine 04.03.2023",2:5c6e2f84cb2d88c4fe9ca7753e352cdd,00:00:00:00:30000/1001 nd,00:00:58:11:30000/1001 nd,"ARCHIVE MASTER/IIM (Imago)/IIM 208 M__234732595__Old castle Podgortsy, Ukraine. View of the castle from above, aerial view from a drone. Podgoretsky__Ukraine 04.03.2023.mov",
1331112,"SST 0203 M__1088479317__Drone panning right above peaceful summer sunrise Lviv, Ukraine, old town hall tower building and rooftops cityscape__Ukraine",2:58e44943efaff14278fea9a3c31ef0a7,00:02:54:16:30000/1001 nd,00:03:16:08:30000/1001 nd,"ARCHIVE MASTER/SST (Shutterstock)/SST 0203 M__1088479317__Drone panning right above peaceful summer sunrise Lviv, Ukraine, old town hall tower building and rooftops cityscape__Ukraine.mov",
1331165,DJI Dron 1-2-3 (Proxy)_DJI_0002-1,2:b55ca706eff61215819aab0478b6eedb,00:00:00:00:50/1,00:02:49:01:50/1,IMPORT/Drone Proxy/DJI Dron 1-2-3 (Proxy)_DJI_0002-1.mov,
1331234,007_History_of_Ukraine_Excerpt_Drone_PidhirtsiCastle,2:a9e83cc722614168312d6c88b236acba,10:11:37:22:25/1,10:11:51:12:25/1,"['Animationen/Rohclips für Animationen_Jan_24-01-26/007_History_of_Ukraine_Excerpt_Drone_PidhirtsiCastle.mxf', 'Avid MediaFiles/MXF/CAPM.1/007_History_of_Ukraine_Excerpt_Drone_PidhirtsiCastle.mxf']",
1331259,008_History_of_Ukraine_Excerpt_Drone_HarvestWheat,2:9857a9d98a87a7f61e87ccbe5076c44c,10:12:07:21:25/1,10:12:25:09:25/1,Animationen/Rohclips für Animationen_Jan_24-01-26/008_History_of_Ukraine_Excerpt_Drone_HarvestWheat.mxf,
1331295,IIM 249 M__0168608170__Drone flies over incised meander of the river in the clay mountains. Grand canyon Stanislav__Ukraine 17.01.2022,2:2b0daf17b643c8b3a3540f95b09f7a21,00:12:11:04:30/1,00:12:31:29:30/1,ARCHIVE MASTER/IIM (Imago)/IIM 249 M__0168608170__Drone flies over incised meander of the river in the clay mountains. Grand canyon Stanislav__Ukraine 17.01.2022.mov,
1331339,IIM 213 M__167818431__Drone flies over grain cart collecting wheat from a combine during harvest__2022,2:619b19edbf1afa87e8b02eeb91de65ee,00:08:46:12:30/1,00:09:08:09:30/1,ARCHIVE MASTER/IIM (Imago)/IIM 213 M__167818431__Drone flies over grain cart collecting wheat from a combine during harvest__2022.mov,
1331371,"GIA 836 M__1874688977__Drone Attack On Kyiv__Kyiv, Ukraine 22.12.2023",2:b5366f9148dc72e57211613e75fe9b8c,00:00:00:00:30/1,00:00:17:26:30/1,"['ARCHIVE MASTER/GIA (Getty)/GIA 836 M__1874688977__Drone Attack On Kyiv__Kyiv, Ukraine 22.12.2023.mp4', 'Archiv Preview/GIA__M_1874688977_Kyiv destroyed building.mp4']",
1345789,Sudeten_2019-10-18_DROHNE_17__DJI_0490,2:1c12ad14eb59b242b7917201d0cb33eb,00:00:00:00:25/1,00:05:00:18:25/1,Europa/OCF from other LOOKS Projects/Sudeten/Sudeten_2019-10-18_DROHNE_17__DJI_0490.MP4,
1345814,Sudeten_2019-10-18_DROHNE_17__DJI_0490,2:2274ded1aaa69ce772e110ad68ddb48e,00:00:00:00:25/1,00:05:00:18:25/1,Europa/OCF from other LOOKS Projects/Sudeten/Sudeten_2019-10-18_DROHNE_17__DJI_0490.mxf,
1351407,"['abstract dronesxc60241CE59A', 'abstract dronesxc60241CE60A', 'abstract drones from Frank_7.wav.new.01']","['2:414635867f9342abd68010d4cc529b59', '2:48016915dadf3e2429b7233070c524ad']",00:00:00:00:100/1,00:02:38:28:100/1,"['Avid MediaFiles/MXF/EDIT01__bg.1/abstract dronesxc60241CE59A.mxf', 'Avid MediaFiles/MXF/EDIT01__bg.1/abstract dronesxc60241CE60A.mxf']",
1351408,"['abstract dronesxc60241CEAFA', 'abstract dronesxc60241CEB5A', 'abstract drones from Frank_6.wav.new.01']","['2:c2662c537288f209ae65d1b1cb887588', '2:f03e8a6900e154272e6a8b653786cd21']",00:00:00:00:100/1,00:02:39:04:100/1,"['Avid MediaFiles/MXF/EDIT01__bg.1/abstract dronesxc60241CEAFA.mxf', 'Avid MediaFiles/MXF/EDIT01__bg.1/abstract dronesxc60241CEB5A.mxf']",
1351409,"['abstract dronesxc60241CEF2A', 'abstract dronesxc60241CEFBA', 'abstract drones from Frank_2.wav.new.01']","['2:f5d0e286d889965fa533e70d3799e057', '2:b3ed44a55b4dfe077ad0783a0b5f1d27']",00:00:00:00:100/1,00:03:51:84:100/1,"['Avid MediaFiles/MXF/EDIT01__bg.1/abstract dronesxc60241CEF2A.mxf', 'Avid MediaFiles/MXF/EDIT01__bg.1/abstract dronesxc60241CEFBA.mxf']",
1351410,"['abstract dronesxc60241CF34A', 'abstract dronesxc60241CF3BA', 'abstract drones from Frank_8.wav.new.01']","['2:c1bdc9ad173a9144888b5e93a6a169e6', '2:63255652ba74498cc56df4dd5b3fa351']",00:00:00:00:100/1,00:01:19:52:100/1,"['Avid MediaFiles/MXF/EDIT01__bg.1/abstract dronesxc60241CF34A.mxf', 'Avid MediaFiles/MXF/EDIT01__bg.1/abstract dronesxc60241CF3BA.mxf']",
1351411,"['abstract dronesxc60241CF74A', 'abstract dronesxc60241CF7AA', 'abstract drones from Frank_1.wav.new.01']","['2:326eb086abe13ada6c92f71509607166', '2:16b03b7ab04bdea3898c320c9af87bb8']",00:00:00:00:100/1,00:02:23:44:100/1,"['Avid MediaFiles/MXF/EDIT01__bg.1/abstract dronesxc60241CF74A.mxf', 'Avid MediaFiles/MXF/EDIT01__bg.1/abstract dronesxc60241CF7AA.mxf']",
1351412,"['abstract dronesxc60241CFBAA', 'abstract dronesxc60241CFC0A', 'abstract drones from Frank_4.wav.new.01']","['2:1c3cf36626dbbad66405d26bb763be84', '2:aa64cb3520bf3d78e7e158052d262381']",00:00:00:00:100/1,00:01:48:52:100/1,"['Avid MediaFiles/MXF/EDIT01__bg.1/abstract dronesxc60241CFBAA.mxf', 'Avid MediaFiles/MXF/EDIT01__bg.1/abstract dronesxc60241CFC0A.mxf']",
1351413,"['abstract dronesxc60241CFFAA', 'abstract dronesxc60241D000A', 'abstract drones from Frank.wav.new.01']","['2:fa765faf644a6c9b6bcc582aedfcf630', '2:3a6eb0a7387beda24b8c2b8f47c8ebf7']",00:00:00:00:100/1,00:03:43:68:100/1,"['Avid MediaFiles/MXF/EDIT01__bg.1/abstract dronesxc60241CFFAA.mxf', 'Avid MediaFiles/MXF/EDIT01__bg.1/abstract dronesxc60241D000A.mxf']",
1351414,"['abstract dronesxc60241D03AA', 'abstract dronesxc60241D040A', 'abstract drones from Frank_3.wav.new.01']","['2:e239cdaf80e8a635658e6f66998ac8ca', '2:4a715bd0b8a6d80b0a9e3d21c1683281']",00:00:00:00:100/1,00:02:18:96:100/1,"['SOUND_TURNOVER_BOXON/AWD_600/AWD_600_AAF/FX_Music_COPY_ALL/Avid MediaFiles/MXF/1/abstract dronesxc60241D03AA.mxf', 'Avid MediaFiles/MXF/EDIT01__bg.1/abstract dronesxc60241D03AA.mxf', 'SOUND_TURNOVER_BOXON/AWD_600/AWD_600_AAF/FX_Music_PL_COPY_ALL/Avid MediaFiles/MXF/1/abstract dronesxc60241D03AA.mxf', 'Avid MediaFiles/MXF/EDIT01__bg.1/abstract dronesxc60241D040A.mxf', 'SOUND_TURNOVER_BOXON/AWD_600/AWD_600_AAF/FX_Music_COPY_ALL/Avid MediaFiles/MXF/1/abstract dronesxc60241D040A.mxf', 'SOUND_TURNOVER_BOXON/AWD_600/AWD_600_AAF/FX_Music_PL_COPY_ALL/Avid MediaFiles/MXF/1/abstract dronesxc60241D040A.mxf']",
1351415,"['abstract dronesxc60241D076A', 'abstract dronesxc60241D07BA', 'abstract drones from Frank_5.wav.new.01']","['2:fa90bdaba2d96701a1bd21b979eaf7c2', '2:a1dc460c510bcf3d7fe8e336a74617aa']",00:00:00:00:100/1,00:02:37:56:100/1,"['Avid MediaFiles/MXF/EDIT01__bg.1/abstract dronesxc60241D076A.mxf', 'Avid MediaFiles/MXF/EDIT01__bg.1/abstract dronesxc60241D07BA.mxf']",
1363992,Drohne_Frankfurt_von_Stefan_Pohl_2024_04_07,2:83054e826688359b562c48885fa2c7a3,00:00:00:00:25/1,00:23:24:22:25/1,IMPORTS/DRONE/Drohne_Frankfurt_von_Stefan_Pohl_2024_04_07.mp4,
1402424,"['drone 2.waA01.6537296D69EDA', 'drone 2.waA02.6537296D6A9BA', 'drone 2.wav']","['2:0475a8fece018850195b58b3d104101e', '2:7514073ee737bde0637a2b0c9e31cb3f']",00:00:00:00:100/1,00:00:42:24:100/1,"['Avid MediaFiles/MXF/2023_10_26_Render_Uli1/drone 2.waA01.6537296D69EDA.mxf', 'Avid MediaFiles/MXF/2023_10_26_Render_Uli1/drone 2.waA02.6537296D6A9BA.mxf']",
1409904,AGD__326438_Village_Drone_Church_Trees_By_Adrian_Vidak,2:164a819afda89e53dedab750eb440d98,00:00:00:00:25/1,00:00:05:23:25/1,working ordner for archive producer/AGD__326438_Village_Drone_Church_Trees_By_Adrian_Vidak.mp4,
1415901,GIA 1713__1452830104__Luftbildflug fliegt rückwärts Drohne des Reichstags 2022,2:9915a77ab04131c566f0070e9f4eaa91,00:00:00:00:30000/1001,00:00:16:19:30000/1001,ARCHIVE MASTER/GIA/GIA 1713__1452830104__Luftbildflug fliegt rückwärts Drohne des Reichstags 2022.mp4,
1426881,AGD 0177 M__747857__Drone London United Kingdom Bridge,2:24058f554c2c18fa0eb784bc7190ff83,00:00:00:00:24000/1001,00:00:15:01:24000/1001,ARCHIVE MASTER/Footage Episode 2/AGD/AGD 0177 M__747857__Drone London United Kingdom Bridge.mov,
1430598,DJI_0013__Drohne_B-Roll,2:6619384b34dd442154f0fe38348e4f33,00:00:00:00:50/1,00:00:47:47:50/1,Kriegsschiffe #5594/B-Roll/Drone/DJI_0013__Drohne_B-Roll.MOV,
1430702,DJI_0014__Drohne_B-Roll,2:3722b7c86b6e7607d1b0d1c5bc9ed6ca,00:00:00:00:50/1,00:00:21:19:50/1,Kriegsschiffe #5594/B-Roll/Drone/DJI_0014__Drohne_B-Roll.MOV,
1430720,2020_01_10 USS_HORNET_D_CAM_DRONE_20,2:d981a0e5724c6428f8d8bc5b12ea02dd,00:00:00:00:25/1,00:07:27:02:25/1,Kriegsschiffe #5594/B-Roll/Drone/2020_01_10 USS_HORNET_D_CAM_DRONE_20.mov,
1430797,"['DJI_0003__B-Roll', '2017-04-24_B-Roll_DJI_0003']",2:64941858b4f8cc6e808007644aa52c68,00:00:00:00:30000/1001,00:00:53:19:30000/1001,"['Panzer #5242/B-Roll/DJI_0003__B-Roll.mp4', 'Panzer #5242/B-Roll/2017-04-24_B-Roll_DJI_0003.mp4']",
1430811,2020_01_10 USS_HORNET_D_CAM_DRONE_21,2:9681ed4a520ae22b007c0c0e94a3e7e8,00:00:00:00:25/1,00:02:49:13:25/1,Kriegsschiffe #5594/B-Roll/Drone/2020_01_10 USS_HORNET_D_CAM_DRONE_21.mov,
1430919,2020_01_10 USS_HORNET_D_CAM_DRONE_18,2:d46083ebeb606d7d7fd1f1022047dcdf,00:00:00:00:25/1,00:00:56:06:25/1,Kriegsschiffe #5594/B-Roll/Drone/2020_01_10 USS_HORNET_D_CAM_DRONE_18.mov,
1431000,"['DJI_0002__B-Roll', '2017-04-24_B-Roll_DJI_0002']",2:76d959b2c5443c0124945110b328883e,00:00:00:00:30000/1001,00:00:09:19:30000/1001,"['Panzer #5242/B-Roll/DJI_0002__B-Roll.mp4', 'Panzer #5242/B-Roll/2017-04-24_B-Roll_DJI_0002.mp4']",
1431011,2020_01_10 USS_HORNET_D_CAM_DRONE_19,2:dab234463df86c071875a7309d0f2a5f,00:00:00:00:25/1,00:01:53:21:25/1,Kriegsschiffe #5594/B-Roll/Drone/2020_01_10 USS_HORNET_D_CAM_DRONE_19.mov,
1431062,2020_01_10 USS_HORNET_D_CAM_DRONE_16,2:84034eae323b89915aa9219e5c21b16f,00:00:00:00:25/1,00:01:16:20:25/1,Kriegsschiffe #5594/B-Roll/Drone/2020_01_10 USS_HORNET_D_CAM_DRONE_16.mov,
1431150,2020_01_10 USS_HORNET_D_CAM_DRONE_17,2:00d99e3351f8952e33821229a363113f,00:00:00:00:25/1,00:02:55:23:25/1,Kriegsschiffe #5594/B-Roll/Drone/2020_01_10 USS_HORNET_D_CAM_DRONE_17.mov,
1431243,"['DJI_0001__B-Roll', '2017-04-24_B-Roll_DJI_0001']",2:2438564c25e9f62cfe7bde7dcfb7d6c9,00:00:00:00:30000/1001,00:00:26:26:30000/1001,"['Panzer #5242/B-Roll/DJI_0001__B-Roll.mp4', 'Panzer #5242/B-Roll/2017-04-24_B-Roll_DJI_0001.mp4']",
1431251,2020_01_10 USS_HORNET_D_CAM_DRONE_14,2:dc06e3c39fbb3812402d21cae4ac565d,00:00:00:00:25/1,00:00:23:11:25/1,Kriegsschiffe #5594/B-Roll/Drone/2020_01_10 USS_HORNET_D_CAM_DRONE_14.mov,
1431343,2020_01_10 USS_HORNET_D_CAM_DRONE_15,2:5b33d188392546a7588e98bb05a5bb34,00:00:00:00:25/1,00:00:12:14:25/1,Kriegsschiffe #5594/B-Roll/Drone/2020_01_10 USS_HORNET_D_CAM_DRONE_15.mov,
1431476,DJI_0002__Drohne_B-Roll,2:9cca5d812f04f4a54b815eb990c2a1e1,00:00:00:00:50/1,00:05:27:06:50/1,Kriegsschiffe #5594/B-Roll/Drone/DJI_0002__Drohne_B-Roll.MOV,
1431506,DJI_0004__Drohne_B-Roll,2:7531a044588da469354843fe22cf3bc3,00:00:00:00:50/1,00:03:20:43:50/1,Kriegsschiffe #5594/B-Roll/Drone/DJI_0004__Drohne_B-Roll.MOV,
1431561,DJI_0003__Drohne_B-Roll,2:9c79ec662d996a78cc6e6ca6f7962713,00:00:00:00:50/1,00:04:17:26:50/1,Kriegsschiffe #5594/B-Roll/Drone/DJI_0003__Drohne_B-Roll.MOV,
1431634,2020_01_10 USS_HORNET_D_CAM_DRONE_26,2:77daf619be41544fbaaa21bd033d278f,00:00:00:00:25/1,00:01:25:12:25/1,Kriegsschiffe #5594/B-Roll/Drone/2020_01_10 USS_HORNET_D_CAM_DRONE_26.mov,
1431704,DJI_0001__Drohne_B-Roll,2:9c743c6c9823615ba39c07da38976d54,00:00:00:00:50/1,00:02:21:11:50/1,Kriegsschiffe #5594/B-Roll/Drone/DJI_0001__Drohne_B-Roll.MOV,
1431747,2020_01_10 USS_HORNET_D_CAM_DRONE_24,2:f00d04ef23dd5992f91857a5fa1099d7,00:00:00:00:25/1,00:01:09:08:25/1,Kriegsschiffe #5594/B-Roll/Drone/2020_01_10 USS_HORNET_D_CAM_DRONE_24.mov,
1431810,2020_01_10 USS_HORNET_D_CAM_DRONE_25,2:1b407029726127225d9e725aeddb28e0,00:00:00:00:25/1,00:00:19:06:25/1,Kriegsschiffe #5594/B-Roll/Drone/2020_01_10 USS_HORNET_D_CAM_DRONE_25.mov,
1431876,2020_01_10 USS_HORNET_D_CAM_DRONE_22,2:3fcb4f858161c621ff9fffcde7fcac47,00:00:00:00:25/1,00:03:18:01:25/1,Kriegsschiffe #5594/B-Roll/Drone/2020_01_10 USS_HORNET_D_CAM_DRONE_22.mov,
1431941,2020_01_10 USS_HORNET_D_CAM_DRONE_23,2:e0d93e00479de367295c329ecc78f632,00:00:00:00:25/1,00:01:25:17:25/1,Kriegsschiffe #5594/B-Roll/Drone/2020_01_10 USS_HORNET_D_CAM_DRONE_23.mov,
1432043,2019-11-07_020_DJI_0035__Drohne_B-Roll,2:fbb0aea1ed6123b47d5eae37bc062fa6,00:00:00:00:50/1,00:02:58:33:50/1,Kriegsschiffe #5594/B-Roll/Drone/2019-11-07_020_DJI_0035__Drohne_B-Roll.MOV,
1432100,2019-11-07_021_DJI_0036__Drohne_B-Roll,2:14ca7de9425290562344035ad21663ae,00:00:00:00:50/1,00:00:16:30:50/1,Kriegsschiffe #5594/B-Roll/Drone/2019-11-07_021_DJI_0036__Drohne_B-Roll.MOV,
1432165,2019-11-07_018_DJI_0033__Drohne_B-Roll,2:e5b11b8351cd922e9f49f18b5d2deff4,00:00:00:00:50/1,00:00:42:02:50/1,Kriegsschiffe #5594/B-Roll/Drone/2019-11-07_018_DJI_0033__Drohne_B-Roll.MOV,
1432230,2019-11-07_019_DJI_0034__Drohne_B-Roll,2:a5df57163885d59371488589f2d459a4,00:00:00:00:50/1,00:00:17:18:50/1,Kriegsschiffe #5594/B-Roll/Drone/2019-11-07_019_DJI_0034__Drohne_B-Roll.MOV,
1432278,2019-11-07_016_DJI_0031__Drohne_B-Roll,2:a6bf56cce5b9cc81689a1dc7c8a28252,00:00:00:00:50/1,00:00:22:45:50/1,Kriegsschiffe #5594/B-Roll/Drone/2019-11-07_016_DJI_0031__Drohne_B-Roll.MOV,
1432301,"['DJI_0035__B-Roll', '2017-04-24_B-Roll_DJI_0035']",2:1d35a2ea8939ca442423eca0a9b080b0,00:00:00:00:30000/1001,00:00:40:06:30000/1001,"['Panzer #5242/B-Roll/DJI_0035__B-Roll.mp4', 'Panzer #5242/B-Roll/2017-04-24_B-Roll_DJI_0035.mp4']",
1432359,2019-11-07_017_DJI_0032__Drohne_B-Roll,2:5bdf3c9ade1bbc79808ce56684813495,00:00:00:00:50/1,00:00:30:42:50/1,Kriegsschiffe #5594/B-Roll/Drone/2019-11-07_017_DJI_0032__Drohne_B-Roll.MOV,
1432438,2019-11-07_014_DJI_0029__Drohne_B-Roll,2:60e0e06b7f9460752a638002789d43c2,00:00:00:00:50/1,00:00:48:39:50/1,Kriegsschiffe #5594/B-Roll/Drone/2019-11-07_014_DJI_0029__Drohne_B-Roll.MOV,
1432513,2019-11-07_015_DJI_0030__Drohne_B-Roll,2:0a9358b081b19375bf770d8a2b01d6ed,00:00:00:00:50/1,00:00:11:29:50/1,Kriegsschiffe #5594/B-Roll/Drone/2019-11-07_015_DJI_0030__Drohne_B-Roll.MOV,
1432586,"['DJI_0036__B-Roll', '2017-04-24_B-Roll_DJI_0036']",2:4d0df0de664f3568d1a251fa9bbbfa0f,00:00:00:00:30000/1001,00:00:30:27:30000/1001,"['Panzer #5242/B-Roll/DJI_0036__B-Roll.mp4', 'Panzer #5242/B-Roll/2017-04-24_B-Roll_DJI_0036.mp4']",
1432642,2019-11-07_028_DJI_0043__Drohne_B-Roll,2:61d72527ca3075227670940e65a0e71c,00:00:00:00:50/1,00:00:42:24:50/1,Kriegsschiffe #5594/B-Roll/Drone/2019-11-07_028_DJI_0043__Drohne_B-Roll.MOV,
1432671,2019-11-07_030_DJI_0045__Drohne_B-Roll,2:7c1da40984e573e65eb9d118d7659532,00:00:00:00:50/1,00:00:43:12:50/1,Kriegsschiffe #5594/B-Roll/Drone/2019-11-07_030_DJI_0045__Drohne_B-Roll.MOV,
1432735,2019-11-07_029_DJI_0044__Drohne_B-Roll,2:0e37d6e69cdeef63dd3d2de615de6941,00:00:00:00:50/1,00:00:27:02:50/1,Kriegsschiffe #5594/B-Roll/Drone/2019-11-07_029_DJI_0044__Drohne_B-Roll.MOV,
1432818,2019-11-07_026_DJI_0041__Drohne_B-Roll,2:dd31d3bc96295f30245ecae50bf5b1bc,00:00:00:00:50/1,00:00:13:47:50/1,Kriegsschiffe #5594/B-Roll/Drone/2019-11-07_026_DJI_0041__Drohne_B-Roll.MOV,
1432914,2019-11-07_027_DJI_0042__Drohne_B-Roll,2:df2f1573da072193d3fb873e8bbf7504,00:00:00:00:50/1,00:00:44:03:50/1,Kriegsschiffe #5594/B-Roll/Drone/2019-11-07_027_DJI_0042__Drohne_B-Roll.MOV,
1432968,2019-11-07_024_DJI_0039__Drohne_B-Roll,2:4c581b94b0140770d90ca42561ae7c8a,00:00:00:00:50/1,00:00:25:10:50/1,Kriegsschiffe #5594/B-Roll/Drone/2019-11-07_024_DJI_0039__Drohne_B-Roll.MOV,
1432976,DJI_0028__Drohne_B-Roll,2:d0031e92ba2f0f100a9b2f17622f8004,00:00:00:00:50/1,00:00:22:25:50/1,Kriegsschiffe #5594/B-Roll/Drone/DJI_0028__Drohne_B-Roll.MOV,
1433080,2019-11-07_025_DJI_0040__Drohne_B-Roll,2:67b4739550681be92f9e5cdfe6239bd6,00:00:00:00:50/1,00:00:17:33:50/1,Kriegsschiffe #5594/B-Roll/Drone/2019-11-07_025_DJI_0040__Drohne_B-Roll.MOV,
1433085,DJI_0029__Drohne_B-Roll,2:bf34c9fe05f09eb8c5ea7884ca75be2b,00:00:00:00:50/1,00:03:50:17:50/1,Kriegsschiffe #5594/B-Roll/Drone/DJI_0029__Drohne_B-Roll.MOV,
1433106,2020_01_10 USS_HORNET_D_CAM_DRONE_03,2:c7cb76a4bd1da6a0da3d283c94acd7e7,00:00:00:00:25/1,00:00:28:06:25/1,Kriegsschiffe #5594/B-Roll/Drone/2020_01_10 USS_HORNET_D_CAM_DRONE_03.mov,
1433170,"['DJI_0037__B-Roll', '2017-04-24_B-Roll_DJI_0037']",2:88bac779393d2c00e3d7a7bf9bc896dc,00:00:00:00:30000/1001,00:00:27:15:30000/1001,"['Panzer #5242/B-Roll/DJI_0037__B-Roll.mp4', 'Panzer #5242/B-Roll/2017-04-24_B-Roll_DJI_0037.mp4']",
1433183,2019-11-07_022_DJI_0037__Drohne_B-Roll,2:1d2107e02d5d4b9d1cc977eb8e7bcb66,00:00:00:00:50/1,00:00:25:41:50/1,Kriegsschiffe #5594/B-Roll/Drone/2019-11-07_022_DJI_0037__Drohne_B-Roll.MOV,
1433188,DJI_0026__Drohne_B-Roll,2:9df3da56ebfc7225117e148200a2d6ce,00:00:00:00:50/1,00:04:23:46:50/1,Kriegsschiffe #5594/B-Roll/Drone/DJI_0026__Drohne_B-Roll.MOV,
1433218,2020_01_10 USS_HORNET_D_CAM_DRONE_04,2:11b8e06b8be7d7179464b879b619c341,00:00:00:00:25/1,00:02:17:20:25/1,Kriegsschiffe #5594/B-Roll/Drone/2020_01_10 USS_HORNET_D_CAM_DRONE_04.mov,
1433289,2019-11-07_023_DJI_0038__Drohne_B-Roll,2:6c750de40861749dc69c4bc7974d0e94,00:00:00:00:50/1,00:00:47:25:50/1,Kriegsschiffe #5594/B-Roll/Drone/2019-11-07_023_DJI_0038__Drohne_B-Roll.MOV,
1433294,DJI_0027__Drohne_B-Roll,2:90be9c005b7226d70b227f920a8ae793,00:00:00:00:50/1,00:04:08:45:50/1,Kriegsschiffe #5594/B-Roll/Drone/DJI_0027__Drohne_B-Roll.MOV,
1433323,2020_01_10 USS_HORNET_D_CAM_DRONE_01,2:1262897977318220b95b8b6d3ff24274,00:00:00:00:25/1,00:01:15:08:25/1,Kriegsschiffe #5594/B-Roll/Drone/2020_01_10 USS_HORNET_D_CAM_DRONE_01.mov,
1433350,DJI_0024__Drohne_B-Roll,2:42fda1efe29683367ec757ace5c339b8,00:00:00:00:50/1,00:00:51:46:50/1,Kriegsschiffe #5594/B-Roll/Drone/DJI_0024__Drohne_B-Roll.MOV,
1433426,2020_01_10 USS_HORNET_D_CAM_DRONE_02,2:2b072236b710eec7e00b211f6076190e,00:00:00:00:25/1,00:01:07:04:25/1,Kriegsschiffe #5594/B-Roll/Drone/2020_01_10 USS_HORNET_D_CAM_DRONE_02.mov,
1433449,DJI_0025__Drohne_B-Roll,2:a667b328ed5598f5307b608806c0e256,00:00:00:00:50/1,00:04:07:34:50/1,Kriegsschiffe #5594/B-Roll/Drone/DJI_0025__Drohne_B-Roll.MOV,
1433477,"['DJI_0008__B-Roll', '2017-04-24_B-Roll_DJI_0008']",2:21f432e97ec85ba5ba7ee8bb1cc28d2f,00:00:00:00:30000/1001,00:00:21:12:30000/1001,"['Panzer #5242/B-Roll/DJI_0008__B-Roll.mp4', 'Panzer #5242/B-Roll/2017-04-24_B-Roll_DJI_0008.mp4']",
1433487,2019-11-07_033_DJI_0048__Drohne_B-Roll,2:f4dbe898c37709b2f4d2f36cbd317036,00:00:00:00:50/1,00:01:14:11:50/1,Kriegsschiffe #5594/B-Roll/Drone/2019-11-07_033_DJI_0048__Drohne_B-Roll.MOV,
1433551,2019-11-07_003_DJI_0018__Drohne_B-Roll,2:d5f7a632af1ce2845b968c79b305ceb7,00:00:00:00:50/1,00:02:03:34:50/1,Kriegsschiffe #5594/B-Roll/Drone/2019-11-07_003_DJI_0018__Drohne_B-Roll.MOV,
1433565,DJI_0022__Drohne_B-Roll,2:eb7f667435e0721168581703017759b3,00:00:00:00:50/1,00:04:46:36:50/1,Kriegsschiffe #5594/B-Roll/Drone/DJI_0022__Drohne_B-Roll.MOV,
1433594,2019-11-07_034_DJI_0049__Drohne_B-Roll,2:f3089867f93cfcd0f618a1ca5094f8ce,00:00:00:00:50/1,00:00:20:13:50/1,Kriegsschiffe #5594/B-Roll/Drone/2019-11-07_034_DJI_0049__Drohne_B-Roll.MOV,
1433616,DJI_0044__Drohne_B-Roll,2:58c7957b2e6b89950d90598f0c3286b5,00:00:00:00:50/1,00:01:53:05:50/1,Kriegsschiffe #5594/B-Roll/Drone/DJI_0044__Drohne_B-Roll.MOV,
1433647,2019-11-07_004_DJI_0019__Drohne_B-Roll,2:1df6f687b82619941bd1cd06f1c0db0a,00:00:00:00:50/1,00:00:46:17:50/1,Kriegsschiffe #5594/B-Roll/Drone/2019-11-07_004_DJI_0019__Drohne_B-Roll.MOV,
1433657,DJI_0023__Drohne_B-Roll,2:d0f9dcfd9b848942d29e1c577ac3e1fe,00:00:00:00:50/1,00:01:14:46:50/1,Kriegsschiffe #5594/B-Roll/Drone/DJI_0023__Drohne_B-Roll.MOV,
1433690,2019-11-07_031_DJI_0046__Drohne_B-Roll,2:df386c2768651dfc395dff167c571cc2,00:00:00:00:50/1,00:01:13:23:50/1,Kriegsschiffe #5594/B-Roll/Drone/2019-11-07_031_DJI_0046__Drohne_B-Roll.MOV,
1433710,DJI_0045__Drohne_B-Roll,2:e256f0b316720775f149e8e2c60ce9ca,00:00:00:00:50/1,00:00:47:10:50/1,Kriegsschiffe #5594/B-Roll/Drone/DJI_0045__Drohne_B-Roll.MOV,
1433741,2019-11-07_001_DJI_0016__Drohne_B-Roll,2:305e9323f733d4bd2e2d542449731c99,00:00:00:00:50/1,00:01:18:27:50/1,Kriegsschiffe #5594/B-Roll/Drone/2019-11-07_001_DJI_0016__Drohne_B-Roll.MOV,
1433759,DJI_0042__Drohne_B-Roll,2:e466e133c0583f471e68c0e329e268d1,00:00:00:00:50/1,00:01:56:23:50/1,Kriegsschiffe #5594/B-Roll/Drone/DJI_0042__Drohne_B-Roll.MOV,
1433785,2019-11-07_032_DJI_0047__Drohne_B-Roll,2:70045495df7f830e2feeff9cdbe61927,00:00:00:00:50/1,00:00:16:23:50/1,Kriegsschiffe #5594/B-Roll/Drone/2019-11-07_032_DJI_0047__Drohne_B-Roll.MOV,
1433804,DJI_0036__Drohne_B-Roll,2:49c64598f916eb83ccb67800324ef121,00:00:00:00:50/1,00:01:29:14:50/1,Kriegsschiffe #5594/B-Roll/Drone/DJI_0036__Drohne_B-Roll.MOV,
1433830,DJI_0038__Drohne_B-Roll,2:12a036c17ce4645f76bcff6fc589d66b,00:00:00:00:50/1,00:01:13:02:50/1,Kriegsschiffe #5594/B-Roll/Drone/DJI_0038__Drohne_B-Roll.MOV,
1433838,2019-11-07_002_DJI_0017__Drohne_B-Roll,2:45fa480e3f904684e156f98f7dc24577,00:00:00:00:50/1,00:01:40:07:50/1,Kriegsschiffe #5594/B-Roll/Drone/2019-11-07_002_DJI_0017__Drohne_B-Roll.MOV,
1433855,DJI_0043__Drohne_B-Roll,2:999009683a243b29fc057bd27e1f0af1,00:00:00:00:50/1,00:01:29:25:50/1,Kriegsschiffe #5594/B-Roll/Drone/DJI_0043__Drohne_B-Roll.MOV,
1433894,DJI_0037__Drohne_B-Roll,2:54cbe817e06aaaa3f545fcc845d75ecd,00:00:00:00:50/1,00:00:37:34:50/1,Kriegsschiffe #5594/B-Roll/Drone/DJI_0037__Drohne_B-Roll.MOV,
1433912,2020_01_10 USS_HORNET_D_CAM_DRONE_11,2:43029c69454e60d2468a7c16d2f7f89e,00:00:00:00:25/1,00:01:50:09:25/1,Kriegsschiffe #5594/B-Roll/Drone/2020_01_10 USS_HORNET_D_CAM_DRONE_11.mov,
1433942,DJI_0039__Drohne_B-Roll,2:818b124e8a005cb7c890783eb00a50e3,00:00:00:00:50/1,00:00:33:33:50/1,Kriegsschiffe #5594/B-Roll/Drone/DJI_0039__Drohne_B-Roll.MOV,
1433952,2020_01_10 USS_HORNET_D_CAM_DRONE_13,2:1d6b97b233192844bac84bafbc867917,00:00:00:00:25/1,00:00:18:12:25/1,Kriegsschiffe #5594/B-Roll/Drone/2020_01_10 USS_HORNET_D_CAM_DRONE_13.mov,
1433979,DJI_0034__Drohne_B-Roll,2:4fd2999f33ee09fbd53f03ac9d6b0d0a,00:00:00:00:50/1,00:00:29:09:50/1,Kriegsschiffe #5594/B-Roll/Drone/DJI_0034__Drohne_B-Roll.MOV,
1434005,2020_01_10 USS_HORNET_D_CAM_DRONE_12,2:12c1a2c233e535fc13752889205f3c1c,00:00:00:00:25/1,00:02:56:15:25/1,Kriegsschiffe #5594/B-Roll/Drone/2020_01_10 USS_HORNET_D_CAM_DRONE_12.mov,
1434033,DJI_0040__Drohne_B-Roll,2:2c77b2d4507e8c23a001b3bc7c44f358,00:00:00:00:50/1,00:05:11:13:50/1,Kriegsschiffe #5594/B-Roll/Drone/DJI_0040__Drohne_B-Roll.MOV,
1434071,DJI_0035__Drohne_B-Roll,2:147be0a1de89ca786502ebb20760691f,00:00:00:00:50/1,00:01:17:03:50/1,Kriegsschiffe #5594/B-Roll/Drone/DJI_0035__Drohne_B-Roll.MOV,
1434092,2020_01_10 USS_HORNET_D_CAM_DRONE_09,2:392a19021f05a1b624e43a09032335f2,00:00:00:00:25/1,00:00:52:01:25/1,Kriegsschiffe #5594/B-Roll/Drone/2020_01_10 USS_HORNET_D_CAM_DRONE_09.mov,
1434117,DJI_0032__Drohne_B-Roll,2:e5f4ab2c7dbf7aff0f3280e2365b4891,00:00:00:00:50/1,00:02:14:47:50/1,Kriegsschiffe #5594/B-Roll/Drone/DJI_0032__Drohne_B-Roll.MOV,
1434178,2020_01_10 USS_HORNET_D_CAM_DRONE_10,2:75ab24d3edaeed25a628550ec26405e1,00:00:00:00:25/1,00:01:06:24:25/1,Kriegsschiffe #5594/B-Roll/Drone/2020_01_10 USS_HORNET_D_CAM_DRONE_10.mov,
1434199,DJI_0033__Drohne_B-Roll,2:c08eaf7f77da3886aac6a0832e26819a,00:00:00:00:50/1,00:01:15:45:50/1,Kriegsschiffe #5594/B-Roll/Drone/DJI_0033__Drohne_B-Roll.MOV,
1434224,2020_01_10 USS_HORNET_D_CAM_DRONE_07,2:2462ca7fbef4d62e8569685d4cc5f0dd,00:00:00:00:25/1,00:02:37:20:25/1,Kriegsschiffe #5594/B-Roll/Drone/2020_01_10 USS_HORNET_D_CAM_DRONE_07.mov,
1434269,2019-11-07_011_DJI_0026__Drohne_B-Roll,2:ff5a44023be6ff5faa442ace7b20d612,00:00:00:00:50/1,00:00:22:36:50/1,Kriegsschiffe #5594/B-Roll/Drone/2019-11-07_011_DJI_0026__Drohne_B-Roll.MOV,
1434281,DJI_0030__Drohne_B-Roll,2:020591da255d5cf392c7c8e13b048549,00:00:00:00:50/1,00:00:35:15:50/1,Kriegsschiffe #5594/B-Roll/Drone/DJI_0030__Drohne_B-Roll.MOV,
1434295,2019-11-07_013_DJI_0028__Drohne_B-Roll,2:c4c12be8d419c81a9b28e9817691962c,00:00:00:00:50/1,00:00:27:27:50/1,Kriegsschiffe #5594/B-Roll/Drone/2019-11-07_013_DJI_0028__Drohne_B-Roll.MOV,
1434303,2020_01_10 USS_HORNET_D_CAM_DRONE_08,2:13abbb4ed6920448fd671c65a74719bc,00:00:00:00:25/1,00:01:29:22:25/1,Kriegsschiffe #5594/B-Roll/Drone/2020_01_10 USS_HORNET_D_CAM_DRONE_08.mov,
1434349,2019-11-07_012_DJI_0027__Drohne_B-Roll,2:a9e477e76bb436ed3894ec648ea8df0e,00:00:00:00:50/1,00:01:28:43:50/1,Kriegsschiffe #5594/B-Roll/Drone/2019-11-07_012_DJI_0027__Drohne_B-Roll.MOV,
1434357,DJI_0031__Drohne_B-Roll,2:112dfe5d267c671e8ddb24c4b8d12cec,00:00:00:00:50/1,00:00:25:24:50/1,Kriegsschiffe #5594/B-Roll/Drone/DJI_0031__Drohne_B-Roll.MOV,
1434375,2020_01_10 USS_HORNET_D_CAM_DRONE_05,2:5554c54f4af696bf7baf9a0adce9abc9,00:00:00:00:25/1,00:01:15:22:25/1,Kriegsschiffe #5594/B-Roll/Drone/2020_01_10 USS_HORNET_D_CAM_DRONE_05.mov,
1434423,2019-11-07_009_DJI_0024__Drohne_B-Roll,2:5820f3294477cf8bde4aab90653835ed,00:00:00:00:50/1,00:00:45:22:50/1,Kriegsschiffe #5594/B-Roll/Drone/2019-11-07_009_DJI_0024__Drohne_B-Roll.MOV,
1434448,2020_01_10 USS_HORNET_D_CAM_DRONE_06,2:c158cd537f22279cc5538f4ff0bb5e61,00:00:00:00:25/1,00:01:29:11:25/1,Kriegsschiffe #5594/B-Roll/Drone/2020_01_10 USS_HORNET_D_CAM_DRONE_06.mov,
1434490,2019-11-07_010_DJI_0025__Drohne_B-Roll,2:d10e2b1cfe46c8b0296db0a663f7bbf4,00:00:00:00:50/1,00:00:16:01:50/1,Kriegsschiffe #5594/B-Roll/Drone/2019-11-07_010_DJI_0025__Drohne_B-Roll.MOV,
1434542,DJI_0019__Drohne_B-Roll,2:9c07592d4b3809baa6b94401b1ed1b75,00:00:00:00:50/1,00:05:27:05:50/1,Kriegsschiffe #5594/B-Roll/Drone/DJI_0019__Drohne_B-Roll.MOV,
1434572,DJI_0021__Drohne_B-Roll,2:3a3e7d362cd3d0ce25f69d94399a7861,00:00:00:00:50/1,00:05:27:06:50/1,Kriegsschiffe #5594/B-Roll/Drone/DJI_0021__Drohne_B-Roll.MOV,
1434621,DJI_0020__Drohne_B-Roll,2:ae5dc993754337afdcbe75cc421008c5,00:00:00:00:50/1,00:01:03:47:50/1,Kriegsschiffe #5594/B-Roll/Drone/DJI_0020__Drohne_B-Roll.MOV,
1434699,DJI_0017__Drohne_B-Roll,2:67f4be639809c416461e1c0cd88ca446,00:00:00:00:50/1,00:00:32:08:50/1,Kriegsschiffe #5594/B-Roll/Drone/DJI_0017__Drohne_B-Roll.MOV,
1434781,DJI_0018MOV__Drohne_B-Roll,2:48cdc4dc4c2ef4ec20eae3a4158ed13f,00:00:00:00:50/1,00:01:13:48:50/1,Kriegsschiffe #5594/B-Roll/Drone/DJI_0018MOV__Drohne_B-Roll.MOV,
1434825,DJI_0015MOV__Drohne_B-Roll,2:8d518b8db924ed7c2bee279f8a0a3eb4,00:00:00:00:50/1,00:00:39:15:50/1,Kriegsschiffe #5594/B-Roll/Drone/DJI_0015MOV__Drohne_B-Roll.MOV,
1434886,2019-11-07_007_DJI_0022__Drohne_B-Roll,2:08879af1e238c2a266334a1fc2c16fad,00:00:00:00:50/1,00:00:14:18:50/1,Kriegsschiffe #5594/B-Roll/Drone/2019-11-07_007_DJI_0022__Drohne_B-Roll.MOV,
1434895,DJI_0016__Drohne_B-Roll,2:7949246b673dc2f21e25ae222ed9d237,00:00:00:00:50/1,00:00:35:49:50/1,Kriegsschiffe #5594/B-Roll/Drone/DJI_0016__Drohne_B-Roll.MOV,
1434957,2019-11-07_008_DJI_0023__Drohne_B-Roll,2:322aa352e1260084f514aad1dbc0e046,00:00:00:00:50/1,00:00:37:20:50/1,Kriegsschiffe #5594/B-Roll/Drone/2019-11-07_008_DJI_0023__Drohne_B-Roll.MOV,
1435028,2019-11-07_005_DJI_0020__Drohne_B-Roll,2:8ebc5e52abf8697bd4505c19643a6258,00:00:00:00:50/1,00:00:32:03:50/1,Kriegsschiffe #5594/B-Roll/Drone/2019-11-07_005_DJI_0020__Drohne_B-Roll.MOV,
1435072,DJI_0011__Drohne_B-Roll,2:c324c3a5e65ba82a6f8764cc2e6709c6,00:00:00:00:50/1,00:00:42:47:50/1,Kriegsschiffe #5594/B-Roll/Drone/DJI_0011__Drohne_B-Roll.MOV,
1435099,2019-11-07_006_DJI_0021__Drohne_B-Roll,2:8eca05ceebe1e7c5cab14f0de4230e63,00:00:00:00:50/1,00:00:27:45:50/1,Kriegsschiffe #5594/B-Roll/Drone/2019-11-07_006_DJI_0021__Drohne_B-Roll.MOV,
1435142,DJI_0012__Drohne_B-Roll,2:ad9121503ee2cd091377b6117fe4fff9,00:00:00:00:50/1,00:02:08:02:50/1,Kriegsschiffe #5594/B-Roll/Drone/DJI_0012__Drohne_B-Roll.MOV,
1435162,"['DJI_0007__B-Roll', '2017-04-24_B-Roll_DJI_0007']",2:a25c5520bcc56d094bf23c7cd1a2cb51,00:00:00:00:30000/1001,00:00:54:26:30000/1001,"['Panzer #5242/B-Roll/DJI_0007__B-Roll.mp4', 'Panzer #5242/B-Roll/2017-04-24_B-Roll_DJI_0007.mp4']",
1435212,DJI_0009__Drohne_B-Roll,2:7faf838ecd97ce95ba58b2d7ec70904b,00:00:00:00:50/1,00:00:53:19:50/1,Kriegsschiffe #5594/B-Roll/Drone/DJI_0009__Drohne_B-Roll.MOV,
1435285,DJI_0010__Drohne_B-Roll,2:f1ce78f1f7c3104739d38bee59103de5,00:00:00:00:50/1,00:00:49:33:50/1,Kriegsschiffe #5594/B-Roll/Drone/DJI_0010__Drohne_B-Roll.MOV,
1435303,"['DJI_0004__B-Roll', '2017-04-24_B-Roll_DJI_0004']",2:73bc5bb9855f3f30ae79a890e73b785d,00:00:00:00:30000/1001,00:00:20:01:30000/1001,"['Panzer #5242/B-Roll/DJI_0004__B-Roll.mp4', 'Panzer #5242/B-Roll/2017-04-24_B-Roll_DJI_0004.mp4']",
1435323,DJI_0007__Drohne_B-Roll,2:99fe72705521f03857fbfadb12428d92,00:00:00:00:50/1,00:02:01:21:50/1,Kriegsschiffe #5594/B-Roll/Drone/DJI_0007__Drohne_B-Roll.MOV,
1435383,DJI_0006__Drohne_B-Roll,2:372434900f55c9d3797205d42ed94811,00:00:00:00:50/1,00:02:38:41:50/1,Kriegsschiffe #5594/B-Roll/Drone/DJI_0006__Drohne_B-Roll.MOV,
1435485,"['DJI_0006__B-Roll', '2017-04-24_B-Roll_DJI_0006']",2:4ec73ee4e716f28e458f3f633680daff,00:00:00:00:30000/1001,00:00:42:09:30000/1001,"['Panzer #5242/B-Roll/DJI_0006__B-Roll.mp4', 'Panzer #5242/B-Roll/2017-04-24_B-Roll_DJI_0006.mp4']",
1435518,DJI_0008__Drohne_B-Roll,2:cf5a5b85bbe4d950210c878ab1555933,00:00:00:00:50/1,00:01:29:39:50/1,Kriegsschiffe #5594/B-Roll/Drone/DJI_0008__Drohne_B-Roll.MOV,
1435597,DJI_0005__Drohne_B-Roll,2:d018c2c54401624c61f3044d4ca15058,00:00:00:00:50/1,00:01:27:37:50/1,Kriegsschiffe #5594/B-Roll/Drone/DJI_0005__Drohne_B-Roll.MOV,
1454055,"AGD 0402__261185__Aerial, Drone, Rice, Terraces",2:31b6b1baec5a6b003d10c27b44c1ba4e,00:00:05:12:24000/1001,00:00:16:19:24000/1001,"['ARCHIVE MASTER/Episode 3/Footage/AGD/AGD 0402__261185__Aerial, Drone, Rice, Terraces.mp4', 'Archivclips 2024-08-21/AGD 0402__261185__Aerial, Drone, Rice, Terraces.mp4']",
1454062,"AGD 0414__6209506__Cargo, Crane, Shipping, Drone",2:cbb180e7f68f4fdd098b1f8bdba24672,00:00:00:00:30000/1001 nd,00:00:10:21:30000/1001 nd,"['ARCHIVE MASTER/Episode 3/Footage/AGD/AGD 0414__6209506__Cargo, Crane, Shipping, Drone.mp4', 'Archivclips 2024-08-21/AGD 0414__6209506__Cargo, Crane, Shipping, Drone.mp4']",
1454587,"AGD 0394__241780__Above, Aerial, Aerial Shot, Drone",2:0a13b68519743f6c011a963f8984a92c,00:00:01:15:30000/1001 nd,00:00:20:09:30000/1001 nd,"['ARCHIVE MASTER/Episode 3/Footage/AGD/AGD 0394__241780__Above, Aerial, Aerial Shot, Drone.mp4', 'Archivclips 2024-08-21/AGD 0394__241780__Above, Aerial, Aerial Shot, Drone.mp4']",
1454591,"GIA M__1297143933__Aerial shot of modern glass skyscraper with city reflection, drone ascending near office building at downtown - Suzhou, China - 4K Stock-Video__China 2021",2:aad813cc1710bd8af25d6d67fd850f84,00:00:00:00:30000/1001 nd,00:00:18:01:30000/1001 nd,"ARCHIVE MASTER/Episode 3/Footage/GIA/GIA M__1297143933__Aerial shot of modern glass skyscraper with city reflection, drone ascending near office building at downtown - Suzhou, China - 4K Stock-Video__China 2021.mov",
1454861,"GIA 2319 M__1156133615__Hongkong Aerial Drone Hyper Time Lapse an ContainerTerminals und Steinmetzbrücke in der Nacht__ China, 2019",2:89b2c6fac2c127cf64c3ec3a37f7144a,00:00:00:00:30/1,00:00:10:02:30/1,"ARCHIVE MASTER/Episode 1/Footage/GIA/GIA 2319 M__1156133615__Hongkong Aerial Drone Hyper Time Lapse an ContainerTerminals und Steinmetzbrücke in der Nacht__ China, 2019.mov",
1454881,"AGD 0407__617389__South Africa, Cliffside Ocean Bay, Drone, Mountain",2:0995cbe715f91295fb15eb960937fcfb,00:00:02:07:24000/1001,00:00:20:19:24000/1001,"['ARCHIVE MASTER/Episode 3/Footage/AGD/AGD 0407__617389__South Africa, Cliffside Ocean Bay, Drone, Mountain.mp4', 'Archivclips 2024-08-21/AGD 0407__617389__South Africa, Cliffside Ocean Bay, Drone, Mountain.mp4']",
1454939,"AGD 0406__617400__South Africa, Cliffside Ocean Bay, Drone, Mountain",2:c3166e669fd8ff4f3068a459c445f7c2,00:00:12:06:24000/1001,00:00:22:21:24000/1001,"['ARCHIVE MASTER/Episode 3/Footage/AGD/AGD 0406__617400__South Africa, Cliffside Ocean Bay, Drone, Mountain.mp4', 'Archivclips 2024-08-21/AGD 0406__617400__South Africa, Cliffside Ocean Bay, Drone, Mountain.mp4']",
1455001,SST 0260 M__1094375511__Tilting drone shot of breathtaking mountain landscape covered in fog and mist__China,2:43b2ee6914c6bc72045770cb47172b37,00:02:10:23:30000/1001 nd,00:02:22:10:30000/1001 nd,ARCHIVE MASTER/Episode 1/Footage/PND/SST 0260 M__1094375511__Tilting drone shot of breathtaking mountain landscape covered in fog and mist__China.mov,
1455031,"SST 0262 M__1026547763__Surveillance drone or satellite camera scanning Beijing, China__China",2:a11b0819e9d009a953a4648e23eccad8,00:00:00:00:30/1,00:00:22:08:30/1,"ARCHIVE MASTER/Episode 1/Footage/PND/SST 0262 M__1026547763__Surveillance drone or satellite camera scanning Beijing, China__China.mov",
1484110,"['AGD 0360__756233_London_Bridge_Dusk_Illuminated_By_21_Aerials_Artlist_4K', 'AGD__756233__London_Drone_City_Metropolitan_By_21_Aerials_Artlist_4K']",2:d5ff6ccf8e91c92afa0a714a38ad4d15,00:00:00:00:25/1,00:00:24:02:25/1,"['ARCHIVE MASTER/AGD/AGD 0360__756233_London_Bridge_Dusk_Illuminated_By_21_Aerials_Artlist_4K.mov', 'ARCHIVE MASTER/AGD/AGD 0361 M__756233__London, Bridge, Dusk, Illuminated.mov', 'Archive Masters/AGD__756233__London_Drone_City_Metropolitan_By_21_Aerials_Artlist_4K.mov']",
1503241,"['DJI_0035', '2024-11-11_B-Roll_Drohne_DJI_0035']",2:c36c1e88babde6867e98019ccc5bb28b,00:00:00:00:50/1,00:00:57:48:50/1,OCF OAF/2024-11-11_BRoll_Militaerhistorisches Museum Berlin Gatow/DROHNE/DCIM/100MEDIA/2024-11-11_B-Roll_Drohne_DJI_0035.MOV,
1503242,"['DJI_0025', '2024-11-11_B-Roll_Drohne_DJI_0025']",2:51de85aba9991c0964e254c1bba98411,00:00:00:00:50/1,00:02:08:47:50/1,OCF OAF/2024-11-11_BRoll_Militaerhistorisches Museum Berlin Gatow/DROHNE/DCIM/100MEDIA/2024-11-11_B-Roll_Drohne_DJI_0025.MOV,
1503244,"['DJI_0008', '2024-11-11_B-Roll_Drohne_DJI_0008']",2:bd2913933ddda895930c08e627ae8984,00:00:00:00:50/1,00:00:35:02:50/1,OCF OAF/2024-11-11_BRoll_Militaerhistorisches Museum Berlin Gatow/DROHNE/DCIM/100MEDIA/2024-11-11_B-Roll_Drohne_DJI_0008.MOV,
1503251,"['DJI_0018', '2024-11-11_B-Roll_Drohne_DJI_0018']",2:3454c10d673176810da1f3bd99199bbe,00:00:00:00:50/1,00:00:30:08:50/1,OCF OAF/2024-11-11_BRoll_Militaerhistorisches Museum Berlin Gatow/DROHNE/DCIM/100MEDIA/2024-11-11_B-Roll_Drohne_DJI_0018.MOV,
1503255,"['DJI_0004', '2024-11-11_B-Roll_Drohne_DJI_0004']",2:2db85c1671638abffdf77924c16dd3c1,00:00:00:00:50/1,00:00:42:04:50/1,OCF OAF/2024-11-11_BRoll_Militaerhistorisches Museum Berlin Gatow/DROHNE/DCIM/100MEDIA/2024-11-11_B-Roll_Drohne_DJI_0004.MOV,
1503265,"['DJI_0031', '2024-11-11_B-Roll_Drohne_DJI_0031']",2:0ce0588617e6cad7b5f63027a96b7d99,00:00:00:00:50/1,00:00:09:00:50/1,OCF OAF/2024-11-11_BRoll_Militaerhistorisches Museum Berlin Gatow/DROHNE/DCIM/100MEDIA/2024-11-11_B-Roll_Drohne_DJI_0031.MOV,
1503269,"['DJI_0014', '2024-11-11_B-Roll_Drohne_DJI_0014']",2:756c350530f8a9e4e44e3e6a12b69466,00:00:00:00:50/1,00:01:02:27:50/1,OCF OAF/2024-11-11_BRoll_Militaerhistorisches Museum Berlin Gatow/DROHNE/DCIM/100MEDIA/2024-11-11_B-Roll_Drohne_DJI_0014.MOV,
1503281,"['DJI_0026', '2024-11-11_B-Roll_Drohne_DJI_0026']",2:2654265769516d86a355673e1ca63648,00:00:00:00:50/1,00:00:35:34:50/1,OCF OAF/2024-11-11_BRoll_Militaerhistorisches Museum Berlin Gatow/DROHNE/DCIM/100MEDIA/2024-11-11_B-Roll_Drohne_DJI_0026.MOV,
1503286,"['DJI_0009', '2024-11-11_B-Roll_Drohne_DJI_0009']",2:a668e9627badfba7262a48b964033f78,00:00:00:00:50/1,00:02:17:28:50/1,OCF OAF/2024-11-11_BRoll_Militaerhistorisches Museum Berlin Gatow/DROHNE/DCIM/100MEDIA/2024-11-11_B-Roll_Drohne_DJI_0009.MOV,
1503299,"['DJI_0022', '2024-11-11_B-Roll_Drohne_DJI_0022']",2:332c84435107a90de938d30fb4fbd899,00:00:00:00:50/1,00:00:19:38:50/1,OCF OAF/2024-11-11_BRoll_Militaerhistorisches Museum Berlin Gatow/DROHNE/DCIM/100MEDIA/2024-11-11_B-Roll_Drohne_DJI_0022.MOV,
1503302,"['DJI_0005', '2024-11-11_B-Roll_Drohne_DJI_0005']",2:ce3a93d5308a3926e6c8e5130cfa09f3,00:00:00:00:50/1,00:01:11:21:50/1,OCF OAF/2024-11-11_BRoll_Militaerhistorisches Museum Berlin Gatow/DROHNE/DCIM/100MEDIA/2024-11-11_B-Roll_Drohne_DJI_0005.MOV,
1503314,"['DJI_0001', '2024-11-11_B-Roll_Drohne_DJI_0001']",2:44975381d0be8fea488bf2e3acebb335,00:00:00:00:50/1,00:01:09:45:50/1,OCF OAF/2024-11-11_BRoll_Militaerhistorisches Museum Berlin Gatow/DROHNE/DCIM/100MEDIA/2024-11-11_B-Roll_Drohne_DJI_0001.MOV,
1503319,"['DJI_0036', '2024-11-11_B-Roll_Drohne_DJI_0036']",2:95ae0a79099491433b0c750698ca68a7,00:00:00:00:50/1,00:00:18:16:50/1,OCF OAF/2024-11-11_BRoll_Militaerhistorisches Museum Berlin Gatow/DROHNE/DCIM/100MEDIA/2024-11-11_B-Roll_Drohne_DJI_0036.MOV,
1503323,"['DJI_0019', '2024-11-11_B-Roll_Drohne_DJI_0019']",2:6c5e64443835907fbb2c10a73a580eae,00:00:00:00:50/1,00:01:03:13:50/1,OCF OAF/2024-11-11_BRoll_Militaerhistorisches Museum Berlin Gatow/DROHNE/DCIM/100MEDIA/2024-11-11_B-Roll_Drohne_DJI_0019.MOV,
1503334,"['DJI_0032', '2024-11-11_B-Roll_Drohne_DJI_0032']",2:687449ed99519b6256f44ba65cb471c6,00:00:00:00:50/1,00:01:20:04:50/1,OCF OAF/2024-11-11_BRoll_Militaerhistorisches Museum Berlin Gatow/DROHNE/DCIM/100MEDIA/2024-11-11_B-Roll_Drohne_DJI_0032.MOV,
1503340,"['DJI_0015', '2024-11-11_B-Roll_Drohne_DJI_0015']",2:c10f173eb8461581aed1da5cb5ff79ea,00:00:00:00:50/1,00:00:48:48:50/1,OCF OAF/2024-11-11_BRoll_Militaerhistorisches Museum Berlin Gatow/DROHNE/DCIM/100MEDIA/2024-11-11_B-Roll_Drohne_DJI_0015.MOV,
1503353,"['DJI_0027', '2024-11-11_B-Roll_Drohne_DJI_0027']",2:a33ff672a340c58226f058611a69bb27,00:00:00:00:50/1,00:03:32:07:50/1,OCF OAF/2024-11-11_BRoll_Militaerhistorisches Museum Berlin Gatow/DROHNE/DCIM/100MEDIA/2024-11-11_B-Roll_Drohne_DJI_0027.MOV,
1503354,"['DJI_0010', '2024-11-11_B-Roll_Drohne_DJI_0010']",2:1ca67b8e2a66488f597e1a0129f36daf,00:00:00:00:50/1,00:01:11:47:50/1,OCF OAF/2024-11-11_BRoll_Militaerhistorisches Museum Berlin Gatow/DROHNE/DCIM/100MEDIA/2024-11-11_B-Roll_Drohne_DJI_0010.MOV,
1503368,"['DJI_0023', '2024-11-11_B-Roll_Drohne_DJI_0023']",2:76f77d8ef9ab275810ec5958714cdc7a,00:00:00:00:50/1,00:00:00:15:50/1,OCF OAF/2024-11-11_BRoll_Militaerhistorisches Museum Berlin Gatow/DROHNE/DCIM/100MEDIA/2024-11-11_B-Roll_Drohne_DJI_0023.MOV,
1503372,"['DJI_0006', '2024-11-11_B-Roll_Drohne_DJI_0006']",2:7e6c9ccc0f5102c11c8f97aa8105084c,00:00:00:00:50/1,00:00:16:17:50/1,OCF OAF/2024-11-11_BRoll_Militaerhistorisches Museum Berlin Gatow/DROHNE/DCIM/100MEDIA/2024-11-11_B-Roll_Drohne_DJI_0006.MOV,
1503385,"['DJI_0002', '2024-11-11_B-Roll_Drohne_DJI_0002']",2:9a2fee1bfd070791afdcbc41f1c248ff,00:00:00:00:50/1,00:00:35:04:50/1,OCF OAF/2024-11-11_BRoll_Militaerhistorisches Museum Berlin Gatow/DROHNE/DCIM/100MEDIA/2024-11-11_B-Roll_Drohne_DJI_0002.MOV,
1503391,"['DJI_0037', '2024-11-11_B-Roll_Drohne_DJI_0037']",2:09da081b6f2c12b7eeb288a4965beda5,00:00:00:00:50/1,00:00:16:07:50/1,OCF OAF/2024-11-11_BRoll_Militaerhistorisches Museum Berlin Gatow/DROHNE/DCIM/100MEDIA/2024-11-11_B-Roll_Drohne_DJI_0037.MOV,
1503397,"['DJI_0020', '2024-11-11_B-Roll_Drohne_DJI_0020']",2:c3980d0c30c7b647a85c4447608bad70,00:00:00:00:50/1,00:02:58:45:50/1,OCF OAF/2024-11-11_BRoll_Militaerhistorisches Museum Berlin Gatow/DROHNE/DCIM/100MEDIA/2024-11-11_B-Roll_Drohne_DJI_0020.MOV,
1503407,"['DJI_0033', '2024-11-11_B-Roll_Drohne_DJI_0033']",2:8fc503641644581b8c7f9dbcadc132c9,00:00:00:00:50/1,00:00:35:43:50/1,OCF OAF/2024-11-11_BRoll_Militaerhistorisches Museum Berlin Gatow/DROHNE/DCIM/100MEDIA/2024-11-11_B-Roll_Drohne_DJI_0033.MOV,
1503413,"['DJI_0016', '2024-11-11_B-Roll_Drohne_DJI_0016']",2:8705c7eefd7809514f7977c1b8c4cd3b,00:00:00:00:50/1,00:00:53:36:50/1,OCF OAF/2024-11-11_BRoll_Militaerhistorisches Museum Berlin Gatow/DROHNE/DCIM/100MEDIA/2024-11-11_B-Roll_Drohne_DJI_0016.MOV,
1503425,"['DJI_0028', '2024-11-11_B-Roll_Drohne_DJI_0028']",2:120d4108e1f916428d8e5d679061f854,00:00:00:00:50/1,00:00:00:09:50/1,OCF OAF/2024-11-11_BRoll_Militaerhistorisches Museum Berlin Gatow/DROHNE/DCIM/100MEDIA/2024-11-11_B-Roll_Drohne_DJI_0028.MOV,
1503427,"['DJI_0011', '2024-11-11_B-Roll_Drohne_DJI_0011']",2:9a98ae1041dea326a6e62c70dc9e49dd,00:00:00:00:50/1,00:00:58:47:50/1,OCF OAF/2024-11-11_BRoll_Militaerhistorisches Museum Berlin Gatow/DROHNE/DCIM/100MEDIA/2024-11-11_B-Roll_Drohne_DJI_0011.MOV,
1503438,"['DJI_0024', '2024-11-11_B-Roll_Drohne_DJI_0024']",2:620f01c86bafa35c53e0d85c18627147,00:00:00:00:50/1,00:00:00:45:50/1,OCF OAF/2024-11-11_BRoll_Militaerhistorisches Museum Berlin Gatow/DROHNE/DCIM/100MEDIA/2024-11-11_B-Roll_Drohne_DJI_0024.MOV,
1503441,"['DJI_0007', '2024-11-11_B-Roll_Drohne_DJI_0007']",2:76ebab908e7177fa7178dd100fe30f55,00:00:00:00:50/1,00:00:29:10:50/1,OCF OAF/2024-11-11_BRoll_Militaerhistorisches Museum Berlin Gatow/DROHNE/DCIM/100MEDIA/2024-11-11_B-Roll_Drohne_DJI_0007.MOV,
1503458,"['DJI_0021', '2024-11-11_B-Roll_Drohne_DJI_0021']",2:3a8dcb8ad1aa4487a6fe934dee83b490,00:00:00:00:50/1,00:00:10:44:50/1,OCF OAF/2024-11-11_BRoll_Militaerhistorisches Museum Berlin Gatow/DROHNE/DCIM/100MEDIA/2024-11-11_B-Roll_Drohne_DJI_0021.MOV,
1503461,"['DJI_0030', '2024-11-11_B-Roll_Drohne_DJI_0030']",2:6db2b8eb35df526c4b8f25bec466f325,00:00:00:00:50/1,00:03:02:38:50/1,OCF OAF/2024-11-11_BRoll_Militaerhistorisches Museum Berlin Gatow/DROHNE/DCIM/100MEDIA/2024-11-11_B-Roll_Drohne_DJI_0030.MOV,
1503468,"['DJI_0017', '2024-11-11_B-Roll_Drohne_DJI_0017']",2:94470fbb8984cee30c36587ff2531ac8,00:00:00:00:50/1,00:01:09:19:50/1,OCF OAF/2024-11-11_BRoll_Militaerhistorisches Museum Berlin Gatow/DROHNE/DCIM/100MEDIA/2024-11-11_B-Roll_Drohne_DJI_0017.MOV,
1503469,"['DJI_0003', '2024-11-11_B-Roll_Drohne_DJI_0003']",2:b5ea5dff22da481f6841c6bb7b975fe4,00:00:00:00:50/1,00:00:37:11:50/1,OCF OAF/2024-11-11_BRoll_Militaerhistorisches Museum Berlin Gatow/DROHNE/DCIM/100MEDIA/2024-11-11_B-Roll_Drohne_DJI_0003.MOV,
1503470,"['DJI_0013', '2024-11-11_B-Roll_Drohne_DJI_0013']",2:a55bfe0cc61bdec2c9d3beb677d7daf4,00:00:00:00:50/1,00:02:34:03:50/1,OCF OAF/2024-11-11_BRoll_Militaerhistorisches Museum Berlin Gatow/DROHNE/DCIM/100MEDIA/2024-11-11_B-Roll_Drohne_DJI_0013.MOV,
1503477,"['DJI_0034', '2024-11-11_B-Roll_Drohne_DJI_0034']",2:0e145f452c54dacb155b4bc6a74a6ee1,00:00:00:00:50/1,00:00:38:45:50/1,OCF OAF/2024-11-11_BRoll_Militaerhistorisches Museum Berlin Gatow/DROHNE/DCIM/100MEDIA/2024-11-11_B-Roll_Drohne_DJI_0034.MOV,
1503489,"['DJI_0029', '2024-11-11_B-Roll_Drohne_DJI_0029']",2:6c55a123fa49fb2385d28be0b9a4bf2f,00:00:00:00:50/1,00:02:06:18:50/1,OCF OAF/2024-11-11_BRoll_Militaerhistorisches Museum Berlin Gatow/DROHNE/DCIM/100MEDIA/2024-11-11_B-Roll_Drohne_DJI_0029.MOV,
1503492,"['DJI_0012', '2024-11-11_B-Roll_Drohne_DJI_0012']",2:7c84784ed2259f4918e33b120f2fb439,00:00:00:00:50/1,00:00:49:28:50/1,OCF OAF/2024-11-11_BRoll_Militaerhistorisches Museum Berlin Gatow/DROHNE/DCIM/100MEDIA/2024-11-11_B-Roll_Drohne_DJI_0012.MOV,
1532689,UA__CC-BY__UMOD__The American drone Puma played a crucial role in stopping the Russian attack__11-05-2024,2:38bde966368458bfe06901d0143e04a5,00:00:00:00:25/1,00:10:28:04:25/1,.rewrap/UA__CC-BY__UMOD__The American drone Puma played a crucial role in stopping the Russian attack__11-05-2024.mxf,
1532703,UA__CC-BY__UMOD__RUSSIANS SHOULD BE FEARFUL How Vampire drones mine the roads where the occupiers blow up__2024,2:7f5867fd13579a9e52d868abafc92d19,00:00:00:00:25/1,00:07:54:04:25/1,ARCHIVE MASTER/Footage/UA__CC-BY__UMOD__RUSSIANS SHOULD BE FEARFUL How Vampire drones mine the roads where the occupiers blow up__2024.mp4,
1532704,UA__CC-BY__UMOD__RUSSIANS ARE AFRAID OF UKRAINIAN ‘BABA YAGA’ how a powerful drone works to destroy the enemy Vampire__17-04-2024,2:79b00ce9359508eec3b6be2f520f68a7,00:00:00:00:25/1,00:08:26:02:25/1,ARCHIVE MASTER/Footage/UA__CC-BY__UMOD__RUSSIANS ARE AFRAID OF UKRAINIAN ‘BABA YAGA’ how a powerful drone works to destroy the enemy Vampire__17-04-2024.mp4,
1532705,UA__CC-BY__UMOD__The American drone Puma played a crucial role in stopping the Russian attack__11-05-2024,2:1dd4d2fd1be6b812cb50771751afb612,00:00:00:00:25/1,00:10:28:04:25/1,ARCHIVE MASTER/Footage/UA__CC-BY__UMOD__The American drone Puma played a crucial role in stopping the Russian attack__11-05-2024.mp4,
1533650,2020-10-24_Drone_39__DJI_0023,2:00ddde03e588ab4a78fdfa2aec23bff7,00:00:00:00:25/1,00:00:30:15:25/1,Trasse #5592/B-Roll/2020-10-24_Drone_39__DJI_0023.mxf,
1533673,2020-10-24_Drone_03__DJI_0986,2:c067d168c8897dfba9d1e9bb7a864f3a,00:00:00:00:25/1,00:01:41:07:25/1,Trasse #5592/B-Roll/2020-10-24_Drone_03__DJI_0986.mxf,
1533674,2020-10-23_Drone_Road to Station_05__DJI_0967,2:549339807301f5b0ce475a3133337397,00:00:00:00:25/1,00:00:26:10:25/1,Trasse #5592/B-Roll/2020-10-23_Drone_Road to Station_05__DJI_0967.mxf,
1533680,2020-10-24_Drone_02__DJI_0985,2:fc210f295f3a5a1045b86eecedadcb2c,00:00:00:00:25/1,00:00:40:04:25/1,Trasse #5592/B-Roll/2020-10-24_Drone_02__DJI_0985.mxf,
1533681,2020-10-23_Drone_Road to Station_04__DJI_0966,2:b020dc8072a3ca9c5487e2942d390cc9,00:00:00:00:25/1,00:00:15:13:25/1,Trasse #5592/B-Roll/2020-10-23_Drone_Road to Station_04__DJI_0966.mxf,
1533688,2020-10-23_Drone_Road to Station_03__DJI_0965,2:febfaa7fd3ede68d1b13930077b52eb6,00:00:00:00:25/1,00:01:02:12:25/1,Trasse #5592/B-Roll/2020-10-23_Drone_Road to Station_03__DJI_0965.mxf,
1533714,2020-10-24_Drone_42__DJI_0026,2:d6a71e8ee82986e8c821cbef7fb34c73,00:00:00:00:25/1,00:00:42:24:25/1,Trasse #5592/B-Roll/2020-10-24_Drone_42__DJI_0026.mxf,
1533719,2020-10-24_Drone_04__DJI_0987,2:318f6c8f61c6f133aa409b4905f57f97,00:00:00:00:25/1,00:00:15:01:25/1,Trasse #5592/B-Roll/2020-10-24_Drone_04__DJI_0987.mxf,
1533720,2020-10-23_Drone_Road to Station_06__DJI_0968,2:e7618b3c7036e8900ef3550b1371bd9a,00:00:00:00:25/1,00:00:14:13:25/1,Trasse #5592/B-Roll/2020-10-23_Drone_Road to Station_06__DJI_0968.mxf,
1533759,2020-10-24_Drone_41__DJI_0025,2:f5fd50135b8d07e29e92f766b37e9e76,00:00:00:00:25/1,00:00:45:02:25/1,Trasse #5592/B-Roll/2020-10-24_Drone_41__DJI_0025.mxf,
1533778,2020-10-23_Drone_Road to Station_19__DJI_0981,2:8775ed46a395d5eb6155e54d9c58c298,00:00:00:00:25/1,00:00:31:22:25/1,Trasse #5592/B-Roll/2020-10-23_Drone_Road to Station_19__DJI_0981.mxf,
1533785,2020-10-24_Drone_35__DJI_0019,2:e3c746b946e2c12879db601fa5407375,00:00:00:00:25/1,00:00:35:18:25/1,Trasse #5592/B-Roll/2020-10-24_Drone_35__DJI_0019.mxf,
1533802,2020-10-24_Drone_22__DJI_0006,2:105bee24965c1c60943e105fe6698da3,00:00:00:00:25/1,00:02:06:08:25/1,Trasse #5592/B-Roll/2020-10-24_Drone_22__DJI_0006.mxf,
1533810,2020-10-24_Drone_44__DJI_0028,2:0e807f73bbcd34a5209166de54d63b96,00:00:00:00:25/1,00:00:38:21:25/1,Trasse #5592/B-Roll/2020-10-24_Drone_44__DJI_0028.mxf,
1533815,2020-10-23_Drone_Road to Station_20__DJI_0982,2:03b7b7e9f11ae68ee68552ba4535fe2d,00:00:00:00:25/1,00:00:48:11:25/1,Trasse #5592/B-Roll/2020-10-23_Drone_Road to Station_20__DJI_0982.mxf,
1533828,2020-10-24_Drone_36__DJI_0020,2:a42dae6c41a5b4cbd7b8144cc1b9b38d,00:00:00:00:25/1,00:01:52:02:25/1,Trasse #5592/B-Roll/2020-10-24_Drone_36__DJI_0020.mxf,
1533843,2020-10-24_Drone_23__DJI_0007,2:c9b4243849a4d1fcb18ccf99ea157615,00:00:00:00:25/1,00:01:25:16:25/1,Trasse #5592/B-Roll/2020-10-24_Drone_23__DJI_0007.mxf,
1533853,2020-10-24_Drone_43__DJI_0027,2:56cad6b703b6b0142e0012f1b9ce5527,00:00:00:00:25/1,00:00:45:02:25/1,Trasse #5592/B-Roll/2020-10-24_Drone_43__DJI_0027.mxf,
1533872,2020-10-23_Drone_Road to Station_17__DJI_0979,2:4512bc8be18ed0b1f116f209169bf1d5,00:00:00:00:25/1,00:00:39:04:25/1,Trasse #5592/B-Roll/2020-10-23_Drone_Road to Station_17__DJI_0979.mxf,
1533879,2020-10-24_Drone_33__DJI_0017,2:101a4d6070ce306adfaf59f167040d46,00:00:00:00:25/1,00:00:18:22:25/1,Trasse #5592/B-Roll/2020-10-24_Drone_33__DJI_0017.mxf,
1533884,2020-10-24_Drone_32__DJI_0016,2:d6a253c9dd146a0b7824637c58ed58b1,00:00:00:00:25/1,00:00:53:03:25/1,Trasse #5592/B-Roll/2020-10-24_Drone_32__DJI_0016.mxf,
1533899,2020-10-24_Drone_20__DJI_0004,2:771e58bed365a367ac7dc0dd845b812a,00:00:00:00:25/1,00:01:18:11:25/1,Trasse #5592/B-Roll/2020-10-24_Drone_20__DJI_0004.mxf,
1533912,2020-10-23_Drone_Road to Station_18__DJI_0980,2:0f8d221d459046a33b2aace85807cf1a,00:00:00:00:25/1,00:00:23:12:25/1,Trasse #5592/B-Roll/2020-10-23_Drone_Road to Station_18__DJI_0980.mxf,
1533924,2020-10-24_Drone_34__DJI_0018,2:5e911485fc30e3f5207f941fb1c34a54,00:00:00:00:25/1,00:00:42:00:25/1,Trasse #5592/B-Roll/2020-10-24_Drone_34__DJI_0018.mxf,
1533940,2020-10-24_Drone_21__DJI_0005,2:a75c3a5fd407ec18043f9e240a693d78,00:00:00:00:25/1,00:00:52:15:25/1,Trasse #5592/B-Roll/2020-10-24_Drone_21__DJI_0005.mxf,
1533951,2020-10-24_Drone_45__DJI_0029,2:8e537c49af20825328a071bd28e73c5d,00:00:00:00:25/1,00:00:27:01:25/1,Trasse #5592/B-Roll/2020-10-24_Drone_45__DJI_0029.mxf,
1533969,2020-10-23_Drone_Road to Station_15__DJI_0977,2:97846ddaa7bfe34474eba3508ef2711b,00:00:00:00:25/1,00:00:49:08:25/1,Trasse #5592/B-Roll/2020-10-23_Drone_Road to Station_15__DJI_0977.mxf,
1533981,2020-10-24_Drone_05__DJI_0988,2:8b154aabb9f6249b086dcb1cfc3b6194,00:00:00:00:25/1,00:00:29:10:25/1,Trasse #5592/B-Roll/2020-10-24_Drone_05__DJI_0988.mxf,
1533994,2020-10-24_Drone_18__DJI_0002,2:e164f58597302d4dc849d462c2495a55,00:00:00:00:25/1,00:00:16:12:25/1,Trasse #5592/B-Roll/2020-10-24_Drone_18__DJI_0002.mxf,
1534007,2020-10-23_Drone_Road to Station_16__DJI_0978,2:745e832fea4326c57fe3c95f66522b42,00:00:00:00:25/1,00:02:01:05:25/1,Trasse #5592/B-Roll/2020-10-23_Drone_Road to Station_16__DJI_0978.mxf,
1534022,2020-10-24_Drone_06__DJI_0989,2:48686ea9bb3c9fa604a9ef9ec8307438,00:00:00:00:25/1,00:00:08:08:25/1,Trasse #5592/B-Roll/2020-10-24_Drone_06__DJI_0989.mxf,
1534032,2020-10-24_Drone_19__DJI_0003,2:ccc8feb2a8ab86fdc9b3ee12e0c5132e,00:00:00:00:25/1,00:00:40:01:25/1,Trasse #5592/B-Roll/2020-10-24_Drone_19__DJI_0003.mxf,
1534062,2020-10-23_Drone_Road to Station_13__DJI_0975,2:426a9aab9b6011458edd88993afb0f4a,00:00:00:00:25/1,00:00:34:17:25/1,Trasse #5592/B-Roll/2020-10-23_Drone_Road to Station_13__DJI_0975.mxf,
1534084,2020-10-24_Drone_16__DJI_0999,2:666bdae652983837a479daf580794645,00:00:00:00:25/1,00:00:22:16:25/1,Trasse #5592/B-Roll/2020-10-24_Drone_16__DJI_0999.mxf,
1534089,2020-10-24_Drone_15__DJI_0998,2:81ac68506a9a2e0c0d5a3dbbcea76d36,00:00:00:00:25/1,00:01:45:13:25/1,Trasse #5592/B-Roll/2020-10-24_Drone_15__DJI_0998.mxf,
1534102,2020-10-23_Drone_Road to Station_14__DJI_0976,2:597171dcc00d2bce303a90817dda68ea,00:00:00:00:25/1,00:00:13:10:25/1,Trasse #5592/B-Roll/2020-10-23_Drone_Road to Station_14__DJI_0976.mxf,
1534113,2020-10-24_Drone_00__DJI_0983,2:5fe0b1543f9b9e627b1c7507682dfc1a,00:00:00:00:25/1,00:01:12:20:25/1,Trasse #5592/B-Roll/2020-10-24_Drone_00__DJI_0983.mxf,
1534125,2020-10-24_Drone_17__DJI_0001,2:5a8409b1fda95ae254ad072fab0d9374,00:00:00:00:25/1,00:00:29:16:25/1,Trasse #5592/B-Roll/2020-10-24_Drone_17__DJI_0001.mxf,
1534151,2020-10-24_Drone_01__DJI_0984,2:3b07e5e4cc5be82819a758db9523a1ca,00:00:00:00:25/1,00:02:29:08:25/1,Trasse #5592/B-Roll/2020-10-24_Drone_01__DJI_0984.mxf,
1534168,2020-10-24_Drone_30__DJI_0014,2:fb1b2ce2941dd494d5a7e9bb787ef74e,00:00:00:00:25/1,00:01:21:18:25/1,Trasse #5592/B-Roll/2020-10-24_Drone_30__DJI_0014.mxf,
1534209,2020-10-24_Drone_31__DJI_0015,2:d7139d811a3915bdfdec4524353d9c89,00:00:00:00:25/1,00:01:56:02:25/1,Trasse #5592/B-Roll/2020-10-24_Drone_31__DJI_0015.mxf,
1534257,2020-10-24_Drone_28__DJI_0012,2:096f928a039a98f884615e96f3488db9,00:00:00:00:25/1,00:01:29:14:25/1,Trasse #5592/B-Roll/2020-10-24_Drone_28__DJI_0012.mxf,
1534269,2020-10-24_Drone_38__DJI_0022,2:0b80f4863b5dd6c1e9fa03d26d5f3c4f,00:00:00:00:25/1,00:00:18:24:25/1,Trasse #5592/B-Roll/2020-10-24_Drone_38__DJI_0022.mxf,
1534295,2020-10-24_Drone_29__DJI_0013,2:2d990e4b271a6b45cd4b1c38609f7b00,00:00:00:00:25/1,00:00:20:07:25/1,Trasse #5592/B-Roll/2020-10-24_Drone_29__DJI_0013.mxf,
1534307,2020-10-24_Drone_37__DJI_0021,2:10156302aea754c6b3d2b6673abe1824,00:00:00:00:25/1,00:00:35:00:25/1,Trasse #5592/B-Roll/2020-10-24_Drone_37__DJI_0021.mxf,
1534342,2020-10-24_Drone_13__DJI_0996,2:ee5f23dbb65a7411c2f64d56027cb691,00:00:00:00:25/1,00:00:43:19:25/1,Trasse #5592/B-Roll/2020-10-24_Drone_13__DJI_0996.mxf,
1534351,2020-10-24_Drone_26__DJI_0010,2:906ba24fb3fa3929a9541797fa4f55fc,00:00:00:00:25/1,00:00:32:14:25/1,Trasse #5592/B-Roll/2020-10-24_Drone_26__DJI_0010.mxf,
1534389,2020-10-24_Drone_14__DJI_0997,2:58fb6fcf0379df6308fb458198318dd5,00:00:00:00:25/1,00:00:59:24:25/1,Trasse #5592/B-Roll/2020-10-24_Drone_14__DJI_0997.mxf,
1534399,2020-10-24_Drone_27__DJI_0011,2:ea2a6449ede46aabc392d42d7d363622,00:00:00:00:25/1,00:00:33:22:25/1,Trasse #5592/B-Roll/2020-10-24_Drone_27__DJI_0011.mxf,
1534439,2020-10-24_Drone_11__DJI_0994,2:f6ce3acf116ed179a8fe29f510a60c6c,00:00:00:00:25/1,00:00:46:08:25/1,Trasse #5592/B-Roll/2020-10-24_Drone_11__DJI_0994.mxf,
1534447,2020-10-24_Drone_24__DJI_0008,2:4386ad9feb87784b6cade4135072c6bb,00:00:00:00:25/1,00:00:16:10:25/1,Trasse #5592/B-Roll/2020-10-24_Drone_24__DJI_0008.mxf,
1534487,2020-10-24_Drone_12__DJI_0995,2:2ccb5ffe66543bf665099f671bd8bb70,00:00:00:00:25/1,00:00:21:02:25/1,Trasse #5592/B-Roll/2020-10-24_Drone_12__DJI_0995.mxf,
1534496,2020-10-24_Drone_25__DJI_0009,2:8b170501716901c0596b23f3f67609fe,00:00:00:00:25/1,00:01:25:14:25/1,Trasse #5592/B-Roll/2020-10-24_Drone_25__DJI_0009.mxf,
1534538,2020-10-24_Drone_09__DJI_0992,2:7d6879699259ba8862e5b90bf291dfdb,00:00:00:00:25/1,00:00:35:22:25/1,Trasse #5592/B-Roll/2020-10-24_Drone_09__DJI_0992.mxf,
1534577,2020-10-24_Drone_10__DJI_0993,2:1ea290afff4fd9024f31a7cc98789676,00:00:00:00:25/1,00:01:50:08:25/1,Trasse #5592/B-Roll/2020-10-24_Drone_10__DJI_0993.mxf,
1534636,2020-10-24_Drone_07__DJI_0990,2:6e042347ebaf489a426d621c13c32ce7,00:00:00:00:25/1,00:00:41:17:25/1,Trasse #5592/B-Roll/2020-10-24_Drone_07__DJI_0990.mxf,
1534678,2020-10-24_Drone_08__DJI_0991,2:53ecf901e1c521b24495b074be82fa5f,00:00:00:00:25/1,00:01:31:24:25/1,Trasse #5592/B-Roll/2020-10-24_Drone_08__DJI_0991.mxf,
1534824,2020-10-23_Drone_Road to Station_11__DJI_0973,2:c6ba54c032b4cdeed87cc61e50049019,00:00:00:00:25/1,00:00:39:23:25/1,Trasse #5592/B-Roll/2020-10-23_Drone_Road to Station_11__DJI_0973.mxf,
1534915,2020-10-23_Drone_Road to Station_02__DJI_0964,2:a544e05c76eb7ed3692a15f48d45554c,00:00:00:00:25/1,00:00:11:11:25/1,Trasse #5592/B-Roll/2020-10-23_Drone_Road to Station_02__DJI_0964.mxf,
1534937,2020-10-23_Drone_Road to Station_12__DJI_0974,2:3d7ced443ac7dc6d80d9ec08842e88e4,00:00:00:00:25/1,00:00:25:07:25/1,Trasse #5592/B-Roll/2020-10-23_Drone_Road to Station_12__DJI_0974.mxf,
1534979,2020-10-23_Drone_Road to Station_09__DJI_0971,2:0971d43764ba43847d2be20147255ade,00:00:00:00:25/1,00:00:08:19:25/1,Trasse #5592/B-Roll/2020-10-23_Drone_Road to Station_09__DJI_0971.mxf,
1534991,2020-10-23_Drone_Road to Station_00__DJI_0962,2:c40ac40dc87deadf506a4e1de407985d,00:00:00:00:25/1,00:00:08:06:25/1,Trasse #5592/B-Roll/2020-10-23_Drone_Road to Station_00__DJI_0962.mxf,
1535016,2020-10-23_Drone_Road to Station_10__DJI_0972,2:40c7fed89e894420e7a0f5987528d8e2,00:00:00:00:25/1,00:00:07:11:25/1,Trasse #5592/B-Roll/2020-10-23_Drone_Road to Station_10__DJI_0972.mxf,
1535024,2020-10-23_Drone_Road to Station_01__DJI_0963,2:826c363dbcb7ecca5a683820989a3a37,00:00:00:00:25/1,00:00:44:22:25/1,Trasse #5592/B-Roll/2020-10-23_Drone_Road to Station_01__DJI_0963.mxf,
1535050,2020-10-23_Drone_Road to Station_07__DJI_0969,2:51ce3bd8138d06aa153c9f0908e0a41e,00:00:00:00:25/1,00:02:26:00:25/1,Trasse #5592/B-Roll/2020-10-23_Drone_Road to Station_07__DJI_0969.mxf,
1535059,2020-10-24_Drone_40__DJI_0024,2:ef30fab097b1126bdb6f5a14a00ce742,00:00:00:00:25/1,00:00:41:01:25/1,Trasse #5592/B-Roll/2020-10-24_Drone_40__DJI_0024.mxf,
1535074,2020-10-23_Drone_Road to Station_08__DJI_0970,2:1d54fd765fbb241eea132c6d3828872b,00:00:00:00:25/1,00:03:18:16:25/1,Trasse #5592/B-Roll/2020-10-23_Drone_Road to Station_08__DJI_0970.mxf,
1536368,RMOD__CC-BY__FPV drone of paratroopers shot down an AFU hexacopter of the ‘Baba Yaga’ type in aerial combat__14-07-2024,2:c41e2ba76fb4e8650cda28775d3bd72a,00:00:00:00:50/1,00:00:13:04:50/1,ARCHIVE MASTER/Footage/RMOD__CC-BY__FPV drone of paratroopers shot down an AFU hexacopter of the ‘Baba Yaga’ type in aerial combat__14-07-2024.mp4,
1536861,SST__3459524701__Ein Soldat in Tarnuniform startet eine Drohne aus seiner Hand__Ukraine 2023,2:333721b2c040c8f0c39f8be272a00b47,00:00:00:00:30000/1001,00:00:24:10:30000/1001,"['ARCHIVE MASTER/Footage/Episode 01/SST__3459524701__Ein Soldat in Tarnuniform startet eine Drohne aus seiner Hand__Ukraine 2023.mp4', 'ARCHIVE MASTER/Footage/Episode 01/SST/SST__3459524701__Ein Soldat in Tarnuniform startet eine Drohne aus seiner Hand__Ukraine 2023.mp4', 'ARCHIVE MASTER/Footage/Episode 04/Shutterstock/SST__3459524701__M__Ein Soldat in Tarnuniform startet eine Drohne aus seiner Hand__Ukraine 2023.mp4']",
1536863,"SST__1108424071__Ukrainischer Drohnenbetreiber spricht, wie man DJI Mavic auf einem Schlachtfeld einsetzt__Ukraine 2024",2:e4601bedfd297d2088756b3a899c0535,00:00:00:00:25/1,00:00:06:12:25/1,"['ARCHIVE MASTER/Footage/Episode 01/SST__1108424071__Ukrainischer Drohnenbetreiber spricht, wie man DJI Mavic auf einem Schlachtfeld einsetzt__Ukraine 2024.mov', 'ARCHIVE MASTER/Footage/Episode 01/SST/SST__1108424071__Ukrainischer Drohnenbetreiber spricht, wie man DJI Mavic auf einem Schlachtfeld einsetzt__Ukraine 2024.mov', 'ARCHIVE MASTER/Footage/Episode 04/Shutterstock/SST__1108424071__M__Ukrainischer Drohnenbetreiber spricht, wie man DJI Mavic auf einem Schlachtfeld einsetzt__Ukraine 2024.mp4']",
1536872,NASA__ARC-20130816__High-Flying Drone Returns After Studying Atlantic Storms__2013,2:f72c2940d921acb819c7dc353c914fba,00:00:00:00:30000/1001,00:02:08:23:30000/1001,ARCHIVE MASTER/Footage/Episode 01/NASA__ARC-20130816__High-Flying Drone Returns After Studying Atlantic Storms__2013.mp4,
1536976,"['87ef58531d9245dd851c43e8fA1', '87ef58531d9245dd851c43e8fA2', 'UA__CC-BY__UMOD__RUSSIANS SHOULD BE FEARFUL How Vampire drones mine the roads where the occupiers blow up__2024', '87ef58531d9245dd851c43e8f']","['2:6f87095fdf9b399c5d4a33bceda973e0', '2:64ed99ec1405d000ebefbd31bbce7f35', '2:2294f0ed10a24eae8e9a336a8a34f0c2']",00:00:00:00:25/1,00:07:54:04:25/1,"['ARCHIVE MASTER/Footage/Episode 04/UA/UA__CC-BY__UMOD__RUSSIANS SHOULD BE FEARFUL How Vampire drones mine the roads where the occupiers blow up__2024_A1.mxf', 'Avid MediaFiles/MXF/EDIT02.3/UA__CC-BY__UMOD__RUSSIANS SHOULD BE FEARFUL How Vampire drones mine the roads where the occupiers blow up__2024_A1.mxf', 'Avid MediaFiles/MXF/es-worker1.1/87ef58531d9245dd851c43e8fA1.mxf', 'ARCHIVE MASTER/Footage/Episode 04/UA/UA__CC-BY__UMOD__RUSSIANS SHOULD BE FEARFUL How Vampire drones mine the roads where the occupiers blow up__2024_A2.mxf', 'Avid MediaFiles/MXF/EDIT02.3/UA__CC-BY__UMOD__RUSSIANS SHOULD BE FEARFUL How Vampire drones mine the roads where the occupiers blow up__2024_A2.mxf', 'Avid MediaFiles/MXF/es-worker1.1/87ef58531d9245dd851c43e8fA2.mxf', 'ARCHIVE MASTER/Footage/Episode 01/UA/87ef58531d9245dd851c43e8f_russiansshouldbefearful.mxf', 'Avid MediaFiles/MXF/EDIT02.3/UA__CC-BY__UMOD__RUSSIANS SHOULD BE FEARFUL How Vampire drones mine the roads where the occupiers blow up__2024.mxf', 'ARCHIVE MASTER/Footage/Episode 04/UA/UA__CC-BY__UMOD__RUSSIANS SHOULD BE FEARFUL How Vampire drones mine the roads where the occupiers blow up__2024.mxf', 'Avid MediaFiles/MXF/es-worker1.1/87ef58531d9245dd851c43e8f.mxf']",
1537561,AGD__6223974_India_Drone_Mountains_Scenic_By_Tanmaynik_Artlist_HD,2:ed02016cf1189232b1ccc63e9d97705e,00:00:21:15:30000/1001 nd,00:00:34:14:30000/1001 nd,Archive Masters/Stock Footage Artgrid/AGD__6223974_India_Drone_Mountains_Scenic_By_Tanmaynik_Artlist_HD.mp4,
1537603,AGD__6163413_Drone_Snow_Traces_Steps_By_Escape_Routine_Artlist_HD,2:263e6092a8dab500e50e9f1d3d4734ab,00:00:00:00:25/1,00:00:11:10:25/1,Archive Masters/Stock Footage Artgrid/AGD__6163413_Drone_Snow_Traces_Steps_By_Escape_Routine_Artlist_HD.mp4,
1537626,AGD__689178_Himalaya_Khangshar_Drone_Manang_By_21_Aerials_Artlist_HD,2:c69394a2b6b0a93ac92ac6021a0e2286,00:00:00:00:30000/1001 nd,00:00:31:18:30000/1001 nd,Archive Masters/Stock Footage Artgrid/AGD__689178_Himalaya_Khangshar_Drone_Manang_By_21_Aerials_Artlist_HD.mp4,
1537649,AGD__6163412_Steps_Topshot_Italy_Drone_By_Escape_Routine_Artlist_HD,2:621a91b6f08c0cd2547d6b5cd7dd22d3,00:00:00:00:25/1,00:00:27:09:25/1,Archive Masters/Stock Footage Artgrid/AGD__6163412_Steps_Topshot_Italy_Drone_By_Escape_Routine_Artlist_HD.mp4,
1537680,AGD__689151_Himalaya_Khangshar_Drone_Manang_By_21_Aerials_Artlist_HD,2:31561ad917252c43f9be5e089e8f4c74,00:00:00:00:30000/1001 nd,00:00:14:11:30000/1001 nd,Archive Masters/Stock Footage Artgrid/AGD__689151_Himalaya_Khangshar_Drone_Manang_By_21_Aerials_Artlist_HD.mp4,
1537834,AGD__598977_Sunlight_Horizon_Drone_Snow_By_Tanner_Fowler_Artlist_HD,2:4545fb947d4c0604407ecf80b0fb7a6c,00:00:18:02:24000/1001,00:00:33:18:24000/1001,Archive Masters/Stock Footage Artgrid/AGD__598977_Sunlight_Horizon_Drone_Snow_By_Tanner_Fowler_Artlist_HD.mp4,
1538344,SST M__3649475973__Aerial drone shot of thikshey monastery,2:8170d20c2a19a7d934e6255119d106a2,00:00:00:00:60000/1001,00:00:20:57:60000/1001,"['Archive Masters/EP 1/Shutterstock/SST M___3649475973__Aerial drone shot of thikshey monastery captured after sunset in blue hour.mov', 'Archive Masters/EP 3/shutterstock/SST M__3649475973__Aerial drone shot of thikshey monastery.mov']",
1539281,AGD M__561305_Fpv_Denmark_Drone_Gopro,2:d9ede30d5a6af7849fd28af17edc354a,13:15:56:01:25/1,13:16:21:24:25/1,"['ARCHIVE MASTER/Footage/Episode 01/Steppe/AGD M__561305_Fpv_Denmark_Drone_Gopro.mov', 'ARCHIVE MASTER/Footage/Episode 01/AGD/AGD M__561305_Fpv_Denmark_Drone_Gopro.mov']",
1548151,GIA 2293 M__1480620581__Tilting drone shot over Lesotho grasslands - HD stock video__Lesotho 2023,2:8c4ac49593a197c963d58f1f71e7c49e,00:00:00:00:30000/1001 nd,00:00:12:25:30000/1001 nd,ARCHIVE MASTER/GIA/GIA 2293 M__1480620581__Tilting drone shot over Lesotho grasslands - HD stock video__Lesotho 2023.mov,
1548179,"AGD 0336 M__747855__Drone, London, United Kingdom, Bridge",2:5af9164c9650470795d01d70261a9909,00:00:00:00:24000/1001,00:00:14:11:24000/1001,"ARCHIVE MASTER/AGD/AGD 0336 M__747855__Drone, London, United Kingdom, Bridge.mov",
1567209,AGD M__652751_Drone_Sky_Clouds_High_Altitude,2:862e28f5e5278281d66b0814a398fef8,00:02:14:08:25/1,00:02:42:08:25/1,"['ARCHIVE MASTER/Footage/Episode 01/Flying like a bird/AGD M__652751_Drone_Sky_Clouds_High_Altitude.mov', 'ARCHIVE MASTER/Footage/Episode 01/AGD/AGD M__652751_Drone_Sky_Clouds_High_Altitude.mov']",
1567211,"['Layla M__compil', 'Leyla drone flight__compil']",2:0dd7089a6161a7112eff1d13c675de32,00:00:00:00:30000/1001,00:04:37:15:30000/1001,"['ARCHIVE MASTER/Footage/Episode 01/Saratsyn/Layla M__compil.mp4', 'OCF OAF/2025-01-13_Leyla drone flight/Leyla/Leyla drone flight__compil.mp4', 'ARCHIVE MASTER/Footage/Episode 01/Layla Saratsyn/Layla M__compil.mp4', 'ARCHIVE MASTER/Footage/Episode 04/Layla Saratsyn/Layla M__compil.mp4']",
1567212,"['Layla M__2024_08_17_21_59_12__Original Framrate 39 03', 'Leyla drone flight__2024_08_17_21_59_12']",2:475373e18374586b49279b506a98d72e,00:00:00:00:7807/200,00:28:43:24:7807/200,"['ARCHIVE MASTER/Footage/Episode 01/Saratsyn/Layla M__2024_08_17_21_59_12__Original Framrate 39 03.mp4', 'OCF OAF/2025-01-13_Leyla drone flight/Leyla/Leyla drone flight__2024_08_17_21_59_12.mp4', 'ARCHIVE MASTER/Footage/Episode 01/Layla Saratsyn/Layla M__2024_08_17_21_59_12__Original Framrate 39 03.mp4', 'ARCHIVE MASTER/Footage/Episode 04/Layla Saratsyn/Layla M__2024_08_17_21_59_12__Original Framrate 39 03.mp4']",
1567213,"['Layla M__mountain 2 kamaz 2 hits', 'Leyla drone flight__гірське 2 камаза 2 влучання']",2:026038d737914eff45787c41d13f126c,00:00:00:00:17681/500,00:06:16:00:17681/500,"['ARCHIVE MASTER/Footage/Episode 01/Saratsyn/Layla M__mountain 2 kamaz 2 hits.mp4', 'OCF OAF/2025-01-13_Leyla drone flight/Leyla/Leyla drone flight__гірське 2 камаза 2 влучання.mp4', 'ARCHIVE MASTER/Footage/Episode 01/Layla Saratsyn/Layla M__mountain 2 kamaz 2 hits.mp4']",
1567214,"['Layla M__vt poplar hit', 'Leyla drone flight__вт тополівка влучання']",2:2bf8d833ddc2522c04ba587078ec636f,00:00:00:00:1833/50,00:16:13:21:1833/50,"['ARCHIVE MASTER/Footage/Episode 01/Saratsyn/Layla M__vt poplar hit.mp4', 'OCF OAF/2025-01-13_Leyla drone flight/Leyla/Leyla drone flight__вт тополівка влучання.mp4', 'ARCHIVE MASTER/Footage/Episode 01/Layla Saratsyn/Layla M__vt poplar hit.mp4']",
1567215,"['Layla M__trunk of the sechenovka hit', 'Leyla drone flight__стволка секменівка влучання']",2:99e6c0a72ca34a1f40a8747a89b8699d,00:00:00:00:20591/500,00:35:48:40:20591/500,"['ARCHIVE MASTER/Footage/Episode 01/Saratsyn/Layla M__trunk of the sechenovka hit.mp4', 'OCF OAF/2025-01-13_Leyla drone flight/Leyla/Leyla drone flight__стволка секменівка влучання.mp4', 'ARCHIVE MASTER/Footage/Episode 01/Layla Saratsyn/Layla M__trunk of the sechenovka hit.mp4']",
1567216,"['Layla M__warehouse uk autel 4t 1s (vluchannya)', 'Leyla drone flight__склад бк  аутел 4т 1с (влучання)']",2:38fbedb9cf237c41cad3a2096a590b17,00:00:00:00:12311/500,00:00:39:02:12311/500,"['ARCHIVE MASTER/Footage/Episode 01/Saratsyn/Layla M__warehouse uk autel 4t 1s (vluchannya).MP4', 'OCF OAF/2025-01-13_Leyla drone flight/Leyla/Leyla drone flight__склад бк  аутел 4т 1с (влучання).MP4', 'ARCHIVE MASTER/Footage/Episode 01/Layla Saratsyn/Layla M__warehouse uk autel 4t 1s (vluchannya).MP4']",
1567217,"['Layla M__2 300 npz autel 4t 1s (vluchannya)', 'Leyla drone flight__2 300 нпз аутел 4т 1с (влучання)']",2:886e8da26a7df1ac65700218c29cbbb2,00:00:00:00:1241/50,00:02:13:02:1241/50,"['ARCHIVE MASTER/Footage/Episode 01/Saratsyn/Layla M__2 300 npz autel 4t 1s (vluchannya).MP4', 'OCF OAF/2025-01-13_Leyla drone flight/Leyla/Leyla drone flight__2 300 нпз аутел 4т 1с (влучання).MP4', 'ARCHIVE MASTER/Footage/Episode 01/Layla Saratsyn/Layla M__2 300 npz autel 4t 1s (vluchannya).MP4', 'ARCHIVE MASTER/Footage/Episode 04/Layla Saratsyn/Layla M__2 300 npz autel 4t 1s (vluchannya).MP4']",
1567218,"['Layla M__NGU cartoon assault group from the remote control - 1s (hit, 6 - 200)__Original Framerate 50 42', 'Leyla drone flight__нгу мультик штурмова група з пульта - 1с. (влучання, 6 - 200)']",2:6d0b8bf9302e63575cd7ebc2db44ec7e,00:00:00:00:50423/1000,00:17:12:50:50423/1000,"['ARCHIVE MASTER/Footage/Episode 01/Saratsyn/Layla M__NGU cartoon assault group from the remote control - 1s (hit, 6 - 200)__Original Framerate 50 42.mp4', 'OCF OAF/2025-01-13_Leyla drone flight/Leyla/Leyla drone flight__нгу мультик штурмова група з пульта - 1с. (влучання, 6 - 200).mp4', 'ARCHIVE MASTER/Footage/Episode 01/Layla Saratsyn/Layla M__NGU cartoon assault group from the remote control - 1s (hit, 6 - 200)__Original Framerate 50 42.mp4']",
1567371,2022-04-12_B-Roll_Munich-Drone_D001_042_DJI_0042,2:64f9c27c2faaf5d9d41cdcbaaf156420,00:00:00:00:25/1,00:00:55:17:25/1,Tod und Spiele - München 72 #B0011/B-Roll/2022-04-12/2022-04-12_B-Roll_Munich-Drone_D001_042_DJI_0042.MOV,
1567445,2022-04-12_B-Roll_Munich-Drone_D001_045_DJI_0045,2:e3c749ac0d8d63812959dd3c53a9a528,00:00:00:00:25/1,00:00:29:24:25/1,Tod und Spiele - München 72 #B0011/B-Roll/2022-04-12/2022-04-12_B-Roll_Munich-Drone_D001_045_DJI_0045.MOV,
1567496,2022-04-12_B-Roll_Munich-Drone_D001_044_DJI_0044,2:2b5c582a352ee2607b8db1e1f3c93e72,00:00:00:00:25/1,00:00:15:06:25/1,Tod und Spiele - München 72 #B0011/B-Roll/2022-04-12/2022-04-12_B-Roll_Munich-Drone_D001_044_DJI_0044.MOV,
1567535,2022-04-12_B-Roll_Munich-Drone_D001_047_DJI_0047,2:15473f729f9e36537098bdb4faf8c0d6,00:00:00:00:25/1,00:02:16:13:25/1,Tod und Spiele - München 72 #B0011/B-Roll/2022-04-12/2022-04-12_B-Roll_Munich-Drone_D001_047_DJI_0047.MOV,
1567580,2022-04-12_B-Roll_Munich-Drone_D001_046_DJI_0046,2:80350545c2eb578e1600054a74b71baf,00:00:00:00:25/1,00:00:17:21:25/1,Tod und Spiele - München 72 #B0011/B-Roll/2022-04-12/2022-04-12_B-Roll_Munich-Drone_D001_046_DJI_0046.MOV,
1567608,2022-04-12_B-Roll_Munich-Drone_D001_050_DJI_0050,2:eaa9e78f0812b277e02273f6e32da1e7,00:00:00:00:25/1,00:00:18:13:25/1,Tod und Spiele - München 72 #B0011/B-Roll/2022-04-12/2022-04-12_B-Roll_Munich-Drone_D001_050_DJI_0050.MOV,
1567629,2022-04-12_B-Roll_Munich-Drone_D001_049_DJI_0049,2:ae56b792770177ef259a90db1cb5fd19,00:00:00:00:25/1,00:00:17:21:25/1,Tod und Spiele - München 72 #B0011/B-Roll/2022-04-12/2022-04-12_B-Roll_Munich-Drone_D001_049_DJI_0049.MOV,
1567677,2022-04-12_B-Roll_Munich-Drone_D001_048_DJI_0048,2:1d2baa078f9cfec4d1e4164849a97c48,00:00:00:00:25/1,00:00:28:18:25/1,Tod und Spiele - München 72 #B0011/B-Roll/2022-04-12/2022-04-12_B-Roll_Munich-Drone_D001_048_DJI_0048.MOV,
1567852,2022-04-12_B-Roll_Munich-Drone_D001_065_DJI_0065,2:16d12ba2dd760cd80d72b239be13ef38,00:00:00:00:25/1,00:00:52:24:25/1,Tod und Spiele - München 72 #B0011/B-Roll/2022-04-12/2022-04-12_B-Roll_Munich-Drone_D001_065_DJI_0065.MOV,
1567891,2022-04-12_B-Roll_Munich-Drone_D001_064_DJI_0064,2:200f5571102deba2766a20b60be66186,00:00:00:00:25/1,00:00:38:13:25/1,Tod und Spiele - München 72 #B0011/B-Roll/2022-04-12/2022-04-12_B-Roll_Munich-Drone_D001_064_DJI_0064.MOV,
1568046,2022-04-12_B-Roll_Munich-Drone_D001_031_DJI_0031,2:719da7bbb0e649e24ee9cf4f85762d59,00:00:00:00:25/1,00:00:15:16:25/1,Tod und Spiele - München 72 #B0011/B-Roll/2022-04-12/2022-04-12_B-Roll_Munich-Drone_D001_031_DJI_0031.MOV,
1568128,2022-04-12_B-Roll_Munich-Drone_D001_033_DJI_0033,2:dffbd12023bd64ff0fab19cfa335586a,00:00:00:00:25/1,00:00:27:20:25/1,Tod und Spiele - München 72 #B0011/B-Roll/2022-04-12/2022-04-12_B-Roll_Munich-Drone_D001_033_DJI_0033.MOV,
1568168,2022-04-12_B-Roll_Munich-Drone_D001_032_DJI_0032,2:03ec23a449ed1e6f537d801c9c962b7c,00:00:00:00:25/1,00:00:31:24:25/1,Tod und Spiele - München 72 #B0011/B-Roll/2022-04-12/2022-04-12_B-Roll_Munich-Drone_D001_032_DJI_0032.MOV,
1568185,2022-04-12_B-Roll_Munich-Drone_D001_035_DJI_0035,2:7172e21622947f63d9f9465685099452,00:00:00:00:25/1,00:00:38:19:25/1,Tod und Spiele - München 72 #B0011/B-Roll/2022-04-12/2022-04-12_B-Roll_Munich-Drone_D001_035_DJI_0035.MOV,
1568226,2022-04-12_B-Roll_Munich-Drone_D001_034_DJI_0034,2:e374d162624cd87ac7c8f599b1826417,00:00:00:00:25/1,00:00:21:00:25/1,Tod und Spiele - München 72 #B0011/B-Roll/2022-04-12/2022-04-12_B-Roll_Munich-Drone_D001_034_DJI_0034.MOV,
1568270,2022-04-12_B-Roll_Munich-Drone_D001_037_DJI_0037,2:c650bd5e133f25681eda78ee7d8b81b1,00:00:00:00:25/1,00:00:31:09:25/1,Tod und Spiele - München 72 #B0011/B-Roll/2022-04-12/2022-04-12_B-Roll_Munich-Drone_D001_037_DJI_0037.MOV,
1568303,2022-04-12_B-Roll_Munich-Drone_D001_036_DJI_0036,2:db231b38ba0bda2cd6db4f1c0d2396b9,00:00:00:00:25/1,00:00:29:13:25/1,Tod und Spiele - München 72 #B0011/B-Roll/2022-04-12/2022-04-12_B-Roll_Munich-Drone_D001_036_DJI_0036.MOV,
1568400,2022-04-12_B-Roll_Munich-Drone_D001_038_DJI_0038,2:7236d561adba3817cc6dc94f6a48c10f,00:00:00:00:25/1,00:00:01:17:25/1,Tod und Spiele - München 72 #B0011/B-Roll/2022-04-12/2022-04-12_B-Roll_Munich-Drone_D001_038_DJI_0038.MOV,
1568446,2022-04-12_B-Roll_Munich-Drone_D001_058_DJI_0058,2:c93b4b8cc0744ccf89a2fe4ba3345670,00:00:00:00:25/1,00:00:29:12:25/1,Tod und Spiele - München 72 #B0011/B-Roll/2022-04-12/2022-04-12_B-Roll_Munich-Drone_D001_058_DJI_0058.MOV,
1568450,2022-04-12_B-Roll_Munich-Drone_D001_039_DJI_0039,2:c9ed6154bf9786a17a8fe4d2e6540381,00:00:00:00:25/1,00:00:34:13:25/1,Tod und Spiele - München 72 #B0011/B-Roll/2022-04-12/2022-04-12_B-Roll_Munich-Drone_D001_039_DJI_0039.MOV,
1568465,2022-04-12_B-Roll_Munich-Drone_D001_052_DJI_0052,2:18b77025295e2d4ca8c95e48f4aa1520,00:00:00:00:25/1,00:00:36:21:25/1,Tod und Spiele - München 72 #B0011/B-Roll/2022-04-12/2022-04-12_B-Roll_Munich-Drone_D001_052_DJI_0052.MOV,
1568485,2022-04-12_B-Roll_Munich-Drone_D001_057_DJI_0057,2:90153bf504995977afae29586db05ced,00:00:00:00:25/1,00:00:56:02:25/1,Tod und Spiele - München 72 #B0011/B-Roll/2022-04-12/2022-04-12_B-Roll_Munich-Drone_D001_057_DJI_0057.MOV,
1568509,2022-04-12_B-Roll_Munich-Drone_D001_051_DJI_0051,2:7187bf549b97dbccd5190087125e472c,00:00:00:00:25/1,00:00:25:14:25/1,Tod und Spiele - München 72 #B0011/B-Roll/2022-04-12/2022-04-12_B-Roll_Munich-Drone_D001_051_DJI_0051.MOV,
1568513,2022-04-12_B-Roll_Munich-Drone_D001_060_DJI_0060,2:02e22d03d352420ddcf2302e661fd148,00:00:00:00:25/1,00:00:27:08:25/1,Tod und Spiele - München 72 #B0011/B-Roll/2022-04-12/2022-04-12_B-Roll_Munich-Drone_D001_060_DJI_0060.MOV,
1568598,2022-04-12_B-Roll_Munich-Drone_D001_059_DJI_0059,2:cd5e072c424778ec6577028f638a2d0b,00:00:00:00:25/1,00:00:43:08:25/1,Tod und Spiele - München 72 #B0011/B-Roll/2022-04-12/2022-04-12_B-Roll_Munich-Drone_D001_059_DJI_0059.MOV,
1568610,2022-04-12_B-Roll_Munich-Drone_D001_054_DJI_0054,2:cfab9c37fab9a12268942d409c584623,00:00:00:00:25/1,00:00:14:07:25/1,Tod und Spiele - München 72 #B0011/B-Roll/2022-04-12/2022-04-12_B-Roll_Munich-Drone_D001_054_DJI_0054.MOV,
1568618,2022-04-12_B-Roll_Munich-Drone_D001_063_DJI_0063,2:ca2ebfddc4374ca37cbfe5914f37259b,00:00:00:00:25/1,00:01:11:06:25/1,Tod und Spiele - München 72 #B0011/B-Roll/2022-04-12/2022-04-12_B-Roll_Munich-Drone_D001_063_DJI_0063.MOV,
1568623,2022-04-12_B-Roll_Munich-Drone_D001_062_DJI_0062,2:85e61a52c41447bb8bb37576e3d3e043,00:00:00:00:25/1,00:01:22:24:25/1,Tod und Spiele - München 72 #B0011/B-Roll/2022-04-12/2022-04-12_B-Roll_Munich-Drone_D001_062_DJI_0062.MOV,
1568632,2022-04-12_B-Roll_Munich-Drone_D001_053_DJI_0053,2:6ba74a0c0ceb31eddfc0ab1884b81365,00:00:00:00:25/1,00:00:34:16:25/1,Tod und Spiele - München 72 #B0011/B-Roll/2022-04-12/2022-04-12_B-Roll_Munich-Drone_D001_053_DJI_0053.MOV,
1568643,2022-04-12_B-Roll_Munich-Drone_D001_056_DJI_0056,2:986416daa6dfb987bbafdd18fdcf0631,00:00:00:00:25/1,00:00:29:14:25/1,Tod und Spiele - München 72 #B0011/B-Roll/2022-04-12/2022-04-12_B-Roll_Munich-Drone_D001_056_DJI_0056.MOV,
1568644,2022-04-12_B-Roll_Munich-Drone_D001_061_DJI_0061,2:5e2fe71808742fc54e1ce5c9b1173134,00:00:00:00:25/1,00:01:07:07:25/1,Tod und Spiele - München 72 #B0011/B-Roll/2022-04-12/2022-04-12_B-Roll_Munich-Drone_D001_061_DJI_0061.MOV,
1568679,2022-04-12_B-Roll_Munich-Drone_D001_041_DJI_0041,2:cc6fe01ffe865d3af5af91b3f3433153,00:00:00:00:25/1,00:01:09:14:25/1,Tod und Spiele - München 72 #B0011/B-Roll/2022-04-12/2022-04-12_B-Roll_Munich-Drone_D001_041_DJI_0041.MOV,
1568705,2022-04-12_B-Roll_Munich-Drone_D001_055_DJI_0055,2:1c4b542d354d02bb09122b9943f60abe,00:00:00:00:25/1,00:00:44:03:25/1,Tod und Spiele - München 72 #B0011/B-Roll/2022-04-12/2022-04-12_B-Roll_Munich-Drone_D001_055_DJI_0055.MOV,
1568715,2022-04-12_B-Roll_Munich-Drone_D001_043_DJI_0043,2:f7ccebdf5206d21a54f5d263761d6f45,00:00:00:00:25/1,00:00:45:11:25/1,Tod und Spiele - München 72 #B0011/B-Roll/2022-04-12/2022-04-12_B-Roll_Munich-Drone_D001_043_DJI_0043.MOV,
1568721,2022-04-12_B-Roll_Munich-Drone_D001_040_DJI_0040,2:7dcea18a25f4e8447857347b9299b564,00:00:00:00:25/1,00:00:13:04:25/1,Tod und Spiele - München 72 #B0011/B-Roll/2022-04-12/2022-04-12_B-Roll_Munich-Drone_D001_040_DJI_0040.MOV,
1569096,2024-12-19_B-Roll_Targeting and firing from drone_1_Saracen_signal-2024-09-05-19-47-30-276,2:0226468470c59dc8c492956692c6b6df,00:00:00:00:30/1,00:01:21:05:30/1,"['ARCHIVE MASTER/Footage/signal-2024-09-05-19-47-30-276.mp4', 'OCF OAF/2024-12-19_BRoll_UKR Piloten/2024-12-19_B-Roll_Targeting and firing from drone_1_Saracen_signal-2024-09-05-19-47-30-276.mp4', 'IMPORTS/Archiv Auswahl Riley/Episode 4/Denys/signal-2024-09-05-19-47-30-276.mp4']",
1569100,2024-12-19_B-Roll_Targeting and firing from drone_3_Saracen_VID_20241110_145846_307,2:1baccb22874900e9f3da667c13aa2fa5,00:00:00:00:30/1,00:00:21:12:30/1,"['ARCHIVE MASTER/Footage/VID_20241110_145846_307.mp4', 'OCF OAF/2024-12-19_BRoll_UKR Piloten/2024-12-19_B-Roll_Targeting and firing from drone_3_Saracen_VID_20241110_145846_307.mp4', 'IMPORTS/Archiv Auswahl Riley/Episode 4/Denys/VID_20241110_145846_307.mp4']",
1569102,2024-12-19_B-Roll_Targeting and firing from drone_2_Saracen_VID_20241110_145810_259,2:2a14a8420b90f31df4794a3d69d83cde,00:00:00:00:30/1,00:00:53:28:30/1,"['OCF OAF/2024-12-19_BRoll_UKR Piloten/2024-12-19_B-Roll_Targeting and firing from drone_2_Saracen_VID_20241110_145810_259.mp4', 'ARCHIVE MASTER/Footage/VID_20241110_145810_259.mp4', 'IMPORTS/Archiv Auswahl Riley/Episode 4/Denys/VID_20241110_145810_259.mp4']",
1569322,SST M__3648332333__drone descending a mountain slope in Tibet,2:e7ac1da833a6427ef6bcf626f0606bb5,00:00:00:00:30000/1001,00:00:12:13:30000/1001,Archive Masters/EP 2/Shutterstock/SST M__3648332333__drone descending a mountain slope in Tibet.mov,
1569444,2022-04-12_B-Roll_Munich-Drone_D001_023_DJI_0023,2:f83be7b422c4d194abaf039de62c4326,00:00:00:00:25/1,00:00:25:12:25/1,Tod und Spiele - München 72 #B0011/B-Roll/2022-04-12/2022-04-12_B-Roll_Munich-Drone_D001_023_DJI_0023.MOV,
1569447,2022-04-12_B-Roll_Munich-Drone_D002_148_DJI_0020,2:f04c5542ec1b38774e885a4cfcbe4bfa,00:00:00:00:25/1,00:00:30:03:25/1,Tod und Spiele - München 72 #B0011/B-Roll/2022-04-12/2022-04-12_B-Roll_Munich-Drone_D002_148_DJI_0020.MOV,
1569449,2022-04-12_B-Roll_Munich-Drone_D001_073_DJI_0073,2:6c37a12c503b4b97d517fe891265fc3d,00:00:00:00:25/1,00:00:34:23:25/1,Tod und Spiele - München 72 #B0011/B-Roll/2022-04-12/2022-04-12_B-Roll_Munich-Drone_D001_073_DJI_0073.MOV,
1569450,2022-04-12_B-Roll_Munich-Drone_D001_006_DJI_0006,2:3285aed501c9a27d6ee6cfd5b38565af,00:00:00:00:25/1,00:01:02:05:25/1,Tod und Spiele - München 72 #B0011/B-Roll/2022-04-12/2022-04-12_B-Roll_Munich-Drone_D001_006_DJI_0006.MOV,
1569452,2022-04-12_B-Roll_Munich-Drone_D001_020_DJI_0020,2:46e2ea03bf96d39eed057080c6641ff0,00:00:00:00:25/1,00:00:23:22:25/1,Tod und Spiele - München 72 #B0011/B-Roll/2022-04-12/2022-04-12_B-Roll_Munich-Drone_D001_020_DJI_0020.MOV,
1569454,2022-04-12_B-Roll_Munich-Drone_D002_158_DJI_0030,2:381c3d6305ef851d69965789b01aabf2,00:00:00:00:25/1,00:00:32:17:25/1,Tod und Spiele - München 72 #B0011/B-Roll/2022-04-12/2022-04-12_B-Roll_Munich-Drone_D002_158_DJI_0030.MOV,
1569455,2022-04-12_B-Roll_Munich-Drone_D001_115_DJI_0115,2:8c35924f6aae0f9f5f11044d84e992c1,00:00:00:00:25/1,00:00:19:12:25/1,Tod und Spiele - München 72 #B0011/B-Roll/2022-04-12/2022-04-12_B-Roll_Munich-Drone_D001_115_DJI_0115.MOV,
1569458,2022-04-12_B-Roll_Munich-Drone_D002_152_DJI_0024,2:938d720547becce6d086ce7c27116fba,00:00:00:00:25/1,00:00:30:08:25/1,Tod und Spiele - München 72 #B0011/B-Roll/2022-04-12/2022-04-12_B-Roll_Munich-Drone_D002_152_DJI_0024.MOV,
1569459,2022-04-12_B-Roll_Munich-Drone_D001_002_DJI_0002,2:75161eb3d7be6bdea3cb240e7c698a7a,00:00:00:00:25/1,00:00:32:20:25/1,Tod und Spiele - München 72 #B0011/B-Roll/2022-04-12/2022-04-12_B-Roll_Munich-Drone_D001_002_DJI_0002.MOV,
1569460,2022-04-12_B-Roll_Munich-Drone_D001_021_DJI_0021,2:753b84ccfabc13b997ea14e3b590bc6d,00:00:00:00:25/1,00:00:35:10:25/1,Tod und Spiele - München 72 #B0011/B-Roll/2022-04-12/2022-04-12_B-Roll_Munich-Drone_D001_021_DJI_0021.MOV,
1569463,2022-04-12_B-Roll_Munich-Drone_D002_163_DJI_0035,2:bd8e40d14b05251de2161509ee1bb6e9,00:00:00:00:25/1,00:00:44:08:25/1,Tod und Spiele - München 72 #B0011/B-Roll/2022-04-12/2022-04-12_B-Roll_Munich-Drone_D002_163_DJI_0035.MOV,
1569464,2022-04-12_B-Roll_Munich-Drone_D001_120_DJI_0120,2:5f6f5cc4ebe91a566da44ef21e78b1b7,00:00:00:00:25/1,00:00:17:15:25/1,Tod und Spiele - München 72 #B0011/B-Roll/2022-04-12/2022-04-12_B-Roll_Munich-Drone_D001_120_DJI_0120.MOV,
1569465,2022-04-12_B-Roll_Munich-Drone_D001_085_DJI_0085,2:4494a2c299d2a255a3aab3a51dd63e61,00:00:00:00:25/1,00:00:34:16:25/1,Tod und Spiele - München 72 #B0011/B-Roll/2022-04-12/2022-04-12_B-Roll_Munich-Drone_D001_085_DJI_0085.MOV,
1569470,2022-04-12_B-Roll_Munich-Drone_D001_070_DJI_0070,2:184bc504360c3c39ca70864ac3d75572,00:00:00:00:25/1,00:00:19:16:25/1,Tod und Spiele - München 72 #B0011/B-Roll/2022-04-12/2022-04-12_B-Roll_Munich-Drone_D001_070_DJI_0070.MOV,
1569471,2022-04-12_B-Roll_Munich-Drone_D001_017_DJI_0017,2:2a19aa27352bab3656fa858788076360,00:00:00:00:25/1,00:00:44:24:25/1,Tod und Spiele - München 72 #B0011/B-Roll/2022-04-12/2022-04-12_B-Roll_Munich-Drone_D001_017_DJI_0017.MOV,
1569473,2022-04-12_B-Roll_Munich-Drone_D002_146_DJI_0018,2:4bebedcb3314dbc8e95e6bc8f4838f92,00:00:00:00:25/1,00:00:59:08:25/1,Tod und Spiele - München 72 #B0011/B-Roll/2022-04-12/2022-04-12_B-Roll_Munich-Drone_D002_146_DJI_0018.MOV,
1569474,2022-04-12_B-Roll_Munich-Drone_D001_018_DJI_0018,2:99c2ab26a011a48aba871b9a05ac89e1,00:00:00:00:25/1,00:00:58:16:25/1,Tod und Spiele - München 72 #B0011/B-Roll/2022-04-12/2022-04-12_B-Roll_Munich-Drone_D001_018_DJI_0018.MOV,
1569476,2022-04-12_B-Roll_Munich-Drone_D001_080_DJI_0080,2:10edc11b089a957cf8efbc4d78a999b6,00:00:00:00:25/1,00:00:46:07:25/1,Tod und Spiele - München 72 #B0011/B-Roll/2022-04-12/2022-04-12_B-Roll_Munich-Drone_D001_080_DJI_0080.MOV,
1569479,2022-04-12_B-Roll_Munich-Drone_D001_102_DJI_0102,2:e5099ea4af73e73ba34e390fff9e7590,00:00:00:00:25/1,00:00:37:03:25/1,Tod und Spiele - München 72 #B0011/B-Roll/2022-04-12/2022-04-12_B-Roll_Munich-Drone_D001_102_DJI_0102.MOV,
1569480,2022-04-12_B-Roll_Munich-Drone_D002_160_DJI_0032,2:fcb547e237fac61fb540aee6d84298bb,00:00:00:00:25/1,00:00:45:01:25/1,Tod und Spiele - München 72 #B0011/B-Roll/2022-04-12/2022-04-12_B-Roll_Munich-Drone_D002_160_DJI_0032.MOV,
1569481,2022-04-12_B-Roll_Munich-Drone_D001_089_DJI_0089,2:27dfed6059fd80f5653f6e6843864370,00:00:00:00:25/1,00:00:32:04:25/1,Tod und Spiele - München 72 #B0011/B-Roll/2022-04-12/2022-04-12_B-Roll_Munich-Drone_D001_089_DJI_0089.MOV,
1569482,2022-04-12_B-Roll_Munich-Drone_D001_004_DJI_0004,2:034508f19de4a59f1446c10bf603099f,00:00:00:00:25/1,00:00:42:09:25/1,Tod und Spiele - München 72 #B0011/B-Roll/2022-04-12/2022-04-12_B-Roll_Munich-Drone_D001_004_DJI_0004.MOV,
1569483,2022-04-12_B-Roll_Munich-Drone_D002_165_DJI_0037,2:03d3cac23bced17d1926a27cf50f72e3,00:00:00:00:25/1,00:00:55:09:25/1,Tod und Spiele - München 72 #B0011/B-Roll/2022-04-12/2022-04-12_B-Roll_Munich-Drone_D002_165_DJI_0037.MOV,
1569485,2022-04-12_B-Roll_Munich-Drone_D002_147_DJI_0019,2:97ea1994a14751a9de01118ff9dafcb5,00:00:00:00:25/1,00:00:35:18:25/1,Tod und Spiele - München 72 #B0011/B-Roll/2022-04-12/2022-04-12_B-Roll_Munich-Drone_D002_147_DJI_0019.MOV,
1569486,2022-04-12_B-Roll_Munich-Drone_D001_019_DJI_0019,2:86397730dcc639e1bf7aaa53b9ae30f5,00:00:00:00:25/1,00:01:06:20:25/1,Tod und Spiele - München 72 #B0011/B-Roll/2022-04-12/2022-04-12_B-Roll_Munich-Drone_D001_019_DJI_0019.MOV,
1569488,2022-04-12_B-Roll_Munich-Drone_D001_086_DJI_0086,2:604576470dbf20907d116c9146c54cc7,00:00:00:00:25/1,00:00:19:14:25/1,Tod und Spiele - München 72 #B0011/B-Roll/2022-04-12/2022-04-12_B-Roll_Munich-Drone_D001_086_DJI_0086.MOV,
1569489,2022-04-12_B-Roll_Munich-Drone_D002_144_DJI_0016,2:a5798c9bb6eac8d7b98e949d56f7817f,00:00:00:00:25/1,00:00:38:11:25/1,Tod und Spiele - München 72 #B0011/B-Roll/2022-04-12/2022-04-12_B-Roll_Munich-Drone_D002_144_DJI_0016.MOV,
1569493,2022-04-12_B-Roll_Munich-Drone_D001_122_DJI_0122,2:6b25bc9ae385bc1f1698e9d0641c52d7,00:00:00:00:25/1,00:00:25:09:25/1,Tod und Spiele - München 72 #B0011/B-Roll/2022-04-12/2022-04-12_B-Roll_Munich-Drone_D001_122_DJI_0122.MOV,
1569494,2022-04-12_B-Roll_Munich-Drone_D002_164_DJI_0036,2:35f421b63ef6cd29b0c49ba5e2daa276,00:00:00:00:25/1,00:00:28:23:25/1,Tod und Spiele - München 72 #B0011/B-Roll/2022-04-12/2022-04-12_B-Roll_Munich-Drone_D002_164_DJI_0036.MOV,
1569495,2022-04-12_B-Roll_Munich-Drone_D001_097_DJI_0097,2:930378fa7e2419c1b94780cbc42c10f0,00:00:00:00:25/1,00:00:28:15:25/1,Tod und Spiele - München 72 #B0011/B-Roll/2022-04-12/2022-04-12_B-Roll_Munich-Drone_D001_097_DJI_0097.MOV,
1569496,2022-04-12_B-Roll_Munich-Drone_D001_072_DJI_0072,2:8f32c58d1fe0162415c12206712f4270,00:00:00:00:25/1,00:00:35:23:25/1,Tod und Spiele - München 72 #B0011/B-Roll/2022-04-12/2022-04-12_B-Roll_Munich-Drone_D001_072_DJI_0072.MOV,
1569497,2022-04-12_B-Roll_Munich-Drone_D001_010_DJI_0010,2:a4ceb95dabb6e932fb68b26187e4cd16,00:00:00:00:25/1,00:00:59:14:25/1,Tod und Spiele - München 72 #B0011/B-Roll/2022-04-12/2022-04-12_B-Roll_Munich-Drone_D001_010_DJI_0010.MOV,
1569498,2022-04-12_B-Roll_Munich-Drone_D002_145_DJI_0017,2:0c8e09431a885cc7bf4cf8efa825dc5c,00:00:00:00:25/1,00:00:51:16:25/1,Tod und Spiele - München 72 #B0011/B-Roll/2022-04-12/2022-04-12_B-Roll_Munich-Drone_D002_145_DJI_0017.MOV,
1569502,2022-04-12_B-Roll_Munich-Drone_D001_121_DJI_0121,2:263abd1dbb6743f18478822b899dcf5c,00:00:00:00:25/1,00:00:28:15:25/1,Tod und Spiele - München 72 #B0011/B-Roll/2022-04-12/2022-04-12_B-Roll_Munich-Drone_D001_121_DJI_0121.MOV,
1569503,2022-04-12_B-Roll_Munich-Drone_D001_015_DJI_0015,2:3194e2f6a8fb36db8a88ae445ab9266d,00:00:00:00:25/1,00:00:28:03:25/1,Tod und Spiele - München 72 #B0011/B-Roll/2022-04-12/2022-04-12_B-Roll_Munich-Drone_D001_015_DJI_0015.MOV,
1569504,2022-04-12_B-Roll_Munich-Drone_D001_077_DJI_0077,2:3c57afce373b5fb3c9c74ac30cf6c8cf,00:00:00:00:25/1,00:00:22:01:25/1,Tod und Spiele - München 72 #B0011/B-Roll/2022-04-12/2022-04-12_B-Roll_Munich-Drone_D001_077_DJI_0077.MOV,
1569505,2022-04-12_B-Roll_Munich-Drone_D002_141_DJI_0013,2:79d3cacaa05dfa7617a8af255e936b62,00:00:00:00:25/1,00:00:22:00:25/1,Tod und Spiele - München 72 #B0011/B-Roll/2022-04-12/2022-04-12_B-Roll_Munich-Drone_D002_141_DJI_0013.MOV,
1569506,2022-04-12_B-Roll_Munich-Drone_D001_095_DJI_0095,2:b1648a5298a4d85bc58694e40ac3f032,00:00:00:00:25/1,00:00:33:22:25/1,Tod und Spiele - München 72 #B0011/B-Roll/2022-04-12/2022-04-12_B-Roll_Munich-Drone_D001_095_DJI_0095.MOV,
1569507,2022-04-12_B-Roll_Munich-Drone_D002_142_DJI_0014,2:be0a1fd6771b74369f1fdc71513e20a9,00:00:00:00:25/1,00:00:36:17:25/1,Tod und Spiele - München 72 #B0011/B-Roll/2022-04-12/2022-04-12_B-Roll_Munich-Drone_D002_142_DJI_0014.MOV,
1569509,2022-04-12_B-Roll_Munich-Drone_D001_126_DJI_0126,2:1089230869d945d4b1797c33fedaa93f,00:00:00:00:25/1,00:01:11:00:25/1,Tod und Spiele - München 72 #B0011/B-Roll/2022-04-12/2022-04-12_B-Roll_Munich-Drone_D001_126_DJI_0126.MOV,
1569511,2022-04-12_B-Roll_Munich-Drone_D001_079_DJI_0079,2:c378233ea07e629dcce56c54bfebb5af,00:00:00:00:25/1,00:00:54:17:25/1,Tod und Spiele - München 72 #B0011/B-Roll/2022-04-12/2022-04-12_B-Roll_Munich-Drone_D001_079_DJI_0079.MOV,
1569514,2022-04-12_B-Roll_Munich-Drone_D002_166_DJI_0038,2:706de2f64b2c4c773c6ba6ddec978328,00:00:00:00:25/1,00:00:32:19:25/1,Tod und Spiele - München 72 #B0011/B-Roll/2022-04-12/2022-04-12_B-Roll_Munich-Drone_D002_166_DJI_0038.MOV,
1569515,2022-04-12_B-Roll_Munich-Drone_D001_083_DJI_0083,2:5797b6b467be352d4db6c3678c071b5c,00:00:00:00:25/1,00:00:26:16:25/1,Tod und Spiele - München 72 #B0011/B-Roll/2022-04-12/2022-04-12_B-Roll_Munich-Drone_D001_083_DJI_0083.MOV,
1569517,2022-04-12_B-Roll_Munich-Drone_D001_096_DJI_0096,2:e9681c851d838818ab63f8b4b19d6fb3,00:00:00:00:25/1,00:01:12:23:25/1,Tod und Spiele - München 72 #B0011/B-Roll/2022-04-12/2022-04-12_B-Roll_Munich-Drone_D001_096_DJI_0096.MOV,
1569518,2022-04-12_B-Roll_Munich-Drone_D002_143_DJI_0015,2:08acbd6b4acf8e2776e1e06565419e3f,00:00:00:00:25/1,00:00:29:05:25/1,Tod und Spiele - München 72 #B0011/B-Roll/2022-04-12/2022-04-12_B-Roll_Munich-Drone_D002_143_DJI_0015.MOV,
1569520,2022-04-12_B-Roll_Munich-Drone_D001_127_DJI_0127,2:88859b157d430459ef2943cf0c041558,00:00:00:00:25/1,00:00:58:03:25/1,Tod und Spiele - München 72 #B0011/B-Roll/2022-04-12/2022-04-12_B-Roll_Munich-Drone_D001_127_DJI_0127.MOV,
1569524,2022-04-12_B-Roll_Munich-Drone_D001_081_DJI_0081,2:ea49de610a02b82733e011cbfa8888c8,00:00:00:00:25/1,00:00:50:06:25/1,Tod und Spiele - München 72 #B0011/B-Roll/2022-04-12/2022-04-12_B-Roll_Munich-Drone_D001_081_DJI_0081.MOV,
1569527,2022-04-12_B-Roll_Munich-Drone_D001_092_DJI_0092,2:03fe2d76180707d0e8e39a1b5d6b5feb,00:00:00:00:25/1,00:00:30:07:25/1,Tod und Spiele - München 72 #B0011/B-Roll/2022-04-12/2022-04-12_B-Roll_Munich-Drone_D001_092_DJI_0092.MOV,
1569528,2022-04-12_B-Roll_Munich-Drone_D001_074_DJI_0074,2:914b4d28a169a3b4979af6a262b172f9,00:00:00:00:25/1,00:00:39:03:25/1,Tod und Spiele - München 72 #B0011/B-Roll/2022-04-12/2022-04-12_B-Roll_Munich-Drone_D001_074_DJI_0074.MOV,
1569530,2022-04-12_B-Roll_Munich-Drone_D001_100_DJI_0100,2:0ead118bfc98ec7b25c7e06d4707ad1a,00:00:00:00:25/1,00:00:47:07:25/1,Tod und Spiele - München 72 #B0011/B-Roll/2022-04-12/2022-04-12_B-Roll_Munich-Drone_D001_100_DJI_0100.MOV,
1569531,2022-04-12_B-Roll_Munich-Drone_D001_093_DJI_0093,2:161d9601535aaf1d374317541930e91a,00:00:00:00:25/1,00:01:44:20:25/1,Tod und Spiele - München 72 #B0011/B-Roll/2022-04-12/2022-04-12_B-Roll_Munich-Drone_D001_093_DJI_0093.MOV,
1569532,2022-04-12_B-Roll_Munich-Drone_D001_124_DJI_0124,2:48a929db580c80917cbce0f2e7833437,00:00:00:00:25/1,00:00:23:01:25/1,Tod und Spiele - München 72 #B0011/B-Roll/2022-04-12/2022-04-12_B-Roll_Munich-Drone_D001_124_DJI_0124.MOV,
1569535,2022-04-12_B-Roll_Munich-Drone_D001_012_DJI_0012,2:05649f8dcaaa892fb83b58d8baa35b60,00:00:00:00:25/1,00:01:01:02:25/1,Tod und Spiele - München 72 #B0011/B-Roll/2022-04-12/2022-04-12_B-Roll_Munich-Drone_D001_012_DJI_0012.MOV,
1569536,2022-04-12_B-Roll_Munich-Drone_D001_112_DJI_0112,2:16a08f9b17c07a78d80263b0ab4b1653,00:00:00:00:25/1,00:00:49:11:25/1,Tod und Spiele - München 72 #B0011/B-Roll/2022-04-12/2022-04-12_B-Roll_Munich-Drone_D001_112_DJI_0112.MOV,
1569541,2022-04-12_B-Roll_Munich-Drone_D001_099_DJI_0099,2:1f42e68e77108e63f0c27ad3ee484907,00:00:00:00:25/1,00:01:31:12:25/1,Tod und Spiele - München 72 #B0011/B-Roll/2022-04-12/2022-04-12_B-Roll_Munich-Drone_D001_099_DJI_0099.MOV,
1569542,2022-04-12_B-Roll_Munich-Drone_D001_109_DJI_0109,2:df45d85c0a82dfdf867beb09b63122ef,00:00:00:00:25/1,00:00:34:06:25/1,Tod und Spiele - München 72 #B0011/B-Roll/2022-04-12/2022-04-12_B-Roll_Munich-Drone_D001_109_DJI_0109.MOV,
1569543,2022-04-12_B-Roll_Munich-Drone_D001_094_DJI_0094,2:8ae9f0faac55668148b77bd1e1d1bbba,00:00:00:00:25/1,00:00:42:22:25/1,Tod und Spiele - München 72 #B0011/B-Roll/2022-04-12/2022-04-12_B-Roll_Munich-Drone_D001_094_DJI_0094.MOV,
1569544,2022-04-12_B-Roll_Munich-Drone_D001_125_DJI_0125,2:bd7578fcbedf7596fe4f5a96b796082a,00:00:00:00:25/1,00:01:01:24:25/1,Tod und Spiele - München 72 #B0011/B-Roll/2022-04-12/2022-04-12_B-Roll_Munich-Drone_D001_125_DJI_0125.MOV,
1569545,2022-04-12_B-Roll_Munich-Drone_D002_140_DJI_0012,2:1a925965b26697755277cc9b38bd7e90,00:00:00:00:25/1,00:00:29:11:25/1,Tod und Spiele - München 72 #B0011/B-Roll/2022-04-12/2022-04-12_B-Roll_Munich-Drone_D002_140_DJI_0012.MOV,
1569547,2022-04-12_B-Roll_Munich-Drone_D001_001_DJI_0001,2:d35e227a2a4e64858931e5ae1ac51e3f,00:00:00:00:25/1,00:01:08:19:25/1,Tod und Spiele - München 72 #B0011/B-Roll/2022-04-12/2022-04-12_B-Roll_Munich-Drone_D001_001_DJI_0001.MOV,
1569549,2022-04-12_B-Roll_Munich-Drone_D001_078_DJI_0078,2:92f900168f541ad9f668bf592f2bc832,00:00:00:00:25/1,00:00:26:07:25/1,Tod und Spiele - München 72 #B0011/B-Roll/2022-04-12/2022-04-12_B-Roll_Munich-Drone_D001_078_DJI_0078.MOV,
1569551,2022-04-12_B-Roll_Munich-Drone_D001_110_DJI_0110,2:9ca449643787b981f9b1f50c3c67b6e5,00:00:00:00:25/1,00:00:31:18:25/1,Tod und Spiele - München 72 #B0011/B-Roll/2022-04-12/2022-04-12_B-Roll_Munich-Drone_D001_110_DJI_0110.MOV,
1569555,2022-04-12_B-Roll_Munich-Drone_D001_123_DJI_0123,2:ca2ad1180d43d2efd77cf2560d077d4e,00:00:00:00:25/1,00:00:28:14:25/1,Tod und Spiele - München 72 #B0011/B-Roll/2022-04-12/2022-04-12_B-Roll_Munich-Drone_D001_123_DJI_0123.MOV,
1569558,2022-04-12_B-Roll_Munich-Drone_D001_088_DJI_0088,2:12dc2902f789e3871266ca524f17bfa7,00:00:00:00:25/1,00:00:27:08:25/1,Tod und Spiele - München 72 #B0011/B-Roll/2022-04-12/2022-04-12_B-Roll_Munich-Drone_D001_088_DJI_0088.MOV,
1569560,2022-04-12_B-Roll_Munich-Drone_D002_150_DJI_0022,2:199f0c4fab7a292d182e55385d652a0c,00:00:00:00:25/1,00:00:40:02:25/1,Tod und Spiele - München 72 #B0011/B-Roll/2022-04-12/2022-04-12_B-Roll_Munich-Drone_D002_150_DJI_0022.MOV,
1569561,2022-04-12_B-Roll_Munich-Drone_D001_030_DJI_0030,2:f88e1036c22807de962b342902e13143,00:00:00:00:25/1,00:02:18:01:25/1,Tod und Spiele - München 72 #B0011/B-Roll/2022-04-12/2022-04-12_B-Roll_Munich-Drone_D001_030_DJI_0030.MOV,
1569562,2022-04-12_B-Roll_Munich-Drone_D002_184_DJI_0056,2:d645bedf2a4cfa01f8c8ad7565a4a3a4,00:00:00:00:25/1,00:02:13:01:25/1,Tod und Spiele - München 72 #B0011/B-Roll/2022-04-12/2022-04-12_B-Roll_Munich-Drone_D002_184_DJI_0056.MOV,
1569565,2022-04-12_B-Roll_Munich-Drone_D001_087_DJI_0087,2:f474e5926720d02c8e3236a3e3eecc32,00:00:00:00:25/1,00:01:22:08:25/1,Tod und Spiele - München 72 #B0011/B-Roll/2022-04-12/2022-04-12_B-Roll_Munich-Drone_D001_087_DJI_0087.MOV,
1569569,2022-04-12_B-Roll_Munich-Drone_D002_151_DJI_0023,2:7fdb54fa89bd197e39995bd7e2ed9a61,00:00:00:00:25/1,00:00:06:11:25/1,Tod und Spiele - München 72 #B0011/B-Roll/2022-04-12/2022-04-12_B-Roll_Munich-Drone_D002_151_DJI_0023.MOV,
1569570,2022-04-12_B-Roll_Munich-Drone_D002_185_DJI_0057,2:2d52f7f6d3b37a854d4f4d592682f571,00:00:00:00:25/1,00:00:25:05:25/1,Tod und Spiele - München 72 #B0011/B-Roll/2022-04-12/2022-04-12_B-Roll_Munich-Drone_D002_185_DJI_0057.MOV,
1569571,2022-04-12_B-Roll_Munich-Drone_D002_139_DJI_0011,2:d4674d844b1c06445e986dd9f6a42f73,00:00:00:00:25/1,00:00:36:04:25/1,Tod und Spiele - München 72 #B0011/B-Roll/2022-04-12/2022-04-12_B-Roll_Munich-Drone_D002_139_DJI_0011.MOV,
1569573,2022-04-12_B-Roll_Munich-Drone_D001_082_DJI_0082,2:6a5935018c2f7472a5ef7e17b1b6b802,00:00:00:00:25/1,00:00:12:21:25/1,Tod und Spiele - München 72 #B0011/B-Roll/2022-04-12/2022-04-12_B-Roll_Munich-Drone_D001_082_DJI_0082.MOV,
1569576,2022-04-12_B-Roll_Munich-Drone_D001_111_DJI_0111,2:9cbbb1f04419758a81ac5f9457cb2881,00:00:00:00:25/1,00:00:35:01:25/1,Tod und Spiele - München 72 #B0011/B-Roll/2022-04-12/2022-04-12_B-Roll_Munich-Drone_D001_111_DJI_0111.MOV,
1569577,2022-04-12_B-Roll_Munich-Drone_D001_016_DJI_0016,2:cec53c73fef3546fa0e1b83b8135c368,00:00:00:00:25/1,00:00:31:19:25/1,Tod und Spiele - München 72 #B0011/B-Roll/2022-04-12/2022-04-12_B-Roll_Munich-Drone_D001_016_DJI_0016.MOV,
1569578,2022-04-12_B-Roll_Munich-Drone_D002_149_DJI_0021,2:6dde548e35d3aa8a9d2fc670afeeb8e4,00:00:00:00:25/1,00:00:52:02:25/1,Tod und Spiele - München 72 #B0011/B-Roll/2022-04-12/2022-04-12_B-Roll_Munich-Drone_D002_149_DJI_0021.MOV,
1569581,2022-04-12_B-Roll_Munich-Drone_D002_182_DJI_0054,2:aa643124f1a3733322d5aec91bbeee78,00:00:00:00:25/1,00:00:30:13:25/1,Tod und Spiele - München 72 #B0011/B-Roll/2022-04-12/2022-04-12_B-Roll_Munich-Drone_D002_182_DJI_0054.MOV,
1569582,2022-04-12_B-Roll_Munich-Drone_D001_011_DJI_0011,2:1aebac0517ec116efbe57ae284692ce9,00:00:00:00:25/1,00:00:28:18:25/1,Tod und Spiele - München 72 #B0011/B-Roll/2022-04-12/2022-04-12_B-Roll_Munich-Drone_D001_011_DJI_0011.MOV,
1569583,2022-04-12_B-Roll_Munich-Drone_D001_114_DJI_0114,2:eb824aa4ec741775f25576e7afe62759,00:00:00:00:25/1,00:00:38:09:25/1,Tod und Spiele - München 72 #B0011/B-Roll/2022-04-12/2022-04-12_B-Roll_Munich-Drone_D001_114_DJI_0114.MOV,
1569584,2022-04-12_B-Roll_Munich-Drone_D002_137_DJI_0009,2:ecb0855ab378620d603dfe7f8868928a,00:00:00:00:25/1,00:00:37:04:25/1,Tod und Spiele - München 72 #B0011/B-Roll/2022-04-12/2022-04-12_B-Roll_Munich-Drone_D002_137_DJI_0009.MOV,
1569585,2022-04-12_B-Roll_Munich-Drone_D001_069_DJI_0069,2:3b1b1b694291ed421625347153a25d4f,00:00:00:00:25/1,00:00:43:24:25/1,Tod und Spiele - München 72 #B0011/B-Roll/2022-04-12/2022-04-12_B-Roll_Munich-Drone_D001_069_DJI_0069.MOV,
1569588,2022-04-12_B-Roll_Munich-Drone_D002_183_DJI_0055,2:d2d650b7853973e35a2a7fa93647dac1,00:00:00:00:25/1,00:00:37:15:25/1,Tod und Spiele - München 72 #B0011/B-Roll/2022-04-12/2022-04-12_B-Roll_Munich-Drone_D002_183_DJI_0055.MOV,
1569589,2022-04-12_B-Roll_Munich-Drone_D001_013_DJI_0013,2:b1c36a63213c93c19d1b56fc44ba0822,00:00:00:00:25/1,00:00:41:14:25/1,Tod und Spiele - München 72 #B0011/B-Roll/2022-04-12/2022-04-12_B-Roll_Munich-Drone_D001_013_DJI_0013.MOV,
1569591,2022-04-12_B-Roll_Munich-Drone_D001_014_DJI_0014,2:8a8f691651d57cda6ee1b970c715b9f3,00:00:00:00:25/1,00:00:22:18:25/1,Tod und Spiele - München 72 #B0011/B-Roll/2022-04-12/2022-04-12_B-Roll_Munich-Drone_D001_014_DJI_0014.MOV,
1569592,2022-04-12_B-Roll_Munich-Drone_D001_113_DJI_0113,2:3bc8ac5f142d9660ff598181d8e4f029,00:00:00:00:25/1,00:00:50:15:25/1,Tod und Spiele - München 72 #B0011/B-Roll/2022-04-12/2022-04-12_B-Roll_Munich-Drone_D001_113_DJI_0113.MOV,
1569594,2022-04-12_B-Roll_Munich-Drone_D002_138_DJI_0010,2:4b7648771ec68b69704eb0af99836015,00:00:00:00:25/1,00:01:14:10:25/1,Tod und Spiele - München 72 #B0011/B-Roll/2022-04-12/2022-04-12_B-Roll_Munich-Drone_D002_138_DJI_0010.MOV,
1569595,2022-04-12_B-Roll_Munich-Drone_D001_090_DJI_0090,2:1861e143b67a40537e6cde6767ab159d,00:00:00:00:25/1,00:00:34:10:25/1,Tod und Spiele - München 72 #B0011/B-Roll/2022-04-12/2022-04-12_B-Roll_Munich-Drone_D001_090_DJI_0090.MOV,
1569596,2022-04-12_B-Roll_Munich-Drone_D002_180_DJI_0052,2:a9cfee75b111816f8712d9f16085361b,00:00:00:00:25/1,00:01:42:13:25/1,Tod und Spiele - München 72 #B0011/B-Roll/2022-04-12/2022-04-12_B-Roll_Munich-Drone_D002_180_DJI_0052.MOV,
1569598,2022-04-12_B-Roll_Munich-Drone_D001_084_DJI_0084,2:099aa2152fc9462945614005a39a825c,00:00:00:00:25/1,00:00:33:03:25/1,Tod und Spiele - München 72 #B0011/B-Roll/2022-04-12/2022-04-12_B-Roll_Munich-Drone_D001_084_DJI_0084.MOV,
1569601,2022-04-12_B-Roll_Munich-Drone_D002_181_DJI_0053,2:d1aca4c120f77545532f8965734c42ba,00:00:00:00:25/1,00:00:13:19:25/1,Tod und Spiele - München 72 #B0011/B-Roll/2022-04-12/2022-04-12_B-Roll_Munich-Drone_D002_181_DJI_0053.MOV,
1569602,2022-04-12_B-Roll_Munich-Drone_D002_135_DJI_0007,2:ea7d1e5be7c5ea1ff61a1af1bd8d9746,00:00:00:00:25/1,00:00:07:23:25/1,Tod und Spiele - München 72 #B0011/B-Roll/2022-04-12/2022-04-12_B-Roll_Munich-Drone_D002_135_DJI_0007.MOV,
1569607,2022-04-12_B-Roll_Munich-Drone_D002_178_DJI_0050,2:907f4ddbee53ba649ac05cf2ddbdc4c7,00:00:00:00:25/1,00:00:36:04:25/1,Tod und Spiele - München 72 #B0011/B-Roll/2022-04-12/2022-04-12_B-Roll_Munich-Drone_D002_178_DJI_0050.MOV,
1569608,2022-04-12_B-Roll_Munich-Drone_D001_029_DJI_0029,2:ddcbb97cf07e1c91b2d0d77090cf9675,00:00:00:00:25/1,00:00:45:21:25/1,Tod und Spiele - München 72 #B0011/B-Roll/2022-04-12/2022-04-12_B-Roll_Munich-Drone_D001_029_DJI_0029.MOV,
1569609,2022-04-12_B-Roll_Munich-Drone_D002_174_DJI_0046,2:183dc0301793a481469cc96ced59cfed,00:00:00:00:25/1,00:01:08:21:25/1,Tod und Spiele - München 72 #B0011/B-Roll/2022-04-12/2022-04-12_B-Roll_Munich-Drone_D002_174_DJI_0046.MOV,
1569610,2022-04-12_B-Roll_Munich-Drone_D002_136_DJI_0008,2:5ff9832c387f6c7948a225ede6ca9425,00:00:00:00:25/1,00:00:51:18:25/1,Tod und Spiele - München 72 #B0011/B-Roll/2022-04-12/2022-04-12_B-Roll_Munich-Drone_D002_136_DJI_0008.MOV,
1569611,2022-04-12_B-Roll_Munich-Drone_D001_075_DJI_0075,2:35c5582612cbde1791990c12407b17ad,00:00:00:00:25/1,00:00:34:09:25/1,Tod und Spiele - München 72 #B0011/B-Roll/2022-04-12/2022-04-12_B-Roll_Munich-Drone_D001_075_DJI_0075.MOV,
1569615,2022-04-12_B-Roll_Munich-Drone_D002_179_DJI_0051,2:24754eb66b65f062027bb564cf3e45c4,00:00:00:00:25/1,00:00:48:05:25/1,Tod und Spiele - München 72 #B0011/B-Roll/2022-04-12/2022-04-12_B-Roll_Munich-Drone_D002_179_DJI_0051.MOV,
1569616,2022-04-12_B-Roll_Munich-Drone_D002_172_DJI_0044,2:b16b3089e0b26818de52679637c05d5b,00:00:00:00:25/1,00:00:17:10:25/1,Tod und Spiele - München 72 #B0011/B-Roll/2022-04-12/2022-04-12_B-Roll_Munich-Drone_D002_172_DJI_0044.MOV,
1569619,2022-04-12_B-Roll_Munich-Drone_D002_133_DJI_0005,2:b317a6447db11926f2538dfa14c5c487,00:00:00:00:25/1,00:00:40:08:25/1,Tod und Spiele - München 72 #B0011/B-Roll/2022-04-12/2022-04-12_B-Roll_Munich-Drone_D002_133_DJI_0005.MOV,
1569620,2022-04-12_B-Roll_Munich-Drone_D002_175_DJI_0047,2:c55146b326cc97a516181c66d2f20313,00:00:00:00:25/1,00:01:18:11:25/1,Tod und Spiele - München 72 #B0011/B-Roll/2022-04-12/2022-04-12_B-Roll_Munich-Drone_D002_175_DJI_0047.MOV,
1569623,2022-04-12_B-Roll_Munich-Drone_D002_176_DJI_0048,2:d46165c54899555833494e405f04c632,00:00:00:00:25/1,00:00:48:04:25/1,Tod und Spiele - München 72 #B0011/B-Roll/2022-04-12/2022-04-12_B-Roll_Munich-Drone_D002_176_DJI_0048.MOV,
1569624,2022-04-12_B-Roll_Munich-Drone_D002_173_DJI_0045,2:681b16b5bd88e14d409d3ab73255ec2d,00:00:00:00:25/1,00:00:38:10:25/1,Tod und Spiele - München 72 #B0011/B-Roll/2022-04-12/2022-04-12_B-Roll_Munich-Drone_D002_173_DJI_0045.MOV,
1569627,2022-04-12_B-Roll_Munich-Drone_D001_101_DJI_0101,2:4211a70fd22b90e48f207c09eab83e69,00:00:00:00:25/1,00:00:31:13:25/1,Tod und Spiele - München 72 #B0011/B-Roll/2022-04-12/2022-04-12_B-Roll_Munich-Drone_D001_101_DJI_0101.MOV,
1569628,2022-04-12_B-Roll_Munich-Drone_D002_134_DJI_0006,2:73fd5bd5f06118b69a8c75864dbb2082,00:00:00:00:25/1,00:00:51:07:25/1,Tod und Spiele - München 72 #B0011/B-Roll/2022-04-12/2022-04-12_B-Roll_Munich-Drone_D002_134_DJI_0006.MOV,
1569629,2022-04-12_B-Roll_Munich-Drone_D001_076_DJI_0076,2:65a68a03060ab656c81e3740913f768f,00:00:00:00:25/1,00:01:25:05:25/1,Tod und Spiele - München 72 #B0011/B-Roll/2022-04-12/2022-04-12_B-Roll_Munich-Drone_D001_076_DJI_0076.MOV,
1569630,2022-04-12_B-Roll_Munich-Drone_D001_071_DJI_0071,2:961e1cd0868ea574de33bfbe45dfea6e,00:00:00:00:25/1,00:00:26:05:25/1,Tod und Spiele - München 72 #B0011/B-Roll/2022-04-12/2022-04-12_B-Roll_Munich-Drone_D001_071_DJI_0071.MOV,
1569631,2022-04-12_B-Roll_Munich-Drone_D002_170_DJI_0042,2:3007fbe81d90f0967978d0456c0e7718,00:00:00:00:25/1,00:00:59:23:25/1,Tod und Spiele - München 72 #B0011/B-Roll/2022-04-12/2022-04-12_B-Roll_Munich-Drone_D002_170_DJI_0042.MOV,
1569633,2022-04-12_B-Roll_Munich-Drone_D002_177_DJI_0049,2:0cfcfda7d102f2778a71b313934cc6c1,00:00:00:00:25/1,00:00:48:19:25/1,Tod und Spiele - München 72 #B0011/B-Roll/2022-04-12/2022-04-12_B-Roll_Munich-Drone_D002_177_DJI_0049.MOV,
1569634,2022-04-12_B-Roll_Munich-Drone_D002_131_DJI_0003,2:73631131c28f705b20a699199f6134ee,00:00:00:00:25/1,00:01:10:02:25/1,Tod und Spiele - München 72 #B0011/B-Roll/2022-04-12/2022-04-12_B-Roll_Munich-Drone_D002_131_DJI_0003.MOV,
1569638,2022-04-12_B-Roll_Munich-Drone_D001_009_DJI_0009,2:c78258165a642284926bcbd31b95337e,00:00:00:00:25/1,00:01:03:10:25/1,Tod und Spiele - München 72 #B0011/B-Roll/2022-04-12/2022-04-12_B-Roll_Munich-Drone_D001_009_DJI_0009.MOV,
1569640,2022-04-12_B-Roll_Munich-Drone_D001_098_DJI_0098,2:f4cae3fb4bacbe12847a231046027d85,00:00:00:00:25/1,00:01:53:24:25/1,Tod und Spiele - München 72 #B0011/B-Roll/2022-04-12/2022-04-12_B-Roll_Munich-Drone_D001_098_DJI_0098.MOV,
1569641,2022-04-12_B-Roll_Munich-Drone_D001_028_DJI_0028,2:ed993c30be996c7e6915e7fa11eaeb3a,00:00:00:00:25/1,00:00:39:07:25/1,Tod und Spiele - München 72 #B0011/B-Roll/2022-04-12/2022-04-12_B-Roll_Munich-Drone_D001_028_DJI_0028.MOV,
1569642,2022-04-12_B-Roll_Munich-Drone_D002_171_DJI_0043,2:54c8dbc34df60737af182a1532ba8cd1,00:00:00:00:25/1,00:01:28:12:25/1,Tod und Spiele - München 72 #B0011/B-Roll/2022-04-12/2022-04-12_B-Roll_Munich-Drone_D002_171_DJI_0043.MOV,
1569643,2022-04-12_B-Roll_Munich-Drone_D002_132_DJI_0004,2:e8eeba6e81b0a01297db572634e6532a,00:00:00:00:25/1,00:00:35:02:25/1,Tod und Spiele - München 72 #B0011/B-Roll/2022-04-12/2022-04-12_B-Roll_Munich-Drone_D002_132_DJI_0004.MOV,
1569649,2022-04-12_B-Roll_Munich-Drone_D002_154_DJI_0026,2:732e5cec54c4b458b05ead665fe42e85,00:00:00:00:25/1,00:00:29:20:25/1,Tod und Spiele - München 72 #B0011/B-Roll/2022-04-12/2022-04-12_B-Roll_Munich-Drone_D002_154_DJI_0026.MOV,
1569650,2022-04-12_B-Roll_Munich-Drone_D001_027_DJI_0027,2:a946760ff1284ffe265f179250105586,00:00:00:00:25/1,00:00:39:22:25/1,Tod und Spiele - München 72 #B0011/B-Roll/2022-04-12/2022-04-12_B-Roll_Munich-Drone_D001_027_DJI_0027.MOV,
1569651,2022-04-12_B-Roll_Munich-Drone_D002_168_DJI_0040,2:f3252e67a59bbbd6865e397c44795957,00:00:00:00:25/1,00:00:33:14:25/1,Tod und Spiele - München 72 #B0011/B-Roll/2022-04-12/2022-04-12_B-Roll_Munich-Drone_D002_168_DJI_0040.MOV,
1569652,2022-04-12_B-Roll_Munich-Drone_D001_128_DJI_0128,2:776899f8f035f6c256ec632ee6f9e938,00:00:00:00:25/1,00:00:50:17:25/1,Tod und Spiele - München 72 #B0011/B-Roll/2022-04-12/2022-04-12_B-Roll_Munich-Drone_D001_128_DJI_0128.MOV,
1569653,2022-04-12_B-Roll_Munich-Drone_D002_156_DJI_0028,2:69db9f56a1ebb122538192f7726a7076,00:00:00:00:25/1,00:01:01:14:25/1,Tod und Spiele - München 72 #B0011/B-Roll/2022-04-12/2022-04-12_B-Roll_Munich-Drone_D002_156_DJI_0028.MOV,
1569654,2022-04-12_B-Roll_Munich-Drone_D001_129_DJI_0129,2:d2651f3e7a2e94d1cb6d3f16aadb01ca,00:00:00:00:25/1,00:00:42:17:25/1,Tod und Spiele - München 72 #B0011/B-Roll/2022-04-12/2022-04-12_B-Roll_Munich-Drone_D001_129_DJI_0129.MOV,
1569656,2022-04-12_B-Roll_Munich-Drone_D001_005_DJI_0005,2:08c42d242003140b429641c19758e977,00:00:00:00:25/1,00:00:36:06:25/1,Tod und Spiele - München 72 #B0011/B-Roll/2022-04-12/2022-04-12_B-Roll_Munich-Drone_D001_005_DJI_0005.MOV,
1569658,2022-04-12_B-Roll_Munich-Drone_D001_091_DJI_0091,2:5d5ae32659f820b8074d429c631abd4e,00:00:00:00:25/1,00:00:42:03:25/1,Tod und Spiele - München 72 #B0011/B-Roll/2022-04-12/2022-04-12_B-Roll_Munich-Drone_D001_091_DJI_0091.MOV,
1569660,2022-04-12_B-Roll_Munich-Drone_D002_169_DJI_0041,2:cfa15e47d23926ed32e6a81fcc0303d4,00:00:00:00:25/1,00:00:43:13:25/1,Tod und Spiele - München 72 #B0011/B-Roll/2022-04-12/2022-04-12_B-Roll_Munich-Drone_D002_169_DJI_0041.MOV,
1569662,2022-04-12_B-Roll_Munich-Drone_D002_155_DJI_0027,2:3d6b44cc5bbbecfe2b994ec48a4d2676,00:00:00:00:25/1,00:00:52:22:25/1,Tod und Spiele - München 72 #B0011/B-Roll/2022-04-12/2022-04-12_B-Roll_Munich-Drone_D002_155_DJI_0027.MOV,
1569663,2022-04-12_B-Roll_Munich-Drone_D002_130_DJI_0002,2:549de59dd817eed3337b9158d1e6f590,00:00:00:00:25/1,00:00:50:02:25/1,Tod und Spiele - München 72 #B0011/B-Roll/2022-04-12/2022-04-12_B-Roll_Munich-Drone_D002_130_DJI_0002.MOV,
1569666,2022-04-12_B-Roll_Munich-Drone_D001_103_DJI_0103,2:03148c763fb55d25d0e13139840624ab,00:00:00:00:25/1,00:01:15:23:25/1,Tod und Spiele - München 72 #B0011/B-Roll/2022-04-12/2022-04-12_B-Roll_Munich-Drone_D001_103_DJI_0103.MOV,
1569669,2022-04-12_B-Roll_Munich-Drone_D001_026_DJI_0026,2:0cafe6377c1a424a58cbdf6c5182c7f3,00:00:00:00:25/1,00:00:35:09:25/1,Tod und Spiele - München 72 #B0011/B-Roll/2022-04-12/2022-04-12_B-Roll_Munich-Drone_D001_026_DJI_0026.MOV,
1569670,2022-04-12_B-Roll_Munich-Drone_D002_153_DJI_0025,2:a512125f57e91417094dafdfb2cb46cd,00:00:00:00:25/1,00:00:31:04:25/1,Tod und Spiele - München 72 #B0011/B-Roll/2022-04-12/2022-04-12_B-Roll_Munich-Drone_D002_153_DJI_0025.MOV,
1569673,2022-04-12_B-Roll_Munich-Drone_D001_008_DJI_0008,2:0b36505acb2666d59f8e780bceb0cbf5,00:00:00:00:25/1,00:00:17:02:25/1,Tod und Spiele - München 72 #B0011/B-Roll/2022-04-12/2022-04-12_B-Roll_Munich-Drone_D001_008_DJI_0008.MOV,
1569675,2022-04-12_B-Roll_Munich-Drone_D001_107_DJI_0107,2:0ad26ad9ad4aa44a64f94a3567002aa0,00:00:00:00:25/1,00:00:30:20:25/1,Tod und Spiele - München 72 #B0011/B-Roll/2022-04-12/2022-04-12_B-Roll_Munich-Drone_D001_107_DJI_0107.MOV,
1569677,2022-04-12_B-Roll_Munich-Drone_D001_108_DJI_0108,2:8880be84329f3c14252674b0f668a58f,00:00:00:00:25/1,00:00:38:07:25/1,Tod und Spiele - München 72 #B0011/B-Roll/2022-04-12/2022-04-12_B-Roll_Munich-Drone_D001_108_DJI_0108.MOV,
1569678,2022-04-12_B-Roll_Munich-Drone_D001_066_DJI_0066,2:9b250bcb140b0ded27dbb12ac3cc0c16,00:00:00:00:25/1,00:01:38:20:25/1,Tod und Spiele - München 72 #B0011/B-Roll/2022-04-12/2022-04-12_B-Roll_Munich-Drone_D001_066_DJI_0066.MOV,
1569679,2022-04-12_B-Roll_Munich-Drone_D002_157_DJI_0029,2:506dc4a0bc277b7e489d2ca4c9121dc8,00:00:00:00:25/1,00:03:10:03:25/1,Tod und Spiele - München 72 #B0011/B-Roll/2022-04-12/2022-04-12_B-Roll_Munich-Drone_D002_157_DJI_0029.MOV,
1569680,2022-04-12_B-Roll_Munich-Drone_D002_167_DJI_0039,2:b48080c0d72e33bc4d2f74b2b168004d,00:00:00:00:25/1,00:00:36:00:25/1,Tod und Spiele - München 72 #B0011/B-Roll/2022-04-12/2022-04-12_B-Roll_Munich-Drone_D002_167_DJI_0039.MOV,
1569681,2022-04-12_B-Roll_Munich-Drone_D001_007_DJI_0007,2:a146f4ec9e2e22a941b53bd1efe80d69,00:00:00:00:25/1,00:00:34:14:25/1,Tod und Spiele - München 72 #B0011/B-Roll/2022-04-12/2022-04-12_B-Roll_Munich-Drone_D001_007_DJI_0007.MOV,
1569682,2022-04-12_B-Roll_Munich-Drone_D001_116_DJI_0116,2:aea9bcb61845e8a514a285857c395dc7,00:00:00:00:25/1,00:00:41:01:25/1,Tod und Spiele - München 72 #B0011/B-Roll/2022-04-12/2022-04-12_B-Roll_Munich-Drone_D001_116_DJI_0116.MOV,
1569684,2022-04-12_B-Roll_Munich-Drone_D001_104_DJI_0104,2:dbe10d3e584b16473e90694c79ffbe7c,00:00:00:00:25/1,00:02:12:08:25/1,Tod und Spiele - München 72 #B0011/B-Roll/2022-04-12/2022-04-12_B-Roll_Munich-Drone_D001_104_DJI_0104.MOV,
1569685,2022-04-12_B-Roll_Munich-Drone_D002_161_DJI_0033,2:560ca964881f253c165a58b4ab640482,00:00:00:00:25/1,00:01:18:23:25/1,Tod und Spiele - München 72 #B0011/B-Roll/2022-04-12/2022-04-12_B-Roll_Munich-Drone_D002_161_DJI_0033.MOV,
1569690,2022-04-12_B-Roll_Munich-Drone_D002_159_DJI_0031,2:28d74dd0c5d64c3f64e1b45eca770d5b,00:00:00:00:25/1,00:00:33:16:25/1,Tod und Spiele - München 72 #B0011/B-Roll/2022-04-12/2022-04-12_B-Roll_Munich-Drone_D002_159_DJI_0031.MOV,
1569691,2022-04-12_B-Roll_Munich-Drone_D001_118_DJI_0118,2:689d9cd8ab5b7548c046f97b09259ff7,00:00:00:00:25/1,00:00:49:14:25/1,Tod und Spiele - München 72 #B0011/B-Roll/2022-04-12/2022-04-12_B-Roll_Munich-Drone_D001_118_DJI_0118.MOV,
1569692,2022-04-12_B-Roll_Munich-Drone_D001_067_DJI_0067,2:a0be1cde4c4e6de96318e6a152c762f2,00:00:00:00:25/1,00:00:41:11:25/1,Tod und Spiele - München 72 #B0011/B-Roll/2022-04-12/2022-04-12_B-Roll_Munich-Drone_D001_067_DJI_0067.MOV,
1569693,2022-04-12_B-Roll_Munich-Drone_D001_105_DJI_0105,2:a86b0c659389b169fc9e2cd013dd278f,00:00:00:00:25/1,00:00:41:09:25/1,Tod und Spiele - München 72 #B0011/B-Roll/2022-04-12/2022-04-12_B-Roll_Munich-Drone_D001_105_DJI_0105.MOV,
1569696,2022-04-12_B-Roll_Munich-Drone_D001_119_DJI_0119,2:47a56d6e7c6942f22b60528c3cba8259,00:00:00:00:25/1,00:01:45:07:25/1,Tod und Spiele - München 72 #B0011/B-Roll/2022-04-12/2022-04-12_B-Roll_Munich-Drone_D001_119_DJI_0119.MOV,
1569704,2022-04-12_B-Roll_Munich-Drone_D001_024_DJI_0024,2:fe79e282027fcdb972293833f03288dc,00:00:00:00:25/1,00:01:08:22:25/1,Tod und Spiele - München 72 #B0011/B-Roll/2022-04-12/2022-04-12_B-Roll_Munich-Drone_D001_024_DJI_0024.MOV,
1569706,2022-04-12_B-Roll_Munich-Drone_D001_106_DJI_0106,2:33685ceeb4cb5ec5c92b14536f242bd3,00:00:00:00:25/1,00:00:31:24:25/1,Tod und Spiele - München 72 #B0011/B-Roll/2022-04-12/2022-04-12_B-Roll_Munich-Drone_D001_106_DJI_0106.MOV,
1569707,2022-04-12_B-Roll_Munich-Drone_D001_068_DJI_0068,2:c2f8093f31151277d5cdde85e010679e,00:00:00:00:25/1,00:00:33:09:25/1,Tod und Spiele - München 72 #B0011/B-Roll/2022-04-12/2022-04-12_B-Roll_Munich-Drone_D001_068_DJI_0068.MOV,
1569709,2022-04-12_B-Roll_Munich-Drone_D001_117_DJI_0117,2:1043f865145f1756b0b8cafd6c4624ff,00:00:00:00:25/1,00:00:52:00:25/1,Tod und Spiele - München 72 #B0011/B-Roll/2022-04-12/2022-04-12_B-Roll_Munich-Drone_D001_117_DJI_0117.MOV,
1569712,2022-04-12_B-Roll_Munich-Drone_D001_022_DJI_0022,2:38dd07f202866b359e1206cf243fa9cf,00:00:00:00:25/1,00:02:29:19:25/1,Tod und Spiele - München 72 #B0011/B-Roll/2022-04-12/2022-04-12_B-Roll_Munich-Drone_D001_022_DJI_0022.MOV,
1569713,2022-04-12_B-Roll_Munich-Drone_D002_162_DJI_0034,2:bf4c71fdf881cdc24a7b40935f5214b2,00:00:00:00:25/1,00:00:43:17:25/1,Tod und Spiele - München 72 #B0011/B-Roll/2022-04-12/2022-04-12_B-Roll_Munich-Drone_D002_162_DJI_0034.MOV,
1569714,2022-04-12_B-Roll_Munich-Drone_D001_025_DJI_0025,2:4420db6baef4832eb5e2670fd23b3885,00:00:00:00:25/1,00:00:42:02:25/1,Tod und Spiele - München 72 #B0011/B-Roll/2022-04-12/2022-04-12_B-Roll_Munich-Drone_D001_025_DJI_0025.MOV,
1571542,"['Drone Evolution re37EFC351A', 'Drone Evolution redux.m4a']",2:c15a28cf08fa1588465bc23f948a5beb,00:00:00:00:100/1,00:00:12:24:100/1,Avid MediaFiles/MXF/EDIT02.2/Drone Evolution re37EFC351A.mxf,
1631937,2022-03-03_B-Roll_Zwangsarbeit_Ravensbrück_Drohne_Card_002_DJI_0730,2:91491bf293e4449bbd9cdaab19fc7096,00:00:00:00:30000/1001 nd,00:00:32:22:30000/1001 nd,Unter Deutschen - Zwangsarbeit im NS-Staat #L0016P/B-Roll/2022-03-03_Ravensbrueck/2022-03-03_B-Roll_Zwangsarbeit_Ravensbrück_Drohne_Card_002_DJI_0730.mxf,
1631941,2022-03-03_B-Roll_Zwangsarbeit_Ravensbrück_Drohne_Card_002_DJI_0729,2:5b40f7052a6a936b7bbe6ba5e2739523,00:00:00:00:30000/1001 nd,00:00:32:27:30000/1001 nd,Unter Deutschen - Zwangsarbeit im NS-Staat #L0016P/B-Roll/2022-03-03_Ravensbrueck/2022-03-03_B-Roll_Zwangsarbeit_Ravensbrück_Drohne_Card_002_DJI_0729.mxf,
1631947,2022-03-03_B-Roll_Zwangsarbeit_Ravensbrück_Drohne_Card_002_DJI_0728,2:d997cfbacfbbf8814a19cd91526bb889,00:00:00:00:30000/1001 nd,00:00:33:11:30000/1001 nd,Unter Deutschen - Zwangsarbeit im NS-Staat #L0016P/B-Roll/2022-03-03_Ravensbrueck/2022-03-03_B-Roll_Zwangsarbeit_Ravensbrück_Drohne_Card_002_DJI_0728.mxf,
1631950,2022-03-03_B-Roll_Zwangsarbeit_Ravensbrück_Drohne_Card_002_DJI_0727,2:fd9b1e53eaea696dff0d6acd734e38b4,00:00:00:00:30000/1001 nd,00:01:01:18:30000/1001 nd,Unter Deutschen - Zwangsarbeit im NS-Staat #L0016P/B-Roll/2022-03-03_Ravensbrueck/2022-03-03_B-Roll_Zwangsarbeit_Ravensbrück_Drohne_Card_002_DJI_0727.mxf,
1631954,2022-03-03_B-Roll_Zwangsarbeit_Ravensbrück_Drohne_Card_002_DJI_0726,2:5aae0f7287d8b57c247e4c73fe6e8c05,00:00:00:00:30000/1001 nd,00:00:57:05:30000/1001 nd,Unter Deutschen - Zwangsarbeit im NS-Staat #L0016P/B-Roll/2022-03-03_Ravensbrueck/2022-03-03_B-Roll_Zwangsarbeit_Ravensbrück_Drohne_Card_002_DJI_0726.mxf,
1631958,2022-03-03_B-Roll_Zwangsarbeit_Ravensbrück_Drohne_Card_002_DJI_0725,2:07fd8015681524aadddd8f852e5c16d2,00:00:00:00:30000/1001 nd,00:00:38:00:30000/1001 nd,Unter Deutschen - Zwangsarbeit im NS-Staat #L0016P/B-Roll/2022-03-03_Ravensbrueck/2022-03-03_B-Roll_Zwangsarbeit_Ravensbrück_Drohne_Card_002_DJI_0725.mxf,
1631962,2022-03-03_B-Roll_Zwangsarbeit_Ravensbrück_Drohne_Card_002_DJI_0724,2:82c0d0c89b47968d0812c6d230eb9556,00:00:00:00:30000/1001 nd,00:01:07:27:30000/1001 nd,Unter Deutschen - Zwangsarbeit im NS-Staat #L0016P/B-Roll/2022-03-03_Ravensbrueck/2022-03-03_B-Roll_Zwangsarbeit_Ravensbrück_Drohne_Card_002_DJI_0724.mxf,
1631979,2022-03-03_B-Roll_Zwangsarbeit_Ravensbrück_Drohne_Card_002_DJI_0746,2:7b9be19fefa8332b077fcab59bbaeb8b,00:00:00:00:30000/1001 nd,00:00:11:10:30000/1001 nd,Unter Deutschen - Zwangsarbeit im NS-Staat #L0016P/B-Roll/2022-03-03_Ravensbrueck/2022-03-03_B-Roll_Zwangsarbeit_Ravensbrück_Drohne_Card_002_DJI_0746.mxf,
1631984,2022-03-03_B-Roll_Zwangsarbeit_Ravensbrück_Drohne_Card_002_DJI_0745,2:3b8928432ddcf823e9636c3575c66cdd,00:00:00:00:30000/1001 nd,00:00:39:21:30000/1001 nd,Unter Deutschen - Zwangsarbeit im NS-Staat #L0016P/B-Roll/2022-03-03_Ravensbrueck/2022-03-03_B-Roll_Zwangsarbeit_Ravensbrück_Drohne_Card_002_DJI_0745.mxf,
1631989,2022-03-03_B-Roll_Zwangsarbeit_Ravensbrück_Drohne_Card_002_DJI_0744,2:b6997cdce83c8e854717dd26cc779082,00:00:00:00:30000/1001 nd,00:00:56:17:30000/1001 nd,Unter Deutschen - Zwangsarbeit im NS-Staat #L0016P/B-Roll/2022-03-03_Ravensbrueck/2022-03-03_B-Roll_Zwangsarbeit_Ravensbrück_Drohne_Card_002_DJI_0744.mxf,
1631995,2022-03-03_B-Roll_Zwangsarbeit_Ravensbrück_Drohne_Card_002_DJI_0743,2:1ba71438d79a2a0948d2b5a2f4ef37e9,00:00:00:00:30000/1001 nd,00:02:27:20:30000/1001 nd,Unter Deutschen - Zwangsarbeit im NS-Staat #L0016P/B-Roll/2022-03-03_Ravensbrueck/2022-03-03_B-Roll_Zwangsarbeit_Ravensbrück_Drohne_Card_002_DJI_0743.mxf,
1632003,2022-03-03_B-Roll_Zwangsarbeit_Ravensbrück_Drohne_Card_002_DJI_0763,2:c95be0a5143415c8d080eab235ee23fc,00:00:00:00:30000/1001 nd,00:00:42:18:30000/1001 nd,Unter Deutschen - Zwangsarbeit im NS-Staat #L0016P/B-Roll/2022-03-03_Ravensbrueck/2022-03-03_B-Roll_Zwangsarbeit_Ravensbrück_Drohne_Card_002_DJI_0763.mxf,
1632006,2022-03-03_B-Roll_Zwangsarbeit_Ravensbrück_Drohne_Card_002_DJI_0742,2:826a328e1931dfe7f09a61a86d0b3d58,00:00:00:00:30000/1001 nd,00:01:15:04:30000/1001 nd,Unter Deutschen - Zwangsarbeit im NS-Staat #L0016P/B-Roll/2022-03-03_Ravensbrueck/2022-03-03_B-Roll_Zwangsarbeit_Ravensbrück_Drohne_Card_002_DJI_0742.mxf,
1632009,2022-03-03_B-Roll_Zwangsarbeit_Ravensbrück_Drohne_Card_002_DJI_0762,2:14dc33868375e98948127c970931fe22,00:00:00:00:30000/1001 nd,00:00:52:15:30000/1001 nd,Unter Deutschen - Zwangsarbeit im NS-Staat #L0016P/B-Roll/2022-03-03_Ravensbrueck/2022-03-03_B-Roll_Zwangsarbeit_Ravensbrück_Drohne_Card_002_DJI_0762.mxf,
1632011,2022-03-03_B-Roll_Zwangsarbeit_Ravensbrück_Drohne_Card_002_DJI_0741,2:5865ab97e44932d7847a1e0bdecb0299,00:00:00:00:30000/1001 nd,00:00:32:00:30000/1001 nd,Unter Deutschen - Zwangsarbeit im NS-Staat #L0016P/B-Roll/2022-03-03_Ravensbrueck/2022-03-03_B-Roll_Zwangsarbeit_Ravensbrück_Drohne_Card_002_DJI_0741.mxf,
1632020,2022-03-03_B-Roll_Zwangsarbeit_Ravensbrück_Drohne_Card_002_DJI_0761,2:a4e9d2a09f362770e955096348ccf26c,00:00:00:00:30000/1001 nd,00:01:01:04:30000/1001 nd,Unter Deutschen - Zwangsarbeit im NS-Staat #L0016P/B-Roll/2022-03-03_Ravensbrueck/2022-03-03_B-Roll_Zwangsarbeit_Ravensbrück_Drohne_Card_002_DJI_0761.mxf,
1632023,2022-03-03_B-Roll_Zwangsarbeit_Ravensbrück_Drohne_Card_002_DJI_0740,2:61d3422e091aa18dfb0a1c45b6d73f45,00:00:00:00:30000/1001 nd,00:02:09:17:30000/1001 nd,Unter Deutschen - Zwangsarbeit im NS-Staat #L0016P/B-Roll/2022-03-03_Ravensbrueck/2022-03-03_B-Roll_Zwangsarbeit_Ravensbrück_Drohne_Card_002_DJI_0740.mxf,
1632027,2022-03-03_B-Roll_Zwangsarbeit_Ravensbrück_Drohne_Card_002_DJI_0760,2:9eb3c61b0f4144c8a00e0120e796a203,00:00:00:00:30000/1001 nd,00:01:02:07:30000/1001 nd,Unter Deutschen - Zwangsarbeit im NS-Staat #L0016P/B-Roll/2022-03-03_Ravensbrueck/2022-03-03_B-Roll_Zwangsarbeit_Ravensbrück_Drohne_Card_002_DJI_0760.mxf,
1632029,2022-03-03_B-Roll_Zwangsarbeit_Ravensbrück_Drohne_Card_002_DJI_0739,2:de35c235453c2f29f4f6dfc2a63406fa,00:00:00:00:30000/1001 nd,00:02:56:14:30000/1001 nd,Unter Deutschen - Zwangsarbeit im NS-Staat #L0016P/B-Roll/2022-03-03_Ravensbrueck/2022-03-03_B-Roll_Zwangsarbeit_Ravensbrück_Drohne_Card_002_DJI_0739.mxf,
1632035,2022-03-03_B-Roll_Zwangsarbeit_Ravensbrück_Drohne_Card_002_DJI_0759,2:8c5e3700925af02a337db48c17d3718b,00:00:00:00:30000/1001 nd,00:01:43:05:30000/1001 nd,Unter Deutschen - Zwangsarbeit im NS-Staat #L0016P/B-Roll/2022-03-03_Ravensbrueck/2022-03-03_B-Roll_Zwangsarbeit_Ravensbrück_Drohne_Card_002_DJI_0759.mxf,
1632037,2022-03-03_B-Roll_Zwangsarbeit_Ravensbrück_Drohne_Card_002_DJI_0738,2:69533dfda3b602dee5285a057a84cf2f,00:00:00:00:30000/1001 nd,00:01:09:00:30000/1001 nd,Unter Deutschen - Zwangsarbeit im NS-Staat #L0016P/B-Roll/2022-03-03_Ravensbrueck/2022-03-03_B-Roll_Zwangsarbeit_Ravensbrück_Drohne_Card_002_DJI_0738.mxf,
1632041,2022-03-03_B-Roll_Zwangsarbeit_Ravensbrück_Drohne_Card_002_DJI_0758,2:b67db7dc818ee72d250bd08daa1c56e4,00:00:00:00:30000/1001 nd,00:00:36:19:30000/1001 nd,Unter Deutschen - Zwangsarbeit im NS-Staat #L0016P/B-Roll/2022-03-03_Ravensbrueck/2022-03-03_B-Roll_Zwangsarbeit_Ravensbrück_Drohne_Card_002_DJI_0758.mxf,
1632043,2022-03-03_B-Roll_Zwangsarbeit_Ravensbrück_Drohne_Card_002_DJI_0737,2:4ebf779ea35375fb108d8c9eea4605d1,00:00:00:00:30000/1001 nd,00:02:57:21:30000/1001 nd,Unter Deutschen - Zwangsarbeit im NS-Staat #L0016P/B-Roll/2022-03-03_Ravensbrueck/2022-03-03_B-Roll_Zwangsarbeit_Ravensbrück_Drohne_Card_002_DJI_0737.mxf,
1632047,2022-03-03_B-Roll_Zwangsarbeit_Ravensbrück_Drohne_Card_002_DJI_0757,2:2e3eddddd0229fe9bd0613ecf69685c7,00:00:00:00:30000/1001 nd,00:00:34:24:30000/1001 nd,Unter Deutschen - Zwangsarbeit im NS-Staat #L0016P/B-Roll/2022-03-03_Ravensbrueck/2022-03-03_B-Roll_Zwangsarbeit_Ravensbrück_Drohne_Card_002_DJI_0757.mxf,
1632049,2022-03-03_B-Roll_Zwangsarbeit_Ravensbrück_Drohne_Card_002_DJI_0736,2:0aaac1e3aa790b11b22811d21bf8301a,00:00:00:00:30000/1001 nd,00:00:31:01:30000/1001 nd,Unter Deutschen - Zwangsarbeit im NS-Staat #L0016P/B-Roll/2022-03-03_Ravensbrueck/2022-03-03_B-Roll_Zwangsarbeit_Ravensbrück_Drohne_Card_002_DJI_0736.mxf,
1632052,2022-03-03_B-Roll_Zwangsarbeit_Ravensbrück_Drohne_Card_002_DJI_0756,2:2d07731a229ac15bb061eb5238fba0ba,00:00:00:00:30000/1001 nd,00:00:27:22:30000/1001 nd,Unter Deutschen - Zwangsarbeit im NS-Staat #L0016P/B-Roll/2022-03-03_Ravensbrueck/2022-03-03_B-Roll_Zwangsarbeit_Ravensbrück_Drohne_Card_002_DJI_0756.mxf,
1632054,2022-03-03_B-Roll_Zwangsarbeit_Ravensbrück_Drohne_Card_002_DJI_0735,2:47a3c6486409e8b7b834b58e007ec7ff,00:00:00:00:30000/1001 nd,00:01:05:21:30000/1001 nd,Unter Deutschen - Zwangsarbeit im NS-Staat #L0016P/B-Roll/2022-03-03_Ravensbrueck/2022-03-03_B-Roll_Zwangsarbeit_Ravensbrück_Drohne_Card_002_DJI_0735.mxf,
1632056,2022-03-03_B-Roll_Zwangsarbeit_Ravensbrück_Drohne_Card_002_DJI_0755,2:1b59822c507012432e62819cede6a3f2,00:00:00:00:30000/1001 nd,00:00:42:24:30000/1001 nd,Unter Deutschen - Zwangsarbeit im NS-Staat #L0016P/B-Roll/2022-03-03_Ravensbrueck/2022-03-03_B-Roll_Zwangsarbeit_Ravensbrück_Drohne_Card_002_DJI_0755.mxf,
1632062,2022-03-03_B-Roll_Zwangsarbeit_Ravensbrück_Drohne_Card_002_DJI_0754,2:4b2e8fed256ee2b8dc1f819fc181f97f,00:00:00:00:30000/1001 nd,00:00:41:02:30000/1001 nd,Unter Deutschen - Zwangsarbeit im NS-Staat #L0016P/B-Roll/2022-03-03_Ravensbrueck/2022-03-03_B-Roll_Zwangsarbeit_Ravensbrück_Drohne_Card_002_DJI_0754.mxf,
1632069,2022-03-03_B-Roll_Zwangsarbeit_Ravensbrück_Drohne_Card_002_DJI_0753,2:3eecb35434324f26e224a7c1ea948bf9,00:00:00:00:30000/1001 nd,00:00:48:16:30000/1001 nd,Unter Deutschen - Zwangsarbeit im NS-Staat #L0016P/B-Roll/2022-03-03_Ravensbrueck/2022-03-03_B-Roll_Zwangsarbeit_Ravensbrück_Drohne_Card_002_DJI_0753.mxf,
1632074,2022-03-03_B-Roll_Zwangsarbeit_Ravensbrück_Drohne_Card_002_DJI_0752,2:b242d1575dd4b08a9840e1fea92c8812,00:00:00:00:30000/1001 nd,00:01:34:06:30000/1001 nd,Unter Deutschen - Zwangsarbeit im NS-Staat #L0016P/B-Roll/2022-03-03_Ravensbrueck/2022-03-03_B-Roll_Zwangsarbeit_Ravensbrück_Drohne_Card_002_DJI_0752.mxf,
1632081,2022-03-03_B-Roll_Zwangsarbeit_Ravensbrück_Drohne_Card_002_DJI_0751,2:e2c9071793b94f31460280c20c1cc81f,00:00:00:00:30000/1001 nd,00:00:41:16:30000/1001 nd,Unter Deutschen - Zwangsarbeit im NS-Staat #L0016P/B-Roll/2022-03-03_Ravensbrueck/2022-03-03_B-Roll_Zwangsarbeit_Ravensbrück_Drohne_Card_002_DJI_0751.mxf,
1632089,2022-03-03_B-Roll_Zwangsarbeit_Ravensbrück_Drohne_Card_002_DJI_0750,2:00b0e9461dddf4fc70849f38bd34ffbe,00:00:00:00:30000/1001 nd,00:01:03:14:30000/1001 nd,Unter Deutschen - Zwangsarbeit im NS-Staat #L0016P/B-Roll/2022-03-03_Ravensbrueck/2022-03-03_B-Roll_Zwangsarbeit_Ravensbrück_Drohne_Card_002_DJI_0750.mxf,
1632095,2022-03-03_B-Roll_Zwangsarbeit_Ravensbrück_Drohne_Card_002_DJI_0749,2:f9d0d65164f24ef694ddc306cfcb8199,00:00:00:00:30000/1001 nd,00:01:23:06:30000/1001 nd,Unter Deutschen - Zwangsarbeit im NS-Staat #L0016P/B-Roll/2022-03-03_Ravensbrueck/2022-03-03_B-Roll_Zwangsarbeit_Ravensbrück_Drohne_Card_002_DJI_0749.mxf,
1632097,2022-03-30_B-Roll_DJI_0786,2:37bdc8a6e61f110f60930b6c0d93da2e,00:00:00:00:25/1,00:00:26:13:25/1,Unter Deutschen - Zwangsarbeit im NS-Staat #L0016P/B-Roll/2022-03-30/2022-03-30_B-Roll_DJI_0786.MOV,
1632101,2022-03-03_B-Roll_Zwangsarbeit_Ravensbrück_Drohne_Card_002_DJI_0748,2:c2e5e9babc8aec0e6f9507255481ead8,00:00:00:00:30000/1001 nd,00:00:44:00:30000/1001 nd,Unter Deutschen - Zwangsarbeit im NS-Staat #L0016P/B-Roll/2022-03-03_Ravensbrueck/2022-03-03_B-Roll_Zwangsarbeit_Ravensbrück_Drohne_Card_002_DJI_0748.mxf,
1632102,2022-03-30_B-Roll_DJI_0785,2:de3d0b8f0e6abf2a7484ad3763902abd,00:00:00:00:25/1,00:00:36:17:25/1,Unter Deutschen - Zwangsarbeit im NS-Staat #L0016P/B-Roll/2022-03-30/2022-03-30_B-Roll_DJI_0785.mxf,
1632108,2022-03-03_B-Roll_Zwangsarbeit_Ravensbrück_Drohne_Card_002_DJI_0747,2:ce6d024d9d96c485ab901e5731ef05c8,00:00:00:00:30000/1001 nd,00:00:45:07:30000/1001 nd,Unter Deutschen - Zwangsarbeit im NS-Staat #L0016P/B-Roll/2022-03-03_Ravensbrueck/2022-03-03_B-Roll_Zwangsarbeit_Ravensbrück_Drohne_Card_002_DJI_0747.mxf,
1632110,2022-03-30_B-Roll_DJI_0785,2:8ebd1c7d7aee5e2f8c37d569407ca0a4,00:00:00:00:25/1,00:00:36:17:25/1,Unter Deutschen - Zwangsarbeit im NS-Staat #L0016P/B-Roll/2022-03-30/2022-03-30_B-Roll_DJI_0785.MOV,
1632112,2022-03-03_B-Roll_Zwangsarbeit_Ravensbrück_Drohne_Card_002_DJI_0734,2:c3d970550a2876e0b06d2f843c1bb8d9,00:00:00:00:30000/1001 nd,00:01:01:25:30000/1001 nd,Unter Deutschen - Zwangsarbeit im NS-Staat #L0016P/B-Roll/2022-03-03_Ravensbrueck/2022-03-03_B-Roll_Zwangsarbeit_Ravensbrück_Drohne_Card_002_DJI_0734.mxf,
1632119,2022-03-03_B-Roll_Zwangsarbeit_Ravensbrück_Drohne_Card_002_DJI_0733,2:f3ae10a14f50dd7b63247e5f078ce6b3,00:00:00:00:30000/1001 nd,00:00:23:15:30000/1001 nd,Unter Deutschen - Zwangsarbeit im NS-Staat #L0016P/B-Roll/2022-03-03_Ravensbrueck/2022-03-03_B-Roll_Zwangsarbeit_Ravensbrück_Drohne_Card_002_DJI_0733.mxf,
1632183,2022-03-30_B-Roll_DJI_0794,2:529657cd7efc9dd2e5ea1a2ce023d38a,00:00:00:00:25/1,00:00:26:05:25/1,Unter Deutschen - Zwangsarbeit im NS-Staat #L0016P/B-Roll/2022-03-30/2022-03-30_B-Roll_DJI_0794.mxf,
1632190,2022-03-30_B-Roll_DJI_0794,2:d505625b8f490f9ec0711aee94d7aead,00:00:00:00:25/1,00:00:26:05:25/1,Unter Deutschen - Zwangsarbeit im NS-Staat #L0016P/B-Roll/2022-03-30/2022-03-30_B-Roll_DJI_0794.MOV,
1632195,2022-03-30_B-Roll_DJI_0793,2:ee997419068835dff66a51131840e37b,00:00:00:00:25/1,00:00:38:17:25/1,Unter Deutschen - Zwangsarbeit im NS-Staat #L0016P/B-Roll/2022-03-30/2022-03-30_B-Roll_DJI_0793.mxf,
1632202,2022-03-30_B-Roll_DJI_0793,2:95e3cb7ed39b167dd752d25bc85c4b30,00:00:00:00:25/1,00:00:38:17:25/1,Unter Deutschen - Zwangsarbeit im NS-Staat #L0016P/B-Roll/2022-03-30/2022-03-30_B-Roll_DJI_0793.MOV,
1632207,2022-03-30_B-Roll_DJI_0792,2:ff4dd9767fbfbae56b74165c3ba79826,00:00:00:00:25/1,00:00:12:20:25/1,Unter Deutschen - Zwangsarbeit im NS-Staat #L0016P/B-Roll/2022-03-30/2022-03-30_B-Roll_DJI_0792.mxf,
1632213,2022-03-30_B-Roll_DJI_0792,2:ee5b0e93e77334d89f838f61af4aa5a0,00:00:00:00:25/1,00:00:12:20:25/1,Unter Deutschen - Zwangsarbeit im NS-Staat #L0016P/B-Roll/2022-03-30/2022-03-30_B-Roll_DJI_0792.MOV,
1632216,2022-03-30_B-Roll_DJI_0790,2:2d219764a64d2d9f94cfbb41f97ac685,00:00:00:00:25/1,00:00:25:08:25/1,Unter Deutschen - Zwangsarbeit im NS-Staat #L0016P/B-Roll/2022-03-30/2022-03-30_B-Roll_DJI_0790.mxf,
1632220,2022-03-30_B-Roll_DJI_0790,2:bf20620856cf95f6c85e59c1021ec0af,00:00:00:00:25/1,00:00:25:08:25/1,Unter Deutschen - Zwangsarbeit im NS-Staat #L0016P/B-Roll/2022-03-30/2022-03-30_B-Roll_DJI_0790.MOV,
1632221,2022-03-03_B-Roll_Zwangsarbeit_Ravensbrück_Drohne_Card_002_DJI_0732,2:b4903ebfa03272e77c03f09e8341e065,00:00:00:00:30000/1001 nd,00:01:43:21:30000/1001 nd,Unter Deutschen - Zwangsarbeit im NS-Staat #L0016P/B-Roll/2022-03-03_Ravensbrueck/2022-03-03_B-Roll_Zwangsarbeit_Ravensbrück_Drohne_Card_002_DJI_0732.mxf,
1632222,2022-03-30_B-Roll_DJI_0789,2:34db9f290d441630116f3dd2f3bcd8d2,00:00:00:00:25/1,00:00:37:23:25/1,Unter Deutschen - Zwangsarbeit im NS-Staat #L0016P/B-Roll/2022-03-30/2022-03-30_B-Roll_DJI_0789.mxf,
1632223,2022-03-03_B-Roll_Zwangsarbeit_Ravensbrück_Drohne_Card_002_DJI_0731,2:4b3f3811148d4a805dda33069997baf0,00:00:00:00:30000/1001 nd,00:00:10:13:30000/1001 nd,Unter Deutschen - Zwangsarbeit im NS-Staat #L0016P/B-Roll/2022-03-03_Ravensbrueck/2022-03-03_B-Roll_Zwangsarbeit_Ravensbrück_Drohne_Card_002_DJI_0731.mxf,
1632224,2022-03-30_B-Roll_DJI_0791,2:c46fe10c3547037438818cef3b5ababb,00:00:00:00:25/1,00:01:07:21:25/1,Unter Deutschen - Zwangsarbeit im NS-Staat #L0016P/B-Roll/2022-03-30/2022-03-30_B-Roll_DJI_0791.mxf,
1632225,2022-03-30_B-Roll_DJI_0789,2:2b829c77feccfee913ac9ec517997edb,00:00:00:00:25/1,00:00:37:23:25/1,Unter Deutschen - Zwangsarbeit im NS-Staat #L0016P/B-Roll/2022-03-30/2022-03-30_B-Roll_DJI_0789.MOV,
1632228,2022-03-30_B-Roll_DJI_0788,2:27e8e519db26cceead1239363ed434c5,00:00:00:00:25/1,00:00:32:14:25/1,Unter Deutschen - Zwangsarbeit im NS-Staat #L0016P/B-Roll/2022-03-30/2022-03-30_B-Roll_DJI_0788.mxf,
1632230,2022-03-30_B-Roll_DJI_0788,2:3df7e14b8bf7edf1074702b1eb638e63,00:00:00:00:25/1,00:00:32:14:25/1,Unter Deutschen - Zwangsarbeit im NS-Staat #L0016P/B-Roll/2022-03-30/2022-03-30_B-Roll_DJI_0788.MOV,
1632233,2022-03-30_B-Roll_DJI_0787,2:f7bce2b56bc045dde813ec500d4bdb6c,00:00:00:00:25/1,00:00:26:03:25/1,Unter Deutschen - Zwangsarbeit im NS-Staat #L0016P/B-Roll/2022-03-30/2022-03-30_B-Roll_DJI_0787.mxf,
1632238,2022-03-30_B-Roll_DJI_0787,2:0fc0aabdee6655dcb24033d46d8143b3,00:00:00:00:25/1,00:00:26:03:25/1,Unter Deutschen - Zwangsarbeit im NS-Staat #L0016P/B-Roll/2022-03-30/2022-03-30_B-Roll_DJI_0787.MOV,
1632242,2022-03-30_B-Roll_DJI_0786,2:49d8cf94986198acc29ea29d29a3c8b7,00:00:00:00:25/1,00:00:26:13:25/1,Unter Deutschen - Zwangsarbeit im NS-Staat #L0016P/B-Roll/2022-03-30/2022-03-30_B-Roll_DJI_0786.mxf,
1632267,2022-03-30_B-Roll_DJI_0791,2:08a13da08ffb845ead5169f8bb4d83bf,00:00:00:00:25/1,00:01:07:21:25/1,Unter Deutschen - Zwangsarbeit im NS-Staat #L0016P/B-Roll/2022-03-30/2022-03-30_B-Roll_DJI_0791.MOV,
1643515,SST__1100703881__High angle aerial drone shot flying towards Westminster and Big Ben over the River Thames,2:892188d0928ea334fa3a2c8d20d8ff92,08:20:44:08:24/1,08:21:08:01:24/1,Manuell Ingesten/SST__1100703881__High angle aerial drone shot flying towards Westminster and Big Ben over the River Thames.mov,
1643628,DJI_0036,2:e9484a073b2d2fe94bc6e9375bd80dad,00:00:00:00:24000/1001,00:00:19:12:24000/1001,Geheimes Kuba #5534/B-Roll/DRONE FLIGHTS CUBA/23.98/DJI_0036.MOV,
1651089,2025-01-17_BRoll_Rostock_DJI_0048,2:8eb4917b3afa4ea01248d77932e7d6b8,00:00:00:00:50/1,00:00:38:48:50/1,OCF OAF/2025-02-17 BRoll Drohne Rostock/101MEDIA/2025-01-17_BRoll_Rostock_DJI_0048.MOV,
1651090,2025-01-17_BRoll_Rostock_DJI_0047,2:2251b0e99c8224783a15aee54122f7ae,00:00:00:00:50/1,00:00:22:20:50/1,OCF OAF/2025-02-17 BRoll Drohne Rostock/101MEDIA/2025-01-17_BRoll_Rostock_DJI_0047.MOV,
1651091,2025-01-17_BRoll_Rostock_DJI_0051,2:6d286e65f8acb07d04ab75e538f177ff,00:00:00:00:50/1,00:00:28:43:50/1,OCF OAF/2025-02-17 BRoll Drohne Rostock/101MEDIA/2025-01-17_BRoll_Rostock_DJI_0051.MOV,
1651092,2025-01-17_BRoll_Rostock_DJI_0052,2:f5916afe945da509b473e9d0b9bd72f3,00:00:00:00:50/1,00:00:29:32:50/1,OCF OAF/2025-02-17 BRoll Drohne Rostock/101MEDIA/2025-01-17_BRoll_Rostock_DJI_0052.MOV,
1651093,2025-01-17_BRoll_Rostock_DJI_0046,2:7f6b549c4d1721b0b9fe2076de32b423,00:00:00:00:50/1,00:00:30:35:50/1,OCF OAF/2025-02-17 BRoll Drohne Rostock/101MEDIA/2025-01-17_BRoll_Rostock_DJI_0046.MOV,
1651094,2025-01-17_BRoll_Rostock_DJI_0049,2:f9a68e41374cab555320e84e6badb223,00:00:00:00:50/1,00:00:53:49:50/1,OCF OAF/2025-02-17 BRoll Drohne Rostock/101MEDIA/2025-01-17_BRoll_Rostock_DJI_0049.MOV,
1651095,2025-01-17_BRoll_Rostock_DJI_0041,2:140d95b34ec620d568fe0062e32f81d7,00:00:00:00:50/1,00:00:32:22:50/1,OCF OAF/2025-02-17 BRoll Drohne Rostock/101MEDIA/2025-01-17_BRoll_Rostock_DJI_0041.MOV,
1651096,2025-01-17_BRoll_Rostock_DJI_0050,2:b72312c0a8245d3753cf02cc98050208,00:00:00:00:50/1,00:00:37:42:50/1,OCF OAF/2025-02-17 BRoll Drohne Rostock/101MEDIA/2025-01-17_BRoll_Rostock_DJI_0050.MOV,
1651097,2025-01-17_BRoll_Rostock_DJI_0042,2:ff1840314a3063e642cf5e739b0e3c62,00:00:00:00:50/1,00:00:24:22:50/1,OCF OAF/2025-02-17 BRoll Drohne Rostock/101MEDIA/2025-01-17_BRoll_Rostock_DJI_0042.MOV,
1651098,2025-01-17_BRoll_Rostock_DJI_0039,2:7e15378e3385ed0c4a6fb556a67f02d5,00:00:00:00:50/1,00:01:37:30:50/1,OCF OAF/2025-02-17 BRoll Drohne Rostock/101MEDIA/2025-01-17_BRoll_Rostock_DJI_0039.MOV,
1651099,2025-01-17_BRoll_Rostock_DJI_0045,2:09de863f4763819c429a23ce8a35e149,00:00:00:00:50/1,00:00:55:05:50/1,OCF OAF/2025-02-17 BRoll Drohne Rostock/101MEDIA/2025-01-17_BRoll_Rostock_DJI_0045.MOV,
1651100,2025-01-17_BRoll_Rostock_DJI_0040,2:c398c7279917538cb6551dd3886bc9b9,00:00:00:00:50/1,00:00:19:33:50/1,OCF OAF/2025-02-17 BRoll Drohne Rostock/101MEDIA/2025-01-17_BRoll_Rostock_DJI_0040.MOV,
1651101,2025-01-17_BRoll_Rostock_DJI_0038,2:0940e1fce5608fdbf160c89f7a4c0067,00:00:00:00:50/1,00:00:27:46:50/1,OCF OAF/2025-02-17 BRoll Drohne Rostock/101MEDIA/2025-01-17_BRoll_Rostock_DJI_0038.MOV,
1651102,2025-01-17_BRoll_Rostock_DJI_0043,2:f9e86765ef1f662884369c87694f56e2,00:00:00:00:50/1,00:00:19:25:50/1,OCF OAF/2025-02-17 BRoll Drohne Rostock/101MEDIA/2025-01-17_BRoll_Rostock_DJI_0043.MOV,
1651103,2025-01-17_BRoll_Rostock_DJI_0044,2:4d50aa43267a49612668e9965c64aa0a,00:00:00:00:50/1,00:00:48:11:50/1,OCF OAF/2025-02-17 BRoll Drohne Rostock/101MEDIA/2025-01-17_BRoll_Rostock_DJI_0044.MOV,
1651104,2025-01-17_BRoll_Rostock_DJI_0053,2:2b53b73e352286ea69fd69bed0d8553f,00:00:00:00:50/1,00:00:21:31:50/1,OCF OAF/2025-02-17 BRoll Drohne Rostock/101MEDIA/2025-01-17_BRoll_Rostock_DJI_0053.MOV,
1677810,2020-05-28_B-Roll_IMAGISSIME__Scapa Flow Drone Footage__DJI_0053,2:10740ff4e66a956286f2d543adf916d2,00:00:00:00:25/1,00:01:04:22:25/1,Kriegsschiffe #5594/B-Roll/Drone/2020-05-28_B-Roll_IMAGISSIME__Scapa Flow Drone Footage__DJI_0053.mov,
1677811,2020-05-27_B-Roll_IMAGISSIME__Scapa Flow Drone Footage__DJI_0068,2:26319b75c898e8baae78391701ffa327,00:00:00:00:25/1,00:02:49:07:25/1,Kriegsschiffe #5594/B-Roll/Drone/2020-05-27_B-Roll_IMAGISSIME__Scapa Flow Drone Footage__DJI_0068.mov,
1677817,2020-05-28_B-Roll_IMAGISSIME__Scapa Flow Drone Footage__DJI_0054,2:d04d6cb140ff2eb62858e73284dba7aa,00:00:00:00:25/1,00:05:32:13:25/1,Kriegsschiffe #5594/B-Roll/Drone/2020-05-28_B-Roll_IMAGISSIME__Scapa Flow Drone Footage__DJI_0054.mov,
1677818,2020-05-27_B-Roll_IMAGISSIME__Scapa Flow Drone Footage__DJI_0073,2:36353ebbed28354ac7791c2e10a1cff5,00:00:00:00:25/1,00:05:48:20:25/1,Kriegsschiffe #5594/B-Roll/Drone/2020-05-27_B-Roll_IMAGISSIME__Scapa Flow Drone Footage__DJI_0073.mov,
1677823,2020-05-28_B-Roll_IMAGISSIME__Scapa Flow Drone Footage__DJI_0051,2:992bd905d3efa500a9a8a40aca8de623,00:00:00:00:25/1,00:02:20:19:25/1,Kriegsschiffe #5594/B-Roll/Drone/2020-05-28_B-Roll_IMAGISSIME__Scapa Flow Drone Footage__DJI_0051.mov,
1677824,2020-05-27_B-Roll_IMAGISSIME__Scapa Flow Drone Footage__DJI_0074,2:a75f87c6d47543ab421d67f786db8f84,00:00:00:00:25/1,00:01:31:16:25/1,Kriegsschiffe #5594/B-Roll/Drone/2020-05-27_B-Roll_IMAGISSIME__Scapa Flow Drone Footage__DJI_0074.mov,
1677829,2020-05-28_B-Roll_IMAGISSIME__Scapa Flow Drone Footage__DJI_0052,2:9443271f187890132e431e222b8209dd,00:00:00:00:25/1,00:01:20:22:25/1,Kriegsschiffe #5594/B-Roll/Drone/2020-05-28_B-Roll_IMAGISSIME__Scapa Flow Drone Footage__DJI_0052.mov,
1677830,2020-05-27_B-Roll_IMAGISSIME__Scapa Flow Drone Footage__DJI_0071,2:bcf0407328c87a65d5b8e1385ac970a1,00:00:00:00:25/1,00:00:31:04:25/1,Kriegsschiffe #5594/B-Roll/Drone/2020-05-27_B-Roll_IMAGISSIME__Scapa Flow Drone Footage__DJI_0071.mov,
1677835,2020-05-28_B-Roll_IMAGISSIME__Scapa Flow Drone Footage__DJI_0057,2:9f522494f1b3e6e3ad98a432272a6069,00:00:00:00:25/1,00:02:43:18:25/1,Kriegsschiffe #5594/B-Roll/Drone/2020-05-28_B-Roll_IMAGISSIME__Scapa Flow Drone Footage__DJI_0057.mov,
1677836,2020-05-27_B-Roll_IMAGISSIME__Scapa Flow Drone Footage__DJI_0072,2:489e531996e7ca034a9d3bdf12b1646a,00:00:00:00:25/1,00:00:23:20:25/1,Kriegsschiffe #5594/B-Roll/Drone/2020-05-27_B-Roll_IMAGISSIME__Scapa Flow Drone Footage__DJI_0072.mov,
1677840,2020-05-28_B-Roll_IMAGISSIME__Scapa Flow Drone Footage__DJI_0058,2:cf9c07290e72332980181f7adbfa0468,00:00:00:00:25/1,00:03:24:12:25/1,Kriegsschiffe #5594/B-Roll/Drone/2020-05-28_B-Roll_IMAGISSIME__Scapa Flow Drone Footage__DJI_0058.mov,
1677841,2020-05-27_B-Roll_IMAGISSIME__Scapa Flow Drone Footage__DJI_0077,2:f1e6cf1fe4373ffd60b7df3571a65028,00:00:00:00:25/1,00:02:03:20:25/1,Kriegsschiffe #5594/B-Roll/Drone/2020-05-27_B-Roll_IMAGISSIME__Scapa Flow Drone Footage__DJI_0077.mov,
1677845,2020-05-28_B-Roll_IMAGISSIME__Scapa Flow Drone Footage__DJI_0055,2:7a20e4ddc4e806e29d1aac1fd25244e4,00:00:00:00:25/1,00:01:46:06:25/1,Kriegsschiffe #5594/B-Roll/Drone/2020-05-28_B-Roll_IMAGISSIME__Scapa Flow Drone Footage__DJI_0055.mov,
1677847,2020-05-27_B-Roll_IMAGISSIME__Scapa Flow Drone Footage__DJI_0078,2:29b851a3260c120dbb221174f11fda9a,00:00:00:00:25/1,00:00:53:11:25/1,Kriegsschiffe #5594/B-Roll/Drone/2020-05-27_B-Roll_IMAGISSIME__Scapa Flow Drone Footage__DJI_0078.mov,
1677853,2020-05-28_B-Roll_IMAGISSIME__Scapa Flow Drone Footage__DJI_0056,2:666dfba16bda733d7d9d185f744214f3,00:00:00:00:25/1,00:00:47:23:25/1,Kriegsschiffe #5594/B-Roll/Drone/2020-05-28_B-Roll_IMAGISSIME__Scapa Flow Drone Footage__DJI_0056.mov,
1677854,2020-05-27_B-Roll_IMAGISSIME__Scapa Flow Drone Footage__DJI_0075,2:a97429e2d3f4a49eeb9564209d754c32,00:00:00:00:25/1,00:05:48:20:25/1,Kriegsschiffe #5594/B-Roll/Drone/2020-05-27_B-Roll_IMAGISSIME__Scapa Flow Drone Footage__DJI_0075.mov,
1677861,2020-05-27_B-Roll_IMAGISSIME__Scapa Flow Drone Footage__DJI_0076,2:469264580fd5e6041920a50a256c80b1,00:00:00:00:25/1,00:01:15:20:25/1,Kriegsschiffe #5594/B-Roll/Drone/2020-05-27_B-Roll_IMAGISSIME__Scapa Flow Drone Footage__DJI_0076.mov,
1677865,2020-05-27_B-Roll_IMAGISSIME__Scapa Flow Drone Footage__DJI_0081,2:a511ee31698395ad9f8aa3a850ecc2a8,00:00:00:00:25/1,00:03:01:21:25/1,Kriegsschiffe #5594/B-Roll/Drone/2020-05-27_B-Roll_IMAGISSIME__Scapa Flow Drone Footage__DJI_0081.mov,
1677870,2020-05-28_B-Roll_IMAGISSIME__Scapa Flow Drone Footage__DJI_0059,2:d5c6e7b277b115bcd39cc3a13613d1d7,00:00:00:00:25/1,00:02:25:22:25/1,Kriegsschiffe #5594/B-Roll/Drone/2020-05-28_B-Roll_IMAGISSIME__Scapa Flow Drone Footage__DJI_0059.mov,
1677871,2020-05-28_B-Roll_IMAGISSIME__Scapa Flow Drone Footage__DJI_0049,2:858d0a7876dd969176d44996f0d63ba3,00:00:00:00:25/1,00:00:16:01:25/1,Kriegsschiffe #5594/B-Roll/Drone/2020-05-28_B-Roll_IMAGISSIME__Scapa Flow Drone Footage__DJI_0049.mov,
1677880,2020-05-28_B-Roll_IMAGISSIME__Scapa Flow Drone Footage__DJI_0050,2:f898a04db75e824067be36a0140ba650,00:00:00:00:25/1,00:04:38:17:25/1,Kriegsschiffe #5594/B-Roll/Drone/2020-05-28_B-Roll_IMAGISSIME__Scapa Flow Drone Footage__DJI_0050.mov,
1677882,2020-05-27_B-Roll_IMAGISSIME__Scapa Flow Drone Footage__DJI_0079,2:055b992586c3fe92494298fb3e597910,00:00:00:00:25/1,00:04:28:08:25/1,Kriegsschiffe #5594/B-Roll/Drone/2020-05-27_B-Roll_IMAGISSIME__Scapa Flow Drone Footage__DJI_0079.mov,
1677893,2020-05-27_B-Roll_IMAGISSIME__Scapa Flow Drone Footage__DJI_0080,2:79b8b24feccd1920b84e14ee7e1a9d2b,00:00:00:00:25/1,00:04:15:17:25/1,Kriegsschiffe #5594/B-Roll/Drone/2020-05-27_B-Roll_IMAGISSIME__Scapa Flow Drone Footage__DJI_0080.mov,
1677913,2020-05-27_B-Roll_IMAGISSIME__Scapa Flow Drone Footage__DJI_0041,2:276440f45c077c556b79f66bc76a3e10,00:00:00:00:25/1,00:05:48:20:25/1,Kriegsschiffe #5594/B-Roll/Drone/2020-05-27_B-Roll_IMAGISSIME__Scapa Flow Drone Footage__DJI_0041.mov,
1677928,2020-05-27_B-Roll_IMAGISSIME__Scapa Flow Drone Footage__DJI_0042,2:2d9578f4d464a053e4a258d719b13d5b,00:00:00:00:25/1,00:03:24:14:25/1,Kriegsschiffe #5594/B-Roll/Drone/2020-05-27_B-Roll_IMAGISSIME__Scapa Flow Drone Footage__DJI_0042.mov,
1677939,2020-05-27_B-Roll_IMAGISSIME__Scapa Flow Drone Footage__DJI_0039,2:4ef1ce72e068724b30c8963688978c6f,00:00:00:00:25/1,00:02:09:15:25/1,Kriegsschiffe #5594/B-Roll/Drone/2020-05-27_B-Roll_IMAGISSIME__Scapa Flow Drone Footage__DJI_0039.mov,
1677952,2020-05-27_B-Roll_IMAGISSIME__Scapa Flow Drone Footage__DJI_0040,2:1444b3819b64448989e974e371c8ffe6,00:00:00:00:25/1,00:05:19:23:25/1,Kriegsschiffe #5594/B-Roll/Drone/2020-05-27_B-Roll_IMAGISSIME__Scapa Flow Drone Footage__DJI_0040.mov,
1677963,2020-05-27_B-Roll_IMAGISSIME__Scapa Flow Drone Footage__DJI_0045,2:e1818493efe131b8a4c5e429aff536ca,00:00:00:00:25/1,00:00:48:13:25/1,Kriegsschiffe #5594/B-Roll/Drone/2020-05-27_B-Roll_IMAGISSIME__Scapa Flow Drone Footage__DJI_0045.mov,
1677977,2020-05-27_B-Roll_IMAGISSIME__Scapa Flow Drone Footage__DJI_0046,2:d859e2f5e2ed032021eb65a9dc0fec7f,00:00:00:00:25/1,00:01:11:23:25/1,Kriegsschiffe #5594/B-Roll/Drone/2020-05-27_B-Roll_IMAGISSIME__Scapa Flow Drone Footage__DJI_0046.mov,
1677988,2020-05-27_B-Roll_IMAGISSIME__Scapa Flow Drone Footage__DJI_0043,2:b9a3cb688b3ce2d0c372bfc14b309025,00:00:00:00:25/1,00:05:48:20:25/1,Kriegsschiffe #5594/B-Roll/Drone/2020-05-27_B-Roll_IMAGISSIME__Scapa Flow Drone Footage__DJI_0043.mov,
1678001,2020-05-27_B-Roll_IMAGISSIME__Scapa Flow Drone Footage__DJI_0044,2:a92ecbd3cce264e6b342d85b5d41f4e6,00:00:00:00:25/1,00:03:39:03:25/1,Kriegsschiffe #5594/B-Roll/Drone/2020-05-27_B-Roll_IMAGISSIME__Scapa Flow Drone Footage__DJI_0044.mov,
1678012,2020-05-27_B-Roll_IMAGISSIME__Scapa Flow Drone Footage__DJI_0060,2:724b7807d6877c0840eb2079d3ee7140,00:00:00:00:25/1,00:06:01:11:25/1,Kriegsschiffe #5594/B-Roll/Drone/2020-05-27_B-Roll_IMAGISSIME__Scapa Flow Drone Footage__DJI_0060.mov,
1678024,2020-05-27_B-Roll_IMAGISSIME__Scapa Flow Drone Footage__DJI_0061,2:bc942994b65fb647be3812b3508ac6b5,00:00:00:00:25/1,00:04:32:12:25/1,Kriegsschiffe #5594/B-Roll/Drone/2020-05-27_B-Roll_IMAGISSIME__Scapa Flow Drone Footage__DJI_0061.mov,
1678032,2020-05-27_B-Roll_IMAGISSIME__Scapa Flow Drone Footage__DJI_0047,2:cd97d6e060a4946ddef34cbea5c0722a,00:00:00:00:25/1,00:00:32:23:25/1,Kriegsschiffe #5594/B-Roll/Drone/2020-05-27_B-Roll_IMAGISSIME__Scapa Flow Drone Footage__DJI_0047.mov,
1678047,2020-05-27_B-Roll_IMAGISSIME__Scapa Flow Drone Footage__DJI_0048,2:288c0c4bbb988ddd94919f16509d7711,00:00:00:00:25/1,00:00:34:04:25/1,Kriegsschiffe #5594/B-Roll/Drone/2020-05-27_B-Roll_IMAGISSIME__Scapa Flow Drone Footage__DJI_0048.mov,
1678053,2020-05-27_B-Roll_IMAGISSIME__Scapa Flow Drone Footage__DJI_0064,2:a1667f976cbf896e70b1a07839e66567,00:00:00:00:25/1,00:02:49:03:25/1,Kriegsschiffe #5594/B-Roll/Drone/2020-05-27_B-Roll_IMAGISSIME__Scapa Flow Drone Footage__DJI_0064.mov,
1678056,2020-05-27_B-Roll_IMAGISSIME__Scapa Flow Drone Footage__DJI_0065,2:adb8569d93cbe48510839c332dc5d779,00:00:00:00:25/1,00:00:06:06:25/1,Kriegsschiffe #5594/B-Roll/Drone/2020-05-27_B-Roll_IMAGISSIME__Scapa Flow Drone Footage__DJI_0065.mov,
1678061,2020-05-27_B-Roll_IMAGISSIME__Scapa Flow Drone Footage__DJI_0066,2:8eea1d24fa16245610355f1fd9806937,00:00:00:00:25/1,00:02:12:17:25/1,Kriegsschiffe #5594/B-Roll/Drone/2020-05-27_B-Roll_IMAGISSIME__Scapa Flow Drone Footage__DJI_0066.mov,
1678065,2020-05-27_B-Roll_IMAGISSIME__Scapa Flow Drone Footage__DJI_0062,2:2178154a2a7e3ec06cf778f4586e8097,00:00:00:00:25/1,00:05:51:17:25/1,Kriegsschiffe #5594/B-Roll/Drone/2020-05-27_B-Roll_IMAGISSIME__Scapa Flow Drone Footage__DJI_0062.mov,
1678073,2020-05-27_B-Roll_IMAGISSIME__Scapa Flow Drone Footage__DJI_0063,2:59f3c4a4aa8a0c4fc2451d8a0e848262,00:00:00:00:25/1,00:05:51:17:25/1,Kriegsschiffe #5594/B-Roll/Drone/2020-05-27_B-Roll_IMAGISSIME__Scapa Flow Drone Footage__DJI_0063.mov,
1678086,2020-05-27_B-Roll_IMAGISSIME__Scapa Flow Drone Footage__DJI_0022,2:1787505f9e39c8541062835788f17746,00:00:00:00:25/1,00:00:26:21:25/1,Kriegsschiffe #5594/B-Roll/Drone/2020-05-27_B-Roll_IMAGISSIME__Scapa Flow Drone Footage__DJI_0022.mov,
1678099,2020-05-27_B-Roll_IMAGISSIME__Scapa Flow Drone Footage__DJI_0023,2:bfb7d0254740a59f8c0d47f9cdcff9e8,00:00:00:00:25/1,00:00:10:17:25/1,Kriegsschiffe #5594/B-Roll/Drone/2020-05-27_B-Roll_IMAGISSIME__Scapa Flow Drone Footage__DJI_0023.mov,
1678106,2020-05-27_B-Roll_IMAGISSIME__Scapa Flow Drone Footage__DJI_0020,2:b5c1ddc3ac0915620833499b0ee6841f,00:00:00:00:25/1,00:00:32:07:25/1,Kriegsschiffe #5594/B-Roll/Drone/2020-05-27_B-Roll_IMAGISSIME__Scapa Flow Drone Footage__DJI_0020.mov,
1678117,2020-05-27_B-Roll_IMAGISSIME__Scapa Flow Drone Footage__DJI_0021,2:72de2a82598b8f0d0f343319faa914d4,00:00:00:00:25/1,00:01:04:22:25/1,Kriegsschiffe #5594/B-Roll/Drone/2020-05-27_B-Roll_IMAGISSIME__Scapa Flow Drone Footage__DJI_0021.mov,
1678123,2020-05-27_B-Roll_IMAGISSIME__Scapa Flow Drone Footage__DJI_0028,2:48512e79e28d3631b3a796eacb245ef0,00:00:00:00:25/1,00:02:35:13:25/1,Kriegsschiffe #5594/B-Roll/Drone/2020-05-27_B-Roll_IMAGISSIME__Scapa Flow Drone Footage__DJI_0028.mov,
1678132,2020-05-27_B-Roll_IMAGISSIME__Scapa Flow Drone Footage__DJI_0029,2:523a00215ae50dd4421a95be9c876111,00:00:00:00:25/1,00:05:48:19:25/1,Kriegsschiffe #5594/B-Roll/Drone/2020-05-27_B-Roll_IMAGISSIME__Scapa Flow Drone Footage__DJI_0029.mov,
1678138,2020-05-27_B-Roll_IMAGISSIME__Scapa Flow Drone Footage__DJI_0024,2:20877b67b176b50ff3fb300c95b0af06,00:00:00:00:25/1,00:05:48:24:25/1,Kriegsschiffe #5594/B-Roll/Drone/2020-05-27_B-Roll_IMAGISSIME__Scapa Flow Drone Footage__DJI_0024.mov,
1678147,2020-05-27_B-Roll_IMAGISSIME__Scapa Flow Drone Footage__DJI_0025,2:5dda595926281f907d1a5ac962a2b646,00:00:00:00:25/1,00:03:11:22:25/1,Kriegsschiffe #5594/B-Roll/Drone/2020-05-27_B-Roll_IMAGISSIME__Scapa Flow Drone Footage__DJI_0025.mov,
1678152,2020-05-27_B-Roll_IMAGISSIME__Scapa Flow Drone Footage__DJI_0032,2:5a00a8be39822b865f7f2781e6fae65b,00:00:00:00:25/1,00:00:38:12:25/1,Kriegsschiffe #5594/B-Roll/Drone/2020-05-27_B-Roll_IMAGISSIME__Scapa Flow Drone Footage__DJI_0032.mov,
1678162,2020-05-27_B-Roll_IMAGISSIME__Scapa Flow Drone Footage__DJI_0033,2:561636638b35a33a1bd7841ba834b92e,00:00:00:00:25/1,00:03:48:17:25/1,Kriegsschiffe #5594/B-Roll/Drone/2020-05-27_B-Roll_IMAGISSIME__Scapa Flow Drone Footage__DJI_0033.mov,
1678168,2020-05-27_B-Roll_IMAGISSIME__Scapa Flow Drone Footage__DJI_0030,2:abbf8d74625a487cf97b857952f29666,00:00:00:00:25/1,00:02:39:01:25/1,Kriegsschiffe #5594/B-Roll/Drone/2020-05-27_B-Roll_IMAGISSIME__Scapa Flow Drone Footage__DJI_0030.mov,
1678184,2020-05-27_B-Roll_IMAGISSIME__Scapa Flow Drone Footage__DJI_0031,2:c0c4a3c49b32e96b60c176b852b86f09,00:00:00:00:25/1,00:00:59:21:25/1,Kriegsschiffe #5594/B-Roll/Drone/2020-05-27_B-Roll_IMAGISSIME__Scapa Flow Drone Footage__DJI_0031.mov,
1678191,2020-05-27_B-Roll_IMAGISSIME__Scapa Flow Drone Footage__DJI_0036,2:0996c1d989112469598db8314e460dfc,00:00:00:00:25/1,00:00:13:15:25/1,Kriegsschiffe #5594/B-Roll/Drone/2020-05-27_B-Roll_IMAGISSIME__Scapa Flow Drone Footage__DJI_0036.mov,
1678194,2020-05-27_B-Roll_IMAGISSIME__Scapa Flow Drone Footage__DJI_0037,2:17a067e6a727ff995cb28015477384fd,00:00:00:00:25/1,00:00:32:12:25/1,Kriegsschiffe #5594/B-Roll/Drone/2020-05-27_B-Roll_IMAGISSIME__Scapa Flow Drone Footage__DJI_0037.mov,
1678196,2020-05-27_B-Roll_IMAGISSIME__Scapa Flow Drone Footage__DJI_0038,2:a237ac40a5377260790a904e605b2108,00:00:00:00:25/1,00:01:06:19:25/1,Kriegsschiffe #5594/B-Roll/Drone/2020-05-27_B-Roll_IMAGISSIME__Scapa Flow Drone Footage__DJI_0038.mov,
1678199,2020-05-27_B-Roll_IMAGISSIME__Scapa Flow Drone Footage__DJI_0034,2:e296447b9abeb7b7fc45a8422eeaeb48,00:00:00:00:25/1,00:00:42:00:25/1,Kriegsschiffe #5594/B-Roll/Drone/2020-05-27_B-Roll_IMAGISSIME__Scapa Flow Drone Footage__DJI_0034.mov,
1678203,2020-05-27_B-Roll_IMAGISSIME__Scapa Flow Drone Footage__DJI_0035,2:ae6884fd7453e28f7f3b0e3f095f1bda,00:00:00:00:25/1,00:00:40:18:25/1,Kriegsschiffe #5594/B-Roll/Drone/2020-05-27_B-Roll_IMAGISSIME__Scapa Flow Drone Footage__DJI_0035.mov,
1678209,2020-05-27_B-Roll_IMAGISSIME__Scapa Flow Drone Footage__DJI_0005,2:e5aafeca9120b2ee43839cf4ee156917,00:00:00:00:25/1,00:01:13:01:25/1,Kriegsschiffe #5594/B-Roll/Drone/2020-05-27_B-Roll_IMAGISSIME__Scapa Flow Drone Footage__DJI_0005.mov,
1678212,2020-05-27_B-Roll_IMAGISSIME__Scapa Flow Drone Footage__DJI_0006,2:7d3216c460215170712972bd197879cf,00:00:00:00:25/1,00:03:24:08:25/1,Kriegsschiffe #5594/B-Roll/Drone/2020-05-27_B-Roll_IMAGISSIME__Scapa Flow Drone Footage__DJI_0006.mov,
1678218,2020-05-27_B-Roll_IMAGISSIME__Scapa Flow Drone Footage__DJI_0004,2:d787b82f3385df84fd8a3b10963fdcf2,00:00:00:00:25/1,00:00:09:14:25/1,Kriegsschiffe #5594/B-Roll/Drone/2020-05-27_B-Roll_IMAGISSIME__Scapa Flow Drone Footage__DJI_0004.mov,
1678221,2020-05-27_B-Roll_IMAGISSIME__Scapa Flow Drone Footage__DJI_0009,2:d8dd7b1acd2b296126033b3f8b2bda8c,00:00:00:00:25/1,00:04:17:01:25/1,Kriegsschiffe #5594/B-Roll/Drone/2020-05-27_B-Roll_IMAGISSIME__Scapa Flow Drone Footage__DJI_0009.mov,
1678224,2020-05-27_B-Roll_IMAGISSIME__Scapa Flow Drone Footage__DJI_0010,2:32e6a5f5689c628a2046bba62d4ad560,00:00:00:00:25/1,00:00:41:04:25/1,Kriegsschiffe #5594/B-Roll/Drone/2020-05-27_B-Roll_IMAGISSIME__Scapa Flow Drone Footage__DJI_0010.mov,
1678229,2020-05-27_B-Roll_IMAGISSIME__Scapa Flow Drone Footage__DJI_0007,2:384407c3bff7d85caac0dccebe96fd4a,00:00:00:00:25/1,00:05:55:23:25/1,Kriegsschiffe #5594/B-Roll/Drone/2020-05-27_B-Roll_IMAGISSIME__Scapa Flow Drone Footage__DJI_0007.mov,
1678234,2020-05-27_B-Roll_IMAGISSIME__Scapa Flow Drone Footage__DJI_0008,2:97ef14d0664b70a369ac60c0f3aed071,00:00:00:00:25/1,00:00:15:16:25/1,Kriegsschiffe #5594/B-Roll/Drone/2020-05-27_B-Roll_IMAGISSIME__Scapa Flow Drone Footage__DJI_0008.mov,
1678239,2020-05-27_B-Roll_IMAGISSIME__Scapa Flow Drone Footage__DJI_0013,2:49d316f8cf3c5fa8c85e2be649b0cfe5,00:00:00:00:25/1,00:05:40:11:25/1,Kriegsschiffe #5594/B-Roll/Drone/2020-05-27_B-Roll_IMAGISSIME__Scapa Flow Drone Footage__DJI_0013.mov,
1678245,2020-05-27_B-Roll_IMAGISSIME__Scapa Flow Drone Footage__DJI_0014,2:bd38e85e1b7e5a7d5aa6f3a3b1587a39,00:00:00:00:25/1,00:00:28:06:25/1,Kriegsschiffe #5594/B-Roll/Drone/2020-05-27_B-Roll_IMAGISSIME__Scapa Flow Drone Footage__DJI_0014.mov,
1678251,2020-05-27_B-Roll_IMAGISSIME__Scapa Flow Drone Footage__DJI_0069,2:2a4cb1c95f647030a315e4952a400eee,00:00:00:00:25/1,00:01:14:04:25/1,Kriegsschiffe #5594/B-Roll/Drone/2020-05-27_B-Roll_IMAGISSIME__Scapa Flow Drone Footage__DJI_0069.mov,
1678258,2020-05-27_B-Roll_IMAGISSIME__Scapa Flow Drone Footage__DJI_0070,2:92c41623767baaf60d6e0ee261b3e1f4,00:00:00:00:25/1,00:00:34:08:25/1,Kriegsschiffe #5594/B-Roll/Drone/2020-05-27_B-Roll_IMAGISSIME__Scapa Flow Drone Footage__DJI_0070.mov,
1678261,2020-05-27_B-Roll_IMAGISSIME__Scapa Flow Drone Footage__DJI_0067,2:44cc7fe726ec267d69ee93c558e927d7,00:00:00:00:25/1,00:00:30:12:25/1,Kriegsschiffe #5594/B-Roll/Drone/2020-05-27_B-Roll_IMAGISSIME__Scapa Flow Drone Footage__DJI_0067.mov,
1678295,2020-05-27_B-Roll_IMAGISSIME__Scapa Flow Drone Footage__DJI_0011,2:4036705476eeeb366555d507c8af2e40,00:00:00:00:25/1,00:02:24:11:25/1,Kriegsschiffe #5594/B-Roll/Drone/2020-05-27_B-Roll_IMAGISSIME__Scapa Flow Drone Footage__DJI_0011.mov,
1678297,2020-05-27_B-Roll_IMAGISSIME__Scapa Flow Drone Footage__DJI_0012,2:76594fb37d6b857464977731a514df18,00:00:00:00:25/1,00:00:01:10:25/1,Kriegsschiffe #5594/B-Roll/Drone/2020-05-27_B-Roll_IMAGISSIME__Scapa Flow Drone Footage__DJI_0012.mov,
1678300,2020-05-27_B-Roll_IMAGISSIME__Scapa Flow Drone Footage__DJI_0017,2:cd1a8601a1e95b44aed41cc57776b743,00:00:00:00:25/1,00:00:55:23:25/1,Kriegsschiffe #5594/B-Roll/Drone/2020-05-27_B-Roll_IMAGISSIME__Scapa Flow Drone Footage__DJI_0017.mov,
1678301,2020-05-27_B-Roll_IMAGISSIME__Scapa Flow Drone Footage__DJI_0019,2:8b8e1bcc965fd2fae877782fe471b722,00:00:00:00:25/1,00:04:24:23:25/1,Kriegsschiffe #5594/B-Roll/Drone/2020-05-27_B-Roll_IMAGISSIME__Scapa Flow Drone Footage__DJI_0019.mov,
1678302,2020-05-27_B-Roll_IMAGISSIME__Scapa Flow Drone Footage__DJI_0015,2:73304c102b9478ce27f4ee670b79eadb,00:00:00:00:25/1,00:01:56:20:25/1,Kriegsschiffe #5594/B-Roll/Drone/2020-05-27_B-Roll_IMAGISSIME__Scapa Flow Drone Footage__DJI_0015.mov,
1678306,2020-05-27_B-Roll_IMAGISSIME__Scapa Flow Drone Footage__DJI_0016,2:84f41cce375707d446fa1935938b2411,00:00:00:00:25/1,00:00:21:16:25/1,Kriegsschiffe #5594/B-Roll/Drone/2020-05-27_B-Roll_IMAGISSIME__Scapa Flow Drone Footage__DJI_0016.mov,
1678310,2020-05-27_B-Roll_IMAGISSIME__Scapa Flow Drone Footage__DJI_0018,2:2070f160a4555f862078a2181ae37214,00:00:00:00:25/1,00:01:21:00:25/1,Kriegsschiffe #5594/B-Roll/Drone/2020-05-27_B-Roll_IMAGISSIME__Scapa Flow Drone Footage__DJI_0018.mov,
1699236,"['DJI_0014', '2025-05-11_B-Roll_FX6_DJI_0014']",2:cadea378aac7df14a62b297630386d2f,00:00:00:00:25/1,00:01:32:06:25/1,"['OCF_OAF/TITO/25-05-11/Drone/disk2/2025-05-11_B-Roll_FX6_DJI_0014.MOV', 'OCF_OAF/25-05-11_B-Roll_FX6/Drone/disk2/2025-05-11_B-Roll_FX6_DJI_0014.MOV', 'OCF_OAF/2025-05-11_B-Roll_FX6/Drone/disk2/2025-05-11_B-Roll_FX6_DJI_0014.MOV']",
1699237,"['DJI_0061', '2025-05-11_B-Roll_FX6_DJI_0061']",2:e53067cd0044959612047db49e058d0b,00:00:00:00:25/1,00:00:18:08:25/1,"['OCF_OAF/TITO/25-05-11/Drone/disk2/2025-05-11_B-Roll_FX6_DJI_0061.MOV', 'OCF_OAF/25-05-11_B-Roll_FX6/Drone/disk2/2025-05-11_B-Roll_FX6_DJI_0061.MOV', 'OCF_OAF/2025-05-11_B-Roll_FX6/Drone/disk2/2025-05-11_B-Roll_FX6_DJI_0061.MOV']",
1699239,"['DJI_0960', '2025-05-11_B-Roll_FX6_DJI_0960']",2:189b1858c419f9d6de2015fa445298e5,00:00:00:00:25/1,00:00:35:09:25/1,"['OCF_OAF/TITO/25-05-11/Drone/disk1/2025-05-11_B-Roll_FX6_DJI_0960.MOV', 'OCF_OAF/25-05-11_B-Roll_FX6/Drone/disk1/2025-05-11_B-Roll_FX6_DJI_0960.MOV', 'OCF_OAF/2025-05-11_B-Roll_FX6/Drone/disk1/2025-05-11_B-Roll_FX6_DJI_0960.MOV']",
1699241,"['DJI_0036', '2025-05-11_B-Roll_FX6_DJI_0036']",2:a51c808d94af77c3a11452fbdb73f65f,00:00:00:00:25/1,00:00:37:09:25/1,"['OCF_OAF/TITO/25-05-11/Drone/disk2/2025-05-11_B-Roll_FX6_DJI_0036.MOV', 'OCF_OAF/25-05-11_B-Roll_FX6/Drone/disk2/2025-05-11_B-Roll_FX6_DJI_0036.MOV', 'OCF_OAF/2025-05-11_B-Roll_FX6/Drone/disk2/2025-05-11_B-Roll_FX6_DJI_0036.MOV']",
1699243,"['DJI_0992', '2025-05-11_B-Roll_FX6_DJI_0992']",2:86e9a04f11ddd00758a71aff6cf448d0,00:00:00:00:25/1,00:00:56:24:25/1,"['OCF_OAF/TITO/25-05-11/Drone/disk1/2025-05-11_B-Roll_FX6_DJI_0992.MOV', 'OCF_OAF/25-05-11_B-Roll_FX6/Drone/disk1/2025-05-11_B-Roll_FX6_DJI_0992.MOV', 'OCF_OAF/2025-05-11_B-Roll_FX6/Drone/disk1/2025-05-11_B-Roll_FX6_DJI_0992.MOV']",
1699244,"['DJI_0954', '2025-05-11_B-Roll_FX6_DJI_0954']",2:fe1fede2340feb1e9f00b10c004f6636,00:00:00:00:25/1,00:00:56:03:25/1,"['OCF_OAF/TITO/25-05-11/Drone/disk1/2025-05-11_B-Roll_FX6_DJI_0954.MOV', 'OCF_OAF/25-05-11_B-Roll_FX6/Drone/disk1/2025-05-11_B-Roll_FX6_DJI_0954.MOV', 'OCF_OAF/2025-05-11_B-Roll_FX6/Drone/disk1/2025-05-11_B-Roll_FX6_DJI_0954.MOV']",
1699251,"['DJI_0986', '2025-05-11_B-Roll_FX6_DJI_0986']",2:e063e4540bbe44247828de281d94770a,00:00:00:00:25/1,00:00:53:10:25/1,"['OCF_OAF/TITO/25-05-11/Drone/disk1/2025-05-11_B-Roll_FX6_DJI_0986.MOV', 'OCF_OAF/25-05-11_B-Roll_FX6/Drone/disk1/2025-05-11_B-Roll_FX6_DJI_0986.MOV', 'OCF_OAF/2025-05-11_B-Roll_FX6/Drone/disk1/2025-05-11_B-Roll_FX6_DJI_0986.MOV']",
1699252,"['DJI_0033', '2025-05-11_B-Roll_FX6_DJI_0033']",2:f7aa753a2fb5a8138535b3ebb45b4065,00:00:00:00:25/1,00:00:51:07:25/1,"['OCF_OAF/TITO/25-05-11/Drone/disk2/2025-05-11_B-Roll_FX6_DJI_0033.MOV', 'OCF_OAF/25-05-11_B-Roll_FX6/Drone/disk2/2025-05-11_B-Roll_FX6_DJI_0033.MOV', 'OCF_OAF/2025-05-11_B-Roll_FX6/Drone/disk2/2025-05-11_B-Roll_FX6_DJI_0033.MOV']",
1699262,"['DJI_0040', '2025-05-11_B-Roll_FX6_DJI_0040']",2:f299f8dc50fce1d8ad788100ba86c0a7,00:00:00:00:25/1,00:00:28:24:25/1,"['OCF_OAF/TITO/25-05-11/Drone/disk2/2025-05-11_B-Roll_FX6_DJI_0040.MOV', 'OCF_OAF/25-05-11_B-Roll_FX6/Drone/disk2/2025-05-11_B-Roll_FX6_DJI_0040.MOV', 'OCF_OAF/2025-05-11_B-Roll_FX6/Drone/disk2/2025-05-11_B-Roll_FX6_DJI_0040.MOV']",
1699267,"['DJI_0958', '2025-05-11_B-Roll_FX6_DJI_0958']",2:ec4d974213430ef3ac3934cd1c20c7aa,00:00:00:00:25/1,00:00:46:12:25/1,"['OCF_OAF/TITO/25-05-11/Drone/disk1/2025-05-11_B-Roll_FX6_DJI_0958.MOV', 'OCF_OAF/25-05-11_B-Roll_FX6/Drone/disk1/2025-05-11_B-Roll_FX6_DJI_0958.MOV', 'OCF_OAF/2025-05-11_B-Roll_FX6/Drone/disk1/2025-05-11_B-Roll_FX6_DJI_0958.MOV']",
1699278,"['DJI_0967', '2025-05-11_B-Roll_FX6_DJI_0967']",2:6d32a7e0c89c632dd896c0ba0f585f66,00:00:00:00:25/1,00:00:39:13:25/1,"['OCF_OAF/TITO/25-05-11/Drone/disk1/2025-05-11_B-Roll_FX6_DJI_0967.MOV', 'OCF_OAF/25-05-11_B-Roll_FX6/Drone/disk1/2025-05-11_B-Roll_FX6_DJI_0967.MOV', 'OCF_OAF/2025-05-11_B-Roll_FX6/Drone/disk1/2025-05-11_B-Roll_FX6_DJI_0967.MOV']",
1699281,"['DJI_0943', '2025-05-11_B-Roll_FX6_DJI_0943']",2:64f3b2f4aa119a86116299e3f4b2d9de,00:00:00:00:25/1,00:00:20:24:25/1,"['OCF_OAF/TITO/25-05-11/Drone/disk1/2025-05-11_B-Roll_FX6_DJI_0943.MOV', 'OCF_OAF/25-05-11_B-Roll_FX6/Drone/disk1/2025-05-11_B-Roll_FX6_DJI_0943.MOV', 'OCF_OAF/2025-05-11_B-Roll_FX6/Drone/disk1/2025-05-11_B-Roll_FX6_DJI_0943.MOV']",
1699283,"['DJI_0042', '2025-05-11_B-Roll_FX6_DJI_0042']",2:e48626c428ec8dd8c5b5b1d4d9554c80,00:00:00:00:25/1,00:00:39:11:25/1,"['OCF_OAF/TITO/25-05-11/Drone/disk2/2025-05-11_B-Roll_FX6_DJI_0042.MOV', 'OCF_OAF/25-05-11_B-Roll_FX6/Drone/disk2/2025-05-11_B-Roll_FX6_DJI_0042.MOV', 'OCF_OAF/2025-05-11_B-Roll_FX6/Drone/disk2/2025-05-11_B-Roll_FX6_DJI_0042.MOV']",
1699295,"['DJI_0974', '2025-05-11_B-Roll_FX6_DJI_0974']",2:580cf7e7fe04e84cc9be492ee2357a75,00:00:00:00:25/1,00:00:01:10:25/1,"['OCF_OAF/TITO/25-05-11/Drone/disk1/2025-05-11_B-Roll_FX6_DJI_0974.MOV', 'OCF_OAF/25-05-11_B-Roll_FX6/Drone/disk1/2025-05-11_B-Roll_FX6_DJI_0974.MOV', 'OCF_OAF/2025-05-11_B-Roll_FX6/Drone/disk1/2025-05-11_B-Roll_FX6_DJI_0974.MOV']",
1699298,"['DJI_0929', '2025-05-11_B-Roll_FX6_DJI_0929']",2:f18b3dabc5ece6413bd61f7d61efe554,00:00:00:00:25/1,00:00:11:18:25/1,"['OCF_OAF/TITO/25-05-11/Drone/disk1/2025-05-11_B-Roll_FX6_DJI_0929.MOV', 'OCF_OAF/25-05-11_B-Roll_FX6/Drone/disk1/2025-05-11_B-Roll_FX6_DJI_0929.MOV', 'OCF_OAF/2025-05-11_B-Roll_FX6/Drone/disk1/2025-05-11_B-Roll_FX6_DJI_0929.MOV']",
1699301,"['DJI_0013', '2025-05-11_B-Roll_FX6_DJI_0013']",2:e8934abb01b3e78e8b7d85f146e498f1,00:00:00:00:25/1,00:00:30:00:25/1,"['OCF_OAF/TITO/25-05-11/Drone/disk2/2025-05-11_B-Roll_FX6_DJI_0013.MOV', 'OCF_OAF/25-05-11_B-Roll_FX6/Drone/disk2/2025-05-11_B-Roll_FX6_DJI_0013.MOV', 'OCF_OAF/2025-05-11_B-Roll_FX6/Drone/disk2/2025-05-11_B-Roll_FX6_DJI_0013.MOV']",
1699302,"['DJI_0939', '2025-05-11_B-Roll_FX6_DJI_0939']",2:69e76e0597fcad942e16e41f7931cdd0,00:00:00:00:25/1,00:00:31:24:25/1,"['OCF_OAF/TITO/25-05-11/Drone/disk1/2025-05-11_B-Roll_FX6_DJI_0939.MOV', 'OCF_OAF/25-05-11_B-Roll_FX6/Drone/disk1/2025-05-11_B-Roll_FX6_DJI_0939.MOV', 'OCF_OAF/2025-05-11_B-Roll_FX6/Drone/disk1/2025-05-11_B-Roll_FX6_DJI_0939.MOV']",
1699305,"['DJI_0062', '2025-05-11_B-Roll_FX6_DJI_0062']",2:c65d8c9f4d2aff6b5c7f0e6e4087f808,00:00:00:00:25/1,00:01:53:01:25/1,"['OCF_OAF/TITO/25-05-11/Drone/disk2/2025-05-11_B-Roll_FX6_DJI_0062.MOV', 'OCF_OAF/25-05-11_B-Roll_FX6/Drone/disk2/2025-05-11_B-Roll_FX6_DJI_0062.MOV', 'OCF_OAF/2025-05-11_B-Roll_FX6/Drone/disk2/2025-05-11_B-Roll_FX6_DJI_0062.MOV']",
1699307,"['DJI_0023', '2025-05-11_B-Roll_FX6_DJI_0023']",2:fdfa1d71ac51257b233673451484737b,00:00:00:00:25/1,00:00:23:05:25/1,"['OCF_OAF/TITO/25-05-11/Drone/disk2/2025-05-11_B-Roll_FX6_DJI_0023.MOV', 'OCF_OAF/25-05-11_B-Roll_FX6/Drone/disk2/2025-05-11_B-Roll_FX6_DJI_0023.MOV', 'OCF_OAF/2025-05-11_B-Roll_FX6/Drone/disk2/2025-05-11_B-Roll_FX6_DJI_0023.MOV']",
1699312,"['DJI_0997', '2025-05-11_B-Roll_FX6_DJI_0997']",2:c069fef97ce1b99135978fd59fab4fa7,00:00:00:00:25/1,00:00:40:10:25/1,"['OCF_OAF/TITO/25-05-11/Drone/disk1/2025-05-11_B-Roll_FX6_DJI_0997.MOV', 'OCF_OAF/25-05-11_B-Roll_FX6/Drone/disk1/2025-05-11_B-Roll_FX6_DJI_0997.MOV', 'OCF_OAF/2025-05-11_B-Roll_FX6/Drone/disk1/2025-05-11_B-Roll_FX6_DJI_0997.MOV']",
1699323,"['DJI_0004', '2025-05-11_B-Roll_FX6_DJI_0004']",2:eb94e25a730b672b494c4f4ef7d59cc9,00:00:00:00:25/1,00:00:01:04:25/1,"['OCF_OAF/TITO/25-05-11/Drone/disk2/2025-05-11_B-Roll_FX6_DJI_0004.MOV', 'OCF_OAF/25-05-11_B-Roll_FX6/Drone/disk2/2025-05-11_B-Roll_FX6_DJI_0004.MOV', 'OCF_OAF/2025-05-11_B-Roll_FX6/Drone/disk2/2025-05-11_B-Roll_FX6_DJI_0004.MOV']",
1699324,"['DJI_0947', '2025-05-11_B-Roll_FX6_DJI_0947']",2:ff0df50219430100bb60103a84295a5b,00:00:00:00:25/1,00:00:14:17:25/1,"['OCF_OAF/TITO/25-05-11/Drone/disk1/2025-05-11_B-Roll_FX6_DJI_0947.MOV', 'OCF_OAF/25-05-11_B-Roll_FX6/Drone/disk1/2025-05-11_B-Roll_FX6_DJI_0947.MOV', 'OCF_OAF/2025-05-11_B-Roll_FX6/Drone/disk1/2025-05-11_B-Roll_FX6_DJI_0947.MOV']",
1699327,"['DJI_0989', '2025-05-11_B-Roll_FX6_DJI_0989']",2:5953a7d69523aed7bb249a46d32e52ff,00:00:00:00:25/1,00:00:20:14:25/1,"['OCF_OAF/TITO/25-05-11/Drone/disk1/2025-05-11_B-Roll_FX6_DJI_0989.MOV', 'OCF_OAF/25-05-11_B-Roll_FX6/Drone/disk1/2025-05-11_B-Roll_FX6_DJI_0989.MOV', 'OCF_OAF/2025-05-11_B-Roll_FX6/Drone/disk1/2025-05-11_B-Roll_FX6_DJI_0989.MOV']",
1699331,"['DJI_0024', '2025-05-11_B-Roll_FX6_DJI_0024']",2:e7168f0ec440d99479ab62bf4de1c0d1,00:00:00:00:25/1,00:00:14:20:25/1,"['OCF_OAF/TITO/25-05-11/Drone/disk2/2025-05-11_B-Roll_FX6_DJI_0024.MOV', 'OCF_OAF/25-05-11_B-Roll_FX6/Drone/disk2/2025-05-11_B-Roll_FX6_DJI_0024.MOV', 'OCF_OAF/2025-05-11_B-Roll_FX6/Drone/disk2/2025-05-11_B-Roll_FX6_DJI_0024.MOV']",
1699335,"['DJI_0930', '2025-05-11_B-Roll_FX6_DJI_0930']",2:52ca8698abb0519cfddcd9b695a5a040,00:00:00:00:25/1,00:00:23:07:25/1,"['OCF_OAF/TITO/25-05-11/Drone/disk1/2025-05-11_B-Roll_FX6_DJI_0930.MOV', 'OCF_OAF/25-05-11_B-Roll_FX6/Drone/disk1/2025-05-11_B-Roll_FX6_DJI_0930.MOV', 'OCF_OAF/2025-05-11_B-Roll_FX6/Drone/disk1/2025-05-11_B-Roll_FX6_DJI_0930.MOV']",
1699338,"['DJI_0041', '2025-05-11_B-Roll_FX6_DJI_0041']",2:3e5c83a8350373559df29742a58f8f81,00:00:00:00:25/1,00:00:40:08:25/1,"['OCF_OAF/TITO/25-05-11/Drone/disk2/2025-05-11_B-Roll_FX6_DJI_0041.MOV', 'OCF_OAF/25-05-11_B-Roll_FX6/Drone/disk2/2025-05-11_B-Roll_FX6_DJI_0041.MOV', 'OCF_OAF/2025-05-11_B-Roll_FX6/Drone/disk2/2025-05-11_B-Roll_FX6_DJI_0041.MOV']",
1699341,"['DJI_0037', '2025-05-11_B-Roll_FX6_DJI_0037']",2:bcc6692bf4910c726825fa3641d20039,00:00:00:00:25/1,00:00:46:12:25/1,"['OCF_OAF/TITO/25-05-11/Drone/disk2/2025-05-11_B-Roll_FX6_DJI_0037.MOV', 'OCF_OAF/25-05-11_B-Roll_FX6/Drone/disk2/2025-05-11_B-Roll_FX6_DJI_0037.MOV', 'OCF_OAF/2025-05-11_B-Roll_FX6/Drone/disk2/2025-05-11_B-Roll_FX6_DJI_0037.MOV']",
1699342,"['DJI_0987', '2025-05-11_B-Roll_FX6_DJI_0987']",2:d12db5e966e46dac17b202b9d4717d7f,00:00:00:00:25/1,00:00:43:06:25/1,"['OCF_OAF/TITO/25-05-11/Drone/disk1/2025-05-11_B-Roll_FX6_DJI_0987.MOV', 'OCF_OAF/25-05-11_B-Roll_FX6/Drone/disk1/2025-05-11_B-Roll_FX6_DJI_0987.MOV', 'OCF_OAF/2025-05-11_B-Roll_FX6/Drone/disk1/2025-05-11_B-Roll_FX6_DJI_0987.MOV']",
1699346,"['DJI_0993', '2025-05-11_B-Roll_FX6_DJI_0993']",2:2f0ed366948f202ccd34ba669696939a,00:00:00:00:25/1,00:00:07:02:25/1,"['OCF_OAF/TITO/25-05-11/Drone/disk1/2025-05-11_B-Roll_FX6_DJI_0993.MOV', 'OCF_OAF/25-05-11_B-Roll_FX6/Drone/disk1/2025-05-11_B-Roll_FX6_DJI_0993.MOV', 'OCF_OAF/2025-05-11_B-Roll_FX6/Drone/disk1/2025-05-11_B-Roll_FX6_DJI_0993.MOV']",
1699350,"['DJI_0026', '2025-05-11_B-Roll_FX6_DJI_0026']",2:903b6b5dd8913468c70749009a794000,00:00:00:00:25/1,00:00:16:03:25/1,"['OCF_OAF/TITO/25-05-11/Drone/disk2/2025-05-11_B-Roll_FX6_DJI_0026.MOV', 'OCF_OAF/25-05-11_B-Roll_FX6/Drone/disk2/2025-05-11_B-Roll_FX6_DJI_0026.MOV', 'OCF_OAF/2025-05-11_B-Roll_FX6/Drone/disk2/2025-05-11_B-Roll_FX6_DJI_0026.MOV']",
1699354,"['DJI_0008', '2025-05-11_B-Roll_FX6_DJI_0008']",2:25868079bd6fa961c726bda9e6ace4bd,00:00:00:00:25/1,00:00:20:22:25/1,"['OCF_OAF/TITO/25-05-11/Drone/disk2/2025-05-11_B-Roll_FX6_DJI_0008.MOV', 'OCF_OAF/25-05-11_B-Roll_FX6/Drone/disk2/2025-05-11_B-Roll_FX6_DJI_0008.MOV', 'OCF_OAF/2025-05-11_B-Roll_FX6/Drone/disk2/2025-05-11_B-Roll_FX6_DJI_0008.MOV']",
1699355,"['DJI_0976', '2025-05-11_B-Roll_FX6_DJI_0976']",2:32269c5ed34fe5d00a5046fec8f5c952,00:00:00:00:25/1,00:00:22:09:25/1,"['OCF_OAF/TITO/25-05-11/Drone/disk1/2025-05-11_B-Roll_FX6_DJI_0976.MOV', 'OCF_OAF/25-05-11_B-Roll_FX6/Drone/disk1/2025-05-11_B-Roll_FX6_DJI_0976.MOV', 'OCF_OAF/2025-05-11_B-Roll_FX6/Drone/disk1/2025-05-11_B-Roll_FX6_DJI_0976.MOV']",
1699358,"['DJI_0978', '2025-05-11_B-Roll_FX6_DJI_0978']",2:aa47b945a20650a9fe26d4e1bb85e39b,00:00:00:00:25/1,00:00:47:14:25/1,"['OCF_OAF/TITO/25-05-11/Drone/disk1/2025-05-11_B-Roll_FX6_DJI_0978.MOV', 'OCF_OAF/25-05-11_B-Roll_FX6/Drone/disk1/2025-05-11_B-Roll_FX6_DJI_0978.MOV', 'OCF_OAF/2025-05-11_B-Roll_FX6/Drone/disk1/2025-05-11_B-Roll_FX6_DJI_0978.MOV']",
1699364,"['DJI_0027', '2025-05-11_B-Roll_FX6_DJI_0027']",2:a74ac61137f77cb611c3ba58ecc43cd1,00:00:00:00:25/1,00:00:40:16:25/1,"['OCF_OAF/TITO/25-05-11/Drone/disk2/2025-05-11_B-Roll_FX6_DJI_0027.MOV', 'OCF_OAF/25-05-11_B-Roll_FX6/Drone/disk2/2025-05-11_B-Roll_FX6_DJI_0027.MOV', 'OCF_OAF/2025-05-11_B-Roll_FX6/Drone/disk2/2025-05-11_B-Roll_FX6_DJI_0027.MOV']",
1699366,"['DJI_0950', '2025-05-11_B-Roll_FX6_DJI_0950']",2:efd78e8da06007faf6cb8e9a9e3e1664,00:00:00:00:25/1,00:00:42:08:25/1,"['OCF_OAF/TITO/25-05-11/Drone/disk1/2025-05-11_B-Roll_FX6_DJI_0950.MOV', 'OCF_OAF/25-05-11_B-Roll_FX6/Drone/disk1/2025-05-11_B-Roll_FX6_DJI_0950.MOV', 'OCF_OAF/2025-05-11_B-Roll_FX6/Drone/disk1/2025-05-11_B-Roll_FX6_DJI_0950.MOV']",
1699367,"['DJI_0996', '2025-05-11_B-Roll_FX6_DJI_0996']",2:c05f8cab0c6d9d1f246331b685f53e53,00:00:00:00:25/1,00:00:44:05:25/1,"['OCF_OAF/TITO/25-05-11/Drone/disk1/2025-05-11_B-Roll_FX6_DJI_0996.MOV', 'OCF_OAF/25-05-11_B-Roll_FX6/Drone/disk1/2025-05-11_B-Roll_FX6_DJI_0996.MOV', 'OCF_OAF/2025-05-11_B-Roll_FX6/Drone/disk1/2025-05-11_B-Roll_FX6_DJI_0996.MOV']",
1699368,"['DJI_0937', '2025-05-11_B-Roll_FX6_DJI_0937']",2:271ccc38864a39975bd7c1177a0adfe0,00:00:00:00:25/1,00:00:19:12:25/1,"['OCF_OAF/TITO/25-05-11/Drone/disk1/2025-05-11_B-Roll_FX6_DJI_0937.MOV', 'OCF_OAF/25-05-11_B-Roll_FX6/Drone/disk1/2025-05-11_B-Roll_FX6_DJI_0937.MOV', 'OCF_OAF/2025-05-11_B-Roll_FX6/Drone/disk1/2025-05-11_B-Roll_FX6_DJI_0937.MOV']",
1699369,"['DJI_0038', '2025-05-11_B-Roll_FX6_DJI_0038']",2:f1d8485aaab6f6cafe58986551ec4286,00:00:00:00:25/1,00:00:01:03:25/1,"['OCF_OAF/TITO/25-05-11/Drone/disk2/2025-05-11_B-Roll_FX6_DJI_0038.MOV', 'OCF_OAF/25-05-11_B-Roll_FX6/Drone/disk2/2025-05-11_B-Roll_FX6_DJI_0038.MOV', 'OCF_OAF/2025-05-11_B-Roll_FX6/Drone/disk2/2025-05-11_B-Roll_FX6_DJI_0038.MOV']",
1699372,"['DJI_0949', '2025-05-11_B-Roll_FX6_DJI_0949']",2:c3d124d962b8d5826c10e7eb60430e25,00:00:00:00:25/1,00:00:42:21:25/1,"['OCF_OAF/TITO/25-05-11/Drone/disk1/2025-05-11_B-Roll_FX6_DJI_0949.MOV', 'OCF_OAF/25-05-11_B-Roll_FX6/Drone/disk1/2025-05-11_B-Roll_FX6_DJI_0949.MOV', 'OCF_OAF/2025-05-11_B-Roll_FX6/Drone/disk1/2025-05-11_B-Roll_FX6_DJI_0949.MOV']",
1699383,"['DJI_0969', '2025-05-11_B-Roll_FX6_DJI_0969']",2:86b71724d566e858a348947d86548702,00:00:00:00:25/1,00:00:13:01:25/1,"['OCF_OAF/TITO/25-05-11/Drone/disk1/2025-05-11_B-Roll_FX6_DJI_0969.MOV', 'OCF_OAF/25-05-11_B-Roll_FX6/Drone/disk1/2025-05-11_B-Roll_FX6_DJI_0969.MOV', 'OCF_OAF/2025-05-11_B-Roll_FX6/Drone/disk1/2025-05-11_B-Roll_FX6_DJI_0969.MOV']",
1699391,"['DJI_0002', '2025-05-11_B-Roll_FX6_DJI_0002']",2:4efbb33bffb3e922e96e313e80e364a7,00:00:00:00:25/1,00:00:26:11:25/1,"['OCF_OAF/TITO/25-05-11/Drone/disk2/2025-05-11_B-Roll_FX6_DJI_0002.MOV', 'OCF_OAF/25-05-11_B-Roll_FX6/Drone/disk2/2025-05-11_B-Roll_FX6_DJI_0002.MOV', 'OCF_OAF/2025-05-11_B-Roll_FX6/Drone/disk2/2025-05-11_B-Roll_FX6_DJI_0002.MOV']",
1699393,"['DJI_0975', '2025-05-11_B-Roll_FX6_DJI_0975']",2:a1ea60b90b3a3d49b4caf2d8885052ff,00:00:00:00:25/1,00:00:17:06:25/1,"['OCF_OAF/TITO/25-05-11/Drone/disk1/2025-05-11_B-Roll_FX6_DJI_0975.MOV', 'OCF_OAF/25-05-11_B-Roll_FX6/Drone/disk1/2025-05-11_B-Roll_FX6_DJI_0975.MOV', 'OCF_OAF/2025-05-11_B-Roll_FX6/Drone/disk1/2025-05-11_B-Roll_FX6_DJI_0975.MOV']",
1699396,"['DJI_0990', '2025-05-11_B-Roll_FX6_DJI_0990']",2:8706b520e686a567e7109b18737d0816,00:00:00:00:25/1,00:00:54:13:25/1,"['OCF_OAF/TITO/25-05-11/Drone/disk1/2025-05-11_B-Roll_FX6_DJI_0990.MOV', 'OCF_OAF/25-05-11_B-Roll_FX6/Drone/disk1/2025-05-11_B-Roll_FX6_DJI_0990.MOV', 'OCF_OAF/2025-05-11_B-Roll_FX6/Drone/disk1/2025-05-11_B-Roll_FX6_DJI_0990.MOV']",
1699397,"['DJI_0034', '2025-05-11_B-Roll_FX6_DJI_0034']",2:9134350db3b997a0d32d15606218b767,00:00:00:00:25/1,00:00:26:09:25/1,"['OCF_OAF/TITO/25-05-11/Drone/disk2/2025-05-11_B-Roll_FX6_DJI_0034.MOV', 'OCF_OAF/25-05-11_B-Roll_FX6/Drone/disk2/2025-05-11_B-Roll_FX6_DJI_0034.MOV', 'OCF_OAF/2025-05-11_B-Roll_FX6/Drone/disk2/2025-05-11_B-Roll_FX6_DJI_0034.MOV']",
1699399,"['DJI_0030', '2025-05-11_B-Roll_FX6_DJI_0030']",2:50e9394184c2e530d6664cc4c65be3f0,00:00:00:00:25/1,00:00:44:18:25/1,"['OCF_OAF/TITO/25-05-11/Drone/disk2/2025-05-11_B-Roll_FX6_DJI_0030.MOV', 'OCF_OAF/25-05-11_B-Roll_FX6/Drone/disk2/2025-05-11_B-Roll_FX6_DJI_0030.MOV', 'OCF_OAF/2025-05-11_B-Roll_FX6/Drone/disk2/2025-05-11_B-Roll_FX6_DJI_0030.MOV']",
1699403,"['DJI_0982', '2025-05-11_B-Roll_FX6_DJI_0982']",2:5d3006fa30b51dc9bb35baf4394f6499,00:00:00:00:25/1,00:00:42:09:25/1,"['OCF_OAF/TITO/25-05-11/Drone/disk1/2025-05-11_B-Roll_FX6_DJI_0982.MOV', 'OCF_OAF/25-05-11_B-Roll_FX6/Drone/disk1/2025-05-11_B-Roll_FX6_DJI_0982.MOV', 'OCF_OAF/2025-05-11_B-Roll_FX6/Drone/disk1/2025-05-11_B-Roll_FX6_DJI_0982.MOV']",
1699407,"['DJI_0951', '2025-05-11_B-Roll_FX6_DJI_0951']",2:bfc559c54d15de1e2ea7d02b946b5902,00:00:00:00:25/1,00:00:29:17:25/1,"['OCF_OAF/TITO/25-05-11/Drone/disk1/2025-05-11_B-Roll_FX6_DJI_0951.MOV', 'OCF_OAF/25-05-11_B-Roll_FX6/Drone/disk1/2025-05-11_B-Roll_FX6_DJI_0951.MOV', 'OCF_OAF/2025-05-11_B-Roll_FX6/Drone/disk1/2025-05-11_B-Roll_FX6_DJI_0951.MOV']",
1699413,"['DJI_0017', '2025-05-11_B-Roll_FX6_DJI_0017']",2:3d4230b9df64c4dba445bfd060017570,00:00:00:00:25/1,00:01:45:20:25/1,"['OCF_OAF/TITO/25-05-11/Drone/disk2/2025-05-11_B-Roll_FX6_DJI_0017.MOV', 'OCF_OAF/25-05-11_B-Roll_FX6/Drone/disk2/2025-05-11_B-Roll_FX6_DJI_0017.MOV', 'OCF_OAF/2025-05-11_B-Roll_FX6/Drone/disk2/2025-05-11_B-Roll_FX6_DJI_0017.MOV']",
1699417,"['DJI_0044', '2025-05-11_B-Roll_FX6_DJI_0044']",2:86320afe379f132008b081ea2d8fff6e,00:00:00:00:25/1,00:00:14:13:25/1,"['OCF_OAF/TITO/25-05-11/Drone/disk2/2025-05-11_B-Roll_FX6_DJI_0044.MOV', 'OCF_OAF/25-05-11_B-Roll_FX6/Drone/disk2/2025-05-11_B-Roll_FX6_DJI_0044.MOV', 'OCF_OAF/2025-05-11_B-Roll_FX6/Drone/disk2/2025-05-11_B-Roll_FX6_DJI_0044.MOV']",
1699424,"['DJI_0045', '2025-05-11_B-Roll_FX6_DJI_0045']",2:568670f4238cdc4053af529e3b60981d,00:00:00:00:25/1,00:00:53:16:25/1,"['OCF_OAF/TITO/25-05-11/Drone/disk2/2025-05-11_B-Roll_FX6_DJI_0045.MOV', 'OCF_OAF/25-05-11_B-Roll_FX6/Drone/disk2/2025-05-11_B-Roll_FX6_DJI_0045.MOV', 'OCF_OAF/2025-05-11_B-Roll_FX6/Drone/disk2/2025-05-11_B-Roll_FX6_DJI_0045.MOV']",
1699425,"['DJI_0955', '2025-05-11_B-Roll_FX6_DJI_0955']",2:3c0cf1843abd7621c3501c1670c4c0e2,00:00:00:00:25/1,00:00:25:08:25/1,"['OCF_OAF/TITO/25-05-11/Drone/disk1/2025-05-11_B-Roll_FX6_DJI_0955.MOV', 'OCF_OAF/25-05-11_B-Roll_FX6/Drone/disk1/2025-05-11_B-Roll_FX6_DJI_0955.MOV', 'OCF_OAF/2025-05-11_B-Roll_FX6/Drone/disk1/2025-05-11_B-Roll_FX6_DJI_0955.MOV']",
1699430,"['DJI_0021', '2025-05-11_B-Roll_FX6_DJI_0021']",2:3975b9d283d9a8bc7fd09ec74607f587,00:00:00:00:25/1,00:00:36:02:25/1,"['OCF_OAF/TITO/25-05-11/Drone/disk2/2025-05-11_B-Roll_FX6_DJI_0021.MOV', 'OCF_OAF/25-05-11_B-Roll_FX6/Drone/disk2/2025-05-11_B-Roll_FX6_DJI_0021.MOV', 'OCF_OAF/2025-05-11_B-Roll_FX6/Drone/disk2/2025-05-11_B-Roll_FX6_DJI_0021.MOV']",
1699433,"['DJI_0933', '2025-05-11_B-Roll_FX6_DJI_0933']",2:f8b1f5b2bd90491e71e820be9f2242d7,00:00:00:00:25/1,00:00:52:20:25/1,"['OCF_OAF/TITO/25-05-11/Drone/disk1/2025-05-11_B-Roll_FX6_DJI_0933.MOV', 'OCF_OAF/25-05-11_B-Roll_FX6/Drone/disk1/2025-05-11_B-Roll_FX6_DJI_0933.MOV', 'OCF_OAF/2025-05-11_B-Roll_FX6/Drone/disk1/2025-05-11_B-Roll_FX6_DJI_0933.MOV']",
1699437,"['DJI_0999', '2025-05-11_B-Roll_FX6_DJI_0999']",2:d92dd5e853335567c726cda4cf789b59,00:00:00:00:25/1,00:00:37:14:25/1,"['OCF_OAF/TITO/25-05-11/Drone/disk1/2025-05-11_B-Roll_FX6_DJI_0999.MOV', 'OCF_OAF/25-05-11_B-Roll_FX6/Drone/disk1/2025-05-11_B-Roll_FX6_DJI_0999.MOV', 'OCF_OAF/2025-05-11_B-Roll_FX6/Drone/disk1/2025-05-11_B-Roll_FX6_DJI_0999.MOV']",
1699438,"['DJI_0046', '2025-05-11_B-Roll_FX6_DJI_0046']",2:3ab5451d8e8b82a990882d777b7cc91e,00:00:00:00:25/1,00:00:24:17:25/1,"['OCF_OAF/TITO/25-05-11/Drone/disk2/2025-05-11_B-Roll_FX6_DJI_0046.MOV', 'OCF_OAF/25-05-11_B-Roll_FX6/Drone/disk2/2025-05-11_B-Roll_FX6_DJI_0046.MOV', 'OCF_OAF/2025-05-11_B-Roll_FX6/Drone/disk2/2025-05-11_B-Roll_FX6_DJI_0046.MOV']",
1699440,"['DJI_0025', '2025-05-11_B-Roll_FX6_DJI_0025']",2:43fcfa79b62a64588f79f27310065450,00:00:00:00:25/1,00:00:17:06:25/1,"['OCF_OAF/TITO/25-05-11/Drone/disk2/2025-05-11_B-Roll_FX6_DJI_0025.MOV', 'OCF_OAF/25-05-11_B-Roll_FX6/Drone/disk2/2025-05-11_B-Roll_FX6_DJI_0025.MOV', 'OCF_OAF/2025-05-11_B-Roll_FX6/Drone/disk2/2025-05-11_B-Roll_FX6_DJI_0025.MOV']",
1699444,"['DJI_0936', '2025-05-11_B-Roll_FX6_DJI_0936']",2:7466ab244a4ad6d20ebc1400b4ac0775,00:00:00:00:25/1,00:00:30:09:25/1,"['OCF_OAF/TITO/25-05-11/Drone/disk1/2025-05-11_B-Roll_FX6_DJI_0936.MOV', 'OCF_OAF/25-05-11_B-Roll_FX6/Drone/disk1/2025-05-11_B-Roll_FX6_DJI_0936.MOV', 'OCF_OAF/2025-05-11_B-Roll_FX6/Drone/disk1/2025-05-11_B-Roll_FX6_DJI_0936.MOV']",
1699449,"['DJI_0945', '2025-05-11_B-Roll_FX6_DJI_0945']",2:3437f74692b56efd5c60148352bb9133,00:00:00:00:25/1,00:00:24:05:25/1,"['OCF_OAF/TITO/25-05-11/Drone/disk1/2025-05-11_B-Roll_FX6_DJI_0945.MOV', 'OCF_OAF/25-05-11_B-Roll_FX6/Drone/disk1/2025-05-11_B-Roll_FX6_DJI_0945.MOV', 'OCF_OAF/2025-05-11_B-Roll_FX6/Drone/disk1/2025-05-11_B-Roll_FX6_DJI_0945.MOV']",
1699450,"['DJI_0935', '2025-05-11_B-Roll_FX6_DJI_0935']",2:0601f2eac8ac97bbdb505a09be7d58bf,00:00:00:00:25/1,00:00:36:21:25/1,"['OCF_OAF/TITO/25-05-11/Drone/disk1/2025-05-11_B-Roll_FX6_DJI_0935.MOV', 'OCF_OAF/25-05-11_B-Roll_FX6/Drone/disk1/2025-05-11_B-Roll_FX6_DJI_0935.MOV', 'OCF_OAF/2025-05-11_B-Roll_FX6/Drone/disk1/2025-05-11_B-Roll_FX6_DJI_0935.MOV']",
1699452,"['DJI_0995', '2025-05-11_B-Roll_FX6_DJI_0995']",2:150d3149eb6326d463cd87b73dd50b83,00:00:00:00:25/1,00:00:49:23:25/1,"['OCF_OAF/TITO/25-05-11/Drone/disk1/2025-05-11_B-Roll_FX6_DJI_0995.MOV', 'OCF_OAF/25-05-11_B-Roll_FX6/Drone/disk1/2025-05-11_B-Roll_FX6_DJI_0995.MOV', 'OCF_OAF/2025-05-11_B-Roll_FX6/Drone/disk1/2025-05-11_B-Roll_FX6_DJI_0995.MOV']",
1699456,"['DJI_0938', '2025-05-11_B-Roll_FX6_DJI_0938']",2:7fbbb4745d02163923a24775cc8de2e5,00:00:00:00:25/1,00:00:31:13:25/1,"['OCF_OAF/TITO/25-05-11/Drone/disk1/2025-05-11_B-Roll_FX6_DJI_0938.MOV', 'OCF_OAF/25-05-11_B-Roll_FX6/Drone/disk1/2025-05-11_B-Roll_FX6_DJI_0938.MOV', 'OCF_OAF/2025-05-11_B-Roll_FX6/Drone/disk1/2025-05-11_B-Roll_FX6_DJI_0938.MOV']",
1699458,"['DJI_0988', '2025-05-11_B-Roll_FX6_DJI_0988']",2:5e129e103198ca4c38253f0e2445bfe3,00:00:00:00:25/1,00:00:05:12:25/1,"['OCF_OAF/TITO/25-05-11/Drone/disk1/2025-05-11_B-Roll_FX6_DJI_0988.MOV', 'OCF_OAF/25-05-11_B-Roll_FX6/Drone/disk1/2025-05-11_B-Roll_FX6_DJI_0988.MOV', 'OCF_OAF/2025-05-11_B-Roll_FX6/Drone/disk1/2025-05-11_B-Roll_FX6_DJI_0988.MOV']",
1699460,"['DJI_0948', '2025-05-11_B-Roll_FX6_DJI_0948']",2:1d4b40f0532c697959a320f46311f120,00:00:00:00:25/1,00:00:04:08:25/1,"['OCF_OAF/TITO/25-05-11/Drone/disk1/2025-05-11_B-Roll_FX6_DJI_0948.MOV', 'OCF_OAF/25-05-11_B-Roll_FX6/Drone/disk1/2025-05-11_B-Roll_FX6_DJI_0948.MOV', 'OCF_OAF/2025-05-11_B-Roll_FX6/Drone/disk1/2025-05-11_B-Roll_FX6_DJI_0948.MOV']",
1699461,"['DJI_0956', '2025-05-11_B-Roll_FX6_DJI_0956']",2:325aa59a1e715d2a09de1391fc6997ba,00:00:00:00:25/1,00:00:18:12:25/1,"['OCF_OAF/TITO/25-05-11/Drone/disk1/2025-05-11_B-Roll_FX6_DJI_0956.MOV', 'OCF_OAF/25-05-11_B-Roll_FX6/Drone/disk1/2025-05-11_B-Roll_FX6_DJI_0956.MOV', 'OCF_OAF/2025-05-11_B-Roll_FX6/Drone/disk1/2025-05-11_B-Roll_FX6_DJI_0956.MOV']",
1699463,"['DJI_0980', '2025-05-11_B-Roll_FX6_DJI_0980']",2:f4c51d555e4f67c0cd1792bc0bbacc8b,00:00:00:00:25/1,00:00:41:22:25/1,"['OCF_OAF/TITO/25-05-11/Drone/disk1/2025-05-11_B-Roll_FX6_DJI_0980.MOV', 'OCF_OAF/25-05-11_B-Roll_FX6/Drone/disk1/2025-05-11_B-Roll_FX6_DJI_0980.MOV', 'OCF_OAF/2025-05-11_B-Roll_FX6/Drone/disk1/2025-05-11_B-Roll_FX6_DJI_0980.MOV']",
1699464,"['DJI_0965', '2025-05-11_B-Roll_FX6_DJI_0965']",2:10098d7155f5ddc608e0a4edb22e7e59,00:00:00:00:25/1,00:00:31:21:25/1,"['OCF_OAF/TITO/25-05-11/Drone/disk1/2025-05-11_B-Roll_FX6_DJI_0965.MOV', 'OCF_OAF/25-05-11_B-Roll_FX6/Drone/disk1/2025-05-11_B-Roll_FX6_DJI_0965.MOV', 'OCF_OAF/2025-05-11_B-Roll_FX6/Drone/disk1/2025-05-11_B-Roll_FX6_DJI_0965.MOV']",
1699466,"['DJI_0043', '2025-05-11_B-Roll_FX6_DJI_0043']",2:a31c4809bd706386cd09e428a112effc,00:00:00:00:25/1,00:00:30:14:25/1,"['OCF_OAF/TITO/25-05-11/Drone/disk2/2025-05-11_B-Roll_FX6_DJI_0043.MOV', 'OCF_OAF/25-05-11_B-Roll_FX6/Drone/disk2/2025-05-11_B-Roll_FX6_DJI_0043.MOV', 'OCF_OAF/2025-05-11_B-Roll_FX6/Drone/disk2/2025-05-11_B-Roll_FX6_DJI_0043.MOV']",
1699467,"['DJI_0957', '2025-05-11_B-Roll_FX6_DJI_0957']",2:2eee1efb7b889a4b8e7d13d39a314187,00:00:00:00:25/1,00:00:48:12:25/1,"['OCF_OAF/TITO/25-05-11/Drone/disk1/2025-05-11_B-Roll_FX6_DJI_0957.MOV', 'OCF_OAF/25-05-11_B-Roll_FX6/Drone/disk1/2025-05-11_B-Roll_FX6_DJI_0957.MOV', 'OCF_OAF/2025-05-11_B-Roll_FX6/Drone/disk1/2025-05-11_B-Roll_FX6_DJI_0957.MOV']",
1699474,"['DJI_0979', '2025-05-11_B-Roll_FX6_DJI_0979']",2:6b8d5511705747a8c78162ea675cc852,00:00:00:00:25/1,00:00:23:23:25/1,"['OCF_OAF/TITO/25-05-11/Drone/disk1/2025-05-11_B-Roll_FX6_DJI_0979.MOV', 'OCF_OAF/25-05-11_B-Roll_FX6/Drone/disk1/2025-05-11_B-Roll_FX6_DJI_0979.MOV', 'OCF_OAF/2025-05-11_B-Roll_FX6/Drone/disk1/2025-05-11_B-Roll_FX6_DJI_0979.MOV']",
1699475,"['DJI_0011', '2025-05-11_B-Roll_FX6_DJI_0011']",2:0dc0b20eaf56f56d26d3fd57d82123a7,00:00:00:00:25/1,00:00:36:23:25/1,"['OCF_OAF/TITO/25-05-11/Drone/disk2/2025-05-11_B-Roll_FX6_DJI_0011.MOV', 'OCF_OAF/25-05-11_B-Roll_FX6/Drone/disk2/2025-05-11_B-Roll_FX6_DJI_0011.MOV', 'OCF_OAF/2025-05-11_B-Roll_FX6/Drone/disk2/2025-05-11_B-Roll_FX6_DJI_0011.MOV']",
1699476,"['DJI_0942', '2025-05-11_B-Roll_FX6_DJI_0942']",2:6b23cda39f29fccab45041ab970971fa,00:00:00:00:25/1,00:00:08:07:25/1,"['OCF_OAF/TITO/25-05-11/Drone/disk1/2025-05-11_B-Roll_FX6_DJI_0942.MOV', 'OCF_OAF/25-05-11_B-Roll_FX6/Drone/disk1/2025-05-11_B-Roll_FX6_DJI_0942.MOV', 'OCF_OAF/2025-05-11_B-Roll_FX6/Drone/disk1/2025-05-11_B-Roll_FX6_DJI_0942.MOV']",
1699478,"['DJI_0029', '2025-05-11_B-Roll_FX6_DJI_0029']",2:75d1fa39d15e42476e40a8a41c41feda,00:00:00:00:25/1,00:00:43:01:25/1,"['OCF_OAF/TITO/25-05-11/Drone/disk2/2025-05-11_B-Roll_FX6_DJI_0029.MOV', 'OCF_OAF/25-05-11_B-Roll_FX6/Drone/disk2/2025-05-11_B-Roll_FX6_DJI_0029.MOV', 'OCF_OAF/2025-05-11_B-Roll_FX6/Drone/disk2/2025-05-11_B-Roll_FX6_DJI_0029.MOV']",
1699481,"['DJI_0016', '2025-05-11_B-Roll_FX6_DJI_0016']",2:13819717b7803bb28bb61c5d3a32af0b,00:00:00:00:25/1,00:00:07:15:25/1,"['OCF_OAF/TITO/25-05-11/Drone/disk2/2025-05-11_B-Roll_FX6_DJI_0016.MOV', 'OCF_OAF/25-05-11_B-Roll_FX6/Drone/disk2/2025-05-11_B-Roll_FX6_DJI_0016.MOV', 'OCF_OAF/2025-05-11_B-Roll_FX6/Drone/disk2/2025-05-11_B-Roll_FX6_DJI_0016.MOV']",
1699484,"['DJI_0959', '2025-05-11_B-Roll_FX6_DJI_0959']",2:5f3ebb52cef898a7a92bfbba7f18a9a0,00:00:00:00:25/1,00:00:29:09:25/1,"['OCF_OAF/TITO/25-05-11/Drone/disk1/2025-05-11_B-Roll_FX6_DJI_0959.MOV', 'OCF_OAF/25-05-11_B-Roll_FX6/Drone/disk1/2025-05-11_B-Roll_FX6_DJI_0959.MOV', 'OCF_OAF/2025-05-11_B-Roll_FX6/Drone/disk1/2025-05-11_B-Roll_FX6_DJI_0959.MOV']",
1699487,"['DJI_0972', '2025-05-11_B-Roll_FX6_DJI_0972']",2:071e555cdc0c38870043a37ed9411f55,00:00:00:00:25/1,00:00:10:03:25/1,"['OCF_OAF/TITO/25-05-11/Drone/disk1/2025-05-11_B-Roll_FX6_DJI_0972.MOV', 'OCF_OAF/25-05-11_B-Roll_FX6/Drone/disk1/2025-05-11_B-Roll_FX6_DJI_0972.MOV', 'OCF_OAF/2025-05-11_B-Roll_FX6/Drone/disk1/2025-05-11_B-Roll_FX6_DJI_0972.MOV']",
1699495,"['DJI_0985', '2025-05-11_B-Roll_FX6_DJI_0985']",2:89cf758558e9131d96c9a0a12bb33343,00:00:00:00:25/1,00:00:18:21:25/1,"['OCF_OAF/TITO/25-05-11/Drone/disk1/2025-05-11_B-Roll_FX6_DJI_0985.MOV', 'OCF_OAF/25-05-11_B-Roll_FX6/Drone/disk1/2025-05-11_B-Roll_FX6_DJI_0985.MOV', 'OCF_OAF/2025-05-11_B-Roll_FX6/Drone/disk1/2025-05-11_B-Roll_FX6_DJI_0985.MOV']",
1699497,"['DJI_0971', '2025-05-11_B-Roll_FX6_DJI_0971']",2:5cbee43d6be10f576bdae9cfd480de93,00:00:00:00:25/1,00:00:16:08:25/1,"['OCF_OAF/TITO/25-05-11/Drone/disk1/2025-05-11_B-Roll_FX6_DJI_0971.MOV', 'OCF_OAF/25-05-11_B-Roll_FX6/Drone/disk1/2025-05-11_B-Roll_FX6_DJI_0971.MOV', 'OCF_OAF/2025-05-11_B-Roll_FX6/Drone/disk1/2025-05-11_B-Roll_FX6_DJI_0971.MOV']",
1699505,"['DJI_0022', '2025-05-11_B-Roll_FX6_DJI_0022']",2:04d4414874b357c2ca089c16f88d0a1b,00:00:00:00:25/1,00:00:18:06:25/1,"['OCF_OAF/TITO/25-05-11/Drone/disk2/2025-05-11_B-Roll_FX6_DJI_0022.MOV', 'OCF_OAF/25-05-11_B-Roll_FX6/Drone/disk2/2025-05-11_B-Roll_FX6_DJI_0022.MOV', 'OCF_OAF/2025-05-11_B-Roll_FX6/Drone/disk2/2025-05-11_B-Roll_FX6_DJI_0022.MOV']",
1699506,"['DJI_0970', '2025-05-11_B-Roll_FX6_DJI_0970']",2:1e2353a4bff3614a9297c6ce4a6c70fa,00:00:00:00:25/1,00:00:45:10:25/1,"['OCF_OAF/TITO/25-05-11/Drone/disk1/2025-05-11_B-Roll_FX6_DJI_0970.MOV', 'OCF_OAF/25-05-11_B-Roll_FX6/Drone/disk1/2025-05-11_B-Roll_FX6_DJI_0970.MOV', 'OCF_OAF/2025-05-11_B-Roll_FX6/Drone/disk1/2025-05-11_B-Roll_FX6_DJI_0970.MOV']",
1699511,"['DJI_0009', '2025-05-11_B-Roll_FX6_DJI_0009']",2:c7d155835b63481295dff87ce0d5709a,00:00:00:00:25/1,00:00:08:09:25/1,"['OCF_OAF/TITO/25-05-11/Drone/disk2/2025-05-11_B-Roll_FX6_DJI_0009.MOV', 'OCF_OAF/25-05-11_B-Roll_FX6/Drone/disk2/2025-05-11_B-Roll_FX6_DJI_0009.MOV', 'OCF_OAF/2025-05-11_B-Roll_FX6/Drone/disk2/2025-05-11_B-Roll_FX6_DJI_0009.MOV']",
1699512,"['DJI_0053', '2025-05-11_B-Roll_FX6_DJI_0053']",2:f6e1bf632259e12fae941eec9ec88b17,00:00:00:00:25/1,00:00:01:09:25/1,"['OCF_OAF/TITO/25-05-11/Drone/disk2/2025-05-11_B-Roll_FX6_DJI_0053.MOV', 'OCF_OAF/25-05-11_B-Roll_FX6/Drone/disk2/2025-05-11_B-Roll_FX6_DJI_0053.MOV', 'OCF_OAF/2025-05-11_B-Roll_FX6/Drone/disk2/2025-05-11_B-Roll_FX6_DJI_0053.MOV']",
1699518,"['DJI_0035', '2025-05-11_B-Roll_FX6_DJI_0035']",2:077b9e59167121b27955ce7392cc6b66,00:00:00:00:25/1,00:00:51:19:25/1,"['OCF_OAF/TITO/25-05-11/Drone/disk2/2025-05-11_B-Roll_FX6_DJI_0035.MOV', 'OCF_OAF/25-05-11_B-Roll_FX6/Drone/disk2/2025-05-11_B-Roll_FX6_DJI_0035.MOV', 'OCF_OAF/2025-05-11_B-Roll_FX6/Drone/disk2/2025-05-11_B-Roll_FX6_DJI_0035.MOV']",
1699521,"['DJI_0058', '2025-05-11_B-Roll_FX6_DJI_0058']",2:8182112e827f0a01faab6648a5b6464a,00:00:00:00:25/1,00:00:47:24:25/1,"['OCF_OAF/TITO/25-05-11/Drone/disk2/2025-05-11_B-Roll_FX6_DJI_0058.MOV', 'OCF_OAF/25-05-11_B-Roll_FX6/Drone/disk2/2025-05-11_B-Roll_FX6_DJI_0058.MOV', 'OCF_OAF/2025-05-11_B-Roll_FX6/Drone/disk2/2025-05-11_B-Roll_FX6_DJI_0058.MOV']",
1699523,"['DJI_0991', '2025-05-11_B-Roll_FX6_DJI_0991']",2:770e27454dc73e65f8a54d0b5a1c1c27,00:00:00:00:25/1,00:00:25:23:25/1,"['OCF_OAF/TITO/25-05-11/Drone/disk1/2025-05-11_B-Roll_FX6_DJI_0991.MOV', 'OCF_OAF/25-05-11_B-Roll_FX6/Drone/disk1/2025-05-11_B-Roll_FX6_DJI_0991.MOV', 'OCF_OAF/2025-05-11_B-Roll_FX6/Drone/disk1/2025-05-11_B-Roll_FX6_DJI_0991.MOV']",
1699524,"['DJI_0953', '2025-05-11_B-Roll_FX6_DJI_0953']",2:df3f7cc56a20842526ef9cb4ef08df39,00:00:00:00:25/1,00:00:24:03:25/1,"['OCF_OAF/TITO/25-05-11/Drone/disk1/2025-05-11_B-Roll_FX6_DJI_0953.MOV', 'OCF_OAF/25-05-11_B-Roll_FX6/Drone/disk1/2025-05-11_B-Roll_FX6_DJI_0953.MOV', 'OCF_OAF/2025-05-11_B-Roll_FX6/Drone/disk1/2025-05-11_B-Roll_FX6_DJI_0953.MOV']",
1699530,"['DJI_0032', '2025-05-11_B-Roll_FX6_DJI_0032']",2:bbbf540b06ddfd7930d92cdab32b29ff,00:00:00:00:25/1,00:00:41:16:25/1,"['OCF_OAF/TITO/25-05-11/Drone/disk2/2025-05-11_B-Roll_FX6_DJI_0032.MOV', 'OCF_OAF/25-05-11_B-Roll_FX6/Drone/disk2/2025-05-11_B-Roll_FX6_DJI_0032.MOV', 'OCF_OAF/2025-05-11_B-Roll_FX6/Drone/disk2/2025-05-11_B-Roll_FX6_DJI_0032.MOV']",
1699537,"['DJI_0931', '2025-05-11_B-Roll_FX6_DJI_0931']",2:2bedbd5dcba0a72f2bf08e00d4102e91,00:00:00:00:25/1,00:01:08:22:25/1,"['OCF_OAF/TITO/25-05-11/Drone/disk1/2025-05-11_B-Roll_FX6_DJI_0931.MOV', 'OCF_OAF/25-05-11_B-Roll_FX6/Drone/disk1/2025-05-11_B-Roll_FX6_DJI_0931.MOV', 'OCF_OAF/2025-05-11_B-Roll_FX6/Drone/disk1/2025-05-11_B-Roll_FX6_DJI_0931.MOV']",
1699545,"['DJI_0028', '2025-05-11_B-Roll_FX6_DJI_0028']",2:a57b9d17c316c2bcb4d4a007128d83d4,00:00:00:00:25/1,00:00:27:19:25/1,"['OCF_OAF/TITO/25-05-11/Drone/disk2/2025-05-11_B-Roll_FX6_DJI_0028.MOV', 'OCF_OAF/25-05-11_B-Roll_FX6/Drone/disk2/2025-05-11_B-Roll_FX6_DJI_0028.MOV', 'OCF_OAF/2025-05-11_B-Roll_FX6/Drone/disk2/2025-05-11_B-Roll_FX6_DJI_0028.MOV']",
1699554,"['DJI_0983', '2025-05-11_B-Roll_FX6_DJI_0983']",2:af9b3c3a338534f3c50115c921cbd4d4,00:00:00:00:25/1,00:00:55:23:25/1,"['OCF_OAF/TITO/25-05-11/Drone/disk1/2025-05-11_B-Roll_FX6_DJI_0983.MOV', 'OCF_OAF/25-05-11_B-Roll_FX6/Drone/disk1/2025-05-11_B-Roll_FX6_DJI_0983.MOV', 'OCF_OAF/2025-05-11_B-Roll_FX6/Drone/disk1/2025-05-11_B-Roll_FX6_DJI_0983.MOV']",
1699558,"['DJI_0018', '2025-05-11_B-Roll_FX6_DJI_0018']",2:ad22056f12b7d0847b9cfeda64117d94,00:00:00:00:25/1,00:00:41:23:25/1,"['OCF_OAF/TITO/25-05-11/Drone/disk2/2025-05-11_B-Roll_FX6_DJI_0018.MOV', 'OCF_OAF/25-05-11_B-Roll_FX6/Drone/disk2/2025-05-11_B-Roll_FX6_DJI_0018.MOV', 'OCF_OAF/2025-05-11_B-Roll_FX6/Drone/disk2/2025-05-11_B-Roll_FX6_DJI_0018.MOV']",
1699566,"['DJI_0981', '2025-05-11_B-Roll_FX6_DJI_0981']",2:5f0420d20798655fa5fb82fe68c57e1a,00:00:00:00:25/1,00:01:27:09:25/1,"['OCF_OAF/TITO/25-05-11/Drone/disk1/2025-05-11_B-Roll_FX6_DJI_0981.MOV', 'OCF_OAF/25-05-11_B-Roll_FX6/Drone/disk1/2025-05-11_B-Roll_FX6_DJI_0981.MOV', 'OCF_OAF/2025-05-11_B-Roll_FX6/Drone/disk1/2025-05-11_B-Roll_FX6_DJI_0981.MOV']",
1699568,"['DJI_0059', '2025-05-11_B-Roll_FX6_DJI_0059']",2:445e190d2cbe8c5cedb376758653e90a,00:00:00:00:25/1,00:01:01:08:25/1,"['OCF_OAF/TITO/25-05-11/Drone/disk2/2025-05-11_B-Roll_FX6_DJI_0059.MOV', 'OCF_OAF/25-05-11_B-Roll_FX6/Drone/disk2/2025-05-11_B-Roll_FX6_DJI_0059.MOV', 'OCF_OAF/2025-05-11_B-Roll_FX6/Drone/disk2/2025-05-11_B-Roll_FX6_DJI_0059.MOV']",
1699569,"['DJI_0932', '2025-05-11_B-Roll_FX6_DJI_0932']",2:2a7ae3b27e142be3ded2252a9b5a9cfd,00:00:00:00:25/1,00:00:29:15:25/1,"['OCF_OAF/TITO/25-05-11/Drone/disk1/2025-05-11_B-Roll_FX6_DJI_0932.MOV', 'OCF_OAF/25-05-11_B-Roll_FX6/Drone/disk1/2025-05-11_B-Roll_FX6_DJI_0932.MOV', 'OCF_OAF/2025-05-11_B-Roll_FX6/Drone/disk1/2025-05-11_B-Roll_FX6_DJI_0932.MOV']",
1699572,"['DJI_0031', '2025-05-11_B-Roll_FX6_DJI_0031']",2:7edca6e772e7290b696eb116d50a19fb,00:00:00:00:25/1,00:00:54:10:25/1,"['OCF_OAF/TITO/25-05-11/Drone/disk2/2025-05-11_B-Roll_FX6_DJI_0031.MOV', 'OCF_OAF/25-05-11_B-Roll_FX6/Drone/disk2/2025-05-11_B-Roll_FX6_DJI_0031.MOV', 'OCF_OAF/2025-05-11_B-Roll_FX6/Drone/disk2/2025-05-11_B-Roll_FX6_DJI_0031.MOV']",
1699574,"['DJI_0012', '2025-05-11_B-Roll_FX6_DJI_0012']",2:4bcc7b4f0b358eecea22f97fa2631f65,00:00:00:00:25/1,00:00:18:15:25/1,"['OCF_OAF/TITO/25-05-11/Drone/disk2/2025-05-11_B-Roll_FX6_DJI_0012.MOV', 'OCF_OAF/25-05-11_B-Roll_FX6/Drone/disk2/2025-05-11_B-Roll_FX6_DJI_0012.MOV', 'OCF_OAF/2025-05-11_B-Roll_FX6/Drone/disk2/2025-05-11_B-Roll_FX6_DJI_0012.MOV']",
1699575,"['DJI_0047', '2025-05-11_B-Roll_FX6_DJI_0047']",2:80754ad76b62e39405221834c2679df5,00:00:00:00:25/1,00:00:32:00:25/1,"['OCF_OAF/TITO/25-05-11/Drone/disk2/2025-05-11_B-Roll_FX6_DJI_0047.MOV', 'OCF_OAF/25-05-11_B-Roll_FX6/Drone/disk2/2025-05-11_B-Roll_FX6_DJI_0047.MOV', 'OCF_OAF/2025-05-11_B-Roll_FX6/Drone/disk2/2025-05-11_B-Roll_FX6_DJI_0047.MOV']",
1699580,"['DJI_0940', '2025-05-11_B-Roll_FX6_DJI_0940']",2:bd23fc85fb2c49cfc019ce3c0c3a8f8d,00:00:00:00:25/1,00:00:40:10:25/1,"['OCF_OAF/TITO/25-05-11/Drone/disk1/2025-05-11_B-Roll_FX6_DJI_0940.MOV', 'OCF_OAF/25-05-11_B-Roll_FX6/Drone/disk1/2025-05-11_B-Roll_FX6_DJI_0940.MOV', 'OCF_OAF/2025-05-11_B-Roll_FX6/Drone/disk1/2025-05-11_B-Roll_FX6_DJI_0940.MOV']",
1699583,"['DJI_0001', '2025-05-11_B-Roll_FX6_DJI_0001']",2:968ef025204c1359255c9276d8567f13,00:00:00:00:25/1,00:00:04:09:25/1,"['OCF_OAF/TITO/25-05-11/Drone/disk2/2025-05-11_B-Roll_FX6_DJI_0001.MOV', 'OCF_OAF/25-05-11_B-Roll_FX6/Drone/disk2/2025-05-11_B-Roll_FX6_DJI_0001.MOV', 'OCF_OAF/2025-05-11_B-Roll_FX6/Drone/disk2/2025-05-11_B-Roll_FX6_DJI_0001.MOV']",
1699586,"['DJI_0977', '2025-05-11_B-Roll_FX6_DJI_0977']",2:dce53fc7ffddf4428fd9451aec82b0e5,00:00:00:00:25/1,00:00:28:11:25/1,"['OCF_OAF/TITO/25-05-11/Drone/disk1/2025-05-11_B-Roll_FX6_DJI_0977.MOV', 'OCF_OAF/25-05-11_B-Roll_FX6/Drone/disk1/2025-05-11_B-Roll_FX6_DJI_0977.MOV', 'OCF_OAF/2025-05-11_B-Roll_FX6/Drone/disk1/2025-05-11_B-Roll_FX6_DJI_0977.MOV']",
1699588,"['DJI_0060', '2025-05-11_B-Roll_FX6_DJI_0060']",2:ba1d662ed9c18cd9d06eb03400510423,00:00:00:00:25/1,00:00:29:11:25/1,"['OCF_OAF/TITO/25-05-11/Drone/disk2/2025-05-11_B-Roll_FX6_DJI_0060.MOV', 'OCF_OAF/25-05-11_B-Roll_FX6/Drone/disk2/2025-05-11_B-Roll_FX6_DJI_0060.MOV', 'OCF_OAF/2025-05-11_B-Roll_FX6/Drone/disk2/2025-05-11_B-Roll_FX6_DJI_0060.MOV']",
1699589,"['DJI_0968', '2025-05-11_B-Roll_FX6_DJI_0968']",2:c1acef6e41d68c1ca9309b9315edd3d7,00:00:00:00:25/1,00:00:10:22:25/1,"['OCF_OAF/TITO/25-05-11/Drone/disk1/2025-05-11_B-Roll_FX6_DJI_0968.MOV', 'OCF_OAF/25-05-11_B-Roll_FX6/Drone/disk1/2025-05-11_B-Roll_FX6_DJI_0968.MOV', 'OCF_OAF/2025-05-11_B-Roll_FX6/Drone/disk1/2025-05-11_B-Roll_FX6_DJI_0968.MOV']",
1699596,"['DJI_0994', '2025-05-11_B-Roll_FX6_DJI_0994']",2:6471a038c8f576c411a4e92e03d00ee6,00:00:00:00:25/1,00:00:53:11:25/1,"['OCF_OAF/TITO/25-05-11/Drone/disk1/2025-05-11_B-Roll_FX6_DJI_0994.MOV', 'OCF_OAF/25-05-11_B-Roll_FX6/Drone/disk1/2025-05-11_B-Roll_FX6_DJI_0994.MOV', 'OCF_OAF/2025-05-11_B-Roll_FX6/Drone/disk1/2025-05-11_B-Roll_FX6_DJI_0994.MOV']",
1699598,"['DJI_0952', '2025-05-11_B-Roll_FX6_DJI_0952']",2:c35c9d68faaae94e9964116db14b93d4,00:00:00:00:25/1,00:00:47:00:25/1,"['OCF_OAF/TITO/25-05-11/Drone/disk1/2025-05-11_B-Roll_FX6_DJI_0952.MOV', 'OCF_OAF/25-05-11_B-Roll_FX6/Drone/disk1/2025-05-11_B-Roll_FX6_DJI_0952.MOV', 'OCF_OAF/2025-05-11_B-Roll_FX6/Drone/disk1/2025-05-11_B-Roll_FX6_DJI_0952.MOV']",
1699607,"['DJI_0010', '2025-05-11_B-Roll_FX6_DJI_0010']",2:c061ed082bf49c28c1fca517f095e9d9,00:00:00:00:25/1,00:00:49:06:25/1,"['OCF_OAF/TITO/25-05-11/Drone/disk2/2025-05-11_B-Roll_FX6_DJI_0010.MOV', 'OCF_OAF/25-05-11_B-Roll_FX6/Drone/disk2/2025-05-11_B-Roll_FX6_DJI_0010.MOV', 'OCF_OAF/2025-05-11_B-Roll_FX6/Drone/disk2/2025-05-11_B-Roll_FX6_DJI_0010.MOV']",
1699609,"['DJI_0934', '2025-05-11_B-Roll_FX6_DJI_0934']",2:3361e41f62ed42f668947a82aa2dccf9,00:00:00:00:25/1,00:00:10:15:25/1,"['OCF_OAF/TITO/25-05-11/Drone/disk1/2025-05-11_B-Roll_FX6_DJI_0934.MOV', 'OCF_OAF/25-05-11_B-Roll_FX6/Drone/disk1/2025-05-11_B-Roll_FX6_DJI_0934.MOV', 'OCF_OAF/2025-05-11_B-Roll_FX6/Drone/disk1/2025-05-11_B-Roll_FX6_DJI_0934.MOV']",
1699611,"['DJI_0946', '2025-05-11_B-Roll_FX6_DJI_0946']",2:c1732e22f3fd066bd41cc09e464ca7a6,00:00:00:00:25/1,00:00:32:04:25/1,"['OCF_OAF/TITO/25-05-11/Drone/disk1/2025-05-11_B-Roll_FX6_DJI_0946.MOV', 'OCF_OAF/25-05-11_B-Roll_FX6/Drone/disk1/2025-05-11_B-Roll_FX6_DJI_0946.MOV', 'OCF_OAF/2025-05-11_B-Roll_FX6/Drone/disk1/2025-05-11_B-Roll_FX6_DJI_0946.MOV']",
1699615,"['DJI_0941', '2025-05-11_B-Roll_FX6_DJI_0941']",2:0d3bce8bcd094dbcee171ffc294baf7b,00:00:00:00:25/1,00:00:14:18:25/1,"['OCF_OAF/TITO/25-05-11/Drone/disk1/2025-05-11_B-Roll_FX6_DJI_0941.MOV', 'OCF_OAF/25-05-11_B-Roll_FX6/Drone/disk1/2025-05-11_B-Roll_FX6_DJI_0941.MOV', 'OCF_OAF/2025-05-11_B-Roll_FX6/Drone/disk1/2025-05-11_B-Roll_FX6_DJI_0941.MOV']",
1699622,"['DJI_0998', '2025-05-11_B-Roll_FX6_DJI_0998']",2:c8b3f7e3290906cde74832c6087e5f33,00:00:00:00:25/1,00:00:09:12:25/1,"['OCF_OAF/TITO/25-05-11/Drone/disk1/2025-05-11_B-Roll_FX6_DJI_0998.MOV', 'OCF_OAF/25-05-11_B-Roll_FX6/Drone/disk1/2025-05-11_B-Roll_FX6_DJI_0998.MOV', 'OCF_OAF/2025-05-11_B-Roll_FX6/Drone/disk1/2025-05-11_B-Roll_FX6_DJI_0998.MOV']",
1699628,"['DJI_0015', '2025-05-11_B-Roll_FX6_DJI_0015']",2:15ffd2a3f430849622130065042e979b,00:00:00:00:25/1,00:00:31:11:25/1,"['OCF_OAF/TITO/25-05-11/Drone/disk2/2025-05-11_B-Roll_FX6_DJI_0015.MOV', 'OCF_OAF/25-05-11_B-Roll_FX6/Drone/disk2/2025-05-11_B-Roll_FX6_DJI_0015.MOV', 'OCF_OAF/2025-05-11_B-Roll_FX6/Drone/disk2/2025-05-11_B-Roll_FX6_DJI_0015.MOV']",
1699629,"['DJI_0973', '2025-05-11_B-Roll_FX6_DJI_0973']",2:86c77aba855387889c7e0e7ccd26fd1b,00:00:00:00:25/1,00:00:18:22:25/1,"['OCF_OAF/TITO/25-05-11/Drone/disk1/2025-05-11_B-Roll_FX6_DJI_0973.MOV', 'OCF_OAF/25-05-11_B-Roll_FX6/Drone/disk1/2025-05-11_B-Roll_FX6_DJI_0973.MOV', 'OCF_OAF/2025-05-11_B-Roll_FX6/Drone/disk1/2025-05-11_B-Roll_FX6_DJI_0973.MOV']",
1699630,"['DJI_0966', '2025-05-11_B-Roll_FX6_DJI_0966']",2:504dcfee8f7d61185e4c3e9ce648c25c,00:00:00:00:25/1,00:00:04:16:25/1,"['OCF_OAF/TITO/25-05-11/Drone/disk1/2025-05-11_B-Roll_FX6_DJI_0966.MOV', 'OCF_OAF/25-05-11_B-Roll_FX6/Drone/disk1/2025-05-11_B-Roll_FX6_DJI_0966.MOV', 'OCF_OAF/2025-05-11_B-Roll_FX6/Drone/disk1/2025-05-11_B-Roll_FX6_DJI_0966.MOV']",
1699637,"['DJI_0020', '2025-05-11_B-Roll_FX6_DJI_0020']",2:6fe98e1f083d06c0d9160694aae959d1,00:00:00:00:25/1,00:00:22:24:25/1,"['OCF_OAF/TITO/25-05-11/Drone/disk2/2025-05-11_B-Roll_FX6_DJI_0020.MOV', 'OCF_OAF/25-05-11_B-Roll_FX6/Drone/disk2/2025-05-11_B-Roll_FX6_DJI_0020.MOV', 'OCF_OAF/2025-05-11_B-Roll_FX6/Drone/disk2/2025-05-11_B-Roll_FX6_DJI_0020.MOV']",
1699640,"['DJI_0003', '2025-05-11_B-Roll_FX6_DJI_0003']",2:b9e46b75a8b4aa9c90e3b822c5085116,00:00:00:00:25/1,00:00:04:19:25/1,"['OCF_OAF/TITO/25-05-11/Drone/disk2/2025-05-11_B-Roll_FX6_DJI_0003.MOV', 'OCF_OAF/25-05-11_B-Roll_FX6/Drone/disk2/2025-05-11_B-Roll_FX6_DJI_0003.MOV', 'OCF_OAF/2025-05-11_B-Roll_FX6/Drone/disk2/2025-05-11_B-Roll_FX6_DJI_0003.MOV']",
1699644,"['DJI_0984', '2025-05-11_B-Roll_FX6_DJI_0984']",2:c1fb6db2442dbef6e61e890608561030,00:00:00:00:25/1,00:00:46:24:25/1,"['OCF_OAF/TITO/25-05-11/Drone/disk1/2025-05-11_B-Roll_FX6_DJI_0984.MOV', 'OCF_OAF/25-05-11_B-Roll_FX6/Drone/disk1/2025-05-11_B-Roll_FX6_DJI_0984.MOV', 'OCF_OAF/2025-05-11_B-Roll_FX6/Drone/disk1/2025-05-11_B-Roll_FX6_DJI_0984.MOV']",
1699645,"['DJI_0944', '2025-05-11_B-Roll_FX6_DJI_0944']",2:a6753c74ed698db03d4a189b63a693ff,00:00:00:00:25/1,00:00:17:09:25/1,"['OCF_OAF/TITO/25-05-11/Drone/disk1/2025-05-11_B-Roll_FX6_DJI_0944.MOV', 'OCF_OAF/25-05-11_B-Roll_FX6/Drone/disk1/2025-05-11_B-Roll_FX6_DJI_0944.MOV', 'OCF_OAF/2025-05-11_B-Roll_FX6/Drone/disk1/2025-05-11_B-Roll_FX6_DJI_0944.MOV']",
1717748,"['Drone_DeepA01.66F4478A481BA', 'Drone_DeepA02.66F4478A4A18A', 'Drone_Deep_PSEF.109.wav']","['2:f52ec8156d7ab00001d39e6181cf63cc', '2:666b755de6d707e81b32d25802e261db']",00:00:00:00:100/1,00:00:33:12:100/1,"['Avid MediaFiles/MXF/EDIT02.1/Drone_DeepA01.66F4478A481BA.mxf', 'Avid MediaFiles/MXF/PP-DESKTOP-05.1/Drone_DeepA01.66F4478A481BA.mxf', 'Avid MediaFiles/MXF/EDIT02.3/Drone_DeepA01.66F4478A481BA.mxf', 'Avid MediaFiles/MXF/EDIT02.1/Drone_DeepA02.66F4478A4A18A.mxf', 'Avid MediaFiles/MXF/EDIT02.3/Drone_DeepA02.66F4478A4A18A.mxf', 'Avid MediaFiles/MXF/PP-DESKTOP-05.1/Drone_DeepA02.66F4478A4A18A.mxf']",
1717749,"['Drone_EnerA01.66F4478B7B2CA', 'Drone_EnerA02.66F4478B7D62A', 'Drone_Energy_PSEF.110.wav']","['2:7a222b96df31e9a8edd3b85ecf01f08c', '2:23206379e347c45b9e0a8cea4a082f92']",00:00:00:00:100/1,00:03:46:88:100/1,"['Avid MediaFiles/MXF/EDIT02.1/Drone_EnerA01.66F4478B7B2CA.mxf', 'Avid MediaFiles/MXF/EDIT02.3/Drone_EnerA01.66F4478B7B2CA.mxf', 'Avid MediaFiles/MXF/PP-DESKTOP-05.1/Drone_EnerA01.66F4478B7B2CA.mxf', 'Avid MediaFiles/MXF/EDIT02.1/Drone_EnerA02.66F4478B7D62A.mxf', 'Avid MediaFiles/MXF/PP-DESKTOP-05.1/Drone_EnerA02.66F4478B7D62A.mxf', 'Avid MediaFiles/MXF/EDIT02.3/Drone_EnerA02.66F4478B7D62A.mxf']",
1717750,"['Drone_FeedA01.66F44792E708A', 'Drone_FeedA02.66F44792ECC1A', 'Drone_Feedback_PSEF.111.wav']","['2:9c2801c0e94b1a2bdc16f3fdac85f777', '2:39acb6de7c0f5bb29a945d3c2a6795b9']",00:00:00:00:100/1,00:00:59:96:100/1,"['Avid MediaFiles/MXF/EDIT02.1/Drone_FeedA01.66F44792E708A.mxf', 'Avid MediaFiles/MXF/PP-DESKTOP-05.1/Drone_FeedA01.66F44792E708A.mxf', 'Avid MediaFiles/MXF/EDIT02.3/Drone_FeedA01.66F44792E708A.mxf', 'Avid MediaFiles/MXF/EDIT02.1/Drone_FeedA02.66F44792ECC1A.mxf', 'Avid MediaFiles/MXF/PP-DESKTOP-05.1/Drone_FeedA02.66F44792ECC1A.mxf', 'Avid MediaFiles/MXF/EDIT02.3/Drone_FeedA02.66F44792ECC1A.mxf']",
1717753,"['Drone_WindA01.66F44795A8FBA', 'Drone_WindA02.66F44795D261A', 'Drone_Wind_PSEF.112.wav']","['2:6e170a1864c1ca24c2ca0cd32941f404', '2:82e0779ef950453cd21b8382e1d1dcef']",00:00:00:00:100/1,00:02:29:76:100/1,"['Avid MediaFiles/MXF/EDIT02.1/Drone_WindA01.66F44795A8FBA.mxf', 'Avid MediaFiles/MXF/PP-DESKTOP-05.1/Drone_WindA01.66F44795A8FBA.mxf', 'Avid MediaFiles/MXF/EDIT02.3/Drone_WindA01.66F44795A8FBA.mxf', 'Avid MediaFiles/MXF/EDIT02.1/Drone_WindA02.66F44795D261A.mxf', 'Avid MediaFiles/MXF/PP-DESKTOP-05.1/Drone_WindA02.66F44795D261A.mxf', 'Avid MediaFiles/MXF/EDIT02.3/Drone_WindA02.66F44795D261A.mxf']",
1724142,"['Drones_LigA01.6734F5C3A5EEA', 'Drones_LigA02.6734F5C3AD96A', 'Drones_Light_03.wav.wav']","['2:7f3dfe72c7597892744a9f97429414ff', '2:d8f8dd22661586cced1b89f792403022']",00:00:00:00:100/1,00:00:12:04:100/1,"['Avid MediaFiles/MXF/Z8AVID15.1/Drones_LigA01.6734F5C3A5EEA.mxf', 'Avid MediaFiles/MXF/Z8AVID15.1/Drones_LigA02.6734F5C3AD96A.mxf']",
1724143,"['Drones_LigA01.6734F5C3D1B1A', 'Drones_LigA02.6734F5C3D8F2A', 'Drones_Light_06.wav.wav']","['2:71dee9c158bed86f7043511381a59ce9', '2:930224092ec6e7da01a25ed04583c3d6']",00:00:00:00:100/1,00:00:07:44:100/1,"['Avid MediaFiles/MXF/Z8AVID15.1/Drones_LigA01.6734F5C3D1B1A.mxf', 'Avid MediaFiles/MXF/Z8AVID15.1/Drones_LigA02.6734F5C3D8F2A.mxf']",
1724995,ABU_22 für Drohneneinstellung Emir Stable Abu Khalid,2:545f7aa1237deabb3dae007128ce76ca,01:00:00:00:25/1,01:01:41:24:25/1,"['tmp Martin/Download Vimeo sorted/#unklar/ABU_22 für Drohneneinstellung Emir Stable Abu Khalid.mov', 'tmp Martin/++ Vimeo Pull and sorted/Download Vimeo sorted/#unklar/ABU_22 für Drohneneinstellung Emir Stable Abu Khalid.mov']",
1725384,sudeten_drohnenaufnahmen,2:dff15ffc146a18588d1d4c4e5349f14f,01:00:00:00:25/1,01:18:29:02:25/1,"['tmp Martin/Download Vimeo sorted/Sudeten/sudeten_drohnenaufnahmen.mov', 'tmp Martin/++ Vimeo Pull and sorted/Download Vimeo sorted/Sudeten/sudeten_drohnenaufnahmen.mov']",
1725830,2019-10-17_18_20_drohnenaufnahmen,2:551b19b28ec70413cecc78c30a812bbb,01:00:00:00:25/1,01:41:52:19:25/1,"['tmp Martin/Download Vimeo sorted/#unklar/2019-10-17_18_20_drohnenaufnahmen.mov', 'tmp Martin/++ Vimeo Pull and sorted/Download Vimeo sorted/#unklar/2019-10-17_18_20_drohnenaufnahmen.mov']",
1732026,APA__4490586_Ukraine_War_Drones_Donetsk_1080i50-h264-4m,2:f4480e4be430802d0ad584ef004ef16c,00:00:00:00:25/1,00:02:52:02:25/1,ARCHIVE MASTER/Footage/Episode 01/APA/APA__4490586_Ukraine_War_Drones_Donetsk_1080i50-h264-4m.mxf,
1733593,2025-06-17_B-Roll_Pferderennen_DJI_20250331150034_0001,2:1467245b5143e46936c3f61f7c6476a6,00:00:00:00:25/1,00:00:36:04:25/1,tmp Marten/deleteMe/2025-06-17_B-Roll_Pferderennen_DJI_20250331150034_0001.mxf,
1733595,2025-06-17_B-Roll_Pferderennen_DJI_20250331150118_0002,2:4449bb1c879cbfc1e01f3704a4ff70b7,00:00:00:00:50/1,00:00:19:46:50/1,tmp Marten/deleteMe/2025-06-17_B-Roll_Pferderennen_DJI_20250331150118_0002.mxf,
1733596,2025-06-17_B-Roll_Pferderennen_DJI_20250331150157_0003,2:30a6f76db8e9fa2e825b81a6ba8f36f3,00:00:00:00:25/1,00:03:47:17:25/1,tmp Marten/deleteMe/2025-06-17_B-Roll_Pferderennen_DJI_20250331150157_0003.mxf,
1733597,2025-06-17_B-Roll_Pferderennen_DJI_20250331150545_0004,2:8bd785cd2dbf517f8c58232614993630,00:00:00:00:25/1,00:00:32:19:25/1,tmp Marten/deleteMe/2025-06-17_B-Roll_Pferderennen_DJI_20250331150545_0004.mxf,
1733598,2025-06-17_B-Roll_Pferderennen_DJI_20250331150631_0005,2:2d2d3e076d08593a7d86968442e69215,00:00:00:00:50/1,00:00:29:03:50/1,tmp Marten/deleteMe/2025-06-17_B-Roll_Pferderennen_DJI_20250331150631_0005.mxf,
1733599,2025-06-17_B-Roll_Pferderennen_DJI_20250331152215_0006,2:99195b1b3431a3ace65be671119be652,00:00:00:00:25/1,00:02:12:22:25/1,tmp Marten/deleteMe/2025-06-17_B-Roll_Pferderennen_DJI_20250331152215_0006.mxf,
1733600,2025-06-17_B-Roll_Pferderennen_DJI_20250331152440_0007,2:edcce80b583fdc271b50990532df7521,00:00:00:00:25/1,00:00:38:11:25/1,tmp Marten/deleteMe/2025-06-17_B-Roll_Pferderennen_DJI_20250331152440_0007.mxf,
1733601,2025-06-17_B-Roll_Pferderennen_DJI_20250514142026_0025,2:27eef12c3a4931f1a791fd0c7f3ec979,00:00:00:00:25/1,00:00:35:08:25/1,tmp Marten/deleteMe/2025-06-17_B-Roll_Pferderennen_DJI_20250514142026_0025.mxf,
1733602,2025-06-17_B-Roll_Pferderennen_DJI_20250514142109_0026,2:8f284ccb73cac90a23be69280ab503bf,00:00:00:00:50/1,00:01:37:41:50/1,tmp Marten/deleteMe/2025-06-17_B-Roll_Pferderennen_DJI_20250514142109_0026.mxf,
1733603,2025-06-17_B-Roll_Pferderennen_DJI_20250514142447_0029,2:77a35545b20b0e6973f7267e3780705a,00:00:00:00:25/1,00:03:24:09:25/1,tmp Marten/deleteMe/2025-06-17_B-Roll_Pferderennen_DJI_20250514142447_0029.mxf,
1733604,2025-06-17_B-Roll_Pferderennen_DJI_20250514142336_0028,2:d26a4f6bb656787a9d1a321f5ec5e0b8,00:00:00:00:50/1,00:00:47:22:50/1,tmp Marten/deleteMe/2025-06-17_B-Roll_Pferderennen_DJI_20250514142336_0028.mxf,
1733605,2025-06-17_B-Roll_Pferderennen_DJI_20250514142823_0030,2:76b7cd9197b0ea2d583f9cc6eabc46f4,00:00:00:00:50/1,00:01:27:34:50/1,tmp Marten/deleteMe/2025-06-17_B-Roll_Pferderennen_DJI_20250514142823_0030.mxf,
1733606,2025-06-17_B-Roll_Pferderennen_DJI_20250514142251_0027,2:fd87cf3dbeeb66b6942c0f667bdf0cf2,00:00:00:00:25/1,00:00:40:05:25/1,tmp Marten/deleteMe/2025-06-17_B-Roll_Pferderennen_DJI_20250514142251_0027.mxf,
1733607,2025-06-17_B-Roll_Pferderennen_DJI_20250514143010_0031,2:78e0ce455620314c39d8681c0eb11096,00:00:00:00:25/1,00:02:07:00:25/1,tmp Marten/deleteMe/2025-06-17_B-Roll_Pferderennen_DJI_20250514143010_0031.mxf,
1733608,2025-06-17_B-Roll_Pferderennen_DJI_20250514143303_0032,2:0baae8e68b877b952945745d44fa6fb2,00:00:00:00:50/1,00:02:01:12:50/1,tmp Marten/deleteMe/2025-06-17_B-Roll_Pferderennen_DJI_20250514143303_0032.mxf,
1733609,2025-06-17_B-Roll_Pferderennen_DJI_20250514143510_0033,2:dc901591d518e3b8ecbce360bc98254b,00:00:00:00:25/1,00:03:22:15:25/1,tmp Marten/deleteMe/2025-06-17_B-Roll_Pferderennen_DJI_20250514143510_0033.mxf,
1733610,2025-06-17_B-Roll_Pferderennen_DJI_20250514143835_0034,2:01390f45f02fd1794e36a8d94ffa8ce6,00:00:00:00:25/1,00:00:16:01:25/1,tmp Marten/deleteMe/2025-06-17_B-Roll_Pferderennen_DJI_20250514143835_0034.mxf,
1733611,2025-06-17_B-Roll_Pferderennen_DJI_20250514151221_0035,2:a9d1fcc8547878560d5f946799561f83,00:00:00:00:50/1,00:04:02:15:50/1,tmp Marten/deleteMe/2025-06-17_B-Roll_Pferderennen_DJI_20250514151221_0035.mxf,
1733612,2025-06-17_B-Roll_Pferderennen_DJI_20250514151623_0036,2:ab359471fc110aedb3170c6731000717,00:00:00:00:50/1,00:00:45:40:50/1,tmp Marten/deleteMe/2025-06-17_B-Roll_Pferderennen_DJI_20250514151623_0036.mxf,
1733613,2025-06-17_B-Roll_Pferderennen_DJI_20250514151723_0037,2:c8031ecfddf543d453ba5c715c8b34dc,00:00:00:00:25/1,00:00:52:19:25/1,tmp Marten/deleteMe/2025-06-17_B-Roll_Pferderennen_DJI_20250514151723_0037.mxf,
1733614,2025-06-17_B-Roll_Pferderennen_DJI_20250514151819_0038,2:1f20fb0ce880fdb45054f1fd9981678f,00:00:00:00:25/1,00:02:05:10:25/1,tmp Marten/deleteMe/2025-06-17_B-Roll_Pferderennen_DJI_20250514151819_0038.mxf,
1733615,2025-06-17_B-Roll_Pferderennen_DJI_20250514152030_0039,2:f182ab19c7f43b988c5864b6c92c6f75,00:00:00:00:50/1,00:02:09:05:50/1,tmp Marten/deleteMe/2025-06-17_B-Roll_Pferderennen_DJI_20250514152030_0039.mxf,
1733616,2025-06-17_B-Roll_Pferderennen_DJI_20250514152252_0040,2:17182739cdfa1fb3c8b0f9dc17a7d244,00:00:00:00:25/1,00:00:38:02:25/1,tmp Marten/deleteMe/2025-06-17_B-Roll_Pferderennen_DJI_20250514152252_0040.mxf,
1733617,2025-06-17_B-Roll_Pferderennen_DJI_20250514152545_0042,2:9300c50a081bdccc52e78191d324b11e,00:00:00:00:25/1,00:01:20:15:25/1,tmp Marten/deleteMe/2025-06-17_B-Roll_Pferderennen_DJI_20250514152545_0042.mxf,
1733618,2025-06-17_B-Roll_Pferderennen_DJI_20250514152340_0041,2:3c97f7eed7d02ae6be487b05534d5479,00:00:00:00:50/1,00:01:59:49:50/1,tmp Marten/deleteMe/2025-06-17_B-Roll_Pferderennen_DJI_20250514152340_0041.mxf,
1733619,2025-06-17_B-Roll_Pferderennen_DJI_20250514152719_0043,2:fb0126cd0b727b3218e0e810eb3e0177,00:00:00:00:25/1,00:00:32:03:25/1,tmp Marten/deleteMe/2025-06-17_B-Roll_Pferderennen_DJI_20250514152719_0043.mxf,
1733620,2025-06-17_B-Roll_Pferderennen_DJI_20250514152759_0044,2:9e604fdbe3fd00937e1bb3c04c874107,00:00:00:00:50/1,00:01:16:26:50/1,tmp Marten/deleteMe/2025-06-17_B-Roll_Pferderennen_DJI_20250514152759_0044.mxf,
1733621,2025-06-17_B-Roll_Pferderennen_DJI_20250515190151_0045,2:8ebb0c9ad433dc83dd0179a408419ca5,00:00:00:00:25/1,00:03:47:18:25/1,tmp Marten/deleteMe/2025-06-17_B-Roll_Pferderennen_DJI_20250515190151_0045.mxf,
1733622,2025-06-17_B-Roll_Pferderennen_DJI_20250515190539_0046,2:8604e197d71e1a4604bcd6ead0dc4b95,00:00:00:00:25/1,00:02:25:10:25/1,tmp Marten/deleteMe/2025-06-17_B-Roll_Pferderennen_DJI_20250515190539_0046.mxf,
1733623,2025-06-17_B-Roll_Pferderennen_DJI_20250515190848_0047,2:8dae81d4efb358c92738f8b812fb03d4,00:00:00:00:25/1,00:00:57:21:25/1,tmp Marten/deleteMe/2025-06-17_B-Roll_Pferderennen_DJI_20250515190848_0047.mxf,
1733624,2025-06-17_B-Roll_Pferderennen_DJI_20250515190955_0048,2:b6bd2191e3b3d177e573632a678ca03b,00:00:00:00:25/1,00:00:49:02:25/1,tmp Marten/deleteMe/2025-06-17_B-Roll_Pferderennen_DJI_20250515190955_0048.mxf,
1733625,2025-06-17_B-Roll_Pferderennen_DJI_20250515191049_0049,2:c92c1c5e540d6537c18beb8b63099978,00:00:00:00:25/1,00:01:05:03:25/1,tmp Marten/deleteMe/2025-06-17_B-Roll_Pferderennen_DJI_20250515191049_0049.mxf,
1733626,2025-06-17_B-Roll_Pferderennen_DJI_20250515201002_0050,2:37b579624be3644f64f10e52a5bd60eb,00:00:00:00:25/1,00:03:47:18:25/1,tmp Marten/deleteMe/2025-06-17_B-Roll_Pferderennen_DJI_20250515201002_0050.mxf,
1733627,2025-06-17_B-Roll_Pferderennen_DJI_20250515201350_0051,2:ec5bb92644cc6b5cf9e6ff89aaa36428,00:00:00:00:25/1,00:02:22:24:25/1,tmp Marten/deleteMe/2025-06-17_B-Roll_Pferderennen_DJI_20250515201350_0051.mxf,
1733628,2025-06-17_B-Roll_Pferderennen_DJI_20250515201624_0052,2:cd616d598a67c163ef06355bb4f0cbda,00:00:00:00:50/1,00:04:02:14:50/1,tmp Marten/deleteMe/2025-06-17_B-Roll_Pferderennen_DJI_20250515201624_0052.mxf,
1733629,2025-06-17_B-Roll_Pferderennen_DJI_20250516103406_0054,2:cf2bde1464136d2b0e9f06d096eff490,00:00:00:00:25/1,00:01:08:20:25/1,tmp Marten/deleteMe/2025-06-17_B-Roll_Pferderennen_DJI_20250516103406_0054.mxf,
1733630,2025-06-17_B-Roll_Pferderennen_DJI_20250515202026_0053,2:3e2f867179ccb15237f52caa8731199b,00:00:00:00:50/1,00:01:06:42:50/1,tmp Marten/deleteMe/2025-06-17_B-Roll_Pferderennen_DJI_20250515202026_0053.mxf,
1733631,2025-06-17_B-Roll_Pferderennen_DJI_20250516103521_0055,2:4f5f18cb4585b551cc53ebac68687546,00:00:00:00:50/1,00:02:33:23:50/1,tmp Marten/deleteMe/2025-06-17_B-Roll_Pferderennen_DJI_20250516103521_0055.mxf,
1733632,2025-06-17_B-Roll_Pferderennen_DJI_20250516103800_0056,2:c178de469ad0675b738fc0cc304061e1,00:00:00:00:25/1,00:01:52:09:25/1,tmp Marten/deleteMe/2025-06-17_B-Roll_Pferderennen_DJI_20250516103800_0056.mxf,
1733633,2025-06-17_B-Roll_Pferderennen_DJI_20250516123036_0057,2:26632d8f5b80501dec8811d74b96b656,00:00:00:00:25/1,00:01:22:05:25/1,tmp Marten/deleteMe/2025-06-17_B-Roll_Pferderennen_DJI_20250516123036_0057.mxf,
1733634,2025-06-17_B-Roll_Pferderennen_DJI_20250516123208_0058,2:3b596667a61bcf19c1fd2feed686f798,00:00:00:00:50/1,00:01:39:14:50/1,tmp Marten/deleteMe/2025-06-17_B-Roll_Pferderennen_DJI_20250516123208_0058.mxf,
1733635,2025-06-17_B-Roll_Pferderennen_DJI_20250516123357_0059,2:132adefa671fcfd30ca8968f15a46c42,00:00:00:00:25/1,00:02:06:07:25/1,tmp Marten/deleteMe/2025-06-17_B-Roll_Pferderennen_DJI_20250516123357_0059.mxf,
1733636,2025-06-17_B-Roll_Pferderennen_DJI_20250516123616_0060,2:f2fce06ec802c7fc624ed0a19883c995,00:00:00:00:50/1,00:00:11:27:50/1,tmp Marten/deleteMe/2025-06-17_B-Roll_Pferderennen_DJI_20250516123616_0060.mxf,
1751658,"['DJI_0177', 'JBF__DJI_0177__Daikundi']",2:f4bc4bab57a1e65ec6093d2e0c03e92f,00:00:00:00:25/1,00:00:04:24:25/1,"['Archive Masters/JBF B-Roll Footage/Lucio/drone/Daikundi/JBF__DJI_0177.MP4', 'Archive Masters/JBF B-Roll Footage/Lucio/drone/Daikundi/JBF__DJI_0177__Daikundi.MP4', 'Archive Masters/01 Footage/JBF B-Roll Footage/Lucio/drone/Daikundi/JBF__DJI_0177__Daikundi.MP4']",
1751659,"['DJI_0063', 'JBF__DJI_0063__Bamyan']",2:862c8854147d2eac7442424696f5ece1,00:00:00:00:24000/1001,00:00:20:03:24000/1001,"['Archive Masters/JBF B-Roll Footage/Lucio/drone/bamyan/JBF__DJI_0063.MOV', 'Archive Masters/JBF B-Roll Footage/Lucio/drone/bamyan/JBF__DJI_0063__Bamyan.MOV', 'Archive Masters/01 Footage/JBF B-Roll Footage/Lucio/drone/bamyan/JBF__DJI_0063__Bamyan.MOV']",
1751663,"['DJI_0025', 'JBF__DJI_0025__Cemetaries']",2:745d6e9ff9bdf5abf8021d1162c0d30b,00:00:00:00:25/1,00:04:57:09:25/1,"['Archive Masters/JBF B-Roll Footage/Lucio/Cemetaries/JBF__DJI_0025.MOV', 'Archive Masters/JBF B-Roll Footage/Lucio/Cemetaries/JBF__DJI_0025__Cemetaries.MOV', 'Archive Masters/01 Footage/JBF B-Roll Footage/Lucio/Cemetaries/JBF__DJI_0025__Cemetaries.MOV']",
1751671,"['DJI_0008', 'JBF__DJI_0008__Bamyan']",2:3a8289357b42033b1bcc374276551c71,00:00:00:00:24000/1001,00:09:05:07:24000/1001,"['Archive Masters/JBF B-Roll Footage/Lucio/drone/bamyan/JBF__DJI_0008.MOV', 'Archive Masters/JBF B-Roll Footage/Lucio/drone/bamyan/JBF__DJI_0008__Bamyan.MOV', 'Archive Masters/01 Footage/JBF B-Roll Footage/Lucio/drone/bamyan/JBF__DJI_0008__Bamyan.MOV']",
1751673,"['DJI_0206', 'JBF__DJI_0206__Badakhshan']",2:5125f8e8b992ac2b6c920e29e69d678a,00:00:00:00:24000/1001,00:02:27:03:24000/1001,"['Archive Masters/JBF B-Roll Footage/Lucio/drone/Badakhshan/JBF__DJI_0206.MOV', 'Archive Masters/JBF B-Roll Footage/Lucio/drone/Badakhshan/JBF__DJI_0206__Badakhshan.MOV', 'Archive Masters/01 Footage/JBF B-Roll Footage/Lucio/drone/Badakhshan/JBF__DJI_0206__Badakhshan.MOV']",
1751674,"['DJI_0082', 'JBF__DJI_0082__Daikundi']",2:a4123511a6f27dfcbf8c3c97d3d3838c,00:00:00:00:24000/1001,00:03:35:01:24000/1001,"['Archive Masters/JBF B-Roll Footage/Lucio/drone/Daikundi/JBF__DJI_0082.MOV', 'Archive Masters/JBF B-Roll Footage/Lucio/drone/Daikundi/JBF__DJI_0082__Daikundi.MOV', 'Archive Masters/01 Footage/JBF B-Roll Footage/Lucio/drone/Daikundi/JBF__DJI_0082__Daikundi.MOV']",
1751676,"['DJI_0993', 'JBF__DJI_0993__Bamyan']",2:1fcfc040016564337f31a7d513d518e6,00:00:00:00:24000/1001,00:02:39:20:24000/1001,"['Archive Masters/JBF B-Roll Footage/Lucio/drone/bamyan/JBF__DJI_0993.MOV', 'Archive Masters/JBF B-Roll Footage/Lucio/drone/bamyan/JBF__DJI_0993__Bamyan.MOV', 'Archive Masters/01 Footage/JBF B-Roll Footage/Lucio/drone/bamyan/JBF__DJI_0993__Bamyan.MOV']",
1751677,"['DJI_0066', 'JBF__DJI_0066__Bamyan']",2:fba431461b5c74a5b4829a2a5b6141b4,00:00:00:00:24000/1001,00:00:18:17:24000/1001,"['Archive Masters/JBF B-Roll Footage/Lucio/drone/bamyan/JBF__DJI_0066.MOV', 'Archive Masters/JBF B-Roll Footage/Lucio/drone/bamyan/JBF__DJI_0066__Bamyan.MOV', 'Archive Masters/01 Footage/JBF B-Roll Footage/Lucio/drone/bamyan/JBF__DJI_0066__Bamyan.MOV']",
1751678,"['DJI_0198', 'JBF__DJI_0198 (1)__Daikundi']",2:b35b2a5f57c287ec02c25abbc9c46032,00:00:00:00:24000/1001,00:04:48:03:24000/1001,"['Archive Masters/JBF B-Roll Footage/Lucio/drone/Daikundi/JBF__DJI_0198 (1).mov', 'Archive Masters/JBF B-Roll Footage/Lucio/drone/Daikundi/JBF__DJI_0198 (1)__Daikundi.mov', 'Archive Masters/01 Footage/JBF B-Roll Footage/Lucio/drone/Daikundi/JBF__DJI_0198 (1)__Daikundi.mov']",
1751682,"['DJI_0521', 'JBF__DJI_0521__Daikundi']",2:8068a0d10dfa78c3e1a929460bd5af4d,00:00:00:00:24000/1001,00:03:05:12:24000/1001,"['Archive Masters/JBF B-Roll Footage/Lucio/drone/Daikundi/JBF__DJI_0521.MOV', 'Archive Masters/JBF B-Roll Footage/Lucio/drone/Daikundi/JBF__DJI_0521__Daikundi.MOV', 'Archive Masters/01 Footage/JBF B-Roll Footage/Lucio/drone/Daikundi/JBF__DJI_0521__Daikundi.MOV']",
1751683,"['DJI_0618', 'JBF__DJI_0618__Daikundi']",2:2c7e2a0cd25f82400bd77da6b387f1da,00:00:00:00:24000/1001,00:05:00:17:24000/1001,"['Archive Masters/JBF B-Roll Footage/Lucio/drone/Daikundi/JBF__DJI_0618.MOV', 'Archive Masters/JBF B-Roll Footage/Lucio/drone/Daikundi/JBF__DJI_0618__Daikundi.MOV', 'Archive Masters/01 Footage/JBF B-Roll Footage/Lucio/drone/Daikundi/JBF__DJI_0618__Daikundi.MOV']",
1751684,"['DJI_0197', 'JBF__DJI_0197__Daikundi']",2:a9eb2ea98d999eb737340a08f4748046,00:00:00:00:24000/1001,00:04:48:14:24000/1001,"['Archive Masters/JBF B-Roll Footage/Lucio/drone/Daikundi/JBF__DJI_0197.MOV', 'Archive Masters/JBF B-Roll Footage/Lucio/drone/Daikundi/JBF__DJI_0197__Daikundi.MOV', 'Archive Masters/01 Footage/JBF B-Roll Footage/Lucio/drone/Daikundi/JBF__DJI_0197__Daikundi.MOV']",
1751686,"['DJI_0551', 'JBF__DJI_0551__Daikundi']",2:ac8364ddea1501becac8d4c2213301aa,00:00:00:00:24000/1001,00:04:48:03:24000/1001,"['Archive Masters/JBF B-Roll Footage/Lucio/drone/Daikundi/JBF__DJI_0551 2.MOV', 'Archive Masters/JBF B-Roll Footage/Lucio/drone/Daikundi/JBF__DJI_0551.MOV', 'Archive Masters/JBF B-Roll Footage/Lucio/drone/Daikundi/JBF__DJI_0551 2__Daikundi.MOV', 'Archive Masters/JBF B-Roll Footage/Lucio/drone/Daikundi/JBF__DJI_0551__Daikundi.MOV', 'Archive Masters/01 Footage/JBF B-Roll Footage/Lucio/drone/Daikundi/JBF__DJI_0551 2__Daikundi.MOV', 'Archive Masters/01 Footage/JBF B-Roll Footage/Lucio/drone/Daikundi/JBF__DJI_0551__Daikundi.MOV']",
1751688,"['DJI_0016', 'JBF__DJI_0016__Bamyan']",2:174dbb7d6f9384c4322d069d54589f5d,00:00:00:00:24000/1001,00:04:04:07:24000/1001,"['Archive Masters/JBF B-Roll Footage/Lucio/drone/bamyan/JBF__DJI_0016.MOV', 'Archive Masters/JBF B-Roll Footage/Lucio/drone/bamyan/JBF__DJI_0016__Bamyan.MOV', 'Archive Masters/01 Footage/JBF B-Roll Footage/Lucio/drone/bamyan/JBF__DJI_0016__Bamyan.MOV']",
1751692,"['DJI_0109', 'JBF__DJI_0109__Badakhshan 2']",2:ba75725286e9da82fcfaf3c9a6b75b37,00:00:00:00:25/1,00:05:00:18:25/1,"['Archive Masters/JBF B-Roll Footage/Lucio/drone/Badakhshan/JBF__DJI_0109.MOV', 'Archive Masters/JBF B-Roll Footage/Lucio/drone/Badakhshan/JBF__DJI_0109__Badakhshan 2.MOV', 'Archive Masters/01 Footage/JBF B-Roll Footage/Lucio/drone/Badakhshan/JBF__DJI_0109__Badakhshan 2.MOV']",
1751693,"['DJI_0001 2', 'JBF__DJI_0001 __Badakhshan2']",2:c1500c003e48630bdb0e320952755f78,00:00:00:00:24000/1001,00:04:48:00:24000/1001,"['Archive Masters/JBF B-Roll Footage/Lucio/drone/Badakhshan/JBF__DJI_0001 2.MOV', 'Archive Masters/JBF B-Roll Footage/Lucio/drone/Badakhshan/JBF__DJI_0001 __Badakhshan2.MOV', 'Archive Masters/01 Footage/JBF B-Roll Footage/Lucio/drone/Badakhshan/JBF__DJI_0001 __Badakhshan2.MOV']",
1751699,"['DJI_0016', 'JBF__DJI_0016__Daikundi']",2:0738dd71eb67adb1d09799fa89def58e,00:00:00:00:24000/1001,00:01:12:11:24000/1001,"['Archive Masters/JBF B-Roll Footage/Lucio/drone/Daikundi/JBF__DJI_0016.MOV', 'Archive Masters/JBF B-Roll Footage/Lucio/drone/Daikundi/JBF__DJI_0016__Daikundi.MOV', 'Archive Masters/01 Footage/JBF B-Roll Footage/Lucio/drone/Daikundi/JBF__DJI_0016__Daikundi.MOV']",
1751701,"['DJI_0103', 'JBF__DJI_0103__Bamyan']",2:adbc0cf7dffa1fa1638b26cdc7a25e81,00:00:00:00:24000/1001,00:01:01:10:24000/1001,"['Archive Masters/JBF B-Roll Footage/Lucio/drone/bamyan/JBF__DJI_0103.MOV', 'Archive Masters/JBF B-Roll Footage/Lucio/drone/bamyan/JBF__DJI_0103__Bamyan.MOV', 'Archive Masters/01 Footage/JBF B-Roll Footage/Lucio/drone/bamyan/JBF__DJI_0103__Bamyan.MOV']",
1751704,"['DJI_0197', 'JBF__DJI_0197 (1)__Daikundi']",2:58b6873879cc3d6a1d3eab23e148816c,00:00:00:00:24000/1001,00:04:48:03:24000/1001,"['Archive Masters/JBF B-Roll Footage/Lucio/drone/Daikundi/JBF__DJI_0197 (1).mov', 'Archive Masters/JBF B-Roll Footage/Lucio/drone/Daikundi/JBF__DJI_0197 (1)__Daikundi.mov', 'Archive Masters/01 Footage/JBF B-Roll Footage/Lucio/drone/Daikundi/JBF__DJI_0197 (1)__Daikundi.mov']",
1751705,"['DJI_0064', 'JBF__DJI_0064__Bamyan']",2:5ff230c251fdace71a1d46020b193565,00:00:00:00:24000/1001,00:04:48:03:24000/1001,"['Archive Masters/JBF B-Roll Footage/Lucio/drone/bamyan/JBF__DJI_0064.MOV', 'Archive Masters/JBF B-Roll Footage/Lucio/drone/bamyan/JBF__DJI_0064__Bamyan.MOV', 'Archive Masters/01 Footage/JBF B-Roll Footage/Lucio/drone/bamyan/JBF__DJI_0064__Bamyan.MOV']",
1751707,"['DJI_0553', 'JBF__DJI_0553__Daikundi']",2:e9d593509808defd19eb60e2dc508dc0,00:00:00:00:24000/1001,00:00:10:15:24000/1001,"['Archive Masters/JBF B-Roll Footage/Lucio/drone/Daikundi/JBF__DJI_0553.MOV', 'Archive Masters/JBF B-Roll Footage/Lucio/drone/Daikundi/JBF__DJI_0553__Daikundi.MOV', 'Archive Masters/01 Footage/JBF B-Roll Footage/Lucio/drone/Daikundi/JBF__DJI_0553__Daikundi.MOV']",
1751708,"['DJI_0026', 'JBF__DJI_0026__Cemetaries']",2:78944860837bad5bd3f13d747938ffb5,00:00:00:00:25/1,00:05:00:17:25/1,"['Archive Masters/JBF B-Roll Footage/Lucio/Cemetaries/JBF__DJI_0026.MOV', 'Archive Masters/JBF B-Roll Footage/Lucio/Cemetaries/JBF__DJI_0026__Cemetaries.MOV', 'Archive Masters/01 Footage/JBF B-Roll Footage/Lucio/Cemetaries/JBF__DJI_0026__Cemetaries.MOV']",
1751710,"['DJI_0008 3', 'JBF__DJI_0008 3__Bamyan']",2:7a146e89c8448050403a4bfc30bf9ff1,00:00:00:00:24000/1001,00:02:09:01:24000/1001,"['Archive Masters/JBF B-Roll Footage/Lucio/drone/bamyan/JBF__DJI_0008 2.MOV', 'Archive Masters/JBF B-Roll Footage/Lucio/drone/bamyan/JBF__DJI_0008 3.MOV', 'Archive Masters/JBF B-Roll Footage/Lucio/drone/bamyan/JBF__DJI_0008 3__Bamyan.MOV', 'Archive Masters/JBF B-Roll Footage/Lucio/drone/bamyan/JBF__DJI_0008 2__Bamyan.MOV', 'Archive Masters/01 Footage/JBF B-Roll Footage/Lucio/drone/bamyan/JBF__DJI_0008 2__Bamyan.MOV', 'Archive Masters/01 Footage/JBF B-Roll Footage/Lucio/drone/bamyan/JBF__DJI_0008 3__Bamyan.MOV']",
1751714,"['DJI_0754', 'JBF__DJI_0754__Daikundi']",2:cb03b5b1789468957680f631f5e58156,00:00:00:00:24000/1001,00:03:04:18:24000/1001,"['Archive Masters/JBF B-Roll Footage/Lucio/drone/Daikundi/JBF__DJI_0754.MOV', 'Archive Masters/JBF B-Roll Footage/Lucio/drone/Daikundi/JBF__DJI_0754__Daikundi.MOV', 'Archive Masters/01 Footage/JBF B-Roll Footage/Lucio/drone/Daikundi/JBF__DJI_0754__Daikundi.MOV']",
1751716,"['DJI_0086', 'JBF__DJI_0086__Baghdis']",2:4130acac0c5bcc201da44a98cf3937c1,00:00:00:00:25/1,00:05:00:17:25/1,"['Archive Masters/JBF B-Roll Footage/Lucio/drone/Baghdis/JBF__DJI_0086.MOV', 'Archive Masters/JBF B-Roll Footage/Lucio/drone/Baghdis/JBF__DJI_0086__Baghdis.MOV', 'Archive Masters/01 Footage/JBF B-Roll Footage/Lucio/drone/Baghdis/JBF__DJI_0086__Baghdis.MOV']",
1751717,"['DJI_0009', 'JBF__DJI_0009__Bamyan']",2:d79c8ed78a7d49c2f11bb1068f64ea2d,00:00:00:00:24000/1001,00:05:45:10:24000/1001,"['Archive Masters/JBF B-Roll Footage/Lucio/drone/bamyan/JBF__DJI_0009.MOV', 'Archive Masters/JBF B-Roll Footage/Lucio/drone/bamyan/JBF__DJI_0009__Bamyan.MOV', 'Archive Masters/01 Footage/JBF B-Roll Footage/Lucio/drone/bamyan/JBF__DJI_0009__Bamyan.MOV']",
1751723,"['DJI_0003', 'JBF__DJI_0003__Bamyan']",2:ffa2b29baa883445f6ffe192399385de,00:00:00:00:24000/1001,00:04:44:19:24000/1001,"['Archive Masters/JBF B-Roll Footage/Lucio/drone/bamyan/JBF__DJI_0003.MOV', 'Archive Masters/JBF B-Roll Footage/Lucio/drone/bamyan/JBF__DJI_0003__Bamyan.MOV', 'Archive Masters/01 Footage/JBF B-Roll Footage/Lucio/drone/bamyan/JBF__DJI_0003__Bamyan.MOV']",
1751724,"['DJI_0080', 'JBF__DJI_0080__Poetic']",2:f7808d395947ae734b8f5bccaecac24d,00:00:00:00:24000/1001,00:00:11:09:24000/1001,"['Archive Masters/JBF B-Roll Footage/Lucio/drone/Daikundi/JBF__DJI_0080.MOV', 'Archive Masters/JBF B-Roll Footage/Lucio/Poetic/JBF__DJI_0080.MOV', 'Archive Masters/JBF B-Roll Footage/Lucio/drone/Daikundi/JBF__DJI_0080__Daikundi.MOV', 'Archive Masters/JBF B-Roll Footage/Lucio/Poetic/JBF__DJI_0080__Poetic.MOV', 'Archive Masters/01 Footage/JBF B-Roll Footage/Lucio/Poetic/JBF__DJI_0080__Poetic.MOV', 'Archive Masters/01 Footage/JBF B-Roll Footage/Lucio/drone/Daikundi/JBF__DJI_0080__Daikundi.MOV']",
1751725,"['DJI_0087', 'JBF__DJI_0087__Daikundi']",2:6e40e177cd3941fa1f82268961f1d8c7,00:00:00:00:24000/1001,00:02:50:23:24000/1001,"['Archive Masters/JBF B-Roll Footage/Lucio/drone/Daikundi/JBF__DJI_0087.MOV', 'Archive Masters/JBF B-Roll Footage/Lucio/drone/Daikundi/JBF__DJI_0087__Daikundi.MOV', 'Archive Masters/01 Footage/JBF B-Roll Footage/Lucio/drone/Daikundi/JBF__DJI_0087__Daikundi.MOV']",
1751726,"['DJI_0109', 'JBF__DJI_0109__Bamyan']",2:c1ba0e74d5e1838dc427b8d82ff7cfec,00:00:00:00:24000/1001,00:00:07:21:24000/1001,"['Archive Masters/JBF B-Roll Footage/Lucio/drone/bamyan/JBF__DJI_0109.MOV', 'Archive Masters/JBF B-Roll Footage/Lucio/drone/bamyan/JBF__DJI_0109__Bamyan.MOV', 'Archive Masters/01 Footage/JBF B-Roll Footage/Lucio/drone/bamyan/JBF__DJI_0109__Bamyan.MOV']",
1751728,"['DJI_0184', 'JBF__DJI_0184__Daikundi']",2:00f51ff5109204648674dfff2a74f2f1,00:00:00:00:24000/1001,00:04:48:03:24000/1001,"['Archive Masters/JBF B-Roll Footage/Lucio/drone/Daikundi/JBF__DJI_0184.MOV', 'Archive Masters/JBF B-Roll Footage/Lucio/drone/Daikundi/JBF__DJI_0184__Daikundi.MOV', 'Archive Masters/01 Footage/JBF B-Roll Footage/Lucio/drone/Daikundi/JBF__DJI_0184__Daikundi.MOV']",
1751729,"['DJI_0060', 'JBF__DJI_0060__Bamyan']",2:824c0de493465b3910744380143e5d93,00:00:00:00:24000/1001,00:04:48:03:24000/1001,"['Archive Masters/JBF B-Roll Footage/Lucio/drone/bamyan/JBF__DJI_0060.MOV', 'Archive Masters/JBF B-Roll Footage/Lucio/drone/bamyan/JBF__DJI_0060__Bamyan.MOV', 'Archive Masters/01 Footage/JBF B-Roll Footage/Lucio/drone/bamyan/JBF__DJI_0060__Bamyan.MOV']",
1751731,"['DJI_0193', 'JBF__DJI_0193__Daikundi']",2:dbce86766fd051014653d72713273313,00:00:00:00:24000/1001,00:04:15:03:24000/1001,"['Archive Masters/JBF B-Roll Footage/Lucio/drone/Daikundi/JBF__DJI_0193.MOV', 'Archive Masters/JBF B-Roll Footage/Lucio/drone/Daikundi/JBF__DJI_0193__Daikundi.MOV', 'Archive Masters/01 Footage/JBF B-Roll Footage/Lucio/drone/Daikundi/JBF__DJI_0193__Daikundi.MOV']",
1751732,"['DJI_0024', 'JBF__DJI_0024__Cemetaries']",2:91d1ddaf114930bef7c9b1153236da68,00:00:00:00:25/1,00:05:00:17:25/1,"['Archive Masters/JBF B-Roll Footage/Lucio/Cemetaries/JBF__DJI_0024.MOV', 'Archive Masters/JBF B-Roll Footage/Lucio/Cemetaries/JBF__DJI_0024__Cemetaries.MOV', 'Archive Masters/01 Footage/JBF B-Roll Footage/Lucio/Cemetaries/JBF__DJI_0024__Cemetaries.MOV']",
1751734,"['DJI_0081', 'JBF__DJI_0081__Daikundi']",2:800dfdce78ca94ff21fd04ec3666423d,00:00:00:00:25/1,00:00:02:08:25/1,"['Archive Masters/JBF B-Roll Footage/Lucio/drone/Daikundi/JBF__DJI_0081.MP4', 'Archive Masters/JBF B-Roll Footage/Lucio/drone/Daikundi/JBF__DJI_0081__Daikundi.MP4', 'Archive Masters/01 Footage/JBF B-Roll Footage/Lucio/drone/Daikundi/JBF__DJI_0081__Daikundi.MP4']",
1751736,"['DJI_0557', 'JBF__DJI_0557__Daikundi']",2:e22642fa3cabc9124ed251747f1ad0ee,00:00:00:00:24000/1001,00:04:48:03:24000/1001,"['Archive Masters/JBF B-Roll Footage/Lucio/drone/Daikundi/JBF__DJI_0557.MOV', 'Archive Masters/JBF B-Roll Footage/Lucio/drone/Daikundi/JBF__DJI_0557__Daikundi.MOV', 'Archive Masters/01 Footage/JBF B-Roll Footage/Lucio/drone/Daikundi/JBF__DJI_0557__Daikundi.MOV']",
1751737,"['DJI_0054', 'JBF__DJI_0054__Bamyan']",2:ffbf85c7c192f0bcb27c7933b194abfc,00:00:00:00:24000/1001,00:04:48:03:24000/1001,"['Archive Masters/JBF B-Roll Footage/Lucio/drone/bamyan/JBF__DJI_0054.MOV', 'Archive Masters/JBF B-Roll Footage/Lucio/drone/bamyan/JBF__DJI_0054__Bamyan.MOV', 'Archive Masters/01 Footage/JBF B-Roll Footage/Lucio/drone/bamyan/JBF__DJI_0054__Bamyan.MOV']",
1751741,"['DJI_0755', 'JBF__DJI_0755__Daikundi']",2:25e20dc5928cba39e77de4e22dcddd01,00:00:00:00:24000/1001,00:04:48:03:24000/1001,"['Archive Masters/JBF B-Roll Footage/Lucio/drone/Daikundi/JBF__DJI_0755.MOV', 'Archive Masters/JBF B-Roll Footage/Lucio/drone/Daikundi/JBF__DJI_0755__Daikundi.MOV', 'Archive Masters/01 Footage/JBF B-Roll Footage/Lucio/drone/Daikundi/JBF__DJI_0755__Daikundi.MOV']",
1751742,"['DJI_0580', 'JBF__DJI_0580 (1)__Daikundi']",2:528f3126c7b54c52a3d118a0d734f84d,00:00:00:00:24000/1001,00:01:32:10:24000/1001,"['Archive Masters/JBF B-Roll Footage/Lucio/drone/Daikundi/JBF__DJI_0580 (1).mov', 'Archive Masters/JBF B-Roll Footage/Lucio/drone/Daikundi/JBF__DJI_0580 (1)__Daikundi.mov', 'Archive Masters/01 Footage/JBF B-Roll Footage/Lucio/drone/Daikundi/JBF__DJI_0580 (1)__Daikundi.mov']",
1751743,"['DJI_0216', 'JBF__DJI_0216__Badakhshan']",2:2cd9fa1dea718c0314d9695389a6bad8,00:00:00:00:24000/1001,00:05:00:16:24000/1001,"['Archive Masters/JBF B-Roll Footage/Lucio/drone/Badakhshan/JBF__DJI_0216.MOV', 'Archive Masters/JBF B-Roll Footage/Lucio/drone/Badakhshan/JBF__DJI_0216__Badakhshan.MOV', 'Archive Masters/01 Footage/JBF B-Roll Footage/Lucio/drone/Badakhshan/JBF__DJI_0216__Badakhshan.MOV']",
1751747,"['DJI_0001', 'JBF__DJI_0001__Bamyan']",2:4716031bfa142f4e50cec80d56027cca,00:00:00:00:24000/1001,00:06:28:00:24000/1001,"['Archive Masters/JBF B-Roll Footage/Lucio/drone/bamyan/JBF__DJI_0001.MOV', 'Archive Masters/JBF B-Roll Footage/Lucio/drone/bamyan/JBF__DJI_0001__Bamyan.MOV', 'Archive Masters/01 Footage/JBF B-Roll Footage/Lucio/drone/bamyan/JBF__DJI_0001__Bamyan.MOV']",
1751749,"['DJI_0084', 'JBF__DJI_0084__Daikundi']",2:787e3a50bfe22dadd271313579468716,00:00:00:00:24000/1001,00:03:43:13:24000/1001,"['Archive Masters/JBF B-Roll Footage/Lucio/drone/Daikundi/JBF__DJI_0084.MOV', 'Archive Masters/JBF B-Roll Footage/Lucio/drone/Daikundi/JBF__DJI_0084__Daikundi.MOV', 'Archive Masters/01 Footage/JBF B-Roll Footage/Lucio/drone/Daikundi/JBF__DJI_0084__Daikundi.MOV']",
1751751,"['DJI_0999', 'JBF__DJI_0999__Bamyan']",2:b371cf6d919b207928e4920c459e6863,00:00:00:00:24000/1001,00:01:22:17:24000/1001,"['Archive Masters/JBF B-Roll Footage/Lucio/drone/bamyan/JBF__DJI_0999.MOV', 'Archive Masters/JBF B-Roll Footage/Lucio/drone/bamyan/JBF__DJI_0999__Bamyan.MOV', 'Archive Masters/01 Footage/JBF B-Roll Footage/Lucio/drone/bamyan/JBF__DJI_0999__Bamyan.MOV']",
1751753,"['DJI_0083', 'JBF__DJI_0083__Daikundi']",2:70e10c4909e0205d7a7851602d4eb0af,00:00:00:00:24000/1001,00:04:48:03:24000/1001,"['Archive Masters/JBF B-Roll Footage/Lucio/drone/Daikundi/JBF__DJI_0083.MOV', 'Archive Masters/JBF B-Roll Footage/Lucio/drone/Daikundi/JBF__DJI_0083__Daikundi.MOV', 'Archive Masters/01 Footage/JBF B-Roll Footage/Lucio/drone/Daikundi/JBF__DJI_0083__Daikundi.MOV']",
1751754,"['DJI_0102', 'JBF__DJI_0102__Bamyan']",2:7b27279d897ceb7a8033afbb7cee5e94,00:00:00:00:24000/1001,00:04:48:04:24000/1001,"['Archive Masters/JBF B-Roll Footage/Lucio/drone/bamyan/JBF__DJI_0102.MOV', 'Archive Masters/JBF B-Roll Footage/Lucio/drone/bamyan/JBF__DJI_0102__Bamyan.MOV', 'Archive Masters/01 Footage/JBF B-Roll Footage/Lucio/drone/bamyan/JBF__DJI_0102__Bamyan.MOV']",
1751755,"['DJI_0005', 'JBF__DJI_0005__Badakhshan']",2:2d2b2810d3d2b66e0a3fd10532e22214,00:00:00:00:24000/1001,00:04:48:04:24000/1001,"['Archive Masters/JBF B-Roll Footage/Lucio/drone/Badakhshan/JBF__DJI_0005.MOV', 'Archive Masters/JBF B-Roll Footage/Lucio/drone/Badakhshan/JBF__DJI_0005__Badakhshan.MOV', 'Archive Masters/01 Footage/JBF B-Roll Footage/Lucio/drone/Badakhshan/JBF__DJI_0005__Badakhshan.MOV']",
1751758,"['DJI_0001', 'JBF__DJI_0001__Flags']",2:bec928231cc3252dcd4d7ad666947874,00:00:00:00:24000/1001,00:09:05:07:24000/1001,"['Archive Masters/JBF B-Roll Footage/Lucio/Flags/JBF__DJI_0001.MOV', 'Archive Masters/JBF B-Roll Footage/Lucio/drone/Afghan Flag/JBF__DJI_0001.MOV', 'Archive Masters/JBF B-Roll Footage/Lucio/Flags/JBF__DJI_0001__Flags.MOV', 'Archive Masters/JBF B-Roll Footage/Lucio/drone/Afghan Flag/JBF__DJI_0001__Afghan Flag.MOV', 'Archive Masters/01 Footage/JBF B-Roll Footage/Lucio/Flags/JBF__DJI_0001__Flags.MOV', 'Archive Masters/01 Footage/JBF B-Roll Footage/Lucio/drone/Afghan Flag/JBF__DJI_0001__Afghan Flag.MOV']",
1751759,"['DJI_0196', 'JBF__DJI_0196__Daikundi']",2:e24fb0a9f14bb38716ef09d643cb29df,00:00:00:00:24000/1001,00:04:48:03:24000/1001,"['Archive Masters/JBF B-Roll Footage/Lucio/drone/Daikundi/JBF__DJI_0196.MOV', 'Archive Masters/JBF B-Roll Footage/Lucio/drone/Daikundi/JBF__DJI_0196__Daikundi.MOV', 'Archive Masters/01 Footage/JBF B-Roll Footage/Lucio/drone/Daikundi/JBF__DJI_0196__Daikundi.MOV']",
1751760,"['DJI_0056', 'JBF__DJI_0056__Bamyan']",2:d2cb7b0e8b2a636a3a4030e213e26963,00:00:00:00:24000/1001,00:04:48:03:24000/1001,"['Archive Masters/JBF B-Roll Footage/Lucio/drone/bamyan/JBF__DJI_0056.MOV', 'Archive Masters/JBF B-Roll Footage/Lucio/drone/bamyan/JBF__DJI_0056__Bamyan.MOV', 'Archive Masters/01 Footage/JBF B-Roll Footage/Lucio/drone/bamyan/JBF__DJI_0056__Bamyan.MOV']",
1751770,"['DJI_0997', 'JBF__DJI_0997__Bamyan']",2:94e5d4350d4d2c30225b4061703dcff8,00:00:00:00:24000/1001,00:04:48:01:24000/1001,"['Archive Masters/JBF B-Roll Footage/Lucio/drone/bamyan/JBF__DJI_0997.MOV', 'Archive Masters/JBF B-Roll Footage/Lucio/drone/bamyan/JBF__DJI_0997__Bamyan.MOV', 'Archive Masters/01 Footage/JBF B-Roll Footage/Lucio/drone/bamyan/JBF__DJI_0997__Bamyan.MOV']",
1751773,"['DJI_0006', 'JBF__DJI_0006__Bamyan']",2:e96a2f55bd41eeef15c2708d1915d62d,00:00:00:00:24000/1001,00:04:48:00:24000/1001,"['Archive Masters/JBF B-Roll Footage/Lucio/drone/bamyan/JBF__DJI_0006.MOV', 'Archive Masters/JBF B-Roll Footage/Lucio/drone/bamyan/JBF__DJI_0006 4.MOV', 'Archive Masters/JBF B-Roll Footage/Lucio/drone/bamyan/JBF__DJI_0006__Bamyan.MOV', 'Archive Masters/JBF B-Roll Footage/Lucio/drone/bamyan/JBF__DJI_0006 4__Bamyan.MOV', 'Archive Masters/01 Footage/JBF B-Roll Footage/Lucio/drone/bamyan/JBF__DJI_0006__Bamyan.MOV', 'Archive Masters/01 Footage/JBF B-Roll Footage/Lucio/drone/bamyan/JBF__DJI_0006 4__Bamyan.MOV']",
1751774,"['DJI_0065', 'JBF__DJI_0065__Bamyan']",2:7c8cc88b1831876a94d62f2f3311e86c,00:00:00:00:24000/1001,00:04:48:03:24000/1001,"['Archive Masters/JBF B-Roll Footage/Lucio/drone/bamyan/JBF__DJI_0065.MOV', 'Archive Masters/JBF B-Roll Footage/Lucio/drone/bamyan/JBF__DJI_0065__Bamyan.MOV', 'Archive Masters/01 Footage/JBF B-Roll Footage/Lucio/drone/bamyan/JBF__DJI_0065__Bamyan.MOV']",
1751776,"['DJI_0028', 'JBF__DJI_0028__Badakhshan']",2:7fa71b1c56918eacae0e63949a480450,00:00:00:00:24000/1001,00:04:48:05:24000/1001,"['Archive Masters/JBF B-Roll Footage/Lucio/drone/Badakhshan/JBF__DJI_0028.MOV', 'Archive Masters/JBF B-Roll Footage/Lucio/drone/Badakhshan/JBF__DJI_0028__Badakhshan.MOV', 'Archive Masters/01 Footage/JBF B-Roll Footage/Lucio/drone/Badakhshan/JBF__DJI_0028__Badakhshan.MOV']",
1751779,"['DJI_0004', 'JBF__DJI_0004__Badakhshan']",2:83b53e61fd06f1e7120bf0f298d362f4,00:00:00:00:24000/1001,00:04:48:00:24000/1001,"['Archive Masters/JBF B-Roll Footage/Lucio/drone/Badakhshan/JBF__DJI_0004.MOV', 'Archive Masters/JBF B-Roll Footage/Lucio/drone/Badakhshan/JBF__DJI_0004__Badakhshan.MOV', 'Archive Masters/01 Footage/JBF B-Roll Footage/Lucio/drone/Badakhshan/JBF__DJI_0004__Badakhshan.MOV']",
1751783,"['DJI_0520', 'JBF__DJI_0520__Daikundi']",2:0ad6d98a072a8aa9dd3a4d6b7c6b988f,00:00:00:00:24000/1001,00:01:03:10:24000/1001,"['Archive Masters/JBF B-Roll Footage/Lucio/drone/Daikundi/JBF__DJI_0520.MOV', 'Archive Masters/JBF B-Roll Footage/Lucio/drone/Daikundi/JBF__DJI_0520__Daikundi.MOV', 'Archive Masters/01 Footage/JBF B-Roll Footage/Lucio/drone/Daikundi/JBF__DJI_0520__Daikundi.MOV']",
1751784,"['DJI_0004 2', 'JBF__DJI_0004 2__Bamyan']",2:f7b22345598cecf9181544d028b54459,00:00:00:00:24000/1001,00:04:48:00:24000/1001,"['Archive Masters/JBF B-Roll Footage/Lucio/drone/bamyan/JBF__DJI_0004 2.MOV', 'Archive Masters/JBF B-Roll Footage/Lucio/drone/bamyan/JBF__DJI_0004 2__Bamyan.MOV', 'Archive Masters/01 Footage/JBF B-Roll Footage/Lucio/drone/bamyan/JBF__DJI_0004 2__Bamyan.MOV']",
1751785,"['DJI_0185', 'JBF__DJI_0185__Daikundi']",2:bd00138ae366b8b535cb417fddced17c,00:00:00:00:24000/1001,00:03:42:05:24000/1001,"['Archive Masters/JBF B-Roll Footage/Lucio/drone/Daikundi/JBF__DJI_0185.MOV', 'Archive Masters/JBF B-Roll Footage/Lucio/drone/Daikundi/JBF__DJI_0185__Daikundi.MOV', 'Archive Masters/01 Footage/JBF B-Roll Footage/Lucio/drone/Daikundi/JBF__DJI_0185__Daikundi.MOV']",
1751791,"['DJI_0314', 'JBF__DJI_0314__Daikundi']",2:8b4cf447cce2d06476495549d29085e4,00:00:00:00:24000/1001,00:01:19:20:24000/1001,"['Archive Masters/JBF B-Roll Footage/Lucio/drone/Daikundi/JBF__DJI_0314.MOV', 'Archive Masters/JBF B-Roll Footage/Lucio/drone/Daikundi/JBF__DJI_0314__Daikundi.MOV', 'Archive Masters/01 Footage/JBF B-Roll Footage/Lucio/drone/Daikundi/JBF__DJI_0314__Daikundi.MOV']",
1751798,"['DJI_0756', 'JBF__DJI_0756__Daikundi']",2:29c2fdb476b79e4b81400c7a9e62387a,00:00:00:00:24000/1001,00:04:48:03:24000/1001,"['Archive Masters/JBF B-Roll Footage/Lucio/drone/Daikundi/JBF__DJI_0756.MOV', 'Archive Masters/JBF B-Roll Footage/Lucio/drone/Daikundi/JBF__DJI_0756__Daikundi.MOV', 'Archive Masters/01 Footage/JBF B-Roll Footage/Lucio/drone/Daikundi/JBF__DJI_0756__Daikundi.MOV']",
1751801,"['DJI_0006 2', 'JBF__DJI_0006 2__Bamyan']",2:07581d4b443b804a8937c656d3ee719f,00:00:00:00:24000/1001,00:04:48:03:24000/1001,"['Archive Masters/JBF B-Roll Footage/Lucio/drone/bamyan/JBF__DJI_0006 2.MOV', 'Archive Masters/JBF B-Roll Footage/Lucio/drone/bamyan/JBF__DJI_0006 2__Bamyan.MOV', 'Archive Masters/01 Footage/JBF B-Roll Footage/Lucio/drone/bamyan/JBF__DJI_0006 2__Bamyan.MOV']",
1751802,"['DJI_0007', 'JBF__DJI_0007__Bamyan']",2:8122253ae3fee8d215cb76aad12853db,00:00:00:00:24000/1001,00:04:48:03:24000/1001,"['Archive Masters/JBF B-Roll Footage/Lucio/drone/bamyan/JBF__DJI_0007 2.MOV', 'Archive Masters/JBF B-Roll Footage/Lucio/drone/bamyan/JBF__DJI_0007.MOV', 'Archive Masters/JBF B-Roll Footage/Lucio/drone/bamyan/JBF__DJI_0007 2__Bamyan.MOV', 'Archive Masters/JBF B-Roll Footage/Lucio/drone/bamyan/JBF__DJI_0007__Bamyan.MOV', 'Archive Masters/01 Footage/JBF B-Roll Footage/Lucio/drone/bamyan/JBF__DJI_0007 2__Bamyan.MOV', 'Archive Masters/01 Footage/JBF B-Roll Footage/Lucio/drone/bamyan/JBF__DJI_0007__Bamyan.MOV']",
1751805,"['DJI_0029', 'JBF__DJI_0029__Badakhshan']",2:40cd7bd97f981b6b09812a1f7af1207e,00:00:00:00:24000/1001,00:02:54:01:24000/1001,"['Archive Masters/JBF B-Roll Footage/Lucio/drone/Badakhshan/JBF__DJI_0029.MOV', 'Archive Masters/JBF B-Roll Footage/Lucio/drone/Badakhshan/JBF__DJI_0029__Badakhshan.MOV', 'Archive Masters/01 Footage/JBF B-Roll Footage/Lucio/drone/Badakhshan/JBF__DJI_0029__Badakhshan.MOV']",
1751807,"['DJI_0003', 'JBF__DJI_0003__Badakhshan']",2:519e8c4d28d9a77e00e05124d833a178,00:00:00:00:24000/1001,00:04:46:23:24000/1001,"['Archive Masters/JBF B-Roll Footage/Lucio/drone/Badakhshan/JBF__DJI_0003.MOV', 'Archive Masters/JBF B-Roll Footage/Lucio/drone/Badakhshan/JBF__DJI_0003__Badakhshan.MOV', 'Archive Masters/01 Footage/JBF B-Roll Footage/Lucio/drone/Badakhshan/JBF__DJI_0003__Badakhshan.MOV']",
1751811,"['DJI_0552', 'JBF__DJI_0552__Daikundi']",2:f7a99145e15bf6453bec385969e3ec92,00:00:00:00:24000/1001,00:04:48:04:24000/1001,"['Archive Masters/JBF B-Roll Footage/Lucio/drone/Daikundi/JBF__DJI_0552.MOV', 'Archive Masters/JBF B-Roll Footage/Lucio/drone/Daikundi/JBF__DJI_0552__Daikundi.MOV', 'Archive Masters/01 Footage/JBF B-Roll Footage/Lucio/drone/Daikundi/JBF__DJI_0552__Daikundi.MOV']",
1751815,"['DJI_0753', 'JBF__DJI_0753__Daikundi']",2:14328fc2c5b5c418b79bb33cd437e1ae,00:00:00:00:24000/1001,00:04:48:04:24000/1001,"['Archive Masters/JBF B-Roll Footage/Lucio/drone/Daikundi/JBF__DJI_0753.MOV', 'Archive Masters/JBF B-Roll Footage/Lucio/drone/Daikundi/JBF__DJI_0753__Daikundi.MOV', 'Archive Masters/01 Footage/JBF B-Roll Footage/Lucio/drone/Daikundi/JBF__DJI_0753__Daikundi.MOV']",
1751818,"['DJI_0751', 'JBF__DJI_0751__Daikundi']",2:372c08ca706339c92a46660a5afbf0c2,00:00:00:00:24000/1001,00:04:48:03:24000/1001,"['Archive Masters/JBF B-Roll Footage/Lucio/drone/Daikundi/JBF__DJI_0751.MOV', 'Archive Masters/JBF B-Roll Footage/Lucio/drone/Daikundi/JBF__DJI_0751__Daikundi.MOV', 'Archive Masters/01 Footage/JBF B-Roll Footage/Lucio/drone/Daikundi/JBF__DJI_0751__Daikundi.MOV']",
1751819,"['DJI_0752', 'JBF__DJI_0752__Daikundi']",2:402cb498267e66d2f9a5e066276480b9,00:00:00:00:24000/1001,00:04:00:14:24000/1001,"['Archive Masters/JBF B-Roll Footage/Lucio/drone/Daikundi/JBF__DJI_0752.MOV', 'Archive Masters/JBF B-Roll Footage/Lucio/drone/Daikundi/JBF__DJI_0752__Daikundi.MOV', 'Archive Masters/01 Footage/JBF B-Roll Footage/Lucio/drone/Daikundi/JBF__DJI_0752__Daikundi.MOV']",
1751821,"['DJI_0757', 'JBF__DJI_0757__Daikundi']",2:8ab95cbcfeb72cd24f3fee4e7e047fe3,00:00:00:00:24000/1001,00:04:48:04:24000/1001,"['Archive Masters/JBF B-Roll Footage/Lucio/drone/Daikundi/JBF__DJI_0757.MOV', 'Archive Masters/JBF B-Roll Footage/Lucio/drone/Daikundi/JBF__DJI_0757__Daikundi.MOV', 'Archive Masters/01 Footage/JBF B-Roll Footage/Lucio/drone/Daikundi/JBF__DJI_0757__Daikundi.MOV']",
1751822,"['DJI_0195', 'JBF__DJI_0195__Daikundi']",2:f191b04f1690ee1994a19147462550ac,00:00:00:00:24000/1001,00:03:43:05:24000/1001,"['Archive Masters/JBF B-Roll Footage/Lucio/drone/Daikundi/JBF__DJI_0195.MOV', 'Archive Masters/JBF B-Roll Footage/Lucio/drone/Daikundi/JBF__DJI_0195__Daikundi.MOV', 'Archive Masters/01 Footage/JBF B-Roll Footage/Lucio/drone/Daikundi/JBF__DJI_0195__Daikundi.MOV']",
1751823,"['DJI_0619', 'JBF__DJI_0619__Daikundi']",2:3785e0a57577478e5d90212dbc418c24,00:00:00:00:24000/1001,00:05:00:16:24000/1001,"['Archive Masters/JBF B-Roll Footage/Lucio/drone/Daikundi/JBF__DJI_0619.MOV', 'Archive Masters/JBF B-Roll Footage/Lucio/drone/Daikundi/JBF__DJI_0619__Daikundi.MOV', 'Archive Masters/01 Footage/JBF B-Roll Footage/Lucio/drone/Daikundi/JBF__DJI_0619__Daikundi.MOV']",
1751825,"['DJI_0028', 'JBF__DJI_0028__Cemetaries']",2:4e8132da76b465517eb1834368a1ba61,00:00:00:00:25/1,00:05:00:17:25/1,"['Archive Masters/JBF B-Roll Footage/Lucio/Cemetaries/JBF__DJI_0028.MOV', 'Archive Masters/JBF B-Roll Footage/Lucio/Cemetaries/JBF__DJI_0028__Cemetaries.MOV', 'Archive Masters/01 Footage/JBF B-Roll Footage/Lucio/Cemetaries/JBF__DJI_0028__Cemetaries.MOV']",
1751827,"['DJI_0002', 'JBF__DJI_0002__Bamyan']",2:4d308bf4553da1dc8e6df2c1e5bba475,00:00:00:00:24000/1001,00:04:48:03:24000/1001,"['Archive Masters/JBF B-Roll Footage/Lucio/drone/bamyan/JBF__DJI_0002.MOV', 'Archive Masters/JBF B-Roll Footage/Lucio/drone/bamyan/JBF__DJI_0002__Bamyan.MOV', 'Archive Masters/01 Footage/JBF B-Roll Footage/Lucio/drone/bamyan/JBF__DJI_0002__Bamyan.MOV']",
1751828,"['DJI_0006 3', 'JBF__DJI_0006 3__Bamyan']",2:49c1b1219e4238318f2e96ec503656fe,00:00:00:00:24000/1001,00:09:05:07:24000/1001,"['Archive Masters/JBF B-Roll Footage/Lucio/drone/bamyan/JBF__DJI_0006 3.MOV', 'Archive Masters/JBF B-Roll Footage/Lucio/drone/bamyan/JBF__DJI_0006 3__Bamyan.MOV', 'Archive Masters/01 Footage/JBF B-Roll Footage/Lucio/drone/bamyan/JBF__DJI_0006 3__Bamyan.MOV']",
1751830,"['DJI_0002', 'JBF__DJI_0002__Badakhshan']",2:06bba475bee89d51c8eadb87a349c3b4,00:00:00:00:24000/1001,00:04:48:04:24000/1001,"['Archive Masters/JBF B-Roll Footage/Lucio/drone/Badakhshan/JBF__DJI_0002.MOV', 'Archive Masters/JBF B-Roll Footage/Lucio/drone/Badakhshan/JBF__DJI_0002__Badakhshan.MOV', 'Archive Masters/01 Footage/JBF B-Roll Footage/Lucio/drone/Badakhshan/JBF__DJI_0002__Badakhshan.MOV']",
1751832,"['DJI_0572', 'JBF__DJI_0572 (1)__Daikundi']",2:286f838cf2accc016ffe10f0c979d5fa,00:00:00:00:24000/1001,00:04:48:12:24000/1001,"['Archive Masters/JBF B-Roll Footage/Lucio/drone/Daikundi/JBF__DJI_0572 (1).mov', 'Archive Masters/JBF B-Roll Footage/Lucio/drone/Daikundi/JBF__DJI_0572 (1)__Daikundi.mov', 'Archive Masters/01 Footage/JBF B-Roll Footage/Lucio/drone/Daikundi/JBF__DJI_0572 (1)__Daikundi.mov']",
1751835,"['DJI_0007', 'JBF__DJI_0007__Badakhshan']",2:ac97f3620ad22cde418905956bc428d9,00:00:00:00:24000/1001,00:02:39:22:24000/1001,"['Archive Masters/JBF B-Roll Footage/Lucio/drone/Badakhshan/JBF__DJI_0007.MOV', 'Archive Masters/JBF B-Roll Footage/Lucio/drone/Badakhshan/JBF__DJI_0007__Badakhshan.MOV', 'Archive Masters/01 Footage/JBF B-Roll Footage/Lucio/drone/Badakhshan/JBF__DJI_0007__Badakhshan.MOV']",
1751839,"['DJI_0750', 'JBF__DJI_0750__Daikundi']",2:103372679b6d7fb2823e8f3a41660a5f,00:00:00:00:24000/1001,00:04:24:04:24000/1001,"['Archive Masters/JBF B-Roll Footage/Lucio/drone/Daikundi/JBF__DJI_0750.MOV', 'Archive Masters/JBF B-Roll Footage/Lucio/drone/Daikundi/JBF__DJI_0750__Daikundi.MOV', 'Archive Masters/01 Footage/JBF B-Roll Footage/Lucio/drone/Daikundi/JBF__DJI_0750__Daikundi.MOV']",
1751840,"['DJI_0318', 'JBF__DJI_0318__Daikundi']",2:577fd918331dc316dc88bb5ac3a99f46,00:00:00:00:24000/1001,00:04:36:10:24000/1001,"['Archive Masters/JBF B-Roll Footage/Lucio/drone/Daikundi/JBF__DJI_0318.MOV', 'Archive Masters/JBF B-Roll Footage/Lucio/drone/Daikundi/JBF__DJI_0318__Daikundi.MOV', 'Archive Masters/01 Footage/JBF B-Roll Footage/Lucio/drone/Daikundi/JBF__DJI_0318__Daikundi.MOV']",
1751842,"['DJI_0550', 'JBF__DJI_0550__Daikundi']",2:d8b66e54dafcb06784550601e5a78ff6,00:00:00:00:24000/1001,00:03:57:22:24000/1001,"['Archive Masters/JBF B-Roll Footage/Lucio/drone/Daikundi/JBF__DJI_0550.MOV', 'Archive Masters/JBF B-Roll Footage/Lucio/drone/Daikundi/JBF__DJI_0550__Daikundi.MOV', 'Archive Masters/01 Footage/JBF B-Roll Footage/Lucio/drone/Daikundi/JBF__DJI_0550__Daikundi.MOV']",
1751843,"['DJI_0057', 'JBF__DJI_0057__Bamyan']",2:fe0825b2ce3206e8603ac1a310593d33,00:00:00:00:24000/1001,00:04:48:03:24000/1001,"['Archive Masters/JBF B-Roll Footage/Lucio/drone/bamyan/JBF__DJI_0057.MOV', 'Archive Masters/JBF B-Roll Footage/Lucio/drone/bamyan/JBF__DJI_0057__Bamyan.MOV', 'Archive Masters/01 Footage/JBF B-Roll Footage/Lucio/drone/bamyan/JBF__DJI_0057__Bamyan.MOV']",
1751847,"['DJI_0622', 'JBF__DJI_0622__Daikundi']",2:0d16b50be10f5bcb0f3fd31f23a7af9f,00:00:00:00:24000/1001,00:01:02:09:24000/1001,"['Archive Masters/JBF B-Roll Footage/Lucio/drone/Daikundi/JBF__DJI_0622.MOV', 'Archive Masters/JBF B-Roll Footage/Lucio/drone/Daikundi/JBF__DJI_0622__Daikundi.MOV', 'Archive Masters/01 Footage/JBF B-Roll Footage/Lucio/drone/Daikundi/JBF__DJI_0622__Daikundi.MOV']",
1751848,"['DJI_0027', 'JBF__DJI_0027__Cemetaries']",2:35d6a5c366a40ce32fd3f7d90489ec65,00:00:00:00:25/1,00:04:28:01:25/1,"['Archive Masters/JBF B-Roll Footage/Lucio/Cemetaries/JBF__DJI_0027.MOV', 'Archive Masters/JBF B-Roll Footage/Lucio/Cemetaries/JBF__DJI_0027__Cemetaries.MOV', 'Archive Masters/01 Footage/JBF B-Roll Footage/Lucio/Cemetaries/JBF__DJI_0027__Cemetaries.MOV']",
1751849,"['DJI_0561', 'JBF__DJI_0561__Daikundi']",2:903d8bb4aa3ed338923078fa30b8bdff,00:00:00:00:24000/1001,00:04:34:10:24000/1001,"['Archive Masters/JBF B-Roll Footage/Lucio/drone/Daikundi/JBF__DJI_0561.MOV', 'Archive Masters/JBF B-Roll Footage/Lucio/drone/Daikundi/JBF__DJI_0561__Daikundi.MOV', 'Archive Masters/01 Footage/JBF B-Roll Footage/Lucio/drone/Daikundi/JBF__DJI_0561__Daikundi.MOV']",
1751852,"['DJI_0998', 'JBF__DJI_0998__Bamyan']",2:c10a47ac209fef0112266a19bc0c637a,00:00:00:00:24000/1001,00:04:48:03:24000/1001,"['Archive Masters/JBF B-Roll Footage/Lucio/drone/bamyan/JBF__DJI_0998.MOV', 'Archive Masters/JBF B-Roll Footage/Lucio/drone/bamyan/JBF__DJI_0998__Bamyan.MOV', 'Archive Masters/01 Footage/JBF B-Roll Footage/Lucio/drone/bamyan/JBF__DJI_0998__Bamyan.MOV']",
1751854,"['DJI_0051', 'JBF__DJI_0051__Bamyan']",2:d0548cf458dd545491c194ffa8b0b1ce,00:00:00:00:24000/1001,00:04:48:03:24000/1001,"['Archive Masters/JBF B-Roll Footage/Lucio/drone/bamyan/JBF__DJI_0051.MOV', 'Archive Masters/JBF B-Roll Footage/Lucio/drone/bamyan/JBF__DJI_0051__Bamyan.MOV', 'Archive Masters/01 Footage/JBF B-Roll Footage/Lucio/drone/bamyan/JBF__DJI_0051__Bamyan.MOV']",
1751857,"['DJI_0105', 'JBF__DJI_0105__Badakhshan']",2:b2ba912fccc9688e14a3de30786d7c86,00:00:00:00:25/1,00:02:41:17:25/1,"['Archive Masters/JBF B-Roll Footage/Lucio/drone/Badakhshan/JBF__DJI_0105.MOV', 'Archive Masters/JBF B-Roll Footage/Lucio/drone/Badakhshan/JBF__DJI_0105__Badakhshan.MOV', 'Archive Masters/01 Footage/JBF B-Roll Footage/Lucio/drone/Badakhshan/JBF__DJI_0105__Badakhshan.MOV']",
1751858,"['DJI_0221', 'JBF__DJI_0221__Badakhshan']",2:42ca663e58f812a7f1b5444cc6b9f08a,00:00:00:00:24000/1001,00:05:00:16:24000/1001,"['Archive Masters/JBF B-Roll Footage/Lucio/drone/Badakhshan/JBF__DJI_0221.MOV', 'Archive Masters/JBF B-Roll Footage/Lucio/drone/Badakhshan/JBF__DJI_0221__Badakhshan.MOV', 'Archive Masters/01 Footage/JBF B-Roll Footage/Lucio/drone/Badakhshan/JBF__DJI_0221__Badakhshan.MOV']",
1751861,"['DJI_0003', 'JBF__DJI_0003__Afghan Flag']",2:263dff0590fc11b0b7ec7b261db8db44,00:00:00:00:24000/1001,00:09:05:07:24000/1001,"['Archive Masters/JBF B-Roll Footage/Lucio/drone/Afghan Flag/JBF__DJI_0003.MOV', 'Archive Masters/JBF B-Roll Footage/Lucio/drone/Afghan Flag/JBF__DJI_0003__Afghan Flag.MOV', 'Archive Masters/01 Footage/JBF B-Roll Footage/Lucio/drone/Afghan Flag/JBF__DJI_0003__Afghan Flag.MOV']",
1751863,"['DJI_0626', 'JBF__DJI_0626__Daikundi']",2:b41e0b2cd5111f8d89cbc9cb0cb9a43d,00:00:00:00:24000/1001,00:02:59:06:24000/1001,"['Archive Masters/JBF B-Roll Footage/Lucio/drone/Daikundi/JBF__DJI_0626.MOV', 'Archive Masters/JBF B-Roll Footage/Lucio/drone/Daikundi/JBF__DJI_0626__Daikundi.MOV', 'Archive Masters/01 Footage/JBF B-Roll Footage/Lucio/drone/Daikundi/JBF__DJI_0626__Daikundi.MOV']",
1751865,"['DJI_0001', 'JBF__DJI_0001__Badakhshan']",2:f0b5f9cfe6dbdff63e0c6e1a26ff09a5,00:00:00:00:24000/1001,00:04:48:01:24000/1001,"['Archive Masters/JBF B-Roll Footage/Lucio/drone/Badakhshan/JBF__DJI_0001.MOV', 'Archive Masters/JBF B-Roll Footage/Lucio/drone/Badakhshan/JBF__DJI_0001__Badakhshan.MOV', 'Archive Masters/01 Footage/JBF B-Roll Footage/Lucio/drone/Badakhshan/JBF__DJI_0001__Badakhshan.MOV']",
1751867,"['DJI_0223', 'JBF__DJI_0223__Badakhshan']",2:cae6ad73bb2c698ca6718d5fa59367e6,00:00:00:00:24000/1001,00:03:36:14:24000/1001,"['Archive Masters/JBF B-Roll Footage/Lucio/drone/Badakhshan/JBF__DJI_0223.MOV', 'Archive Masters/JBF B-Roll Footage/Lucio/drone/Badakhshan/JBF__DJI_0223__Badakhshan.MOV', 'Archive Masters/01 Footage/JBF B-Roll Footage/Lucio/drone/Badakhshan/JBF__DJI_0223__Badakhshan.MOV']",
1751869,"['DJI_0194', 'JBF__DJI_0194__Daikundi']",2:eeacddd9d1b002fbcb328af413282684,00:00:00:00:24000/1001,00:04:48:03:24000/1001,"['Archive Masters/JBF B-Roll Footage/Lucio/drone/Daikundi/JBF__DJI_0194.MOV', 'Archive Masters/JBF B-Roll Footage/Lucio/drone/Daikundi/JBF__DJI_0194__Daikundi.MOV', 'Archive Masters/01 Footage/JBF B-Roll Footage/Lucio/drone/Daikundi/JBF__DJI_0194__Daikundi.MOV']",
1751872,"['DJI_0058', 'JBF__DJI_0058__Bamyan']",2:bb13f16af3a05947e39298e85114d7cb,00:00:00:00:24000/1001,00:04:48:03:24000/1001,"['Archive Masters/JBF B-Roll Footage/Lucio/drone/bamyan/JBF__DJI_0058.MOV', 'Archive Masters/JBF B-Roll Footage/Lucio/drone/bamyan/JBF__DJI_0058__Bamyan.MOV', 'Archive Masters/01 Footage/JBF B-Roll Footage/Lucio/drone/bamyan/JBF__DJI_0058__Bamyan.MOV']",
1751873,"['DJI_0114', 'JBF__DJI_0114__Bamyan']",2:5029b9169c901900332b274281a60593,00:00:00:00:24000/1001,00:02:01:19:24000/1001,"['Archive Masters/JBF B-Roll Footage/Lucio/drone/bamyan/JBF__DJI_0114.MOV', 'Archive Masters/JBF B-Roll Footage/Lucio/drone/bamyan/JBF__DJI_0114__Bamyan.MOV', 'Archive Masters/01 Footage/JBF B-Roll Footage/Lucio/drone/bamyan/JBF__DJI_0114__Bamyan.MOV']",
1751876,"['DJI_0272', 'JBF__DJI_0272__Daikundi']",2:c0061db6613f8fcdfa253b06dd05b6d7,00:00:00:00:24000/1001,00:02:21:17:24000/1001,"['Archive Masters/JBF B-Roll Footage/Lucio/drone/Daikundi/JBF__DJI_0272.MOV', 'Archive Masters/JBF B-Roll Footage/Lucio/drone/Daikundi/JBF__DJI_0272__Daikundi.MOV', 'Archive Masters/01 Footage/JBF B-Roll Footage/Lucio/drone/Daikundi/JBF__DJI_0272__Daikundi.MOV']",
1751877,"['DJI_0621', 'JBF__DJI_0621__Daikundi']",2:051126d11aea2d57e93a6210e4df4076,00:00:00:00:24000/1001,00:04:49:22:24000/1001,"['Archive Masters/JBF B-Roll Footage/Lucio/drone/Daikundi/JBF__DJI_0621.MOV', 'Archive Masters/JBF B-Roll Footage/Lucio/drone/Daikundi/JBF__DJI_0621__Daikundi.MOV', 'Archive Masters/01 Footage/JBF B-Roll Footage/Lucio/drone/Daikundi/JBF__DJI_0621__Daikundi.MOV']",
1751878,"['DJI_0270', 'JBF__DJI_0270__Daikundi']",2:56b6b57d6402f9b0d53bf2c9b8f4a0ab,00:00:00:00:24000/1001,00:04:32:00:24000/1001,"['Archive Masters/JBF B-Roll Footage/Lucio/drone/Daikundi/JBF__DJI_0270.MOV', 'Archive Masters/JBF B-Roll Footage/Lucio/drone/Daikundi/JBF__DJI_0270__Daikundi.MOV', 'Archive Masters/01 Footage/JBF B-Roll Footage/Lucio/drone/Daikundi/JBF__DJI_0270__Daikundi.MOV']",
1751879,"['DJI_0576', 'JBF__DJI_0576 (1)__Daikundi']",2:45cd680e8a9152536458dadf0e1e1bea,00:00:00:00:24000/1001,00:02:19:17:24000/1001,"['Archive Masters/JBF B-Roll Footage/Lucio/drone/Daikundi/JBF__DJI_0576 (1).mov', 'Archive Masters/JBF B-Roll Footage/Lucio/drone/Daikundi/JBF__DJI_0576 (1)__Daikundi.mov', 'Archive Masters/01 Footage/JBF B-Roll Footage/Lucio/drone/Daikundi/JBF__DJI_0576 (1)__Daikundi.mov']",
1751883,"['DJI_0560', 'JBF__DJI_0560__Daikundi']",2:f830ea59913f8fb7c8c006f5eebb83ac,00:00:00:00:24000/1001,00:01:17:17:24000/1001,"['Archive Masters/JBF B-Roll Footage/Lucio/drone/Daikundi/JBF__DJI_0560.MOV', 'Archive Masters/JBF B-Roll Footage/Lucio/drone/Daikundi/JBF__DJI_0560__Daikundi.MOV', 'Archive Masters/01 Footage/JBF B-Roll Footage/Lucio/drone/Daikundi/JBF__DJI_0560__Daikundi.MOV']",
1751888,"['DJI_0203', 'JBF__DJI_0203__Daikundi']",2:6e62f398e4f38a3379434a8109c6694e,00:00:00:00:24000/1001,00:04:48:03:24000/1001,"['Archive Masters/JBF B-Roll Footage/Lucio/drone/Daikundi/JBF__DJI_0203.MOV', 'Archive Masters/JBF B-Roll Footage/Lucio/drone/Daikundi/JBF__DJI_0203__Daikundi.MOV', 'Archive Masters/01 Footage/JBF B-Roll Footage/Lucio/drone/Daikundi/JBF__DJI_0203__Daikundi.MOV']",
1751889,"['DJI_0004', 'JBF__DJI_0004__Bamyan']",2:4d8564987f4852b590f18d4943b8d09d,00:00:00:00:24000/1001,00:09:05:07:24000/1001,"['Archive Masters/JBF B-Roll Footage/Lucio/drone/bamyan/JBF__DJI_0004.MOV', 'Archive Masters/JBF B-Roll Footage/Lucio/drone/bamyan/JBF__DJI_0004__Bamyan.MOV', 'Archive Masters/01 Footage/JBF B-Roll Footage/Lucio/drone/bamyan/JBF__DJI_0004__Bamyan.MOV']",
1751890,"['DJI_0001 3', 'JBF__DJI_0001 3__Bamyan']",2:8dc3c93513a8a57b9868b4aa4cc469c9,00:00:00:00:24000/1001,00:04:48:00:24000/1001,"['Archive Masters/JBF B-Roll Footage/Lucio/drone/bamyan/JBF__DJI_0001 3.MOV', 'Archive Masters/JBF B-Roll Footage/Lucio/drone/bamyan/JBF__DJI_0001 3__Bamyan.MOV', 'Archive Masters/01 Footage/JBF B-Roll Footage/Lucio/drone/bamyan/JBF__DJI_0001 3__Bamyan.MOV']",
1751892,"['DJI_0004', 'JBF__DJI_0004__Flags']",2:a8eba25d11f0b55686c409a61afaa279,00:00:00:00:24000/1001,00:09:05:07:24000/1001,"['Archive Masters/JBF B-Roll Footage/Lucio/Cemetaries/JBF__DJI_0004.MOV', 'Archive Masters/JBF B-Roll Footage/Lucio/drone/Afghan Flag/JBF__DJI_0004.MOV', 'Archive Masters/JBF B-Roll Footage/Lucio/Flags/JBF__DJI_0004.MOV', 'Archive Masters/JBF B-Roll Footage/Lucio/drone/Afghan Flag/JBF__DJI_0004__Afghan Flag.MOV', 'Archive Masters/JBF B-Roll Footage/Lucio/Cemetaries/JBF__DJI_0004__Cemetaries.MOV', 'Archive Masters/JBF B-Roll Footage/Lucio/Flags/JBF__DJI_0004__Flags.MOV', 'Archive Masters/01 Footage/JBF B-Roll Footage/Lucio/drone/Afghan Flag/JBF__DJI_0004__Afghan Flag.MOV', 'Archive Masters/01 Footage/JBF B-Roll Footage/Lucio/Cemetaries/JBF__DJI_0004__Cemetaries.MOV', 'Archive Masters/01 Footage/JBF B-Roll Footage/Lucio/Flags/JBF__DJI_0004__Flags.MOV']",
1751895,"['DJI_0236', 'JBF__DJI_0236__Badakhshan']",2:139350002d2a6665dd31a6bd3cacdb06,00:00:00:00:25/1,00:05:00:17:25/1,"['Archive Masters/JBF B-Roll Footage/Lucio/drone/Badakhshan/JBF__DJI_0236.MOV', 'Archive Masters/JBF B-Roll Footage/Lucio/drone/Badakhshan/JBF__DJI_0236__Badakhshan.MOV', 'Archive Masters/01 Footage/JBF B-Roll Footage/Lucio/drone/Badakhshan/JBF__DJI_0236__Badakhshan.MOV']",
1751896,"['DJI_0053', 'JBF__DJI_0053__Bamyan']",2:4ab0bc304c509f48d4eb278d257148e2,00:00:00:00:24000/1001,00:04:48:03:24000/1001,"['Archive Masters/JBF B-Roll Footage/Lucio/drone/bamyan/JBF__DJI_0053.MOV', 'Archive Masters/JBF B-Roll Footage/Lucio/drone/bamyan/JBF__DJI_0053__Bamyan.MOV', 'Archive Masters/01 Footage/JBF B-Roll Footage/Lucio/drone/bamyan/JBF__DJI_0053__Bamyan.MOV']",
1751903,"['DJI_0188', 'JBF__DJI_0188__Daikundi']",2:2e739741c87ade19041b568386b113e9,00:00:00:00:24000/1001,00:04:48:07:24000/1001,"['Archive Masters/JBF B-Roll Footage/Lucio/drone/Daikundi/JBF__DJI_0188.MOV', 'Archive Masters/JBF B-Roll Footage/Lucio/drone/Daikundi/JBF__DJI_0188__Daikundi.MOV', 'Archive Masters/01 Footage/JBF B-Roll Footage/Lucio/drone/Daikundi/JBF__DJI_0188__Daikundi.MOV']",
1751905,"['DJI_0175', 'JBF__DJI_0175__Daikundi']",2:dc2ea81da491920a3518fd3e10655587,00:00:00:00:24000/1001,00:00:51:14:24000/1001,"['Archive Masters/JBF B-Roll Footage/Lucio/drone/Daikundi/JBF__DJI_0175.MOV', 'Archive Masters/JBF B-Roll Footage/Lucio/drone/Daikundi/JBF__DJI_0175__Daikundi.MOV', 'Archive Masters/01 Footage/JBF B-Roll Footage/Lucio/drone/Daikundi/JBF__DJI_0175__Daikundi.MOV']",
1751906,"['DJI_0099', 'JBF__DJI_0099__Bamyan']",2:9d844b5851f6441c46b3649400fdd2ab,00:00:00:00:24000/1001,00:01:22:12:24000/1001,"['Archive Masters/JBF B-Roll Footage/Lucio/drone/bamyan/JBF__DJI_0099.MOV', 'Archive Masters/JBF B-Roll Footage/Lucio/drone/bamyan/JBF__DJI_0099__Bamyan.MOV', 'Archive Masters/01 Footage/JBF B-Roll Footage/Lucio/drone/bamyan/JBF__DJI_0099__Bamyan.MOV']",
1751909,"['DJI_0194 2', 'JBF__DJI_0194 2__Daikundi']",2:f5e0a7cfa9194130f568f998c442e831,00:00:00:00:24000/1001,00:03:25:02:24000/1001,"['Archive Masters/JBF B-Roll Footage/Lucio/drone/Daikundi/JBF__DJI_0194 2.MOV', 'Archive Masters/JBF B-Roll Footage/Lucio/drone/Daikundi/JBF__DJI_0194 2__Daikundi.MOV', 'Archive Masters/01 Footage/JBF B-Roll Footage/Lucio/drone/Daikundi/JBF__DJI_0194 2__Daikundi.MOV']",
1751910,"['DJI_0204', 'JBF__DJI_0204__Daikundi']",2:66beebec6c2ea863e640fdf3d614a8a9,00:00:00:00:24000/1001,00:03:51:18:24000/1001,"['Archive Masters/JBF B-Roll Footage/Lucio/drone/Daikundi/JBF__DJI_0204.MOV', 'Archive Masters/JBF B-Roll Footage/Lucio/drone/Daikundi/JBF__DJI_0204__Daikundi.MOV', 'Archive Masters/01 Footage/JBF B-Roll Footage/Lucio/drone/Daikundi/JBF__DJI_0204__Daikundi.MOV']",
1751911,"['DJI_0202', 'JBF__DJI_0202__Daikundi']",2:c4b8d3877760d29c5a4c681bca2ed474,00:00:00:00:24000/1001,00:04:48:03:24000/1001,"['Archive Masters/JBF B-Roll Footage/Lucio/drone/Daikundi/JBF__DJI_0202.MOV', 'Archive Masters/JBF B-Roll Footage/Lucio/drone/Daikundi/JBF__DJI_0202__Daikundi.MOV', 'Archive Masters/01 Footage/JBF B-Roll Footage/Lucio/drone/Daikundi/JBF__DJI_0202__Daikundi.MOV']",
1751913,"['DJI_0579', 'JBF__DJI_0579 (1)__Daikundi']",2:4bed09de5b797a8a1555c8079c3a28c1,00:00:00:00:24000/1001,00:02:56:22:24000/1001,"['Archive Masters/JBF B-Roll Footage/Lucio/drone/Daikundi/JBF__DJI_0579 (1).mov', 'Archive Masters/JBF B-Roll Footage/Lucio/drone/Daikundi/JBF__DJI_0579 (1)__Daikundi.mov', 'Archive Masters/01 Footage/JBF B-Roll Footage/Lucio/drone/Daikundi/JBF__DJI_0579 (1)__Daikundi.mov']",
1751920,"['DJI_0001 2', 'JBF__DJI_0001 2__Bamyan']",2:96e0afacd550cfa95a2d7fe80f09fd7b,00:00:00:00:24000/1001,00:04:48:00:24000/1001,"['Archive Masters/JBF B-Roll Footage/Lucio/drone/bamyan/JBF__DJI_0001 2.MOV', 'Archive Masters/JBF B-Roll Footage/Lucio/drone/bamyan/JBF__DJI_0001 2__Bamyan.MOV', 'Archive Masters/01 Footage/JBF B-Roll Footage/Lucio/drone/bamyan/JBF__DJI_0001 2__Bamyan.MOV']",
1751921,"['DJI_0004 copy', 'JBF__DJI_0004 copy__Cemetaries']",2:f1754809e35763284941cdfd1c710a67,00:00:00:00:25/1,00:05:00:17:25/1,"['Archive Masters/JBF B-Roll Footage/Lucio/Cemetaries/JBF__DJI_0004 copy.MOV', 'Archive Masters/JBF B-Roll Footage/Lucio/Cemetaries/JBF__DJI_0004 copy__Cemetaries.MOV', 'Archive Masters/01 Footage/JBF B-Roll Footage/Lucio/Cemetaries/JBF__DJI_0004 copy__Cemetaries.MOV']",
1751923,"['DJI_0037', 'JBF__DJI_0037__Bamyan']",2:9aee5a84b0b65e76d7c145d541ac422a,00:00:00:00:24000/1001,00:04:48:03:24000/1001,"['Archive Masters/JBF B-Roll Footage/Lucio/drone/bamyan/JBF__DJI_0037.MOV', 'Archive Masters/JBF B-Roll Footage/Lucio/drone/bamyan/JBF__DJI_0037__Bamyan.MOV', 'Archive Masters/01 Footage/JBF B-Roll Footage/Lucio/drone/bamyan/JBF__DJI_0037__Bamyan.MOV']",
1751926,"['DJI_0577', 'JBF__DJI_0577 (1)__Daikundi']",2:3a15901a22919678ef16d7fd36b718ca,00:00:00:00:24000/1001,00:04:39:00:24000/1001,"['Archive Masters/JBF B-Roll Footage/Lucio/drone/Daikundi/JBF__DJI_0577 (1).mov', 'Archive Masters/JBF B-Roll Footage/Lucio/drone/Daikundi/JBF__DJI_0577 (1)__Daikundi.mov', 'Archive Masters/01 Footage/JBF B-Roll Footage/Lucio/drone/Daikundi/JBF__DJI_0577 (1)__Daikundi.mov']",
1751933,"['DJI_0173', 'JBF__DJI_0173__Daikundi']",2:f1d69e8d8b77a12ea5cb268c661cfa7c,00:00:00:00:25/1,00:00:04:10:25/1,"['Archive Masters/JBF B-Roll Footage/Lucio/drone/Daikundi/JBF__DJI_0173.MP4', 'Archive Masters/JBF B-Roll Footage/Lucio/drone/Daikundi/JBF__DJI_0173__Daikundi.MP4', 'Archive Masters/01 Footage/JBF B-Roll Footage/Lucio/drone/Daikundi/JBF__DJI_0173__Daikundi.MP4']",
1751935,"['DJI_0052', 'JBF__DJI_0052__Bamyan']",2:6d1904d1f73687273808943e065d05ed,00:00:00:00:24000/1001,00:04:48:03:24000/1001,"['Archive Masters/JBF B-Roll Footage/Lucio/drone/bamyan/JBF__DJI_0052.MOV', 'Archive Masters/JBF B-Roll Footage/Lucio/drone/bamyan/JBF__DJI_0052__Bamyan.MOV', 'Archive Masters/01 Footage/JBF B-Roll Footage/Lucio/drone/bamyan/JBF__DJI_0052__Bamyan.MOV']",
1751940,"['DJI_0022', 'JBF__DJI_0022__Bamyan']",2:9f7661827bcedb5cee5c7f4726ad126d,00:00:00:00:24000/1001,00:04:48:11:24000/1001,"['Archive Masters/JBF B-Roll Footage/Lucio/drone/bamyan/JBF__DJI_0022.MOV', 'Archive Masters/JBF B-Roll Footage/Lucio/drone/bamyan/JBF__DJI_0022__Bamyan.MOV', 'Archive Masters/01 Footage/JBF B-Roll Footage/Lucio/drone/bamyan/JBF__DJI_0022__Bamyan.MOV']",
1751941,"['DJI_0200', 'JBF__DJI_0200 (1)__Daikundi']",2:e7749e898a3e46130161b6695dcb7f5f,00:00:00:00:24000/1001,00:04:48:12:24000/1001,"['Archive Masters/JBF B-Roll Footage/Lucio/drone/Daikundi/JBF__DJI_0200 (1).mov', 'Archive Masters/JBF B-Roll Footage/Lucio/drone/Daikundi/JBF__DJI_0200 (1)__Daikundi.mov', 'Archive Masters/01 Footage/JBF B-Roll Footage/Lucio/drone/Daikundi/JBF__DJI_0200 (1)__Daikundi.mov']",
1751944,"['DJI_0200', 'JBF__DJI_0200__Daikundi']",2:174253b0d4fc48eb16cb5578d52767ba,00:00:00:00:24000/1001,00:04:48:13:24000/1001,"['Archive Masters/JBF B-Roll Footage/Lucio/drone/Daikundi/JBF__DJI_0200.MOV', 'Archive Masters/JBF B-Roll Footage/Lucio/drone/Daikundi/JBF__DJI_0200__Daikundi.MOV', 'Archive Masters/01 Footage/JBF B-Roll Footage/Lucio/drone/Daikundi/JBF__DJI_0200__Daikundi.MOV']",
1751945,"['DJI_0554', 'JBF__DJI_0554__Daikundi']",2:3413e4caa055cab32fd493b79681d46c,00:00:00:00:24000/1001,00:04:48:03:24000/1001,"['Archive Masters/JBF B-Roll Footage/Lucio/drone/Daikundi/JBF__DJI_0554.MOV', 'Archive Masters/JBF B-Roll Footage/Lucio/drone/Daikundi/JBF__DJI_0554__Daikundi.MOV', 'Archive Masters/01 Footage/JBF B-Roll Footage/Lucio/drone/Daikundi/JBF__DJI_0554__Daikundi.MOV']",
1751949,"['DJI_0097', 'JBF__DJI_0097__Badakhshan']",2:1a77ab693eeb81a5a33941dd3d9dc68f,00:00:00:00:25/1,00:00:10:24:25/1,"['Archive Masters/JBF B-Roll Footage/Lucio/drone/Badakhshan/JBF__DJI_0097.MOV', 'Archive Masters/JBF B-Roll Footage/Lucio/drone/Badakhshan/JBF__DJI_0097__Badakhshan.MOV', 'Archive Masters/01 Footage/JBF B-Roll Footage/Lucio/drone/Badakhshan/JBF__DJI_0097__Badakhshan.MOV']",
1751951,"['DJI_0012', 'JBF__DJI_0012__Bamyan']",2:30894de4191fb54b417132394b14bb7d,00:00:00:00:24000/1001,00:06:57:00:24000/1001,"['Archive Masters/JBF B-Roll Footage/Lucio/drone/bamyan/JBF__DJI_0012.MOV', 'Archive Masters/JBF B-Roll Footage/Lucio/drone/bamyan/JBF__DJI_0012__Bamyan.MOV', 'Archive Masters/01 Footage/JBF B-Roll Footage/Lucio/drone/bamyan/JBF__DJI_0012__Bamyan.MOV']",
1751952,"['DJI_0189', 'JBF__DJI_0189__Daikundi']",2:376ec5e233c2c873d41af3033075ff47,00:00:00:00:24000/1001,00:04:48:10:24000/1001,"['Archive Masters/JBF B-Roll Footage/Lucio/drone/Daikundi/JBF__DJI_0189.MOV', 'Archive Masters/JBF B-Roll Footage/Lucio/drone/Daikundi/JBF__DJI_0189__Daikundi.MOV', 'Archive Masters/01 Footage/JBF B-Roll Footage/Lucio/drone/Daikundi/JBF__DJI_0189__Daikundi.MOV']",
1751953,"['DJI_0174', 'JBF__DJI_0174__Daikundi']",2:6dac5ca0e10c7b64615427aa8299216e,00:00:00:00:24000/1001,00:01:44:17:24000/1001,"['Archive Masters/JBF B-Roll Footage/Lucio/drone/Daikundi/JBF__DJI_0174.MOV', 'Archive Masters/JBF B-Roll Footage/Lucio/drone/Daikundi/JBF__DJI_0174__Daikundi.MOV', 'Archive Masters/01 Footage/JBF B-Roll Footage/Lucio/drone/Daikundi/JBF__DJI_0174__Daikundi.MOV']",
1751954,"['DJI_0006', 'JBF__DJI_0006__Badakhshan']",2:3d8081aed1c9ed4b8765e49b3959fc39,00:00:00:00:24000/1001,00:04:48:03:24000/1001,"['Archive Masters/JBF B-Roll Footage/Lucio/drone/Badakhshan/JBF__DJI_0006.MOV', 'Archive Masters/JBF B-Roll Footage/Lucio/drone/Badakhshan/JBF__DJI_0006__Badakhshan.MOV', 'Archive Masters/01 Footage/JBF B-Roll Footage/Lucio/drone/Badakhshan/JBF__DJI_0006__Badakhshan.MOV']",
1751955,"['DJI_0036', 'JBF__DJI_0036__Bamyan']",2:90139f459dd327c1a3df4dc99425a161,00:00:00:00:24000/1001,00:04:48:03:24000/1001,"['Archive Masters/JBF B-Roll Footage/Lucio/drone/bamyan/JBF__DJI_0036.MOV', 'Archive Masters/JBF B-Roll Footage/Lucio/drone/bamyan/JBF__DJI_0036__Bamyan.MOV', 'Archive Masters/01 Footage/JBF B-Roll Footage/Lucio/drone/bamyan/JBF__DJI_0036__Bamyan.MOV']",
1751956,"['DJI_0176', 'JBF__DJI_0176__Daikundi']",2:59d11ae514610db726f11ffa7311cecf,00:00:00:00:25/1,00:00:04:24:25/1,"['Archive Masters/JBF B-Roll Footage/Lucio/drone/Daikundi/JBF__DJI_0176.MP4', 'Archive Masters/JBF B-Roll Footage/Lucio/drone/Daikundi/JBF__DJI_0176__Daikundi.MP4', 'Archive Masters/01 Footage/JBF B-Roll Footage/Lucio/drone/Daikundi/JBF__DJI_0176__Daikundi.MP4']",
1751957,"['DJI_0187', 'JBF__DJI_0187__Daikundi']",2:6ec979a46bd479eb2c84b5c08e617db8,00:00:00:00:24000/1001,00:04:48:18:24000/1001,"['Archive Masters/JBF B-Roll Footage/Lucio/drone/Daikundi/JBF__DJI_0187.MOV', 'Archive Masters/JBF B-Roll Footage/Lucio/drone/Daikundi/JBF__DJI_0187__Daikundi.MOV', 'Archive Masters/01 Footage/JBF B-Roll Footage/Lucio/drone/Daikundi/JBF__DJI_0187__Daikundi.MOV']",
1751962,"['DJI_0198', 'JBF__DJI_0198__Daikundi']",2:0051d4e7f36f2cdb4cfbb7776c986307,00:00:00:00:24000/1001,00:04:48:03:24000/1001,"['Archive Masters/JBF B-Roll Footage/Lucio/drone/Daikundi/JBF__DJI_0198.MOV', 'Archive Masters/JBF B-Roll Footage/Lucio/drone/Daikundi/JBF__DJI_0198__Daikundi.MOV', 'Archive Masters/01 Footage/JBF B-Roll Footage/Lucio/drone/Daikundi/JBF__DJI_0198__Daikundi.MOV']",
1751963,"['DJI_0199', 'JBF__DJI_0199 (1)__Daikundi']",2:915410238a4cf479e97861023f793608,00:00:00:00:24000/1001,00:04:11:05:24000/1001,"['Archive Masters/JBF B-Roll Footage/Lucio/drone/Daikundi/JBF__DJI_0199 (1).mov', 'Archive Masters/JBF B-Roll Footage/Lucio/drone/Daikundi/JBF__DJI_0199 (1)__Daikundi.mov', 'Archive Masters/01 Footage/JBF B-Roll Footage/Lucio/drone/Daikundi/JBF__DJI_0199 (1)__Daikundi.mov']",
1751964,"['DJI_0113', 'JBF__DJI_0113__Bamyan']",2:73eac076f865278583f850cc91328e01,00:00:00:00:24000/1001,00:01:16:15:24000/1001,"['Archive Masters/JBF B-Roll Footage/Lucio/drone/bamyan/JBF__DJI_0113.MOV', 'Archive Masters/JBF B-Roll Footage/Lucio/drone/bamyan/JBF__DJI_0113__Bamyan.MOV', 'Archive Masters/01 Footage/JBF B-Roll Footage/Lucio/drone/bamyan/JBF__DJI_0113__Bamyan.MOV']",
1751968,"['DJI_0555', 'JBF__DJI_0555__Daikundi']",2:363cc352322e295a4d5246d7757c583a,00:00:00:00:24000/1001,00:03:34:17:24000/1001,"['Archive Masters/JBF B-Roll Footage/Lucio/drone/Daikundi/JBF__DJI_0555.MOV', 'Archive Masters/JBF B-Roll Footage/Lucio/drone/Daikundi/JBF__DJI_0555__Daikundi.MOV', 'Archive Masters/01 Footage/JBF B-Roll Footage/Lucio/drone/Daikundi/JBF__DJI_0555__Daikundi.MOV']",
1751971,"['DJI_0994', 'JBF__DJI_0994__Bamyan']",2:bcc71ee314ee41fc1829a07730873d44,00:00:00:00:24000/1001,00:04:48:01:24000/1001,"['Archive Masters/JBF B-Roll Footage/Lucio/drone/bamyan/JBF__DJI_0994.MOV', 'Archive Masters/JBF B-Roll Footage/Lucio/drone/bamyan/JBF__DJI_0994__Bamyan.MOV', 'Archive Masters/01 Footage/JBF B-Roll Footage/Lucio/drone/bamyan/JBF__DJI_0994__Bamyan.MOV']",
1751976,"['DJI_0087', 'JBF__DJI_0087__Baghdis']",2:fbc43264ca5c0625a62bb987eb19ab2a,00:00:00:00:25/1,00:04:37:19:25/1,"['Archive Masters/JBF B-Roll Footage/Lucio/drone/Baghdis/JBF__DJI_0087.MOV', 'Archive Masters/JBF B-Roll Footage/Lucio/drone/Baghdis/JBF__DJI_0087__Baghdis.MOV', 'Archive Masters/01 Footage/JBF B-Roll Footage/Lucio/drone/Baghdis/JBF__DJI_0087__Baghdis.MOV']",
1751978,"['DJI_0106', 'JBF__DJI_0106__Bamyan']",2:eb394a39aa906b58de1b9db50238a480,00:00:00:00:24000/1001,00:02:09:06:24000/1001,"['Archive Masters/JBF B-Roll Footage/Lucio/drone/bamyan/JBF__DJI_0106.MOV', 'Archive Masters/JBF B-Roll Footage/Lucio/drone/bamyan/JBF__DJI_0106__Bamyan.MOV', 'Archive Masters/01 Footage/JBF B-Roll Footage/Lucio/drone/bamyan/JBF__DJI_0106__Bamyan.MOV']",
1751982,"['DJI_0186', 'JBF__DJI_0186__Daikundi']",2:db1921a88c5f39bc27d2f48b9a69eecd,00:00:00:00:24000/1001,00:04:48:03:24000/1001,"['Archive Masters/JBF B-Roll Footage/Lucio/drone/Daikundi/JBF__DJI_0186.MOV', 'Archive Masters/JBF B-Roll Footage/Lucio/drone/Daikundi/JBF__DJI_0186__Daikundi.MOV', 'Archive Masters/01 Footage/JBF B-Roll Footage/Lucio/drone/Daikundi/JBF__DJI_0186__Daikundi.MOV']",
1751983,"['DJI_0227', 'JBF__DJI_0227__Badakhshan']",2:41cfb7773485735f42daead29141a040,00:00:00:00:24000/1001,00:02:55:09:24000/1001,"['Archive Masters/JBF B-Roll Footage/Lucio/drone/Badakhshan/JBF__DJI_0227.MOV', 'Archive Masters/JBF B-Roll Footage/Lucio/drone/Badakhshan/JBF__DJI_0227__Badakhshan.MOV', 'Archive Masters/01 Footage/JBF B-Roll Footage/Lucio/drone/Badakhshan/JBF__DJI_0227__Badakhshan.MOV']",
1751984,"['DJI_0100', 'JBF__DJI_0100__Badakhshan']",2:3fcc3c876fa3044c74cdf8f267354683,00:00:00:00:25/1,00:05:00:12:25/1,"['Archive Masters/JBF B-Roll Footage/Lucio/drone/Badakhshan/JBF__DJI_0100.MOV', 'Archive Masters/JBF B-Roll Footage/Lucio/drone/Badakhshan/JBF__DJI_0100__Badakhshan.MOV', 'Archive Masters/01 Footage/JBF B-Roll Footage/Lucio/drone/Badakhshan/JBF__DJI_0100__Badakhshan.MOV']",
1751987,"['DJI_0959', 'JBF__DJI_0959__Daikundi']",2:ad9892ce5e87207f9abbf7b13e5724ec,00:00:00:00:24000/1001,00:02:45:06:24000/1001,"['Archive Masters/JBF B-Roll Footage/Lucio/drone/Daikundi/JBF__DJI_0959.MOV', 'Archive Masters/JBF B-Roll Footage/Lucio/drone/Daikundi/JBF__DJI_0959__Daikundi.MOV', 'Archive Masters/01 Footage/JBF B-Roll Footage/Lucio/drone/Daikundi/JBF__DJI_0959__Daikundi.MOV']",
1751988,"['DJI_0966', 'JBF__DJI_0966__Daikundi']",2:a82b5f86a2e72210252d2c86881829c0,00:00:00:00:24000/1001,00:04:48:03:24000/1001,"['Archive Masters/JBF B-Roll Footage/Lucio/drone/Daikundi/JBF__DJI_0966.MOV', 'Archive Masters/JBF B-Roll Footage/Lucio/drone/Daikundi/JBF__DJI_0966__Daikundi.MOV', 'Archive Masters/01 Footage/JBF B-Roll Footage/Lucio/drone/Daikundi/JBF__DJI_0966__Daikundi.MOV']",
1751989,"['DJI_0002', 'JBF__DJI_0002__Faryab']",2:593c23067f196794d6b0fbc75d2040dd,00:00:00:00:24000/1001,00:02:45:03:24000/1001,"['Archive Masters/JBF B-Roll Footage/Lucio/drone/Faryab/JBF__DJI_0002.MOV', 'Archive Masters/JBF B-Roll Footage/Lucio/drone/Faryab/JBF__DJI_0002__Faryab.MOV', 'Archive Masters/01 Footage/JBF B-Roll Footage/Lucio/drone/Faryab/JBF__DJI_0002__Faryab.MOV']",
1751990,"['DJI_0960 2', 'JBF__DJI_0960 2__Daikundi']",2:b918bcda81ad968742afe28007e88013,00:00:00:00:24000/1001,00:03:01:05:24000/1001,"['Archive Masters/JBF B-Roll Footage/Lucio/drone/Daikundi/JBF__DJI_0960 2.MOV', 'Archive Masters/JBF B-Roll Footage/Lucio/drone/Daikundi/JBF__DJI_0960 2__Daikundi.MOV', 'Archive Masters/01 Footage/JBF B-Roll Footage/Lucio/drone/Daikundi/JBF__DJI_0960 2__Daikundi.MOV']",
1751991,"['DJI_0761', 'JBF__DJI_0761__Daikundi']",2:74d25d97b358ec5963bf815e943389be,00:00:00:00:24000/1001,00:02:18:03:24000/1001,"['Archive Masters/JBF B-Roll Footage/Lucio/drone/Daikundi/JBF__DJI_0761.MOV', 'Archive Masters/JBF B-Roll Footage/Lucio/drone/Daikundi/JBF__DJI_0761__Daikundi.MOV', 'Archive Masters/01 Footage/JBF B-Roll Footage/Lucio/drone/Daikundi/JBF__DJI_0761__Daikundi.MOV']",
1751992,"['DJI_0763', 'JBF__DJI_0763__Daikundi']",2:d6ae975824224e8c7a090a29a6011ef8,00:00:00:00:24000/1001,00:02:14:00:24000/1001,"['Archive Masters/JBF B-Roll Footage/Lucio/drone/Daikundi/JBF__DJI_0763.MOV', 'Archive Masters/JBF B-Roll Footage/Lucio/drone/Daikundi/JBF__DJI_0763__Daikundi.MOV', 'Archive Masters/01 Footage/JBF B-Roll Footage/Lucio/drone/Daikundi/JBF__DJI_0763__Daikundi.MOV']",
1751993,"['DJI_0025 2', 'JBF__DJI_0025 2__Faryab']",2:147f52852251ed6b56c305a67938075b,00:00:00:00:24000/1001,00:01:37:18:24000/1001,"['Archive Masters/JBF B-Roll Footage/Lucio/drone/Faryab/JBF__DJI_0025 2.MOV', 'Archive Masters/JBF B-Roll Footage/Lucio/drone/Faryab/JBF__DJI_0025 2__Faryab.MOV', 'Archive Masters/01 Footage/JBF B-Roll Footage/Lucio/drone/Faryab/JBF__DJI_0025 2__Faryab.MOV']",
1751994,"['DJI_0768', 'JBF__DJI_0768__Daikundi']",2:60817f6c5aeaccc72aaa71e2120a0419,00:00:00:00:24000/1001,00:04:49:02:24000/1001,"['Archive Masters/JBF B-Roll Footage/Lucio/drone/Daikundi/JBF__DJI_0768.MOV', 'Archive Masters/JBF B-Roll Footage/Lucio/drone/Daikundi/JBF__DJI_0768__Daikundi.MOV', 'Archive Masters/01 Footage/JBF B-Roll Footage/Lucio/drone/Daikundi/JBF__DJI_0768__Daikundi.MOV']",
1751995,"['DJI_0765', 'JBF__DJI_0765__Daikundi']",2:a786341be8200c0de0cc9b3cdf0885da,00:00:00:00:24000/1001,00:04:48:03:24000/1001,"['Archive Masters/JBF B-Roll Footage/Lucio/drone/Daikundi/JBF__DJI_0765.MOV', 'Archive Masters/JBF B-Roll Footage/Lucio/drone/Daikundi/JBF__DJI_0765__Daikundi.MOV', 'Archive Masters/01 Footage/JBF B-Roll Footage/Lucio/drone/Daikundi/JBF__DJI_0765__Daikundi.MOV']",
1751996,"['DJI_0003', 'JBF__DJI_0003__Faryab']",2:7a97f844416dde59238a54c0864941ea,00:00:00:00:24000/1001,00:04:48:01:24000/1001,"['Archive Masters/JBF B-Roll Footage/Lucio/drone/Faryab/JBF__DJI_0003.MOV', 'Archive Masters/JBF B-Roll Footage/Lucio/drone/Faryab/JBF__DJI_0003__Faryab.MOV', 'Archive Masters/01 Footage/JBF B-Roll Footage/Lucio/drone/Faryab/JBF__DJI_0003__Faryab.MOV']",
1751997,"['DJI_0759', 'JBF__DJI_0759__Daikundi']",2:3984f424ba2d1b095e2a6babe551f576,00:00:00:00:24000/1001,00:00:56:11:24000/1001,"['Archive Masters/JBF B-Roll Footage/Lucio/drone/Daikundi/JBF__DJI_0759.MOV', 'Archive Masters/JBF B-Roll Footage/Lucio/drone/Daikundi/JBF__DJI_0759__Daikundi.MOV', 'Archive Masters/01 Footage/JBF B-Roll Footage/Lucio/drone/Daikundi/JBF__DJI_0759__Daikundi.MOV']",
1751998,"['DJI_0758', 'JBF__DJI_0758__Daikundi']",2:ab87c74a241084400d0fac857aedfdae,00:00:00:00:24000/1001,00:01:39:00:24000/1001,"['Archive Masters/JBF B-Roll Footage/Lucio/drone/Daikundi/JBF__DJI_0758.MOV', 'Archive Masters/JBF B-Roll Footage/Lucio/drone/Daikundi/JBF__DJI_0758__Daikundi.MOV', 'Archive Masters/01 Footage/JBF B-Roll Footage/Lucio/drone/Daikundi/JBF__DJI_0758__Daikundi.MOV']",
1751999,"['DJI_0769', 'JBF__DJI_0769__Daikundi']",2:16049567ca9e1f338c06ab648efcbffd,00:00:00:00:24000/1001,00:02:57:08:24000/1001,"['Archive Masters/JBF B-Roll Footage/Lucio/drone/Daikundi/JBF__DJI_0769.MOV', 'Archive Masters/JBF B-Roll Footage/Lucio/drone/Daikundi/JBF__DJI_0769__Daikundi.MOV', 'Archive Masters/01 Footage/JBF B-Roll Footage/Lucio/drone/Daikundi/JBF__DJI_0769__Daikundi.MOV']",
1752000,"['DJI_0967', 'JBF__DJI_0967__Daikundi']",2:6ec1f1ea13a04611809bd06f3603bbf0,00:00:00:00:24000/1001,00:02:28:18:24000/1001,"['Archive Masters/JBF B-Roll Footage/Lucio/drone/Daikundi/JBF__DJI_0967.MOV', 'Archive Masters/JBF B-Roll Footage/Lucio/drone/Daikundi/JBF__DJI_0967__Daikundi.MOV', 'Archive Masters/01 Footage/JBF B-Roll Footage/Lucio/drone/Daikundi/JBF__DJI_0967__Daikundi.MOV']",
1752001,"['DJI_0010', 'JBF__DJI_0010__Faryab']",2:faa43f84de89f6df62a3512a33cb1435,00:00:00:00:24000/1001,00:01:17:17:24000/1001,"['Archive Masters/JBF B-Roll Footage/Lucio/drone/Faryab/JBF__DJI_0010.MOV', 'Archive Masters/JBF B-Roll Footage/Lucio/drone/Faryab/JBF__DJI_0010__Faryab.MOV', 'Archive Masters/01 Footage/JBF B-Roll Footage/Lucio/drone/Faryab/JBF__DJI_0010__Faryab.MOV']",
1752002,"['DJI_0788', 'JBF__DJI_0788__Daikundi']",2:4d458418f0d263b44a10678aa467c24c,00:00:00:00:24000/1001,00:04:48:05:24000/1001,"['Archive Masters/JBF B-Roll Footage/Lucio/drone/Daikundi/JBF__DJI_0788.MOV', 'Archive Masters/JBF B-Roll Footage/Lucio/drone/Daikundi/JBF__DJI_0788__Daikundi.MOV', 'Archive Masters/01 Footage/JBF B-Roll Footage/Lucio/drone/Daikundi/JBF__DJI_0788__Daikundi.MOV']",
1752003,"['DJI_0790', 'JBF__DJI_0790__Daikundi']",2:a70a108a9c7ee3fc5377d7123e7e80e2,00:00:00:00:24000/1001,00:02:05:17:24000/1001,"['Archive Masters/JBF B-Roll Footage/Lucio/drone/Daikundi/JBF__DJI_0790.MOV', 'Archive Masters/JBF B-Roll Footage/Lucio/drone/Daikundi/JBF__DJI_0790__Daikundi.MOV', 'Archive Masters/01 Footage/JBF B-Roll Footage/Lucio/drone/Daikundi/JBF__DJI_0790__Daikundi.MOV']",
1752004,"['DJI_0959 2', 'JBF__DJI_0959 2__Daikundi']",2:0c600bb89846c043e12cc06e991ac968,00:00:00:00:24000/1001,00:04:48:03:24000/1001,"['Archive Masters/JBF B-Roll Footage/Lucio/drone/Daikundi/JBF__DJI_0959 2.MOV', 'Archive Masters/JBF B-Roll Footage/Lucio/drone/Daikundi/JBF__DJI_0959 2__Daikundi.MOV', 'Archive Masters/01 Footage/JBF B-Roll Footage/Lucio/drone/Daikundi/JBF__DJI_0959 2__Daikundi.MOV']",
1752005,"['DJI_0762', 'JBF__DJI_0762__Daikundi']",2:2f21f12f86eb66f5374194fe2c24d779,00:00:00:00:24000/1001,00:04:48:03:24000/1001,"['Archive Masters/JBF B-Roll Footage/Lucio/drone/Daikundi/JBF__DJI_0762.MOV', 'Archive Masters/JBF B-Roll Footage/Lucio/drone/Daikundi/JBF__DJI_0762__Daikundi.MOV', 'Archive Masters/01 Footage/JBF B-Roll Footage/Lucio/drone/Daikundi/JBF__DJI_0762__Daikundi.MOV']",
1752006,"['DJI_0789', 'JBF__DJI_0789__Daikundi']",2:9f9f5cfab80d80352c0fc0ee6f5f5661,00:00:00:00:24000/1001,00:02:00:21:24000/1001,"['Archive Masters/JBF B-Roll Footage/Lucio/drone/Daikundi/JBF__DJI_0789.MOV', 'Archive Masters/JBF B-Roll Footage/Lucio/drone/Daikundi/JBF__DJI_0789__Daikundi.MOV', 'Archive Masters/01 Footage/JBF B-Roll Footage/Lucio/drone/Daikundi/JBF__DJI_0789__Daikundi.MOV']",
1752007,"['DJI_0004', 'JBF__DJI_0004__Faryab']",2:f5a89e73f486aa930d08b4e5fe90d377,00:00:00:00:24000/1001,00:04:48:03:24000/1001,"['Archive Masters/JBF B-Roll Footage/Lucio/drone/Faryab/JBF__DJI_0004.MOV', 'Archive Masters/JBF B-Roll Footage/Lucio/drone/Faryab/JBF__DJI_0004__Faryab.MOV', 'Archive Masters/01 Footage/JBF B-Roll Footage/Lucio/drone/Faryab/JBF__DJI_0004__Faryab.MOV']",
1752008,"['DJI_0960', 'JBF__DJI_0960__Daikundi']",2:2aa077495864e85c771d97d5d38098b1,00:00:00:00:24000/1001,00:04:48:04:24000/1001,"['Archive Masters/JBF B-Roll Footage/Lucio/drone/Daikundi/JBF__DJI_0960.MOV', 'Archive Masters/JBF B-Roll Footage/Lucio/drone/Daikundi/JBF__DJI_0960__Daikundi.MOV', 'Archive Masters/01 Footage/JBF B-Roll Footage/Lucio/drone/Daikundi/JBF__DJI_0960__Daikundi.MOV']",
1752010,"['DJI_0067', 'JBF__DJI_0067__Faryab']",2:ce03ad49d689c59c0bcae3d004826614,00:00:00:00:24000/1001,00:02:09:07:24000/1001,"['Archive Masters/JBF B-Roll Footage/Lucio/drone/Faryab/JBF__DJI_0067.MOV', 'Archive Masters/JBF B-Roll Footage/Lucio/drone/Faryab/JBF__DJI_0067__Faryab.MOV', 'Archive Masters/01 Footage/JBF B-Roll Footage/Lucio/drone/Faryab/JBF__DJI_0067__Faryab.MOV']",
1752011,"['DJI_0016', 'JBF__DJI_0016__Herat']",2:fc32d8049687444f2431f82257a6e2be,00:00:00:00:30000/1001,00:01:48:27:30000/1001,"['Archive Masters/JBF B-Roll Footage/Lucio/drone/Herat/JBF__DJI_0016.MOV', 'Archive Masters/JBF B-Roll Footage/Lucio/drone/Herat/JBF__DJI_0016__Herat.MOV', 'Archive Masters/01 Footage/JBF B-Roll Footage/Lucio/drone/Herat/JBF__DJI_0016__Herat.MOV']",
1752012,"['DJI_0008', 'JBF__DJI_0008__Helmand']",2:21cb739915eef976fc481d5e0f74bcb2,00:00:00:00:25/1,00:00:42:10:25/1,"['Archive Masters/JBF B-Roll Footage/Lucio/drone/Helmand/JBF__DJI_0008.MOV', 'Archive Masters/JBF B-Roll Footage/Lucio/drone/Helmand/JBF__DJI_0008__Helmand.MOV', 'Archive Masters/01 Footage/JBF B-Roll Footage/Lucio/drone/Helmand/JBF__DJI_0008__Helmand.MOV']",
1752013,"['DJI_0039', 'JBF__DJI_0039__Faryab']",2:c61320f51a578ac360d27ba08bfdc26c,00:00:00:00:24000/1001,00:01:20:04:24000/1001,"['Archive Masters/JBF B-Roll Footage/Lucio/drone/Faryab/JBF__DJI_0039.MOV', 'Archive Masters/JBF B-Roll Footage/Lucio/drone/Faryab/JBF__DJI_0039 2.MOV', 'Archive Masters/JBF B-Roll Footage/Lucio/drone/Faryab/JBF__DJI_0039 2__Faryab.MOV', 'Archive Masters/JBF B-Roll Footage/Lucio/drone/Faryab/JBF__DJI_0039__Faryab.MOV', 'Archive Masters/01 Footage/JBF B-Roll Footage/Lucio/drone/Faryab/JBF__DJI_0039__Faryab.MOV', 'Archive Masters/01 Footage/JBF B-Roll Footage/Lucio/drone/Faryab/JBF__DJI_0039 2__Faryab.MOV']",
1752014,"['DJI_0048 2', 'JBF__DJI_0048 2__Faryab']",2:0b7dd195609ad5d24b0f2b276828f1f7,00:00:00:00:24000/1001,00:01:00:05:24000/1001,"['Archive Masters/JBF B-Roll Footage/Lucio/drone/Faryab/JBF__DJI_0048 2.MOV', 'Archive Masters/JBF B-Roll Footage/Lucio/drone/Faryab/JBF__DJI_0048 2__Faryab.MOV', 'Archive Masters/01 Footage/JBF B-Roll Footage/Lucio/drone/Faryab/JBF__DJI_0048 2__Faryab.MOV']",
1752015,"['DJI_0074', 'JBF__DJI_0074__Faryab']",2:dc2abfc02af373db9a3f2e8106a95feb,00:00:00:00:24000/1001,00:02:31:21:24000/1001,"['Archive Masters/JBF B-Roll Footage/Lucio/drone/Faryab/JBF__DJI_0074.MOV', 'Archive Masters/JBF B-Roll Footage/Lucio/drone/Faryab/JBF__DJI_0074 2.MOV', 'Archive Masters/JBF B-Roll Footage/Lucio/drone/Faryab/JBF__DJI_0074__Faryab.MOV', 'Archive Masters/JBF B-Roll Footage/Lucio/drone/Faryab/JBF__DJI_0074 2__Faryab.MOV', 'Archive Masters/01 Footage/JBF B-Roll Footage/Lucio/drone/Faryab/JBF__DJI_0074__Faryab.MOV', 'Archive Masters/01 Footage/JBF B-Roll Footage/Lucio/drone/Faryab/JBF__DJI_0074 2__Faryab.MOV']",
1752016,"['DJI_0051', 'JBF__DJI_0051__Faryab']",2:92a6cd022936d223afa95e7a35ace34b,00:00:00:00:24000/1001,00:04:48:00:24000/1001,"['Archive Masters/JBF B-Roll Footage/Lucio/drone/Faryab/JBF__DJI_0051.MOV', 'Archive Masters/JBF B-Roll Footage/Lucio/drone/Faryab/JBF__DJI_0051__Faryab.MOV', 'Archive Masters/01 Footage/JBF B-Roll Footage/Lucio/drone/Faryab/JBF__DJI_0051__Faryab.MOV']",
1752017,"['DJI_0003', 'JBF__DJI_0003__Helmand']",2:35906e673ecdf69ddf294e32289f71b1,00:00:00:00:25/1,00:05:00:13:25/1,"['Archive Masters/JBF B-Roll Footage/Lucio/drone/Helmand/JBF__DJI_0003.MOV', 'Archive Masters/JBF B-Roll Footage/Lucio/drone/Helmand/JBF__DJI_0003__Helmand.MOV', 'Archive Masters/01 Footage/JBF B-Roll Footage/Lucio/drone/Helmand/JBF__DJI_0003__Helmand.MOV']",
1752018,"['DJI_0041', 'JBF__DJI_0041__Faryab']",2:68151536812e4cc1398be27ee3490c30,00:00:00:00:24000/1001,00:02:46:00:24000/1001,"['Archive Masters/JBF B-Roll Footage/Lucio/drone/Faryab/JBF__DJI_0041.MP4', 'Archive Masters/JBF B-Roll Footage/Lucio/drone/Faryab/JBF__DJI_0041__Faryab.MP4', 'Archive Masters/01 Footage/JBF B-Roll Footage/Lucio/drone/Faryab/JBF__DJI_0041__Faryab.MP4']",
1752019,"['DJI_0017', 'JBF__DJI_0017__Herat']",2:5e8c1b8ac653ff474357c3c7667dcbcf,00:00:00:00:30000/1001,00:02:28:18:30000/1001,"['Archive Masters/JBF B-Roll Footage/Lucio/drone/Herat/JBF__DJI_0017.MOV', 'Archive Masters/JBF B-Roll Footage/Lucio/drone/Herat/JBF__DJI_0017__Herat.MOV', 'Archive Masters/01 Footage/JBF B-Roll Footage/Lucio/drone/Herat/JBF__DJI_0017__Herat.MOV']",
1752020,"['DJI_0068', 'JBF__DJI_0068__Faryab']",2:c14571121795d33c8f53a6e2278c39f3,00:00:00:00:24000/1001,00:01:39:09:24000/1001,"['Archive Masters/JBF B-Roll Footage/Lucio/drone/Faryab/JBF__DJI_0068.MOV', 'Archive Masters/JBF B-Roll Footage/Lucio/drone/Faryab/JBF__DJI_0068__Faryab.MOV', 'Archive Masters/01 Footage/JBF B-Roll Footage/Lucio/drone/Faryab/JBF__DJI_0068__Faryab.MOV']",
1752021,"['DJI_0024', 'JBF__DJI_0024__Helmand']",2:b4a225f73ca7f3820b1224a24c80806d,00:00:00:00:25/1,00:02:09:22:25/1,"['Archive Masters/JBF B-Roll Footage/Lucio/drone/Helmand/JBF__DJI_0024.MOV', 'Archive Masters/JBF B-Roll Footage/Lucio/drone/Helmand/JBF__DJI_0024__Helmand.MOV', 'Archive Masters/01 Footage/JBF B-Roll Footage/Lucio/drone/Helmand/JBF__DJI_0024__Helmand.MOV']",
1752022,"['DJI_0020', 'JBF__DJI_0020__Helmand']",2:66d4c90c838f92104cebfba57b8d4e74,00:00:00:00:25/1,00:04:02:17:25/1,"['Archive Masters/JBF B-Roll Footage/Lucio/drone/Helmand/JBF__DJI_0020.MOV', 'Archive Masters/JBF B-Roll Footage/Lucio/drone/Helmand/JBF__DJI_0020__Helmand.MOV', 'Archive Masters/01 Footage/JBF B-Roll Footage/Lucio/drone/Helmand/JBF__DJI_0020__Helmand.MOV']",
1752023,"['DJI_0028', 'JBF__DJI_0028__Herat']",2:ca5049eb3d5787f839691a31aeed0aef,00:00:00:00:24000/1001,00:04:49:02:24000/1001,"['Archive Masters/JBF B-Roll Footage/Lucio/Herat/JBF__DJI_0028.MOV', 'Archive Masters/JBF B-Roll Footage/Lucio/drone/Herat/JBF__DJI_0028.MOV', 'Archive Masters/JBF B-Roll Footage/Lucio/Herat/JBF__DJI_0028__Herat.MOV', 'Archive Masters/JBF B-Roll Footage/Lucio/drone/Herat/JBF__DJI_0028__Herat.MOV', 'Archive Masters/01 Footage/JBF B-Roll Footage/Lucio/Herat/JBF__DJI_0028__Herat.MOV', 'Archive Masters/01 Footage/JBF B-Roll Footage/Lucio/drone/Herat/JBF__DJI_0028__Herat.MOV']",
1752024,"['DJI_0028', 'JBF__DJI_0028__Faryab']",2:76b3e160a8649d6987e74be431dd62b8,00:00:00:00:24000/1001,00:01:50:01:24000/1001,"['Archive Masters/JBF B-Roll Footage/Lucio/drone/Faryab/JBF__DJI_0028.MOV', 'Archive Masters/JBF B-Roll Footage/Lucio/drone/Faryab/JBF__DJI_0028__Faryab.MOV', 'Archive Masters/01 Footage/JBF B-Roll Footage/Lucio/drone/Faryab/JBF__DJI_0028__Faryab.MOV']",
1752025,"['DJI_0034', 'JBF__DJI_0034__Herat']",2:c961291f4dc39dd1d08fa2052581c518,00:00:00:00:24000/1001,00:00:30:08:24000/1001,"['Archive Masters/JBF B-Roll Footage/Lucio/drone/Herat/JBF__DJI_0034.MOV', 'Archive Masters/JBF B-Roll Footage/Lucio/drone/Herat/JBF__DJI_0034__Herat.MOV', 'Archive Masters/01 Footage/JBF B-Roll Footage/Lucio/drone/Herat/JBF__DJI_0034__Herat.MOV']",
1752026,"['DJI_0015', 'JBF__DJI_0015__Herat']",2:e3ff40e50fd82c8ca6b3e63a907b19d7,00:00:00:00:30000/1001,00:05:27:17:30000/1001,"['Archive Masters/JBF B-Roll Footage/Lucio/drone/Herat/JBF__DJI_0015.MOV', 'Archive Masters/JBF B-Roll Footage/Lucio/drone/Herat/JBF__DJI_0015__Herat.MOV', 'Archive Masters/01 Footage/JBF B-Roll Footage/Lucio/drone/Herat/JBF__DJI_0015__Herat.MOV']",
1752027,"['DJI_0025', 'JBF__DJI_0025__Faryab']",2:14a798ecef3827ed9e688ca1381c20d9,00:00:00:00:24000/1001,00:04:29:10:24000/1001,"['Archive Masters/JBF B-Roll Footage/Lucio/drone/Faryab/JBF__DJI_0025.MOV', 'Archive Masters/JBF B-Roll Footage/Lucio/drone/Faryab/JBF__DJI_0025__Faryab.MOV', 'Archive Masters/01 Footage/JBF B-Roll Footage/Lucio/drone/Faryab/JBF__DJI_0025__Faryab.MOV']",
1752028,"['DJI_0022', 'JBF__DJI_0022__Helmand']",2:b324a318655e4b69da7b08559718154a,00:00:00:00:25/1,00:04:41:20:25/1,"['Archive Masters/JBF B-Roll Footage/Lucio/drone/Helmand/JBF__DJI_0022.MOV', 'Archive Masters/JBF B-Roll Footage/Lucio/drone/Helmand/JBF__DJI_0022 2.MOV', 'Archive Masters/JBF B-Roll Footage/Lucio/drone/Helmand/JBF__DJI_0022 2__Helmand.MOV', 'Archive Masters/JBF B-Roll Footage/Lucio/drone/Helmand/JBF__DJI_0022__Helmand.MOV', 'Archive Masters/01 Footage/JBF B-Roll Footage/Lucio/drone/Helmand/JBF__DJI_0022 2__Helmand.MOV', 'Archive Masters/01 Footage/JBF B-Roll Footage/Lucio/drone/Helmand/JBF__DJI_0022__Helmand.MOV']",
1752029,"['DJI_0029', 'JBF__DJI_0029__Herat']",2:80186e99569d9e307d66fe03280b07d9,00:00:00:00:24000/1001,00:01:19:14:24000/1001,"['Archive Masters/JBF B-Roll Footage/Lucio/drone/Herat/JBF__DJI_0029.MOV', 'Archive Masters/JBF B-Roll Footage/Lucio/drone/Herat/JBF__DJI_0029__Herat.MOV', 'Archive Masters/01 Footage/JBF B-Roll Footage/Lucio/drone/Herat/JBF__DJI_0029__Herat.MOV']",
1752030,"['DJI_0048', 'JBF__DJI_0048__Faryab']",2:4a3d00a1b5b835559d46771df55e981a,00:00:00:00:24000/1001,00:00:27:03:24000/1001,"['Archive Masters/JBF B-Roll Footage/Lucio/drone/Faryab/JBF__DJI_0048.MOV', 'Archive Masters/JBF B-Roll Footage/Lucio/drone/Faryab/JBF__DJI_0048__Faryab.MOV', 'Archive Masters/01 Footage/JBF B-Roll Footage/Lucio/drone/Faryab/JBF__DJI_0048__Faryab.MOV']",
1752031,"['DJI_0009', 'JBF__DJI_0009__Helmand']",2:b5daf3cb1f235bf48cb4dc773e5bc688,00:00:00:00:25/1,00:00:46:08:25/1,"['Archive Masters/JBF B-Roll Footage/Lucio/drone/Helmand/JBF__DJI_0009.MOV', 'Archive Masters/JBF B-Roll Footage/Lucio/drone/Helmand/JBF__DJI_0009__Helmand.MOV', 'Archive Masters/01 Footage/JBF B-Roll Footage/Lucio/drone/Helmand/JBF__DJI_0009__Helmand.MOV']",
1752032,"['DJI_0035', 'JBF__DJI_0035__Herat']",2:3691735a1e7c29a2c30aa78f34488661,00:00:00:00:24000/1001,00:02:10:01:24000/1001,"['Archive Masters/JBF B-Roll Footage/Lucio/drone/Herat/JBF__DJI_0035.MOV', 'Archive Masters/JBF B-Roll Footage/Lucio/drone/Herat/JBF__DJI_0035__Herat.MOV', 'Archive Masters/01 Footage/JBF B-Roll Footage/Lucio/drone/Herat/JBF__DJI_0035__Herat.MOV']",
1752033,"['DJI_0050', 'JBF__DJI_0050__Faryab']",2:02623faf0c54b4b9938d8d9327da2ee7,00:00:00:00:24000/1001,00:01:04:16:24000/1001,"['Archive Masters/JBF B-Roll Footage/Lucio/drone/Faryab/JBF__DJI_0050.MOV', 'Archive Masters/JBF B-Roll Footage/Lucio/drone/Faryab/JBF__DJI_0050__Faryab.MOV', 'Archive Masters/01 Footage/JBF B-Roll Footage/Lucio/drone/Faryab/JBF__DJI_0050__Faryab.MOV']",
1752034,"['DJI_0047', 'JBF__DJI_0047__Faryab']",2:f5a6198fbbb5b60a3571698d696fc001,00:00:00:00:24000/1001,00:01:45:14:24000/1001,"['Archive Masters/JBF B-Roll Footage/Lucio/drone/Faryab/JBF__DJI_0047.MOV', 'Archive Masters/JBF B-Roll Footage/Lucio/drone/Faryab/JBF__DJI_0047__Faryab.MOV', 'Archive Masters/01 Footage/JBF B-Roll Footage/Lucio/drone/Faryab/JBF__DJI_0047__Faryab.MOV']",
1752035,"['DJI_0006', 'JBF__DJI_0006__Helmand']",2:cd0fbb7a6e7dab34f7c77cd02ab51b58,00:00:00:00:25/1,00:05:00:14:25/1,"['Archive Masters/JBF B-Roll Footage/Lucio/drone/Helmand/JBF__DJI_0006.MOV', 'Archive Masters/JBF B-Roll Footage/Lucio/drone/Helmand/JBF__DJI_0006__Helmand.MOV', 'Archive Masters/01 Footage/JBF B-Roll Footage/Lucio/drone/Helmand/JBF__DJI_0006__Helmand.MOV']",
1752036,"['DJI_0012', 'JBF__DJI_0012__Helmand']",2:6ed61323b83d6332b4bb63421b5824a0,00:00:00:00:25/1,00:00:55:22:25/1,"['Archive Masters/JBF B-Roll Footage/Lucio/drone/Helmand/JBF__DJI_0012.MOV', 'Archive Masters/JBF B-Roll Footage/Lucio/drone/Helmand/JBF__DJI_0012__Helmand.MOV', 'Archive Masters/01 Footage/JBF B-Roll Footage/Lucio/drone/Helmand/JBF__DJI_0012__Helmand.MOV']",
1752037,"['DJI_0038', 'JBF__DJI_0038__Faryab']",2:82bd2f026b2b483daa6402dfbe59c03c,00:00:00:00:24000/1001,00:00:30:21:24000/1001,"['Archive Masters/JBF B-Roll Footage/Lucio/drone/Faryab/JBF__DJI_0038.MOV', 'Archive Masters/JBF B-Roll Footage/Lucio/drone/Faryab/JBF__DJI_0038__Faryab.MOV', 'Archive Masters/01 Footage/JBF B-Roll Footage/Lucio/drone/Faryab/JBF__DJI_0038__Faryab.MOV']",
1752039,"['APA__cctv070262__Ukraine launches massive drone attacks on Russian airbases ahead of peace talks__2025_A01', 'APA__cctv070262__Ukraine launches massive drone attacks on Russian airbases ahead of peace talks__2025_A02', 'APA__cctv070262__Ukraine launches massive drone attacks on Russian airbases ahead of peace talks__2025']","['2:3584df7eb72667c40166e70f1b79c164', '2:3c021ad01b8cf4c8e4af57dda43eb8b3', '2:d2dfd8aacb1f2150426af8f1547c9ec0']",00:00:00:00:25/1,00:00:30:10:25/1,"['Avid MediaFiles/MXF/es-worker1.1/APA__cctv070262__Ukraine launches massive drone attacks on Russian airbases ahead of peace talks__2025_A01.mxf', 'Avid MediaFiles/MXF/es-worker1.1/APA__cctv070262__Ukraine launches massive drone attacks on Russian airbases ahead of peace talks__2025_A02.mxf', 'Avid MediaFiles/MXF/es-worker1.1/APA__cctv070262__Ukraine launches massive drone attacks on Russian airbases ahead of peace talks__2025.mxf']",
1752040,"['GIA__2218672476__Ukraine releases footage of drone strike on Russian strategic bombers__Russia 2025 v=239.76% a=0.417%_A01', 'GIA__2218672476__Ukraine releases footage of drone strike on Russian strategic bombers__Russia 2025 v=239.76% a=0.417%_A02', 'GIA__2218672476__Ukraine releases footage of drone strike on Russian strategic bombers__Russia 2025 v=239.76% a=0.417%']","['2:184d4d96965478b9337e6d703b91400e', '2:4d7666bcd545ac2d47b6a497074ed123', '2:96f3aacc50e1b2f55c04f1991a920016']",00:00:00:00:25/1,00:02:44:20:25/1,"['Avid MediaFiles/MXF/es-worker1.1/GIA__2218672476__Ukraine releases footage of drone strike on Russian strategic bombers__Russia 2025 v=239.76% a=0.417%_A01.mxf', 'Avid MediaFiles/MXF/es-worker1.1/GIA__2218672476__Ukraine releases footage of drone strike on Russian strategic bombers__Russia 2025 v=239.76% a=0.417%_A02.mxf', 'Avid MediaFiles/MXF/es-worker1.1/GIA__2218672476__Ukraine releases footage of drone strike on Russian strategic bombers__Russia 2025 v=239.76% a=0.417%.mxf']",
1752043,"['REU__1996018__WRAP - Bridges collapse in Russia, drone strike on Zaporizhzhia, on eve of peace talks__2025_A01', 'REU__1996018__WRAP - Bridges collapse in Russia, drone strike on Zaporizhzhia, on eve of peace talks__2025_A02', 'REU__1996018__WRAP - Bridges collapse in Russia, drone strike on Zaporizhzhia, on eve of peace talks__2025']","['2:2c39347a90ba814bdec506dfd498398a', '2:81fb4e1d547afd006a85a3e63cbdabb8', '2:92af67c5e6018a8b4bc7b4b0c056e5ae']",10:00:00:00:25/1,10:00:04:23:25/1,"['Avid MediaFiles/MXF/es-worker1.1/REU__1996018__WRAP - Bridges collapse in Russia, drone strike on Zaporizhzhia, on eve of peace talks__2025_A01.mxf', 'Avid MediaFiles/MXF/es-worker1.1/REU__1996018__WRAP - Bridges collapse in Russia, drone strike on Zaporizhzhia, on eve of peace talks__2025_A02.mxf', 'Avid MediaFiles/MXF/es-worker1.1/REU__1996018__WRAP - Bridges collapse in Russia, drone strike on Zaporizhzhia, on eve of peace talks__2025.mxf']",
1752044,"['REU__1973376__Security Service of Ukraine releases new footage of drone strike on Russian strategic bombers__2025_A01', 'REU__1973376__Security Service of Ukraine releases new footage of drone strike on Russian strategic bombers__2025_A02', 'REU__1973376__Security Service of Ukraine releases new footage of drone strike on Russian strategic bombers__2025']","['2:fd978c7acf6790f8aebe09b881b39dba', '2:2c291b104be7014c8792e7d033a8b23f', '2:a1321a989a9ff2bf779f72a040f86bfe']",10:00:00:00:25/1,10:00:31:19:25/1,"['Avid MediaFiles/MXF/es-worker1.1/REU__1973376__Security Service of Ukraine releases new footage of drone strike on Russian strategic bombers__2025_A01.mxf', 'Avid MediaFiles/MXF/es-worker1.1/REU__1973376__Security Service of Ukraine releases new footage of drone strike on Russian strategic bombers__2025_A02.mxf', 'Avid MediaFiles/MXF/es-worker1.1/REU__1973376__Security Service of Ukraine releases new footage of drone strike on Russian strategic bombers__2025.mxf']",
1752045,"['DJI_0267', 'JBF__DJI_0267__Kabul']",2:90714e4cc8c2e79623ba87007e20137f,00:00:00:00:24000/1001,00:01:10:12:24000/1001,"['Archive Masters/JBF B-Roll Footage/Lucio/drone/Kabul/Kabul 2/JBF__DJI_0267.MOV', 'Archive Masters/JBF B-Roll Footage/Lucio/drone/Kabul/Kabul 2/JBF__DJI_0267__Kabul.MOV', 'Archive Masters/01 Footage/JBF B-Roll Footage/Lucio/drone/Kabul/Kabul 2/JBF__DJI_0267__Kabul.MOV']",
1752046,"['DJI_0277', 'JBF__DJI_0277__Kabul']",2:007cade918c2a92ee87424abcfcbf118,00:00:00:00:24000/1001,00:01:44:10:24000/1001,"['Archive Masters/JBF B-Roll Footage/Lucio/drone/Kabul/Kabul 2/JBF__DJI_0277.MOV', 'Archive Masters/JBF B-Roll Footage/Lucio/drone/Kabul/Kabul 2/JBF__DJI_0277__Kabul.MOV', 'Archive Masters/01 Footage/JBF B-Roll Footage/Lucio/drone/Kabul/Kabul 2/JBF__DJI_0277__Kabul.MOV']",
1752047,"['DJI_0008', 'JBF__DJI_0008__Kabul']",2:cb82fd52bf3513c404b4e8908d68222c,00:00:00:00:24000/1001,00:02:59:09:24000/1001,"['Archive Masters/JBF B-Roll Footage/Lucio/drone/Kabul/Kabul 2/JBF__DJI_0008.MOV', 'Archive Masters/JBF B-Roll Footage/Lucio/drone/Kabul/Kabul 2/JBF__DJI_0008__Kabul.MOV', 'Archive Masters/01 Footage/JBF B-Roll Footage/Lucio/drone/Kabul/Kabul 2/JBF__DJI_0008__Kabul.MOV']",
1752048,"['DJI_0304', 'JBF__DJI_0304__Kabul']",2:6476d4bdb8abdc6eb2467309efcac828,00:00:00:00:24000/1001,00:00:25:19:24000/1001,"['Archive Masters/JBF B-Roll Footage/Lucio/drone/Kabul/Kabul 2/JBF__DJI_0304.MOV', 'Archive Masters/JBF B-Roll Footage/Lucio/drone/Kabul/Kabul 2/JBF__DJI_0304__Kabul.MOV', 'Archive Masters/01 Footage/JBF B-Roll Footage/Lucio/drone/Kabul/Kabul 2/JBF__DJI_0304__Kabul.MOV']",
1752049,"['DJI_0413', 'JBF__DJI_0413__Herat']",2:a7d3b911a9acb3dd6f330c16d57447ea,00:00:00:00:24000/1001,00:00:43:18:24000/1001,"['Archive Masters/JBF B-Roll Footage/Lucio/drone/Herat/JBF__DJI_0413.MOV', 'Archive Masters/JBF B-Roll Footage/Lucio/drone/Herat/JBF__DJI_0413__Herat.MOV', 'Archive Masters/01 Footage/JBF B-Roll Footage/Lucio/drone/Herat/JBF__DJI_0413__Herat.MOV']",
1752050,"['DJI_0373', 'JBF__DJI_0373__Kabul']",2:9d6f46b682de0b20df1ee214aa7055ff,00:00:00:00:24000/1001,00:01:45:21:24000/1001,"['Archive Masters/JBF B-Roll Footage/Lucio/drone/Kabul/Kabul 2/JBF__DJI_0373.MOV', 'Archive Masters/JBF B-Roll Footage/Lucio/drone/Kabul/Kabul 2/JBF__DJI_0373__Kabul.MOV', 'Archive Masters/01 Footage/JBF B-Roll Footage/Lucio/drone/Kabul/Kabul 2/JBF__DJI_0373__Kabul.MOV']",
1752051,"['DJI_0412', 'JBF__DJI_0412__Herat']",2:0e9ae5ddb31b591414ccb32f26b7575f,00:00:00:00:24000/1001,00:05:00:16:24000/1001,"['Archive Masters/JBF B-Roll Footage/Lucio/drone/Herat/JBF__DJI_0412.MOV', 'Archive Masters/JBF B-Roll Footage/Lucio/drone/Herat/JBF__DJI_0412__Herat.MOV', 'Archive Masters/01 Footage/JBF B-Roll Footage/Lucio/drone/Herat/JBF__DJI_0412__Herat.MOV']",
1752052,"['DJI_0021', 'JBF__DJI_0021__Kabul']",2:a731388dee560d26a14e4ac33bb40dda,00:00:00:00:24000/1001,00:01:46:02:24000/1001,"['Archive Masters/JBF B-Roll Footage/Lucio/drone/Kabul/Kabul 2/JBF__DJI_0021.MOV', 'Archive Masters/JBF B-Roll Footage/Lucio/drone/Kabul/Kabul 2/JBF__DJI_0021__Kabul.MOV', 'Archive Masters/01 Footage/JBF B-Roll Footage/Lucio/drone/Kabul/Kabul 2/JBF__DJI_0021__Kabul.MOV']",
1752053,"['DJI_0309', 'JBF__DJI_0309__Kabul']",2:843224183588d61ad05a360c1713dc25,00:00:00:00:24000/1001,00:01:13:12:24000/1001,"['Archive Masters/JBF B-Roll Footage/Lucio/drone/Kabul/Kabul 2/JBF__DJI_0309.MOV', 'Archive Masters/JBF B-Roll Footage/Lucio/drone/Kabul/Kabul 2/JBF__DJI_0309__Kabul.MOV', 'Archive Masters/01 Footage/JBF B-Roll Footage/Lucio/drone/Kabul/Kabul 2/JBF__DJI_0309__Kabul.MOV']",
1752054,"['DJI_0004 3', 'JBF__DJI_0004 3__Kabul']",2:35e9628f99ea92cb8a1cd74e732195b8,00:00:00:00:24000/1001,00:08:37:05:24000/1001,"['Archive Masters/JBF B-Roll Footage/Lucio/drone/Kabul/Kabul 2/JBF__DJI_0004 3.MOV', 'Archive Masters/JBF B-Roll Footage/Lucio/drone/Kabul/Kabul 2/JBF__DJI_0004 3__Kabul.MOV', 'Archive Masters/01 Footage/JBF B-Roll Footage/Lucio/drone/Kabul/Kabul 2/JBF__DJI_0004 3__Kabul.MOV']",
1752055,"['DJI_0408', 'JBF__DJI_0408__Herat']",2:af2090cc59baceacb8c56fffcf269cda,00:00:00:00:24000/1001,00:01:36:08:24000/1001,"['Archive Masters/JBF B-Roll Footage/Lucio/Herat/JBF__DJI_0408.MOV', 'Archive Masters/JBF B-Roll Footage/Lucio/drone/Herat/JBF__DJI_0408.MOV', 'Archive Masters/JBF B-Roll Footage/Lucio/drone/Herat/JBF__DJI_0408__Herat.MOV', 'Archive Masters/JBF B-Roll Footage/Lucio/Herat/JBF__DJI_0408__Herat.MOV', 'Archive Masters/01 Footage/JBF B-Roll Footage/Lucio/drone/Herat/JBF__DJI_0408__Herat.MOV', 'Archive Masters/01 Footage/JBF B-Roll Footage/Lucio/Herat/JBF__DJI_0408__Herat.MOV']",
1752056,"['DJI_0005 2', 'JBF__DJI_0005 2__Kabul']",2:127ed0b5b165c7d931f62f64225ebc86,00:00:00:00:24000/1001,00:00:40:05:24000/1001,"['Archive Masters/JBF B-Roll Footage/Lucio/drone/Kabul/Kabul 2/JBF__DJI_0005 2.MOV', 'Archive Masters/JBF B-Roll Footage/Lucio/drone/Kabul/Kabul 2/JBF__DJI_0005 2__Kabul.MOV', 'Archive Masters/01 Footage/JBF B-Roll Footage/Lucio/drone/Kabul/Kabul 2/JBF__DJI_0005 2__Kabul.MOV']",
1752057,"['DJI_0002', 'JBF__DJI_0002__Kabul']",2:4756d9218ddd047656f8715960038e18,00:00:00:00:30000/1001,00:00:30:23:30000/1001,"['Archive Masters/JBF B-Roll Footage/Lucio/drone/Kabul/Kabul 1/JBF__DJI_0002.MP4', 'Archive Masters/JBF B-Roll Footage/Lucio/drone/Kabul/Kabul 1/JBF__DJI_0002__Kabul.MP4', 'Archive Masters/01 Footage/JBF B-Roll Footage/Lucio/drone/Kabul/Kabul 1/JBF__DJI_0002__Kabul.MP4']",
1752058,"['DJI_0399', 'JBF__DJI_0399__Herat']",2:dfc2c9ebf97dbee1fcfb55cddea5a2a6,00:00:00:00:24000/1001,00:01:06:20:24000/1001,"['Archive Masters/JBF B-Roll Footage/Lucio/drone/Herat/JBF__DJI_0399.MOV', 'Archive Masters/JBF B-Roll Footage/Lucio/drone/Herat/JBF__DJI_0399__Herat.MOV', 'Archive Masters/01 Footage/JBF B-Roll Footage/Lucio/drone/Herat/JBF__DJI_0399__Herat.MOV']",
1752059,"['DJI_0012', 'JBF__DJI_0012__Kabul']",2:6290b6e74941d35c18b5461c9eea4ffb,00:00:00:00:25/1,00:04:22:19:25/1,"['Archive Masters/JBF B-Roll Footage/Lucio/drone/Kabul/Kabul 1/JBF__DJI_0012.MOV', 'Archive Masters/JBF B-Roll Footage/Lucio/drone/Kabul/Kabul 1/JBF__DJI_0012__Kabul.MOV', 'Archive Masters/01 Footage/JBF B-Roll Footage/Lucio/drone/Kabul/Kabul 1/JBF__DJI_0012__Kabul.MOV']",
1752060,"['DJI_0453', 'JBF__DJI_0453__Kandahar']",2:9ea20acf61b9f83c77dc89b1eb4c0d9e,00:00:00:00:24000/1001,00:05:00:16:24000/1001,"['Archive Masters/JBF B-Roll Footage/Lucio/drone/Kandahar/JBF__DJI_0453.MOV', 'Archive Masters/JBF B-Roll Footage/Lucio/drone/Kandahar/JBF__DJI_0453__Kandahar.MOV', 'Archive Masters/01 Footage/JBF B-Roll Footage/Lucio/drone/Kandahar/JBF__DJI_0453__Kandahar.MOV']",
1752061,"['DJI_0004', 'JBF__DJI_0004__Kabul']",2:0e823d84972c8129d4769fe7a1311e10,00:00:00:00:24000/1001,00:02:18:14:24000/1001,"['Archive Masters/JBF B-Roll Footage/Lucio/drone/Kabul/Kabul 1/JBF__DJI_0004.MOV', 'Archive Masters/JBF B-Roll Footage/Lucio/drone/Kabul/Kabul 1/JBF__DJI_0004__Kabul.MOV', 'Archive Masters/01 Footage/JBF B-Roll Footage/Lucio/drone/Kabul/Kabul 1/JBF__DJI_0004__Kabul.MOV']",
1752062,"['DJI_0080', 'JBF__DJI_0080__Kabul']",2:cdd73880bdb013cf3aef89022342d4a3,00:00:00:00:24000/1001,00:01:36:16:24000/1001,"['Archive Masters/JBF B-Roll Footage/Lucio/drone/Kabul/Kabul 1/JBF__DJI_0080.MOV', 'Archive Masters/JBF B-Roll Footage/Lucio/drone/Kabul/Kabul 1/JBF__DJI_0080__Kabul.MOV', 'Archive Masters/01 Footage/JBF B-Roll Footage/Lucio/drone/Kabul/Kabul 1/JBF__DJI_0080__Kabul.MOV']",
1752063,"['DJI_0016', 'JBF__DJI_0016__Kabul']",2:796676db8097a8b7dc4ce383a21aac2d,00:00:00:00:24000/1001,00:09:05:07:24000/1001,"['Archive Masters/JBF B-Roll Footage/Lucio/drone/Kabul/Kabul 2/JBF__DJI_0016.MOV', 'Archive Masters/JBF B-Roll Footage/Lucio/drone/Kabul/Kabul 2/JBF__DJI_0016__Kabul.MOV', 'Archive Masters/01 Footage/JBF B-Roll Footage/Lucio/drone/Kabul/Kabul 2/JBF__DJI_0016__Kabul.MOV']",
1752064,"['DJI_0301', 'JBF__DJI_0301__Kabul']",2:8ceed3edfcbae0be65bd98a00a0230cf,00:00:00:00:24000/1001,00:02:27:00:24000/1001,"['Archive Masters/JBF B-Roll Footage/Lucio/drone/Kabul/Kabul 2/JBF__DJI_0301.MOV', 'Archive Masters/JBF B-Roll Footage/Lucio/drone/Kabul/Kabul 2/JBF__DJI_0301__Kabul.MOV', 'Archive Masters/01 Footage/JBF B-Roll Footage/Lucio/drone/Kabul/Kabul 2/JBF__DJI_0301__Kabul.MOV']",
1752065,"['DJI_0305', 'JBF__DJI_0305__Kabul']",2:2586953b5edba0ef746caf098b7f8c38,00:00:00:00:24000/1001,00:01:28:20:24000/1001,"['Archive Masters/JBF B-Roll Footage/Lucio/drone/Kabul/Kabul 2/JBF__DJI_0305.MOV', 'Archive Masters/JBF B-Roll Footage/Lucio/drone/Kabul/Kabul 2/JBF__DJI_0305__Kabul.MOV', 'Archive Masters/01 Footage/JBF B-Roll Footage/Lucio/drone/Kabul/Kabul 2/JBF__DJI_0305__Kabul.MOV']",
1752066,"['DJI_0002 2', 'JBF__DJI_0002 2__Kabul']",2:aed01369d5a119988debe3e2562f582e,00:00:00:00:25/1,00:02:39:13:25/1,"['Archive Masters/JBF B-Roll Footage/Lucio/drone/Kabul/Kabul 2/JBF__DJI_0002 2.MOV', 'Archive Masters/JBF B-Roll Footage/Lucio/drone/Kabul/Kabul 2/JBF__DJI_0002 2__Kabul.MOV', 'Archive Masters/01 Footage/JBF B-Roll Footage/Lucio/drone/Kabul/Kabul 2/JBF__DJI_0002 2__Kabul.MOV']",
1752067,"['DJI_0002 3', 'JBF__DJI_0002 3__Kabul']",2:938c19e2102b1e2f2709a026f2683de5,00:00:00:00:24000/1001,00:09:05:07:24000/1001,"['Archive Masters/JBF B-Roll Footage/Lucio/drone/Kabul/Kabul 2/JBF__DJI_0002 3.MOV', 'Archive Masters/JBF B-Roll Footage/Lucio/drone/Kabul/Kabul 2/JBF__DJI_0002 3__Kabul.MOV', 'Archive Masters/01 Footage/JBF B-Roll Footage/Lucio/drone/Kabul/Kabul 2/JBF__DJI_0002 3__Kabul.MOV']",
1752068,"['DJI_0443', 'JBF__DJI_0443__Kandahar']",2:004628e8502c53c29883eed71295c956,00:00:00:00:24000/1001,00:05:00:16:24000/1001,"['Archive Masters/JBF B-Roll Footage/Lucio/drone/Kandahar/JBF__DJI_0443.MOV', 'Archive Masters/JBF B-Roll Footage/Lucio/drone/Kandahar/JBF__DJI_0443__Kandahar.MOV', 'Archive Masters/01 Footage/JBF B-Roll Footage/Lucio/drone/Kandahar/JBF__DJI_0443__Kandahar.MOV']",
1752069,"['DJI_0007', 'JBF__DJI_0007__Kandahar']",2:e9fb75b70a5ac6bca34bfbd7d5bfed20,00:00:00:00:24000/1001,00:02:22:07:24000/1001,"['Archive Masters/JBF B-Roll Footage/Lucio/drone/Kandahar/JBF__DJI_0007.MOV', 'Archive Masters/JBF B-Roll Footage/Lucio/drone/Kandahar/JBF__DJI_0007__Kandahar.MOV', 'Archive Masters/01 Footage/JBF B-Roll Footage/Lucio/drone/Kandahar/JBF__DJI_0007__Kandahar.MOV']",
1752070,"['DJI_0007', 'JBF__DJI_0007__Kabul']",2:f96b3e814a8ac8f61560c9812cf6309b,00:00:00:00:24000/1001,00:01:28:08:24000/1001,"['Archive Masters/JBF B-Roll Footage/Lucio/drone/Kabul/Kabul 2/JBF__DJI_0007.MOV', 'Archive Masters/JBF B-Roll Footage/Lucio/drone/Kabul/Kabul 2/JBF__DJI_0007__Kabul.MOV', 'Archive Masters/01 Footage/JBF B-Roll Footage/Lucio/drone/Kabul/Kabul 2/JBF__DJI_0007__Kabul.MOV']",
1752071,"['DJI_0018', 'JBF__DJI_0018__Kabul']",2:bb0097c60a8e6df33a6450f0b32500ed,00:00:00:00:24000/1001,00:01:02:07:24000/1001,"['Archive Masters/JBF B-Roll Footage/Lucio/drone/Kabul/Kabul 2/JBF__DJI_0018.MOV', 'Archive Masters/JBF B-Roll Footage/Lucio/drone/Kabul/Kabul 2/JBF__DJI_0018__Kabul.MOV', 'Archive Masters/01 Footage/JBF B-Roll Footage/Lucio/drone/Kabul/Kabul 2/JBF__DJI_0018__Kabul.MOV']",
1752072,"['DJI_0409', 'JBF__DJI_0409__Herat']",2:2e690684b9013604d0bb2ae39c73d9dd,00:00:00:00:24000/1001,00:03:10:04:24000/1001,"['Archive Masters/JBF B-Roll Footage/Lucio/drone/Herat/JBF__DJI_0409.MOV', 'Archive Masters/JBF B-Roll Footage/Lucio/drone/Herat/JBF__DJI_0409__Herat.MOV', 'Archive Masters/01 Footage/JBF B-Roll Footage/Lucio/drone/Herat/JBF__DJI_0409__Herat.MOV']",
1752073,"['DJI_0264', 'JBF__DJI_0264__Kabul']",2:11ca8dee440327d8496d15cf02a296ca,00:00:00:00:24000/1001,00:01:12:13:24000/1001,"['Archive Masters/JBF B-Roll Footage/Lucio/drone/Kabul/Kabul 2/JBF__DJI_0264.MOV', 'Archive Masters/JBF B-Roll Footage/Lucio/drone/Kabul/Kabul 2/JBF__DJI_0264__Kabul.MOV', 'Archive Masters/01 Footage/JBF B-Roll Footage/Lucio/drone/Kabul/Kabul 2/JBF__DJI_0264__Kabul.MOV']",
1752074,"['DJI_0293', 'JBF__DJI_0293__Kabul']",2:519859a6924105111f7a04540cea3d78,00:00:00:00:24000/1001,00:04:11:20:24000/1001,"['Archive Masters/JBF B-Roll Footage/Lucio/drone/Kabul/Kabul 2/JBF__DJI_0293.MOV', 'Archive Masters/JBF B-Roll Footage/Lucio/drone/Kabul/Kabul 2/JBF__DJI_0293__Kabul.MOV', 'Archive Masters/01 Footage/JBF B-Roll Footage/Lucio/drone/Kabul/Kabul 2/JBF__DJI_0293__Kabul.MOV']",
1752075,"['DJI_0002', 'JBF__DJI_0002__Kabul']",2:ffd6d06a02ec8a4813ed1735f4dcbd77,00:00:00:00:24000/1001,00:01:09:21:24000/1001,"['Archive Masters/JBF B-Roll Footage/Lucio/drone/Kabul/Kabul 1/JBF__DJI_0002.MOV', 'Archive Masters/JBF B-Roll Footage/Lucio/drone/Kabul/Kabul 1/JBF__DJI_0002__Kabul.MOV', 'Archive Masters/01 Footage/JBF B-Roll Footage/Lucio/drone/Kabul/Kabul 1/JBF__DJI_0002__Kabul.MOV']",
1752076,"['DJI_0265', 'JBF__DJI_0265__Kabul']",2:f634ba8e25bad42120ba122395a36065,00:00:00:00:24000/1001,00:01:01:16:24000/1001,"['Archive Masters/JBF B-Roll Footage/Lucio/drone/Kabul/Kabul 2/JBF__DJI_0265.MOV', 'Archive Masters/JBF B-Roll Footage/Lucio/drone/Kabul/Kabul 2/JBF__DJI_0265__Kabul.MOV', 'Archive Masters/01 Footage/JBF B-Roll Footage/Lucio/drone/Kabul/Kabul 2/JBF__DJI_0265__Kabul.MOV']",
1752077,"['DJI_0282', 'JBF__DJI_0282__Kabul']",2:250408c7605e56d5e4700edd2bcdeafb,00:00:00:00:24000/1001,00:02:04:04:24000/1001,"['Archive Masters/JBF B-Roll Footage/Lucio/drone/Kabul/Kabul 2/JBF__DJI_0282.MOV', 'Archive Masters/JBF B-Roll Footage/Lucio/drone/Kabul/Kabul 2/JBF__DJI_0282__Kabul.MOV', 'Archive Masters/01 Footage/JBF B-Roll Footage/Lucio/drone/Kabul/Kabul 2/JBF__DJI_0282__Kabul.MOV']",
1752078,"['DJI_0001', 'JBF__DJI_0001__Kandahar']",2:e9c945500df42c25ed4e8b5fa89ecd51,00:00:00:00:24000/1001,00:04:48:01:24000/1001,"['Archive Masters/JBF B-Roll Footage/Lucio/drone/Kandahar/JBF__DJI_0001.MOV', 'Archive Masters/JBF B-Roll Footage/Lucio/drone/Kandahar/JBF__DJI_0001__Kandahar.MOV', 'Archive Masters/01 Footage/JBF B-Roll Footage/Lucio/drone/Kandahar/JBF__DJI_0001__Kandahar.MOV']",
1752079,"['DJI_0014', 'JBF__DJI_0014__Kandahar']",2:a71c44201a968e869f5466fcf6a5a49f,00:00:00:00:24000/1001,00:01:23:21:24000/1001,"['Archive Masters/JBF B-Roll Footage/Lucio/drone/Kandahar/JBF__DJI_0014.MOV', 'Archive Masters/JBF B-Roll Footage/Lucio/drone/Kandahar/JBF__DJI_0014__Kandahar.MOV', 'Archive Masters/01 Footage/JBF B-Roll Footage/Lucio/drone/Kandahar/JBF__DJI_0014__Kandahar.MOV']",
1752080,"['DJI_0029', 'JBF__DJI_0029__Kabul']",2:13a2b09e55a5824fbc233bd3b3ca9140,00:00:00:00:24000/1001,00:08:21:03:24000/1001,"['Archive Masters/JBF B-Roll Footage/Lucio/drone/Kabul/Kabul 2/JBF__DJI_0029.MOV', 'Archive Masters/JBF B-Roll Footage/Lucio/drone/Kabul/Kabul 2/JBF__DJI_0029__Kabul.MOV', 'Archive Masters/01 Footage/JBF B-Roll Footage/Lucio/drone/Kabul/Kabul 2/JBF__DJI_0029__Kabul.MOV']",
1752081,"['DJI_0008', 'JBF__DJI_0008__Kabul']",2:aa70a3cf27b40b710dc977d37e33909d,00:00:00:00:24000/1001,00:00:31:17:24000/1001,"['Archive Masters/JBF B-Roll Footage/Lucio/drone/Kabul/Kabul 1/JBF__DJI_0008.MOV', 'Archive Masters/JBF B-Roll Footage/Lucio/drone/Kabul/Kabul 1/JBF__DJI_0008__Kabul.MOV', 'Archive Masters/01 Footage/JBF B-Roll Footage/Lucio/drone/Kabul/Kabul 1/JBF__DJI_0008__Kabul.MOV']",
1752082,"['DJI_0459', 'JBF__DJI_0459__Kandahar']",2:6e45cf2368cf1507acbc07d238ebf76c,00:00:00:00:25/1,00:00:05:21:25/1,"['Archive Masters/JBF B-Roll Footage/Lucio/drone/Kandahar/JBF__DJI_0459.MP4', 'Archive Masters/JBF B-Roll Footage/Lucio/drone/Kandahar/JBF__DJI_0459__Kandahar.MP4', 'Archive Masters/01 Footage/JBF B-Roll Footage/Lucio/drone/Kandahar/JBF__DJI_0459__Kandahar.MP4']",
1752083,"['DJI_0407', 'JBF__DJI_0407__Herat']",2:ef70fa205d7a3c3622021995e1256f96,00:00:00:00:24000/1001,00:03:47:18:24000/1001,"['Archive Masters/JBF B-Roll Footage/Lucio/Herat/JBF__DJI_0407.MOV', 'Archive Masters/JBF B-Roll Footage/Lucio/drone/Herat/JBF__DJI_0407.MOV', 'Archive Masters/JBF B-Roll Footage/Lucio/Herat/JBF__DJI_0407__Herat.MOV', 'Archive Masters/JBF B-Roll Footage/Lucio/drone/Herat/JBF__DJI_0407__Herat.MOV', 'Archive Masters/01 Footage/JBF B-Roll Footage/Lucio/drone/Herat/JBF__DJI_0407__Herat.MOV', 'Archive Masters/01 Footage/JBF B-Roll Footage/Lucio/Herat/JBF__DJI_0407__Herat.MOV']",
1752084,"['DJI_0143', 'JBF__DJI_0143__Kabul']",2:a77dc1dc605410b8e3d696b7d053cb10,00:00:00:00:24000/1001,00:00:36:18:24000/1001,"['Archive Masters/JBF B-Roll Footage/Lucio/drone/Kabul/Kabul 2/JBF__DJI_0143.MOV', 'Archive Masters/JBF B-Roll Footage/Lucio/drone/Kabul/Kabul 2/JBF__DJI_0143__Kabul.MOV', 'Archive Masters/01 Footage/JBF B-Roll Footage/Lucio/drone/Kabul/Kabul 2/JBF__DJI_0143__Kabul.MOV']",
1752085,"['DJI_0011', 'JBF__DJI_0011__Kabul']",2:6a73daf909f46e990314c641314305d6,00:00:00:00:25/1,00:04:26:05:25/1,"['Archive Masters/JBF B-Roll Footage/Lucio/drone/Kabul/Kabul 1/JBF__DJI_0011.MOV', 'Archive Masters/JBF B-Roll Footage/Lucio/drone/Kabul/Kabul 1/JBF__DJI_0011__Kabul.MOV', 'Archive Masters/01 Footage/JBF B-Roll Footage/Lucio/drone/Kabul/Kabul 1/JBF__DJI_0011__Kabul.MOV']",
1752086,"['DJI_0406', 'JBF__DJI_0406__Herat']",2:eb576604b175a5df0d1ac3e788b34dab,00:00:00:00:24000/1001,00:05:00:16:24000/1001,"['Archive Masters/JBF B-Roll Footage/Lucio/drone/Herat/JBF__DJI_0406.MOV', 'Archive Masters/JBF B-Roll Footage/Lucio/drone/Herat/JBF__DJI_0406__Herat.MOV', 'Archive Masters/01 Footage/JBF B-Roll Footage/Lucio/drone/Herat/JBF__DJI_0406__Herat.MOV']",
1752087,"['DJI_0317', 'JBF__DJI_0317__Kabul']",2:0625f502435d2c196e32223188a3e35f,00:00:00:00:24000/1001,00:00:41:18:24000/1001,"['Archive Masters/JBF B-Roll Footage/Lucio/drone/Kabul/Kabul 2/JBF__DJI_0317.MOV', 'Archive Masters/JBF B-Roll Footage/Lucio/drone/Kabul/Kabul 2/JBF__DJI_0317__Kabul.MOV', 'Archive Masters/01 Footage/JBF B-Roll Footage/Lucio/drone/Kabul/Kabul 2/JBF__DJI_0317__Kabul.MOV']",
1752088,"['DJI_0458', 'JBF__DJI_0458__Kandahar']",2:89a4b633a02685e08ced68e125899ca6,00:00:00:00:24000/1001,00:03:04:11:24000/1001,"['Archive Masters/JBF B-Roll Footage/Lucio/drone/Kandahar/JBF__DJI_0458.MOV', 'Archive Masters/JBF B-Roll Footage/Lucio/drone/Kandahar/JBF__DJI_0458__Kandahar.MOV', 'Archive Masters/01 Footage/JBF B-Roll Footage/Lucio/drone/Kandahar/JBF__DJI_0458__Kandahar.MOV']",
1752089,"['DJI_0460', 'JBF__DJI_0460__Kandahar']",2:918183d3ecf25727451f76fc5add1ea0,00:00:00:00:24000/1001,00:02:45:16:24000/1001,"['Archive Masters/JBF B-Roll Footage/Lucio/drone/Kandahar/JBF__DJI_0460.MOV', 'Archive Masters/JBF B-Roll Footage/Lucio/drone/Kandahar/JBF__DJI_0460__Kandahar.MOV', 'Archive Masters/01 Footage/JBF B-Roll Footage/Lucio/drone/Kandahar/JBF__DJI_0460__Kandahar.MOV']",
1752090,"['DJI_0006', 'JBF__DJI_0006__Kabul']",2:a38b369b0e9a0bfb45cc32aa074a4e5f,00:00:00:00:24000/1001,00:00:20:08:24000/1001,"['Archive Masters/JBF B-Roll Footage/Lucio/drone/Kabul/Kabul 2/JBF__DJI_0006.MOV', 'Archive Masters/JBF B-Roll Footage/Lucio/drone/Kabul/Kabul 2/JBF__DJI_0006__Kabul.MOV', 'Archive Masters/01 Footage/JBF B-Roll Footage/Lucio/drone/Kabul/Kabul 2/JBF__DJI_0006__Kabul.MOV']",
1752091,"['DJI_0436', 'JBF__DJI_0436__Kandahar']",2:f0b22490bd815e2f83aa18fab81ece84,00:00:00:00:24000/1001,00:00:25:21:24000/1001,"['Archive Masters/JBF B-Roll Footage/Lucio/drone/Kandahar/JBF__DJI_0436.MOV', 'Archive Masters/JBF B-Roll Footage/Lucio/drone/Kandahar/JBF__DJI_0436__Kandahar.MOV', 'Archive Masters/01 Footage/JBF B-Roll Footage/Lucio/drone/Kandahar/JBF__DJI_0436__Kandahar.MOV']",
1752092,"['DJI_0015', 'JBF__DJI_0015__Kabul']",2:256584128b3ebc2cb5015a5cffbee182,00:00:00:00:24000/1001,00:03:13:03:24000/1001,"['Archive Masters/JBF B-Roll Footage/Lucio/drone/Kabul/Kabul 2/JBF__DJI_0015.MOV', 'Archive Masters/JBF B-Roll Footage/Lucio/drone/Kabul/Kabul 2/JBF__DJI_0015__Kabul.MOV', 'Archive Masters/01 Footage/JBF B-Roll Footage/Lucio/drone/Kabul/Kabul 2/JBF__DJI_0015__Kabul.MOV']",
1752093,"['DJI_0452', 'JBF__DJI_0452__Kandahar']",2:05f991976f900a8bb0c125a40040e98a,00:00:00:00:24000/1001,00:05:00:17:24000/1001,"['Archive Masters/JBF B-Roll Footage/Lucio/drone/Kandahar/JBF__DJI_0452.MOV', 'Archive Masters/JBF B-Roll Footage/Lucio/drone/Kandahar/JBF__DJI_0452__Kandahar.MOV', 'Archive Masters/01 Footage/JBF B-Roll Footage/Lucio/drone/Kandahar/JBF__DJI_0452__Kandahar.MOV']",
1752094,"['DJI_0302', 'JBF__DJI_0302__Kabul']",2:2243ea9d129cdfeef15dab9ae86b864f,00:00:00:00:24000/1001,00:01:18:22:24000/1001,"['Archive Masters/JBF B-Roll Footage/Lucio/drone/Kabul/Kabul 2/JBF__DJI_0302.MOV', 'Archive Masters/JBF B-Roll Footage/Lucio/drone/Kabul/Kabul 2/JBF__DJI_0302__Kabul.MOV', 'Archive Masters/01 Footage/JBF B-Roll Footage/Lucio/drone/Kabul/Kabul 2/JBF__DJI_0302__Kabul.MOV']",
1752095,"['DJI_0004', 'JBF__DJI_0004__Kabul']",2:1fd7269513665a20d2ab9800572c1040,00:00:00:00:24000/1001,00:02:34:14:24000/1001,"['Archive Masters/JBF B-Roll Footage/Lucio/drone/Kabul/Kabul 2/JBF__DJI_0004.MOV', 'Archive Masters/JBF B-Roll Footage/Lucio/drone/Kabul/Kabul 2/JBF__DJI_0004__Kabul.MOV', 'Archive Masters/01 Footage/JBF B-Roll Footage/Lucio/drone/Kabul/Kabul 2/JBF__DJI_0004__Kabul.MOV']",
1752096,"['DJI_0441', 'JBF__DJI_0441__Kandahar']",2:960322bd1758a18074a3fa916dd08ccb,00:00:00:00:24000/1001,00:01:48:07:24000/1001,"['Archive Masters/JBF B-Roll Footage/Lucio/drone/Kandahar/JBF__DJI_0441.MOV', 'Archive Masters/JBF B-Roll Footage/Lucio/drone/Kandahar/JBF__DJI_0441__Kandahar.MOV', 'Archive Masters/01 Footage/JBF B-Roll Footage/Lucio/drone/Kandahar/JBF__DJI_0441__Kandahar.MOV']",
1752097,"['DJI_0009', 'JBF__DJI_0009__Kabul']",2:130c009b5947fefd537cc56afb0aa7ee,00:00:00:00:24000/1001,00:01:22:21:24000/1001,"['Archive Masters/JBF B-Roll Footage/Lucio/drone/Kabul/Kabul 2/JBF__DJI_0009.MOV', 'Archive Masters/JBF B-Roll Footage/Lucio/drone/Kabul/Kabul 2/JBF__DJI_0009__Kabul.MOV', 'Archive Masters/01 Footage/JBF B-Roll Footage/Lucio/drone/Kabul/Kabul 2/JBF__DJI_0009__Kabul.MOV']",
1752098,"['DJI_0002', 'JBF__DJI_0002__Kabul']",2:69f1b415bb9f07a29b7cf247a9ec70ae,00:00:00:00:24000/1001,00:02:41:18:24000/1001,"['Archive Masters/JBF B-Roll Footage/Lucio/drone/Kabul/Kabul 2/JBF__DJI_0002.MOV', 'Archive Masters/JBF B-Roll Footage/Lucio/drone/Kabul/Kabul 2/JBF__DJI_0002__Kabul.MOV', 'Archive Masters/01 Footage/JBF B-Roll Footage/Lucio/drone/Kabul/Kabul 2/JBF__DJI_0002__Kabul.MOV']",
1752099,"['DJI_0082', 'JBF__DJI_0082__Kabul']",2:d08243800822e439a0d82ec149d224a8,00:00:00:00:24000/1001,00:04:46:17:24000/1001,"['Archive Masters/JBF B-Roll Footage/Lucio/drone/Kabul/Kabul 1/JBF__DJI_0082.MOV', 'Archive Masters/JBF B-Roll Footage/Lucio/drone/Kabul/Kabul 1/JBF__DJI_0082__Kabul.MOV', 'Archive Masters/01 Footage/JBF B-Roll Footage/Lucio/drone/Kabul/Kabul 1/JBF__DJI_0082__Kabul.MOV']",
1752100,"['DJI_0307', 'JBF__DJI_0307__Kabul']",2:0ddcf9b97d09d2a197ef669f65bf37d0,00:00:00:00:24000/1001,00:03:49:04:24000/1001,"['Archive Masters/JBF B-Roll Footage/Lucio/drone/Kabul/Kabul 2/JBF__DJI_0307.MOV', 'Archive Masters/JBF B-Roll Footage/Lucio/drone/Kabul/Kabul 2/JBF__DJI_0307__Kabul.MOV', 'Archive Masters/01 Footage/JBF B-Roll Footage/Lucio/drone/Kabul/Kabul 2/JBF__DJI_0307__Kabul.MOV']",
1752101,"['DJI_0318', 'JBF__DJI_0318__Kabul']",2:9a52c6baf6f0235c0a3f24fe8f3b86b4,00:00:00:00:24000/1001,00:00:43:00:24000/1001,"['Archive Masters/JBF B-Roll Footage/Lucio/drone/Kabul/Kabul 2/JBF__DJI_0318.MOV', 'Archive Masters/JBF B-Roll Footage/Lucio/drone/Kabul/Kabul 2/JBF__DJI_0318__Kabul.MOV', 'Archive Masters/01 Footage/JBF B-Roll Footage/Lucio/drone/Kabul/Kabul 2/JBF__DJI_0318__Kabul.MOV']",
1752102,"['DJI_0280', 'JBF__DJI_0280__Kabul']",2:76332f1eb43ee0a08109e02facc7dcc5,00:00:00:00:24000/1001,00:01:04:21:24000/1001,"['Archive Masters/JBF B-Roll Footage/Lucio/drone/Kabul/Kabul 2/JBF__DJI_0280.MOV', 'Archive Masters/JBF B-Roll Footage/Lucio/drone/Kabul/Kabul 2/JBF__DJI_0280__Kabul.MOV', 'Archive Masters/01 Footage/JBF B-Roll Footage/Lucio/drone/Kabul/Kabul 2/JBF__DJI_0280__Kabul.MOV']",
1752103,"['DJI_0261', 'JBF__DJI_0261__Kabul']",2:96883c2eb1639c8bd735c8829900a809,00:00:00:00:24000/1001,00:01:05:21:24000/1001,"['Archive Masters/JBF B-Roll Footage/Lucio/drone/Kabul/Kabul 2/JBF__DJI_0261.MOV', 'Archive Masters/JBF B-Roll Footage/Lucio/drone/Kabul/Kabul 2/JBF__DJI_0261__Kabul.MOV', 'Archive Masters/01 Footage/JBF B-Roll Footage/Lucio/drone/Kabul/Kabul 2/JBF__DJI_0261__Kabul.MOV']",
1752104,"['DJI_0303', 'JBF__DJI_0303__Kabul']",2:53ca249507ef3f439f39cceab3bf5094,00:00:00:00:24000/1001,00:00:17:19:24000/1001,"['Archive Masters/JBF B-Roll Footage/Lucio/drone/Kabul/Kabul 2/JBF__DJI_0303.MOV', 'Archive Masters/JBF B-Roll Footage/Lucio/drone/Kabul/Kabul 2/JBF__DJI_0303__Kabul.MOV', 'Archive Masters/01 Footage/JBF B-Roll Footage/Lucio/drone/Kabul/Kabul 2/JBF__DJI_0303__Kabul.MOV']",
1752105,"['Kabul winter 2', 'JBF__Kabul winter 2__Kabul']",2:8f8a566a6ebdf5e8032412deac7f4af1,00:00:00:00:25/1,00:00:27:07:25/1,"['Archive Masters/JBF B-Roll Footage/Lucio/drone/Kabul/Kabul 2/JBF__Kabul winter 2.mov', 'Archive Masters/JBF B-Roll Footage/Lucio/drone/Kabul/Kabul 2/JBF__Kabul winter 2__Kabul.mov', 'Archive Masters/01 Footage/JBF B-Roll Footage/Lucio/drone/Kabul/Kabul 2/JBF__Kabul winter 2__Kabul.mov']",
1752106,"['DJI_0294', 'JBF__DJI_0294__Kabul']",2:09169c083f78646d61bb897313537915,00:00:00:00:24000/1001,00:05:00:16:24000/1001,"['Archive Masters/JBF B-Roll Footage/Lucio/drone/Kabul/Kabul 2/JBF__DJI_0294.MOV', 'Archive Masters/JBF B-Roll Footage/Lucio/drone/Kabul/Kabul 2/JBF__DJI_0294__Kabul.MOV', 'Archive Masters/01 Footage/JBF B-Roll Footage/Lucio/drone/Kabul/Kabul 2/JBF__DJI_0294__Kabul.MOV']",
1752107,"['DJI_0012', 'JBF__DJI_0012__Kandahar']",2:622e8ec102a8c3f49f256b0db5cbdea2,00:00:00:00:24000/1001,00:01:21:08:24000/1001,"['Archive Masters/JBF B-Roll Footage/Lucio/drone/Kandahar/JBF__DJI_0012.MOV', 'Archive Masters/JBF B-Roll Footage/Lucio/drone/Kandahar/JBF__DJI_0012__Kandahar.MOV', 'Archive Masters/01 Footage/JBF B-Roll Footage/Lucio/drone/Kandahar/JBF__DJI_0012__Kandahar.MOV']",
1752108,"['DJI_0023', 'JBF__DJI_0023__Kabul']",2:e360d18a7b75cfd46cd44336a5a17333,00:00:00:00:24000/1001,00:09:05:12:24000/1001,"['Archive Masters/JBF B-Roll Footage/Lucio/drone/Kabul/Kabul 2/JBF__DJI_0023.MOV', 'Archive Masters/JBF B-Roll Footage/Lucio/drone/Kabul/Kabul 2/JBF__DJI_0023__Kabul.MOV', 'Archive Masters/01 Footage/JBF B-Roll Footage/Lucio/drone/Kabul/Kabul 2/JBF__DJI_0023__Kabul.MOV']",
1752109,"['DJI_0006', 'JBF__DJI_0006__Kabul']",2:57081df3dd857db480a3d277c5a7c62d,00:00:00:00:24000/1001,00:03:07:01:24000/1001,"['Archive Masters/JBF B-Roll Footage/Lucio/drone/Kabul/Kabul 1/JBF__DJI_0006.MOV', 'Archive Masters/JBF B-Roll Footage/Lucio/drone/Kabul/Kabul 1/JBF__DJI_0006__Kabul.MOV', 'Archive Masters/01 Footage/JBF B-Roll Footage/Lucio/drone/Kabul/Kabul 1/JBF__DJI_0006__Kabul.MOV']",
1752110,"['DJI_0411', 'JBF__DJI_0411__Herat']",2:032f76c2d252e38b21cf0e33e8c58d4c,00:00:00:00:24000/1001,00:00:27:05:24000/1001,"['Archive Masters/JBF B-Roll Footage/Lucio/drone/Herat/JBF__DJI_0411.MOV', 'Archive Masters/JBF B-Roll Footage/Lucio/drone/Herat/JBF__DJI_0411__Herat.MOV', 'Archive Masters/01 Footage/JBF B-Roll Footage/Lucio/drone/Herat/JBF__DJI_0411__Herat.MOV']",
1752111,"['DJI_0028', 'JBF__DJI_0028__Kabul']",2:9efa1ccb4a5d5a65c486fb2ad380ed03,00:00:00:00:24000/1001,00:03:31:21:24000/1001,"['Archive Masters/JBF B-Roll Footage/Lucio/drone/Kabul/Kabul 2/JBF__DJI_0028.MOV', 'Archive Masters/JBF B-Roll Footage/Lucio/drone/Kabul/Kabul 2/JBF__DJI_0028__Kabul.MOV', 'Archive Masters/01 Footage/JBF B-Roll Footage/Lucio/drone/Kabul/Kabul 2/JBF__DJI_0028__Kabul.MOV']",
1752112,"['DJI_0007', 'JBF__DJI_0007__Kabul']",2:5698c6f5c3fca0635e6cb4de0ca7121f,00:00:00:00:24000/1001,00:02:24:13:24000/1001,"['Archive Masters/JBF B-Roll Footage/Lucio/drone/Kabul/Kabul 1/JBF__DJI_0007.MOV', 'Archive Masters/JBF B-Roll Footage/Lucio/drone/Kabul/Kabul 1/JBF__DJI_0007__Kabul.MOV', 'Archive Masters/01 Footage/JBF B-Roll Footage/Lucio/drone/Kabul/Kabul 1/JBF__DJI_0007__Kabul.MOV']",
1752113,"['DJI_0316', 'JBF__DJI_0316__Kabul']",2:7582aa31ff769f46004bf5481f2a9194,00:00:00:00:24000/1001,00:01:26:11:24000/1001,"['Archive Masters/JBF B-Roll Footage/Lucio/drone/Kabul/Kabul 2/JBF__DJI_0316.MOV', 'Archive Masters/JBF B-Roll Footage/Lucio/drone/Kabul/Kabul 2/JBF__DJI_0316__Kabul.MOV', 'Archive Masters/01 Footage/JBF B-Roll Footage/Lucio/drone/Kabul/Kabul 2/JBF__DJI_0316__Kabul.MOV']",
1752114,"['DJI_0410', 'JBF__DJI_0410__Herat']",2:bc452976d1b0da3153a6264bc4ebe4d3,00:00:00:00:24000/1001,00:03:49:18:24000/1001,"['Archive Masters/JBF B-Roll Footage/Lucio/drone/Herat/JBF__DJI_0410.MOV', 'Archive Masters/JBF B-Roll Footage/Lucio/drone/Herat/JBF__DJI_0410__Herat.MOV', 'Archive Masters/01 Footage/JBF B-Roll Footage/Lucio/drone/Herat/JBF__DJI_0410__Herat.MOV']",
1752115,"['DJI_0281', 'JBF__DJI_0281__Kabul']",2:c16d57991c10edab8a4398f6514ec924,00:00:00:00:24000/1001,00:00:37:06:24000/1001,"['Archive Masters/JBF B-Roll Footage/Lucio/drone/Kabul/Kabul 2/JBF__DJI_0281.MOV', 'Archive Masters/JBF B-Roll Footage/Lucio/drone/Kabul/Kabul 2/JBF__DJI_0281__Kabul.MOV', 'Archive Masters/01 Footage/JBF B-Roll Footage/Lucio/drone/Kabul/Kabul 2/JBF__DJI_0281__Kabul.MOV']",
1752116,"['DJI_0372', 'JBF__DJI_0372__Kabul']",2:9c637f95671a94d62118b1117819f136,00:00:00:00:24000/1001,00:00:58:04:24000/1001,"['Archive Masters/JBF B-Roll Footage/Lucio/drone/Kabul/Kabul 2/JBF__DJI_0372.MOV', 'Archive Masters/JBF B-Roll Footage/Lucio/drone/Kabul/Kabul 2/JBF__DJI_0372__Kabul.MOV', 'Archive Masters/01 Footage/JBF B-Roll Footage/Lucio/drone/Kabul/Kabul 2/JBF__DJI_0372__Kabul.MOV']",
1752117,"['DJI_0272', 'JBF__DJI_0272__Kabul']",2:15ebe8e991f83ffa8fcd57b43bde2844,00:00:00:00:24000/1001,00:00:22:01:24000/1001,"['Archive Masters/JBF B-Roll Footage/Lucio/drone/Kabul/Kabul 2/JBF__DJI_0272.MOV', 'Archive Masters/JBF B-Roll Footage/Lucio/drone/Kabul/Kabul 2/JBF__DJI_0272__Kabul.MOV', 'Archive Masters/01 Footage/JBF B-Roll Footage/Lucio/drone/Kabul/Kabul 2/JBF__DJI_0272__Kabul.MOV']",
1752118,"['DJI_0004 2', 'JBF__DJI_0004 2__Kabul']",2:813e9fe8f1c064bffd9b2cf2c0738ad9,00:00:00:00:24000/1001,00:04:48:03:24000/1001,"['Archive Masters/JBF B-Roll Footage/Lucio/drone/Kabul/Kabul 2/JBF__DJI_0004 2.MOV', 'Archive Masters/JBF B-Roll Footage/Lucio/drone/Kabul/Kabul 2/JBF__DJI_0004 2__Kabul.MOV', 'Archive Masters/01 Footage/JBF B-Roll Footage/Lucio/drone/Kabul/Kabul 2/JBF__DJI_0004 2__Kabul.MOV']",
1752119,"['DJI_0005', 'JBF__DJI_0005__Kabul']",2:f4eccd7a2b40329d6da7f1297c0cb299,00:00:00:00:24000/1001,00:00:16:15:24000/1001,"['Archive Masters/JBF B-Roll Footage/Lucio/drone/Kabul/Kabul 1/JBF__DJI_0005.MOV', 'Archive Masters/JBF B-Roll Footage/Lucio/drone/Kabul/Kabul 1/JBF__DJI_0005__Kabul.MOV', 'Archive Masters/01 Footage/JBF B-Roll Footage/Lucio/drone/Kabul/Kabul 1/JBF__DJI_0005__Kabul.MOV']",
1752120,"['DJI_0319', 'JBF__DJI_0319__Kabul']",2:3ab6393d889f9572e97384acea3df563,00:00:00:00:24000/1001,00:02:00:10:24000/1001,"['Archive Masters/JBF B-Roll Footage/Lucio/drone/Kabul/Kabul 2/JBF__DJI_0319.MOV', 'Archive Masters/JBF B-Roll Footage/Lucio/drone/Kabul/Kabul 2/JBF__DJI_0319__Kabul.MOV', 'Archive Masters/01 Footage/JBF B-Roll Footage/Lucio/drone/Kabul/Kabul 2/JBF__DJI_0319__Kabul.MOV']",
1752121,"['DJI_0009', 'JBF__DJI_0009__Kandahar']",2:1b2999bb1c4f662d96ede94c8a5ca09e,00:00:00:00:24000/1001,00:04:48:01:24000/1001,"['Archive Masters/JBF B-Roll Footage/Lucio/drone/Kandahar/JBF__DJI_0009.MOV', 'Archive Masters/JBF B-Roll Footage/Lucio/drone/Kandahar/JBF__DJI_0009__Kandahar.MOV', 'Archive Masters/01 Footage/JBF B-Roll Footage/Lucio/drone/Kandahar/JBF__DJI_0009__Kandahar.MOV']",
1752122,"['DJI_0297', 'JBF__DJI_0297__Kabul']",2:bfa59e5fd2aefa332c8f39f6b7a9e66f,00:00:00:00:24000/1001,00:00:56:05:24000/1001,"['Archive Masters/JBF B-Roll Footage/Lucio/drone/Kabul/Kabul 2/JBF__DJI_0297.MOV', 'Archive Masters/JBF B-Roll Footage/Lucio/drone/Kabul/Kabul 2/JBF__DJI_0297__Kabul.MOV', 'Archive Masters/01 Footage/JBF B-Roll Footage/Lucio/drone/Kabul/Kabul 2/JBF__DJI_0297__Kabul.MOV']",
1752123,"['DJI_0008 2', 'JBF__DJI_0008 2__Kabul']",2:eae6ef915115455dd358b384e4c29d34,00:00:00:00:24000/1001,00:00:56:16:24000/1001,"['Archive Masters/JBF B-Roll Footage/Lucio/drone/Kabul/Kabul 2/JBF__DJI_0008 2.MOV', 'Archive Masters/JBF B-Roll Footage/Lucio/drone/Kabul/Kabul 2/JBF__DJI_0008 2__Kabul.MOV', 'Archive Masters/01 Footage/JBF B-Roll Footage/Lucio/drone/Kabul/Kabul 2/JBF__DJI_0008 2__Kabul.MOV']",
1752124,"['DJI_0002', 'JBF__DJI_0002__Kandahar']",2:e259c535a602e3e74b6c3c69a5945620,00:00:00:00:24000/1001,00:02:38:09:24000/1001,"['Archive Masters/JBF B-Roll Footage/Lucio/drone/Kandahar/JBF__DJI_0002.MOV', 'Archive Masters/JBF B-Roll Footage/Lucio/drone/Kandahar/JBF__DJI_0002__Kandahar.MOV', 'Archive Masters/01 Footage/JBF B-Roll Footage/Lucio/drone/Kandahar/JBF__DJI_0002__Kandahar.MOV']",
1752125,"['DJI_0081', 'JBF__DJI_0081__Kabul']",2:c79b9653219f92f819cd8bf38ea45201,00:00:00:00:24000/1001,00:04:48:00:24000/1001,"['Archive Masters/JBF B-Roll Footage/Lucio/drone/Kabul/Kabul 1/JBF__DJI_0081.MOV', 'Archive Masters/JBF B-Roll Footage/Lucio/drone/Kabul/Kabul 1/JBF__DJI_0081__Kabul.MOV', 'Archive Masters/01 Footage/JBF B-Roll Footage/Lucio/drone/Kabul/Kabul 1/JBF__DJI_0081__Kabul.MOV']",
1752126,"['DJI_0011', 'JBF__DJI_0011__Kandahar']",2:0a2fbfda52da670378f626eb9346e7b7,00:00:00:00:24000/1001,00:00:45:19:24000/1001,"['Archive Masters/JBF B-Roll Footage/Lucio/drone/Kandahar/JBF__DJI_0011.MOV', 'Archive Masters/JBF B-Roll Footage/Lucio/drone/Kandahar/JBF__DJI_0011__Kandahar.MOV', 'Archive Masters/01 Footage/JBF B-Roll Footage/Lucio/drone/Kandahar/JBF__DJI_0011__Kandahar.MOV']",
1752127,"['DJI_0016', 'JBF__DJI_0016__Kandahar']",2:a4e851ee09a5bcf6c1ea6ae49474eba2,00:00:00:00:24000/1001,00:04:48:01:24000/1001,"['Archive Masters/JBF B-Roll Footage/Lucio/drone/Kandahar/JBF__DJI_0016.MOV', 'Archive Masters/JBF B-Roll Footage/Lucio/drone/Kandahar/JBF__DJI_0016__Kandahar.MOV', 'Archive Masters/01 Footage/JBF B-Roll Footage/Lucio/drone/Kandahar/JBF__DJI_0016__Kandahar.MOV']",
1752128,"['DJI_0005', 'JBF__DJI_0005__Kabul']",2:d64ee7045ed3edd2fe286bda0d754c89,00:00:00:00:24000/1001,00:04:48:00:24000/1001,"['Archive Masters/JBF B-Roll Footage/Lucio/drone/Kabul/Kabul 2/JBF__DJI_0005.MOV', 'Archive Masters/JBF B-Roll Footage/Lucio/drone/Kabul/Kabul 2/JBF__DJI_0005__Kabul.MOV', 'Archive Masters/01 Footage/JBF B-Roll Footage/Lucio/drone/Kabul/Kabul 2/JBF__DJI_0005__Kabul.MOV']",
1752129,"['DJI_0299', 'JBF__DJI_0299__Kabul']",2:51064de4593d110e603babbb6d70e03a,00:00:00:00:24000/1001,00:01:26:18:24000/1001,"['Archive Masters/JBF B-Roll Footage/Lucio/drone/Kabul/Kabul 2/JBF__DJI_0299.MOV', 'Archive Masters/JBF B-Roll Footage/Lucio/drone/Kabul/Kabul 2/JBF__DJI_0299__Kabul.MOV', 'Archive Masters/01 Footage/JBF B-Roll Footage/Lucio/drone/Kabul/Kabul 2/JBF__DJI_0299__Kabul.MOV']",
1752130,"['NAVSEA__CEC RQ 2 Pioneer Drone Operations Final1 v=239.76% a=0.417%_A01', 'NAVSEA__CEC RQ 2 Pioneer Drone Operations Final1 v=239.76% a=0.417%_A02', 'NAVSEA__CEC RQ 2 Pioneer Drone Operations Final1 v=239.76% a=0.417%']","['2:65ceba7ece13b526ddea16e2e7dcde3d', '2:e40ba726fec8268e755ac283d5d5de80', '2:266c800ad444e33a3cd55b143b333fa5']",00:00:00:00:25/1,00:00:52:16:25/1,"['Avid MediaFiles/MXF/es-worker1.1/NAVSEA__CEC RQ 2 Pioneer Drone Operations Final1 v=239.76% a=0.417%_A01.mxf', 'Avid MediaFiles/MXF/es-worker1.1/NAVSEA__CEC RQ 2 Pioneer Drone Operations Final1 v=239.76% a=0.417%_A02.mxf', 'Avid MediaFiles/MXF/es-worker1.1/NAVSEA__CEC RQ 2 Pioneer Drone Operations Final1 v=239.76% a=0.417%.mxf']",
1752131,"['APA__4486779__Russia launches drone attack on Kharkiv, killing 4 and wounding 12__Ukraine 2024_A01', 'APA__4486779__Russia launches drone attack on Kharkiv, killing 4 and wounding 12__Ukraine 2024_A02', 'APA__4486779__Russia launches drone attack on Kharkiv, killing 4 and wounding 12__Ukraine 2024']","['2:d5039e68096df4c6e7ab4e08dd3c3dbe', '2:dfed7b43c4ae68a3da20d3bab5cd58f6', '2:18c413948f34bd7bd8bc6edc5bc01222']",00:00:00:00:25/1,00:00:16:16:25/1,"['Avid MediaFiles/MXF/es-worker1.1/APA__4486779__Russia launches drone attack on Kharkiv, killing 4 and wounding 12__Ukraine 2024_A01.mxf', 'Avid MediaFiles/MXF/es-worker1.1/APA__4486779__Russia launches drone attack on Kharkiv, killing 4 and wounding 12__Ukraine 2024_A02.mxf', 'Avid MediaFiles/MXF/es-worker1.1/APA__4486779__Russia launches drone attack on Kharkiv, killing 4 and wounding 12__Ukraine 2024.mxf']",
1752132,"['REU__ 1855864__Drone warfare - Russian ZALA UAV operators strike Ukrainian tank on frontline__2024_A01', 'REU__ 1855864__Drone warfare - Russian ZALA UAV operators strike Ukrainian tank on frontline__2024_A02', 'REU__ 1855864__Drone warfare - Russian ZALA UAV operators strike Ukrainian tank on frontline__2024']","['2:765fce13a902d55ec435fe4e55f1f3c5', '2:9f8744450469b7446ae17b7e734c25ff', '2:b77487bd41df69f4e7d415d4c7a36c61']",10:00:00:00:25/1,10:00:07:16:25/1,"['Avid MediaFiles/MXF/es-worker1.1/REU__ 1855864__Drone warfare - Russian ZALA UAV operators strike Ukrainian tank on frontline__2024_A01.mxf', 'Avid MediaFiles/MXF/es-worker1.1/REU__ 1855864__Drone warfare - Russian ZALA UAV operators strike Ukrainian tank on frontline__2024_A02.mxf', 'Avid MediaFiles/MXF/es-worker1.1/REU__ 1855864__Drone warfare - Russian ZALA UAV operators strike Ukrainian tank on frontline__2024.mxf']",
1752133,"['APA__vrb007509__Shahed drone strikes trigger explosions and fires in Zaporizhzhia, Ukraine__2025_A01', 'APA__vrb007509__Shahed drone strikes trigger explosions and fires in Zaporizhzhia, Ukraine__2025_A02', 'APA__vrb007509__Shahed drone strikes trigger explosions and fires in Zaporizhzhia, Ukraine__2025']","['2:caa783cb07121aa723f135980741434e', '2:edc13f9135b8f28c8f09cb30df7085ae', '2:73c5f81650bd7d120819a4a037b29957']",00:00:00:00:25/1,00:00:12:16:25/1,"['Avid MediaFiles/MXF/es-worker1.1/APA__vrb007509__Shahed drone strikes trigger explosions and fires in Zaporizhzhia, Ukraine__2025_A01.mxf', 'Avid MediaFiles/MXF/es-worker1.1/APA__vrb007509__Shahed drone strikes trigger explosions and fires in Zaporizhzhia, Ukraine__2025_A02.mxf', 'Avid MediaFiles/MXF/es-worker1.1/APA__vrb007509__Shahed drone strikes trigger explosions and fires in Zaporizhzhia, Ukraine__2025.mxf']",
1752134,"[""REU__1845477__FPV drone destroys Russian 'Zala' UAV in midair near Pokrovsk, Ukraine claims__2024_A01"", ""REU__1845477__FPV drone destroys Russian 'Zala' UAV in midair near Pokrovsk, Ukraine claims__2024_A02"", ""REU__1845477__FPV drone destroys Russian 'Zala' UAV in midair near Pokrovsk, Ukraine claims__2024""]","['2:ab7c8d6cfaec5d6ccdcf0ba210946597', '2:a09191f2363de8f1734938f440f6316d', '2:1ea0499596f3506d612b9f19157ea0cc']",10:00:00:00:25/1,10:00:05:13:25/1,"[""Avid MediaFiles/MXF/es-worker1.1/REU__1845477__FPV drone destroys Russian 'Zala' UAV in midair near Pokrovsk, Ukraine claims__2024_A01.mxf"", ""Avid MediaFiles/MXF/es-worker1.1/REU__1845477__FPV drone destroys Russian 'Zala' UAV in midair near Pokrovsk, Ukraine claims__2024_A02.mxf"", ""Avid MediaFiles/MXF/es-worker1.1/REU__1845477__FPV drone destroys Russian 'Zala' UAV in midair near Pokrovsk, Ukraine claims__2024.mxf""]",
1752135,"['S ST__1104713863__HANDHELD Ansicht einer Kamikaze-Drohne__2023_A01', 'S ST__1104713863__HANDHELD Ansicht einer Kamikaze-Drohne__2023_A02', 'S ST__1104713863__HANDHELD Ansicht einer Kamikaze-Drohne__2023']","['2:3c99b69ced6ff876789a5aa16b667735', '2:f516ef46b3ad2046ca328e7286ac12ce', '2:c2ee2aa03df7359e2d49f2dff4514f45']",00:00:00:00:25/1,00:00:01:24:25/1,"['Avid MediaFiles/MXF/es-worker1.1/S ST__1104713863__HANDHELD Ansicht einer Kamikaze-Drohne__2023_A01.mxf', 'Avid MediaFiles/MXF/es-worker1.1/S ST__1104713863__HANDHELD Ansicht einer Kamikaze-Drohne__2023_A02.mxf', 'Avid MediaFiles/MXF/es-worker1.1/S ST__1104713863__HANDHELD Ansicht einer Kamikaze-Drohne__2023.mxf']",
1752136,"['GIA__1436324545__CLEAN - Kyiv residents describe drone strikes in Kyiv__Ukraine 2022_A01', 'GIA__1436324545__CLEAN - Kyiv residents describe drone strikes in Kyiv__Ukraine 2022_A02', 'GIA__1436324545__CLEAN - Kyiv residents describe drone strikes in Kyiv__Ukraine 2022']","['2:50923ed11fa11a3cd6d301843e3f6cfe', '2:8d4ac45af31567a6e6417162de8142fb', '2:e25a910b2b5f62efa8ddcde224bfdc1d']",00:00:00:00:25/1,00:01:14:02:25/1,"['Avid MediaFiles/MXF/es-worker1.1/GIA__1436324545__CLEAN - Kyiv residents describe drone strikes in Kyiv__Ukraine 2022_A01.mxf', 'Avid MediaFiles/MXF/es-worker1.1/GIA__1436324545__CLEAN - Kyiv residents describe drone strikes in Kyiv__Ukraine 2022_A02.mxf', 'Avid MediaFiles/MXF/es-worker1.1/GIA__1436324545__CLEAN - Kyiv residents describe drone strikes in Kyiv__Ukraine 2022.mxf']",
1752137,"['APA__vrb007335__Drone attack triggers explosions near airport in Bryansk, Russia__2025_A01', 'APA__vrb007335__Drone attack triggers explosions near airport in Bryansk, Russia__2025_A02', 'APA__vrb007335__Drone attack triggers explosions near airport in Bryansk, Russia__2025']","['2:3e21da3af5ccdae815254e6374277c2b', '2:0485a3c3ab61f8f666f72cb5a5a0c6cf', '2:b2ea6910ec3d2e54fb4a3b1363fd311f']",00:00:00:00:25/1,00:00:07:12:25/1,"['Avid MediaFiles/MXF/es-worker1.1/APA__vrb007335__Drone attack triggers explosions near airport in Bryansk, Russia__2025_A01.mxf', 'Avid MediaFiles/MXF/es-worker1.1/APA__vrb007335__Drone attack triggers explosions near airport in Bryansk, Russia__2025_A02.mxf', 'Avid MediaFiles/MXF/es-worker1.1/APA__vrb007335__Drone attack triggers explosions near airport in Bryansk, Russia__2025.mxf']",
1752138,"['GIA__1436321852__CLEAN - PHOTOS - Drone attack in Kyiv__Ukraine 2022_A01', 'GIA__1436321852__CLEAN - PHOTOS - Drone attack in Kyiv__Ukraine 2022_A02', 'GIA__1436321852__CLEAN - PHOTOS - Drone attack in Kyiv__Ukraine 2022']","['2:f597516e1ec7ff595ad6ca395dafff20', '2:3153fb9e049a7f155788ee3b458f4160', '2:a4d31e69e5e626459e149ee5b1810b24']",00:00:00:00:25/1,00:00:16:22:25/1,"['Avid MediaFiles/MXF/es-worker1.1/GIA__1436321852__CLEAN - PHOTOS - Drone attack in Kyiv__Ukraine 2022_A01.mxf', 'Avid MediaFiles/MXF/es-worker1.1/GIA__1436321852__CLEAN - PHOTOS - Drone attack in Kyiv__Ukraine 2022_A02.mxf', 'Avid MediaFiles/MXF/es-worker1.1/GIA__1436321852__CLEAN - PHOTOS - Drone attack in Kyiv__Ukraine 2022.mxf']",
1752139,"APA__vrb005001__Ukrainian drones strike residential buildings in Kazan, Russia__2024",2:fea2ea0353a2457871afa46453fb1d43,00:00:00:00:25/1,00:00:53:15:25/1,"['Avid MediaFiles/MXF/es-worker1.1/APA__vrb005001__Ukrainian drones strike residential buildings in Kazan, Russia__2024.mp4', 'ARCHIVE PRODUCER/2025-08-18/Drone strikes/APA__vrb005001__Ukrainian drones strike residential buildings in Kazan, Russia__2024.mp4']",
1752142,"['AGD__6256912__Pakistan_Rooftops_Cityscape_Drone_By_Alen_Tkalcec_Artlist_4K', 'AGD__6256912__M__Pakistan_Rooftops_Cityscape_Drone_By_Alen_Tkalcec_Artlist_4K']",2:f5200c58dbbc7792d33bec2ad4753a40,00:04:41:11:25/1,00:05:10:17:25/1,"['Archive Masters/AGD/AGD__6256912__Pakistan_Rooftops_Cityscape_Drone_By_Alen_Tkalcec_Artlist_4K.mov', 'Archive Masters/01 Footage/AGD/AGD__6256912__M__Pakistan_Rooftops_Cityscape_Drone_By_Alen_Tkalcec_Artlist_4K.mov']",
1752162,"['AGD__6256920__Houses_Rooftops_Cityscape_Drone_By_Alen_Tkalcec_Artlist_4K', 'AGD__6256920__M__Houses_Rooftops_Cityscape_Drone_By_Alen_Tkalcec_Artlist_4K']",2:9ea8e6920a3325ea946341c206acad07,00:02:41:13:25/1,00:02:51:18:25/1,"['Archive Masters/AGD/AGD__6256920__Houses_Rooftops_Cityscape_Drone_By_Alen_Tkalcec_Artlist_4K.mov', 'Archive Masters/01 Footage/AGD/AGD__6256920__M__Houses_Rooftops_Cityscape_Drone_By_Alen_Tkalcec_Artlist_4K.mov']",
1752163,"['AGD__6256917__Pakistan_Rooftops_Cityscape_Drone_By_Alen_Tkalcec_Artlist_4K', 'AGD__6256917__M__Pakistan_Rooftops_Cityscape_Drone_By_Alen_Tkalcec_Artlist_4K']",2:ddf23da2c85d2eb441ee2886fd51bcc8,00:04:08:04:25/1,00:04:19:13:25/1,"['Archive Masters/AGD/AGD__6256917__Pakistan_Rooftops_Cityscape_Drone_By_Alen_Tkalcec_Artlist_4K.mov', 'Archive Masters/01 Footage/AGD/AGD__6256917__M__Pakistan_Rooftops_Cityscape_Drone_By_Alen_Tkalcec_Artlist_4K.mov']",
1752165,"['AGD__436240__Mountains_Drone_Pakistan_Road_By_Andrzej_Wisniewski_Artlist_4K', 'AGD__436240__M__Mountains_Drone_Pakistan_Road_By_Andrzej_Wisniewski_Artlist_4K']",2:367a2fd74f83114807bc6d52573a03f6,00:00:00:00:24000/1001,00:00:17:07:24000/1001,"['Archive Masters/AGD/AGD__436240__Mountains_Drone_Pakistan_Road_By_Andrzej_Wisniewski_Artlist_4K.mov', 'Archive Masters/01 Footage/AGD/AGD__436240__M__Mountains_Drone_Pakistan_Road_By_Andrzej_Wisniewski_Artlist_4K.mov']",
1752171,"['AGD__6256907__Cityscape_Drone_Rooftops_Pakistan_By_Alen_Tkalcec_Artlist_4K', 'AGD__6256907__M__Cityscape_Drone_Rooftops_Pakistan_By_Alen_Tkalcec_Artlist_4K']",2:b6596760fa96b45fd57d1da70ae1d80b,00:06:40:16:25/1,00:07:08:06:25/1,"['Archive Masters/AGD/AGD__6256907__Cityscape_Drone_Rooftops_Pakistan_By_Alen_Tkalcec_Artlist_4K.mov', 'Archive Masters/01 Footage/AGD/AGD__6256907__M__Cityscape_Drone_Rooftops_Pakistan_By_Alen_Tkalcec_Artlist_4K.mov']",
1752179,"['AGD__417950__Drone_Sand_Clouds_Mountains_By_Andrzej_Wisniewski_Artlist_4K', 'AGD__417950__M__Drone_Sand_Clouds_Mountains_By_Andrzej_Wisniewski_Artlist_4K']",2:d58ac12ad26e9753be7bf66ec7d267cc,00:00:00:00:24000/1001,00:00:09:09:24000/1001,"['Archive Masters/AGD/AGD__417950__Drone_Sand_Clouds_Mountains_By_Andrzej_Wisniewski_Artlist_4K.mov', 'Archive Masters/01 Footage/AGD/AGD__417950__M__Drone_Sand_Clouds_Mountains_By_Andrzej_Wisniewski_Artlist_4K.mov']",
1752200,"['AGD__417969__Drone_Pakistan_Snow_Mountain_By_Andrzej_Wisniewski_Artlist_4K', 'AGD__417969__M__Drone_Pakistan_Snow_Mountain_By_Andrzej_Wisniewski_Artlist_4K']",2:cdaf253e5f9f1795ace93cf654db4433,00:00:00:00:24000/1001,00:00:33:03:24000/1001,"['Archive Masters/AGD/AGD__417969__Drone_Pakistan_Snow_Mountain_By_Andrzej_Wisniewski_Artlist_4K.mov', 'Archive Masters/01 Footage/AGD/AGD__417969__M__Drone_Pakistan_Snow_Mountain_By_Andrzej_Wisniewski_Artlist_4K.mov']",
1752208,"['AGD__417980__Pakistan_Suv_Mountain_Drone_By_Andrzej_Wisniewski_Artlist_4K', 'AGD__417980__M__Pakistan_Suv_Mountain_Drone_By_Andrzej_Wisniewski_Artlist_4K']",2:8cd8de6ed314b810ebc524be613fc80c,00:00:00:00:24000/1001,00:00:11:06:24000/1001,"['Archive Masters/AGD/AGD__417980__Pakistan_Suv_Mountain_Drone_By_Andrzej_Wisniewski_Artlist_4K.mov', 'Archive Masters/01 Footage/AGD/AGD__417980__M__Pakistan_Suv_Mountain_Drone_By_Andrzej_Wisniewski_Artlist_4K.mov']",
1752349,"['JBF__DJI_0433', 'JBF__DJI_0433__Poetic']",2:4bd82b8699d61c0514a6cd230ae015ab,00:00:00:00:24000/1001,00:05:00:18:24000/1001,"['Archive Masters/JBF B-Roll Footage/Lucio/Poetic/JBF__DJI_0433.MOV', 'Archive Masters/JBF B-Roll Footage/Lucio/Kandahar/JBF__DJI_0433.MOV', 'Archive Masters/JBF B-Roll Footage/Lucio/Kandahar/JBF__DJI_0433__Kandahar.MOV', 'Archive Masters/JBF B-Roll Footage/Lucio/Poetic/JBF__DJI_0433__Poetic.MOV', 'Archive Masters/01 Footage/JBF B-Roll Footage/Lucio/Kandahar/JBF__DJI_0433__Kandahar.MOV', 'Archive Masters/01 Footage/JBF B-Roll Footage/Lucio/Poetic/JBF__DJI_0433__Poetic.MOV']",
1752369,"['JBF__DJI_0016', 'JBF__DJI_0016__Girls going to school']",2:3dd20fb2631f02885c06e1b16a998c06,00:00:00:00:25/1,00:00:22:19:25/1,"['Archive Masters/JBF B-Roll Footage/Lucio/Girls going to school/JBF__DJI_0016.MOV', 'Archive Masters/JBF B-Roll Footage/Lucio/Girls going to school/JBF__DJI_0016__Girls going to school.MOV', 'Archive Masters/01 Footage/JBF B-Roll Footage/Lucio/Girls going to school/JBF__DJI_0016__Girls going to school.MOV']",
1752389,"['JBF__DJI_0478', 'JBF__DJI_0478__Kandahar']",2:346f9af655316f80dc2e119bdb51a2a2,00:00:00:00:24000/1001,00:05:00:16:24000/1001,"['Archive Masters/JBF B-Roll Footage/Lucio/drone/Kandahar/JBF__DJI_0478.MOV', 'Archive Masters/JBF B-Roll Footage/Lucio/drone/Kandahar/JBF__DJI_0478__Kandahar.MOV', 'Archive Masters/01 Footage/JBF B-Roll Footage/Lucio/drone/Kandahar/JBF__DJI_0478__Kandahar.MOV']",
1752423,"['JBF__DJI_0007 2', 'JBF__DJI_0007 2__Zabul']",2:cab7c33215f15a39f77b98fcad8e0917,00:00:00:00:25/1,00:01:06:12:25/1,"['Archive Masters/JBF B-Roll Footage/Lucio/drone/Zabul/JBF__DJI_0007 2.MOV', 'Archive Masters/JBF B-Roll Footage/Lucio/drone/Zabul/JBF__DJI_0007 2__Zabul.MOV', 'Archive Masters/01 Footage/JBF B-Roll Footage/Lucio/drone/Zabul/JBF__DJI_0007 2__Zabul.MOV']",
1752511,"['JBF__DJI_0655', 'JBF__DJI_0655__Poetic']",2:fd2aefd8da3f5e38cf6a7dbb104219d9,00:00:00:00:25/1,00:05:00:18:25/1,"['Archive Masters/JBF B-Roll Footage/Lucio/Poetic/JBF__DJI_0655.MOV', 'Archive Masters/JBF B-Roll Footage/Lucio/Poetic/JBF__DJI_0655__Poetic.MOV', 'Archive Masters/01 Footage/JBF B-Roll Footage/Lucio/Poetic/JBF__DJI_0655__Poetic.MOV']",
1752589,"['JBF__DJI_0464', 'JBF__DJI_0464__Kandahar']",2:0aa4e969b5811b3925918ce30f35e7aa,00:00:00:00:24000/1001,00:05:00:16:24000/1001,"['Archive Masters/JBF B-Roll Footage/Lucio/drone/Kandahar/JBF__DJI_0464.MOV', 'Archive Masters/JBF B-Roll Footage/Lucio/drone/Kandahar/JBF__DJI_0464__Kandahar.MOV', 'Archive Masters/01 Footage/JBF B-Roll Footage/Lucio/drone/Kandahar/JBF__DJI_0464__Kandahar.MOV']",
1752632,"['JBF__DJI_0245', 'JBF__DJI_0245__Parliament']",2:6fd81f090c6d5cfa61c413e0b6608d7b,00:00:00:00:24000/1001,00:04:27:13:24000/1001,"['Archive Masters/JBF B-Roll Footage/Lucio/drone/Parliament/JBF__DJI_0245.MOV', 'Archive Masters/JBF B-Roll Footage/Lucio/drone/Parliament/JBF__DJI_0245__Parliament.MOV', 'Archive Masters/01 Footage/JBF B-Roll Footage/Lucio/drone/Parliament/JBF__DJI_0245__Parliament.MOV']",
1752709,"['JBF__DJI_0103', 'JBF__DJI_0103__Poetic']",2:18c9e931c3d3b8cfdc6fa3484bed3c36,00:00:00:00:25/1,00:05:00:17:25/1,"['Archive Masters/JBF B-Roll Footage/Lucio/Poetic/JBF__DJI_0103.MOV', 'Archive Masters/JBF B-Roll Footage/Lucio/Poetic/JBF__DJI_0103__Poetic.MOV', 'Archive Masters/01 Footage/JBF B-Roll Footage/Lucio/Poetic/JBF__DJI_0103__Poetic.MOV']",
1752726,"['JBF__DJI_0014', 'JBF__DJI_0014__Girls going to school']",2:f2841ecd9ab941ed6c1173b169d0c4f7,00:00:00:00:25/1,00:00:56:06:25/1,"['Archive Masters/JBF B-Roll Footage/Lucio/Girls going to school/JBF__DJI_0014.MOV', 'Archive Masters/JBF B-Roll Footage/Lucio/Girls going to school/JBF__DJI_0014__Girls going to school.MOV', 'Archive Masters/01 Footage/JBF B-Roll Footage/Lucio/Girls going to school/JBF__DJI_0014__Girls going to school.MOV']",
1752746,"['JBF__DJI_0465', 'JBF__DJI_0465__Kandahar']",2:842e8e6aeccbec06b764b84c342399a1,00:00:00:00:24000/1001,00:05:00:16:24000/1001,"['Archive Masters/JBF B-Roll Footage/Lucio/drone/Kandahar/JBF__DJI_0465.MOV', 'Archive Masters/JBF B-Roll Footage/Lucio/drone/Kandahar/JBF__DJI_0465__Kandahar.MOV', 'Archive Masters/01 Footage/JBF B-Roll Footage/Lucio/drone/Kandahar/JBF__DJI_0465__Kandahar.MOV']",
1752780,"['JBF__DJI_0003', 'JBF__DJI_0003__Zabul']",2:c88bee7074f990b4112a0344b1cabc63,00:00:00:00:25/1,00:01:11:07:25/1,"['Archive Masters/JBF B-Roll Footage/Lucio/drone/Zabul/JBF__DJI_0003.MOV', 'Archive Masters/JBF B-Roll Footage/Lucio/drone/Zabul/JBF__DJI_0003__Zabul.MOV', 'Archive Masters/01 Footage/JBF B-Roll Footage/Lucio/drone/Zabul/JBF__DJI_0003__Zabul.MOV']",
1752870,"['JBF__DJI_0430', 'JBF__DJI_0430__Poetic']",2:c06898933ebc238d2866bdcc35ec2eeb,00:00:00:00:24000/1001,00:03:27:18:24000/1001,"['Archive Masters/JBF B-Roll Footage/Lucio/Poetic/JBF__DJI_0430.MOV', 'Archive Masters/JBF B-Roll Footage/Lucio/Poetic/JBF__DJI_0430__Poetic.MOV', 'Archive Masters/01 Footage/JBF B-Roll Footage/Lucio/Poetic/JBF__DJI_0430__Poetic.MOV']",
1752890,"['JBF__DJI_0015', 'JBF__DJI_0015__Girls going to school']",2:b74b8e161a77276794a1959d03a0a78f,00:00:00:00:25/1,00:05:00:14:25/1,"['Archive Masters/JBF B-Roll Footage/Lucio/Girls going to school/JBF__DJI_0015.MOV', 'Archive Masters/JBF B-Roll Footage/Lucio/Girls going to school/JBF__DJI_0015__Girls going to school.MOV', 'Archive Masters/01 Footage/JBF B-Roll Footage/Lucio/Girls going to school/JBF__DJI_0015__Girls going to school.MOV']",
1752992,"['JBF__DJI_0239', 'JBF__DJI_0239__Parliament']",2:9593df750424dc2f7c05ba67fa9cde47,00:00:00:00:24000/1001,00:02:30:06:24000/1001,"['Archive Masters/JBF B-Roll Footage/Lucio/drone/Parliament/JBF__DJI_0239.MOV', 'Archive Masters/JBF B-Roll Footage/Lucio/drone/Parliament/JBF__DJI_0239__Parliament.MOV', 'Archive Masters/01 Footage/JBF B-Roll Footage/Lucio/drone/Parliament/JBF__DJI_0239__Parliament.MOV']",
1753068,"['JBF__DJI_0016', 'JBF__DJI_0016__Poetic']",2:1aac72f5681d542fc57486e880fe5e10,00:00:00:00:24000/1001,00:03:49:15:24000/1001,"['Archive Masters/JBF B-Roll Footage/Lucio/Poetic/JBF__DJI_0016.MOV', 'Archive Masters/JBF B-Roll Footage/Lucio/Poetic/JBF__DJI_0016__Poetic.MOV', 'Archive Masters/01 Footage/JBF B-Roll Footage/Lucio/Poetic/JBF__DJI_0016__Poetic.MOV']",
1753084,"['JBF__DJI_0012', 'JBF__DJI_0012__Girls going to school']",2:14538a9b000fd52552492ed906489764,00:00:00:00:25/1,00:00:25:23:25/1,"['Archive Masters/JBF B-Roll Footage/Lucio/Girls going to school/JBF__DJI_0012.MOV', 'Archive Masters/JBF B-Roll Footage/Lucio/Girls going to school/JBF__DJI_0012__Girls going to school.MOV', 'Archive Masters/01 Footage/JBF B-Roll Footage/Lucio/Girls going to school/JBF__DJI_0012__Girls going to school.MOV']",
1753133,"['JBF__DJI_0240', 'JBF__DJI_0240__Parliament']",2:3075ad127ead474b7be32b10f4563f68,00:00:00:00:24000/1001,00:03:54:03:24000/1001,"['Archive Masters/JBF B-Roll Footage/Lucio/drone/Parliament/JBF__DJI_0240.MOV', 'Archive Masters/JBF B-Roll Footage/Lucio/drone/Parliament/JBF__DJI_0240__Parliament.MOV', 'Archive Masters/01 Footage/JBF B-Roll Footage/Lucio/drone/Parliament/JBF__DJI_0240__Parliament.MOV']",
1753234,"['JBF__DJI_0013', 'JBF__DJI_0013__Girls going to school']",2:95f836373aed9c5870525c64333a22a5,00:00:00:00:25/1,00:00:37:21:25/1,"['Archive Masters/JBF B-Roll Footage/Lucio/Girls going to school/JBF__DJI_0013.MOV', 'Archive Masters/JBF B-Roll Footage/Lucio/Girls going to school/JBF__DJI_0013__Girls going to school.MOV', 'Archive Masters/01 Footage/JBF B-Roll Footage/Lucio/Girls going to school/JBF__DJI_0013__Girls going to school.MOV']",
1753292,"['JBF__DJI_0022', 'JBF__DJI_0022__Panjshir']",2:ddac08627240a74efee715f181479850,00:00:00:00:24000/1001,00:02:39:10:24000/1001,"['Archive Masters/JBF B-Roll Footage/Lucio/drone/Panjshir/JBF__DJI_0022.MOV', 'Archive Masters/JBF B-Roll Footage/Lucio/drone/Panjshir/JBF__DJI_0022__Panjshir.MOV', 'Archive Masters/01 Footage/JBF B-Roll Footage/Lucio/drone/Panjshir/JBF__DJI_0022__Panjshir.MOV']",
1753400,"['JBF__DJI_0005', 'JBF__DJI_0005__Poetic']",2:ca6c59254892f559db4f882a4b7c4ca7,00:00:00:00:24000/1001,00:01:05:02:24000/1001,"['Archive Masters/JBF B-Roll Footage/Lucio/Poetic/JBF__DJI_0005.MOV', 'Archive Masters/JBF B-Roll Footage/Lucio/Poetic/JBF__DJI_0005__Poetic.MOV', 'Archive Masters/01 Footage/JBF B-Roll Footage/Lucio/Poetic/JBF__DJI_0005__Poetic.MOV']",
1753432,"['JBF__DJI_0238', 'JBF__DJI_0238__Parliament']",2:788f70b1be08db0a7b239c55e3ab2a2d,00:00:00:00:24000/1001,00:03:24:23:24000/1001,"['Archive Masters/JBF B-Roll Footage/Lucio/drone/Parliament/JBF__DJI_0238.MOV', 'Archive Masters/JBF B-Roll Footage/Lucio/drone/Parliament/JBF__DJI_0238__Parliament.MOV', 'Archive Masters/01 Footage/JBF B-Roll Footage/Lucio/drone/Parliament/JBF__DJI_0238__Parliament.MOV']",
1753444,"['JBF__DJI_0237', 'JBF__DJI_0237__Parliament']",2:747e27ab7e25fb5246b99e42287278ed,00:00:00:00:24000/1001,00:01:11:22:24000/1001,"['Archive Masters/JBF B-Roll Footage/Lucio/drone/Parliament/JBF__DJI_0237.MOV', 'Archive Masters/JBF B-Roll Footage/Lucio/drone/Parliament/JBF__DJI_0237__Parliament.MOV', 'Archive Masters/01 Footage/JBF B-Roll Footage/Lucio/drone/Parliament/JBF__DJI_0237__Parliament.MOV']",
1753448,"['JBF__DJI_0014', 'JBF__DJI_0014__Jalalabad Nangahar']",2:81786eaeb3dca2a51f474d2aead25fe8,00:00:00:00:24000/1001,00:00:22:22:24000/1001,"['Archive Masters/JBF B-Roll Footage/Lucio/Jalalabad Nangahar/JBF__DJI_0014.MOV', 'Archive Masters/JBF B-Roll Footage/Lucio/Jalalabad Nangahar/JBF__DJI_0014__Jalalabad Nangahar.MOV', 'Archive Masters/01 Footage/JBF B-Roll Footage/Lucio/Jalalabad Nangahar/JBF__DJI_0014__Jalalabad Nangahar.MOV']",
1753624,"['JBF__DJI_0020', 'JBF__DJI_0020__Nangahar']",2:b9c6e0e78cc0af6a70a1e1816263cc49,00:00:00:00:24000/1001,00:04:27:00:24000/1001,"['Archive Masters/JBF B-Roll Footage/Lucio/drone/Nangahar/JBF__DJI_0020.MOV', 'Archive Masters/JBF B-Roll Footage/Lucio/drone/Nangahar/JBF__DJI_0020__Nangahar.MOV', 'Archive Masters/01 Footage/JBF B-Roll Footage/Lucio/drone/Nangahar/JBF__DJI_0020__Nangahar.MOV']",
1753764,"['JBF__DJI_0021', 'JBF__DJI_0021__Panjshir']",2:17bc1d04babaad1543abff3bd9a45706,00:00:00:00:24000/1001,00:03:30:07:24000/1001,"['Archive Masters/JBF B-Roll Footage/Lucio/drone/Panjshir/JBF__DJI_0021.MOV', 'Archive Masters/JBF B-Roll Footage/Lucio/drone/Panjshir/JBF__DJI_0021__Panjshir.MOV', 'Archive Masters/01 Footage/JBF B-Roll Footage/Lucio/drone/Panjshir/JBF__DJI_0021__Panjshir.MOV']",
1753795,"['JBF__DJI_0435', 'JBF__DJI_0435__Kandahar']",2:166be433fd27ec1cdf0c4c5f8bae646b,00:00:00:00:24000/1001,00:05:00:16:24000/1001,"['Archive Masters/JBF B-Roll Footage/Lucio/Kandahar/JBF__DJI_0435.MOV', 'Archive Masters/JBF B-Roll Footage/Lucio/Kandahar/JBF__DJI_0435__Kandahar.MOV', 'Archive Masters/01 Footage/JBF B-Roll Footage/Lucio/Kandahar/JBF__DJI_0435__Kandahar.MOV']",
1753940,"['JBF__DJI_0023', 'JBF__DJI_0023__Helmand poppy drone']",2:fc3b55a90db0746babaaf8cdfa0e5fc8,00:00:00:00:25/1,00:05:00:13:25/1,"['Archive Masters/JBF B-Roll Footage/Lucio/Poppy/Helmand poppy drone/JBF__DJI_0023.MOV', 'Archive Masters/JBF B-Roll Footage/Lucio/Poppy/Helmand poppy drone/JBF__DJI_0023__Helmand poppy drone.MOV', 'Archive Masters/01 Footage/JBF B-Roll Footage/Lucio/Poppy/Helmand poppy drone/JBF__DJI_0023__Helmand poppy drone.MOV']",
1753948,"['JBF__DJI_0016', 'JBF__DJI_0016__Nangahar']",2:79c81ea3f93e2e08435f4aeb57c72a25,00:00:00:00:24000/1001,00:04:48:05:24000/1001,"['Archive Masters/JBF B-Roll Footage/Lucio/drone/Nangahar/JBF__DJI_0016.MOV', 'Archive Masters/JBF B-Roll Footage/Lucio/drone/Nangahar/JBF__DJI_0016__Nangahar.MOV', 'Archive Masters/01 Footage/JBF B-Roll Footage/Lucio/drone/Nangahar/JBF__DJI_0016__Nangahar.MOV']",
1753987,"['JBF__DJI_0017', 'JBF__DJI_0017__Zabul']",2:cb746b23915e0d2c39333f3862bd5b91,00:00:00:00:25/1,00:01:08:01:25/1,"['Archive Masters/JBF B-Roll Footage/Lucio/drone/Zabul/JBF__DJI_0017.MOV', 'Archive Masters/JBF B-Roll Footage/Lucio/drone/Zabul/JBF__DJI_0017__Zabul.MOV', 'Archive Masters/01 Footage/JBF B-Roll Footage/Lucio/drone/Zabul/JBF__DJI_0017__Zabul.MOV']",
1754096,"['JBF__DJI_0017', 'JBF__DJI_0017__Nangahar']",2:407ab3583738168c6d082635ae160d45,00:00:00:00:24000/1001,00:04:48:02:24000/1001,"['Archive Masters/JBF B-Roll Footage/Lucio/drone/Nangahar/JBF__DJI_0017.MOV', 'Archive Masters/JBF B-Roll Footage/Lucio/drone/Nangahar/JBF__DJI_0017__Nangahar.MOV', 'Archive Masters/01 Footage/JBF B-Roll Footage/Lucio/drone/Nangahar/JBF__DJI_0017__Nangahar.MOV']",
1754116,"['JBF__DJI_0431', 'JBF__DJI_0431__Kandahar']",2:a1127a6ceb9633cc0168542c8f26a7ff,00:00:00:00:24000/1001,00:02:10:12:24000/1001,"['Archive Masters/JBF B-Roll Footage/Lucio/Kandahar/JBF__DJI_0431.MOV', 'Archive Masters/JBF B-Roll Footage/Lucio/Kandahar/JBF__DJI_0431__Kandahar.MOV', 'Archive Masters/01 Footage/JBF B-Roll Footage/Lucio/Kandahar/JBF__DJI_0431__Kandahar.MOV']",
1754124,"['JBF__DJI_0019', 'JBF__DJI_0019__Zabul']",2:108d6c3b7d3340cf035f9b2d616eab25,00:00:00:00:25/1,00:00:25:02:25/1,"['Archive Masters/JBF B-Roll Footage/Lucio/drone/Zabul/JBF__DJI_0019.MOV', 'Archive Masters/JBF B-Roll Footage/Lucio/drone/Zabul/JBF__DJI_0019__Zabul.MOV', 'Archive Masters/01 Footage/JBF B-Roll Footage/Lucio/drone/Zabul/JBF__DJI_0019__Zabul.MOV']",
1754274,"['JBF__DJI_0005', 'JBF__DJI_0005__Helmand poppy drone']",2:bf74f3b92d9c847d424938ec18875aaa,00:00:00:00:25/1,00:03:17:04:25/1,"['Archive Masters/JBF B-Roll Footage/Lucio/Poppy/Helmand poppy drone/JBF__DJI_0005.MOV', 'Archive Masters/JBF B-Roll Footage/Lucio/Poppy/Helmand poppy drone/JBF__DJI_0005__Helmand poppy drone.MOV', 'Archive Masters/01 Footage/JBF B-Roll Footage/Lucio/Poppy/Helmand poppy drone/JBF__DJI_0005__Helmand poppy drone.MOV']",
1754283,"['JBF__DJI_0004', 'JBF__DJI_0004__Mazar']",2:6fb2b4238b432bf83d632f104df5e511,00:00:00:00:30000/1001,00:01:17:16:30000/1001,"['Archive Masters/JBF B-Roll Footage/Lucio/drone/Mazar/JBF__DJI_0004.MP4', 'Archive Masters/JBF B-Roll Footage/Lucio/drone/Mazar/JBF__DJI_0004__Mazar.MP4', 'Archive Masters/01 Footage/JBF B-Roll Footage/Lucio/drone/Mazar/JBF__DJI_0004__Mazar.MP4']",
1754325,"['JBF__DJI_0013', 'JBF__DJI_0013__Zabul']",2:b2abc54e0ca78f26c6a6b4df12d217f9,00:00:00:00:25/1,00:04:56:19:25/1,"['Archive Masters/JBF B-Roll Footage/Lucio/drone/Zabul/JBF__DJI_0013.MOV', 'Archive Masters/JBF B-Roll Footage/Lucio/drone/Zabul/JBF__DJI_0013__Zabul.MOV', 'Archive Masters/01 Footage/JBF B-Roll Footage/Lucio/drone/Zabul/JBF__DJI_0013__Zabul.MOV']",
1754351,"['JBF__DJI_0021', 'JBF__DJI_0021__Mazar']",2:e00e3ff9737f9ec4a8a23c6f07c15b07,00:00:00:00:24000/1001,00:02:03:18:24000/1001,"['Archive Masters/JBF B-Roll Footage/Lucio/Mazar/JBF__DJI_0021.MOV', 'Archive Masters/JBF B-Roll Footage/Lucio/drone/Mazar/JBF__DJI_0021.MOV', 'Archive Masters/JBF B-Roll Footage/Lucio/Mazar/JBF__DJI_0021__Mazar.MOV', 'Archive Masters/JBF B-Roll Footage/Lucio/drone/Mazar/JBF__DJI_0021__Mazar.MOV', 'Archive Masters/01 Footage/JBF B-Roll Footage/Lucio/drone/Mazar/JBF__DJI_0021__Mazar.MOV', 'Archive Masters/01 Footage/JBF B-Roll Footage/Lucio/Mazar/JBF__DJI_0021__Mazar.MOV']",
1754437,"['JBF__DJI_0021', 'JBF__DJI_0021__Helmand poppy drone']",2:682159591f01dfaa60121ea237fc66dd,00:00:00:00:25/1,00:05:00:14:25/1,"['Archive Masters/JBF B-Roll Footage/Lucio/Poppy/Helmand poppy drone/JBF__DJI_0021.MOV', 'Archive Masters/JBF B-Roll Footage/Lucio/Poppy/Helmand poppy drone/JBF__DJI_0021__Helmand poppy drone.MOV', 'Archive Masters/01 Footage/JBF B-Roll Footage/Lucio/Poppy/Helmand poppy drone/JBF__DJI_0021__Helmand poppy drone.MOV']",
1754442,"['JBF__DJI_0638', 'JBF__DJI_0638__Mazar']",2:e28b9568a4663136ee2b3caedd876283,00:00:00:00:25/1,00:03:31:24:25/1,"['Archive Masters/JBF B-Roll Footage/Lucio/drone/Mazar/JBF__DJI_0638.MOV', 'Archive Masters/JBF B-Roll Footage/Lucio/drone/Mazar/JBF__DJI_0638__Mazar.MOV', 'Archive Masters/01 Footage/JBF B-Roll Footage/Lucio/drone/Mazar/JBF__DJI_0638__Mazar.MOV']",
1754474,"['JBF__DJI_0014', 'JBF__DJI_0014__Zabul']",2:ebde567e53fa02e3d3c78ee11fa941f5,00:00:00:00:25/1,00:03:32:17:25/1,"['Archive Masters/JBF B-Roll Footage/Lucio/drone/Zabul/JBF__DJI_0014.MOV', 'Archive Masters/JBF B-Roll Footage/Lucio/drone/Zabul/JBF__DJI_0014__Zabul.MOV', 'Archive Masters/01 Footage/JBF B-Roll Footage/Lucio/drone/Zabul/JBF__DJI_0014__Zabul.MOV']",
1754506,"['JBF__DJI_0482', 'JBF__DJI_0482__Kandahar']",2:70da1d14fd4734438a1e39c89231539d,00:00:00:00:24000/1001,00:03:12:02:24000/1001,"['Archive Masters/JBF B-Roll Footage/Lucio/drone/Kandahar/JBF__DJI_0482.MOV', 'Archive Masters/JBF B-Roll Footage/Lucio/drone/Kandahar/JBF__DJI_0482__Kandahar.MOV', 'Archive Masters/01 Footage/JBF B-Roll Footage/Lucio/drone/Kandahar/JBF__DJI_0482__Kandahar.MOV']",
1754534,"['JBF__DJI_0007', 'JBF__DJI_0007__Zabul']",2:be88da7106bab2dd6641879d279f3884,00:00:00:00:25/1,00:00:40:11:25/1,"['Archive Masters/JBF B-Roll Footage/Lucio/drone/Zabul/JBF__DJI_0007.MOV', 'Archive Masters/JBF B-Roll Footage/Lucio/drone/Zabul/JBF__DJI_0007__Zabul.MOV', 'Archive Masters/01 Footage/JBF B-Roll Footage/Lucio/drone/Zabul/JBF__DJI_0007__Zabul.MOV']",
1754576,JBF__DJI_0021_Proxy_1,2:14ffd728dbba739a094cdb36955595c6,00:00:00:00:24000/1001,00:02:03:18:24000/1001,"['Archive Masters/JBF B-Roll Footage/Lucio/Mazar/Mazar proxies/JBF__DJI_0021_Proxy_1.mp4', 'Archive Masters/01 Footage/JBF B-Roll Footage/Lucio/Mazar/Mazar proxies/JBF__DJI_0021_Proxy_1.mp4']",
1754598,"['JBF__DJI_0001', 'JBF__DJI_0001__Helmand poppy drone']",2:b0292fc96246d3a05697dd436b3f99cb,00:00:00:00:25/1,00:00:26:20:25/1,"['Archive Masters/JBF B-Roll Footage/Lucio/Poppy/Helmand poppy drone/JBF__DJI_0001.MOV', 'Archive Masters/JBF B-Roll Footage/Lucio/Poppy/Helmand poppy drone/JBF__DJI_0001__Helmand poppy drone.MOV', 'Archive Masters/01 Footage/JBF B-Roll Footage/Lucio/Poppy/Helmand poppy drone/JBF__DJI_0001__Helmand poppy drone.MOV']",
1754617,"['JBF__DJI_0003', 'JBF__DJI_0003__Mazar']",2:94acea00ca70ea7a6295b6b06be5f808,00:00:00:00:24000/1001,00:09:05:07:24000/1001,"['Archive Masters/JBF B-Roll Footage/Lucio/drone/Mazar/JBF__DJI_0003.MOV', 'Archive Masters/JBF B-Roll Footage/Lucio/drone/Mazar/JBF__DJI_0003__Mazar.MOV', 'Archive Masters/01 Footage/JBF B-Roll Footage/Lucio/drone/Mazar/JBF__DJI_0003__Mazar.MOV']",
1754641,"['JBF__DJI_0011', 'JBF__DJI_0011__Zabul']",2:bd0575ba8be0bb3febb5506de8ce989f,00:00:00:00:25/1,00:04:05:04:25/1,"['Archive Masters/JBF B-Roll Footage/Lucio/drone/Zabul/JBF__DJI_0011.MOV', 'Archive Masters/JBF B-Roll Footage/Lucio/drone/Zabul/JBF__DJI_0011__Zabul.MOV', 'Archive Masters/01 Footage/JBF B-Roll Footage/Lucio/drone/Zabul/JBF__DJI_0011__Zabul.MOV']",
1754685,"['JBF__DJI_0004', 'JBF__DJI_0004__Helmand poppy drone']",2:4a3542c165deb95d70f507f8336dca58,00:00:00:00:25/1,00:05:00:16:25/1,"['Archive Masters/JBF B-Roll Footage/Lucio/Poppy/Helmand poppy drone/JBF__DJI_0004.MOV', 'Archive Masters/JBF B-Roll Footage/Lucio/Poppy/Helmand poppy drone/JBF__DJI_0004__Helmand poppy drone.MOV', 'Archive Masters/01 Footage/JBF B-Roll Footage/Lucio/Poppy/Helmand poppy drone/JBF__DJI_0004__Helmand poppy drone.MOV']",
1754695,"['JBF__DJI_0002', 'JBF__DJI_0002__Helmand poppy drone']",2:2d29a5a67fa29584924509b45283a6b3,00:00:00:00:25/1,00:03:11:23:25/1,"['Archive Masters/JBF B-Roll Footage/Lucio/Poppy/Helmand poppy drone/JBF__DJI_0002.MOV', 'Archive Masters/JBF B-Roll Footage/Lucio/Poppy/Helmand poppy drone/JBF__DJI_0002__Helmand poppy drone.MOV', 'Archive Masters/01 Footage/JBF B-Roll Footage/Lucio/Poppy/Helmand poppy drone/JBF__DJI_0002__Helmand poppy drone.MOV']",
1754736,"['JBF__DJI_0477', 'JBF__DJI_0477__Kandahar']",2:8c7c94fffbdb0f0aedcc39bdcff36ff3,00:00:00:00:24000/1001,00:05:00:16:24000/1001,"['Archive Masters/JBF B-Roll Footage/Lucio/drone/Kandahar/JBF__DJI_0477.MOV', 'Archive Masters/JBF B-Roll Footage/Lucio/drone/Kandahar/JBF__DJI_0477__Kandahar.MOV', 'Archive Masters/01 Footage/JBF B-Roll Footage/Lucio/drone/Kandahar/JBF__DJI_0477__Kandahar.MOV']",
1754756,"['JBF__DJI_0004', 'JBF__DJI_0004__Zabul']",2:67bd44005cf06ca4597632e8e2ce05af,00:00:00:00:25/1,00:05:00:14:25/1,"['Archive Masters/JBF B-Roll Footage/Lucio/drone/Zabul/JBF__DJI_0004.MOV', 'Archive Masters/JBF B-Roll Footage/Lucio/drone/Zabul/JBF__DJI_0004__Zabul.MOV', 'Archive Masters/01 Footage/JBF B-Roll Footage/Lucio/drone/Zabul/JBF__DJI_0004__Zabul.MOV']",
1755069,"['JBF__DJI_0001 2__Badakhshan v=95.904% a=1.043%_A01', 'JBF__DJI_0001 2__Badakhshan v=95.904% a=1.043%_A02', 'JBF__DJI_0001 2__Badakhshan v=95.904% a=1.043%']","['2:5bf139f05cc8645a96da120b3dd325b1', '2:3604e973602597fc9e803abeae8f0b95', '2:1003e3e782e8903f115399f2e64f2b07']",00:00:00:00:25/1,00:03:10:21:25/1,"['Avid MediaFiles/MXF/es-worker1.1/JBF__DJI_0001 2__Badakhshan v=95.904% a=1.043%_A01.mxf', 'Avid MediaFiles/MXF/es-worker1.1/JBF__DJI_0001 2__Badakhshan v=95.904% a=1.043%_A02.mxf', 'Avid MediaFiles/MXF/es-worker1.1/JBF__DJI_0001 2__Badakhshan v=95.904% a=1.043%.mxf']",
1755070,"['JBF__DJI_0001 3__Badakhshan v=95.904% a=1.043%_A01', 'JBF__DJI_0001 3__Badakhshan v=95.904% a=1.043%_A02', 'JBF__DJI_0001 3__Badakhshan v=95.904% a=1.043%']","['2:be21edf4e1b6e2e3a259509ca7be2a65', '2:633e874b613d1238f6d25f0d0444c5e3', '2:5b2af77df4fc5d5e8f52f2708ddb8f41']",00:00:00:00:25/1,00:00:02:20:25/1,"['Avid MediaFiles/MXF/es-worker1.1/JBF__DJI_0001 3__Badakhshan v=95.904% a=1.043%_A01.mxf', 'Avid MediaFiles/MXF/es-worker1.1/JBF__DJI_0001 3__Badakhshan v=95.904% a=1.043%_A02.mxf', 'Avid MediaFiles/MXF/es-worker1.1/JBF__DJI_0001 3__Badakhshan v=95.904% a=1.043%.mxf']",
1755071,"['JBF__DJI_0001 __Badakhshan2 v=95.904% a=1.043%_A01', 'JBF__DJI_0001 __Badakhshan2 v=95.904% a=1.043%_A02', 'JBF__DJI_0001 __Badakhshan2 v=95.904% a=1.043%']","['2:c6b9270f6a614e8c3bf66854eb10d056', '2:ab2d567696d533b29930b8918452b0ae', '2:1220f3a42864e53f8b637de248940f4c']",00:00:00:00:25/1,00:04:36:11:25/1,"['Avid MediaFiles/MXF/es-worker1.1/JBF__DJI_0001 __Badakhshan2 v=95.904% a=1.043%_A01.mxf', 'Avid MediaFiles/MXF/es-worker1.1/JBF__DJI_0001 __Badakhshan2 v=95.904% a=1.043%_A02.mxf', 'Avid MediaFiles/MXF/es-worker1.1/JBF__DJI_0001 __Badakhshan2 v=95.904% a=1.043%.mxf']",
1755072,"['JBF__DJI_0001__Afghan Flag v=95.904% a=1.043%_A01', 'JBF__DJI_0001__Afghan Flag v=95.904% a=1.043%_A02', 'JBF__DJI_0001__Afghan Flag v=95.904% a=1.043%']","['2:52858ada70c35835e8eeff6bcd02b516', '2:7db65da82a092a0f54db9f9cbd0c0795', '2:016f9b9803faafeba34f6d98bbf97bf8']",00:00:00:00:25/1,00:08:43:11:25/1,"['Avid MediaFiles/MXF/es-worker1.1/JBF__DJI_0001__Afghan Flag v=95.904% a=1.043%_A01.mxf', 'Avid MediaFiles/MXF/es-worker1.1/JBF__DJI_0001__Afghan Flag v=95.904% a=1.043%_A02.mxf', 'Avid MediaFiles/MXF/es-worker1.1/JBF__DJI_0001__Afghan Flag v=95.904% a=1.043%.mxf']",
1755073,"['JBF__DJI_0001__Badakhshan v=95.904% a=1.043%_A01', 'JBF__DJI_0001__Badakhshan v=95.904% a=1.043%_A02', 'JBF__DJI_0001__Badakhshan v=95.904% a=1.043%']","['2:14ac2178b8b81cd385ed9a6c25fcae40', '2:10f4fc79fd3bb713c49051092808ef92', '2:d8b094739a525a089e7eea3dbe985da5']",00:00:00:00:25/1,00:04:36:12:25/1,"['Avid MediaFiles/MXF/es-worker1.1/JBF__DJI_0001__Badakhshan v=95.904% a=1.043%_A01.mxf', 'Avid MediaFiles/MXF/es-worker1.1/JBF__DJI_0001__Badakhshan v=95.904% a=1.043%_A02.mxf', 'Avid MediaFiles/MXF/es-worker1.1/JBF__DJI_0001__Badakhshan v=95.904% a=1.043%.mxf']",
1755074,"['JBF__DJI_0002__Badakhshan v=95.904% a=1.043%_A01', 'JBF__DJI_0002__Badakhshan v=95.904% a=1.043%_A02', 'JBF__DJI_0002__Badakhshan v=95.904% a=1.043%']","['2:ea408f984af22b7f6506e6a1eb8a6c1c', '2:57b35863f25950e701c8463013f3bc82', '2:5639c5348b40fc55c098f68fe931586e']",00:00:00:00:25/1,00:04:36:15:25/1,"['Avid MediaFiles/MXF/es-worker1.1/JBF__DJI_0002__Badakhshan v=95.904% a=1.043%_A01.mxf', 'Avid MediaFiles/MXF/es-worker1.1/JBF__DJI_0002__Badakhshan v=95.904% a=1.043%_A02.mxf', 'Avid MediaFiles/MXF/es-worker1.1/JBF__DJI_0002__Badakhshan v=95.904% a=1.043%.mxf']",
1755075,"['JBF__DJI_0002__Faryab v=95.904% a=1.043%_A01', 'JBF__DJI_0002__Faryab v=95.904% a=1.043%_A02', 'JBF__DJI_0002__Faryab v=95.904% a=1.043%']","['2:be7de589d84baac5c8fca49e923d5f80', '2:c5d4d1bf5160136ada3871428be1db14', '2:bff972008cc1c6e6e1e3b6cacfc21977']",00:00:00:00:25/1,00:02:38:12:25/1,"['Avid MediaFiles/MXF/es-worker1.1/JBF__DJI_0002__Faryab v=95.904% a=1.043%_A01.mxf', 'Avid MediaFiles/MXF/es-worker1.1/JBF__DJI_0002__Faryab v=95.904% a=1.043%_A02.mxf', 'Avid MediaFiles/MXF/es-worker1.1/JBF__DJI_0002__Faryab v=95.904% a=1.043%.mxf']",
1755076,"['JBF__DJI_0003__Afghan Flag v=95.904% a=1.043%_A01', 'JBF__DJI_0003__Afghan Flag v=95.904% a=1.043%_A02', 'JBF__DJI_0003__Afghan Flag v=95.904% a=1.043%']","['2:8d6fcf0062b96f242d1ebfa44f13f04f', '2:51bc5062684625aa51edc9a77a51105c', '2:4b3b8c875bdd51c01bc18c074e44e070']",00:00:00:00:25/1,00:08:43:11:25/1,"['Avid MediaFiles/MXF/es-worker1.1/JBF__DJI_0003__Afghan Flag v=95.904% a=1.043%_A01.mxf', 'Avid MediaFiles/MXF/es-worker1.1/JBF__DJI_0003__Afghan Flag v=95.904% a=1.043%_A02.mxf', 'Avid MediaFiles/MXF/es-worker1.1/JBF__DJI_0003__Afghan Flag v=95.904% a=1.043%.mxf']",
1755077,"['JBF__DJI_0003__Faryab v=95.904% a=1.043%_A01', 'JBF__DJI_0003__Faryab v=95.904% a=1.043%_A02', 'JBF__DJI_0003__Faryab v=95.904% a=1.043%']","['2:943a16ca8124c0415cba826b50308a69', '2:36710fe2034632112f46f25d259e161a', '2:95d29b19826bad45e59118261a6caa5f']",00:00:00:00:25/1,00:04:36:12:25/1,"['Avid MediaFiles/MXF/es-worker1.1/JBF__DJI_0003__Faryab v=95.904% a=1.043%_A01.mxf', 'Avid MediaFiles/MXF/es-worker1.1/JBF__DJI_0003__Faryab v=95.904% a=1.043%_A02.mxf', 'Avid MediaFiles/MXF/es-worker1.1/JBF__DJI_0003__Faryab v=95.904% a=1.043%.mxf']",
1755078,"['JBF__DJI_0003__Badakhshan v=95.904% a=1.043%_A01', 'JBF__DJI_0003__Badakhshan v=95.904% a=1.043%_A02', 'JBF__DJI_0003__Badakhshan v=95.904% a=1.043%']","['2:e8932459faf15afa98f76f91b19ee072', '2:6fc741e1f7bd0e67bf5753fc4d094d55', '2:24f24f80b542798ee15b6132e9e89374']",00:00:00:00:25/1,00:04:35:11:25/1,"['Avid MediaFiles/MXF/es-worker1.1/JBF__DJI_0003__Badakhshan v=95.904% a=1.043%_A01.mxf', 'Avid MediaFiles/MXF/es-worker1.1/JBF__DJI_0003__Badakhshan v=95.904% a=1.043%_A02.mxf', 'Avid MediaFiles/MXF/es-worker1.1/JBF__DJI_0003__Badakhshan v=95.904% a=1.043%.mxf']",
1755079,"['JBF__DJI_0003__Helmand_A01', 'JBF__DJI_0003__Helmand_A02', 'JBF__DJI_0003__Helmand']","['2:e9570162851e2529e323ea0cfb197472', '2:f74a5a196b7799f60928908e3d5ccfe0', '2:7b142a11cced7bb94dae29b94013f2d9']",00:00:00:00:25/1,00:05:00:13:25/1,"['Avid MediaFiles/MXF/es-worker1.1/JBF__DJI_0003__Helmand_A01.mxf', 'Avid MediaFiles/MXF/es-worker1.1/JBF__DJI_0003__Helmand_A02.mxf', 'Avid MediaFiles/MXF/es-worker1.1/JBF__DJI_0003__Helmand.mxf']",
1755080,"['JBF__DJI_0004 2__Badakhshan v=95.904% a=1.043%_A01', 'JBF__DJI_0004 2__Badakhshan v=95.904% a=1.043%_A02', 'JBF__DJI_0004 2__Badakhshan v=95.904% a=1.043%']","['2:61721e3f7f28a55497fe56dca429a8c5', '2:c8cb5d342f307384c635e129a0e8f0c9', '2:65692b625ea55d4906064e986eb9d7fd']",00:00:00:00:25/1,00:04:36:11:25/1,"['Avid MediaFiles/MXF/es-worker1.1/JBF__DJI_0004 2__Badakhshan v=95.904% a=1.043%_A01.mxf', 'Avid MediaFiles/MXF/es-worker1.1/JBF__DJI_0004 2__Badakhshan v=95.904% a=1.043%_A02.mxf', 'Avid MediaFiles/MXF/es-worker1.1/JBF__DJI_0004 2__Badakhshan v=95.904% a=1.043%.mxf']",
1755081,"['JBF__DJI_0004__Afghan Flag v=95.904% a=1.043%_A01', 'JBF__DJI_0004__Afghan Flag v=95.904% a=1.043%_A02', 'JBF__DJI_0004__Afghan Flag v=95.904% a=1.043%']","['2:ceb3f7c5f073d8e21f9d3d257399f006', '2:c8fb820a1aceed838ae440430186548e', '2:203480a9df1d389449d29783a12c2918']",00:00:00:00:25/1,00:08:43:11:25/1,"['Avid MediaFiles/MXF/es-worker1.1/JBF__DJI_0004__Afghan Flag v=95.904% a=1.043%_A01.mxf', 'Avid MediaFiles/MXF/es-worker1.1/JBF__DJI_0004__Afghan Flag v=95.904% a=1.043%_A02.mxf', 'Avid MediaFiles/MXF/es-worker1.1/JBF__DJI_0004__Afghan Flag v=95.904% a=1.043%.mxf']",
1755082,"['JBF__DJI_0004__Badakhshan v=95.904% a=1.043%_A01', 'JBF__DJI_0004__Badakhshan v=95.904% a=1.043%_A02', 'JBF__DJI_0004__Badakhshan v=95.904% a=1.043%']","['2:3f7d3db6c298d5213c1c1e5d51fe900f', '2:d92ecdaa5472c65dccf0fbdb54662e95', '2:ee1cd689779e93015f50912c1c6052f8']",00:00:00:00:25/1,00:04:36:11:25/1,"['Avid MediaFiles/MXF/es-worker1.1/JBF__DJI_0004__Badakhshan v=95.904% a=1.043%_A01.mxf', 'Avid MediaFiles/MXF/es-worker1.1/JBF__DJI_0004__Badakhshan v=95.904% a=1.043%_A02.mxf', 'Avid MediaFiles/MXF/es-worker1.1/JBF__DJI_0004__Badakhshan v=95.904% a=1.043%.mxf']",
1755083,"['JBF__DJI_0004__Faryab v=95.904% a=1.043%_A01', 'JBF__DJI_0004__Faryab v=95.904% a=1.043%_A02', 'JBF__DJI_0004__Faryab v=95.904% a=1.043%']","['2:fece7902a90279ae131a9ef374fc8b08', '2:5e2403af73307491f42a122f73489d64', '2:f4af0dbe9b046f4162355492b33b75e6']",00:00:00:00:25/1,00:04:36:14:25/1,"['Avid MediaFiles/MXF/es-worker1.1/JBF__DJI_0004__Faryab v=95.904% a=1.043%_A01.mxf', 'Avid MediaFiles/MXF/es-worker1.1/JBF__DJI_0004__Faryab v=95.904% a=1.043%_A02.mxf', 'Avid MediaFiles/MXF/es-worker1.1/JBF__DJI_0004__Faryab v=95.904% a=1.043%.mxf']",
1755084,"['JBF__DJI_0005__Badakhshan v=95.904% a=1.043%_A01', 'JBF__DJI_0005__Badakhshan v=95.904% a=1.043%_A02', 'JBF__DJI_0005__Badakhshan v=95.904% a=1.043%']","['2:db12803b86a162b16e3c224748a1aa48', '2:f196d7c88a12f91b02f777f2dce666dd', '2:cc5116749023e968ce02a1369adc8e7d']",00:00:00:00:25/1,00:04:36:15:25/1,"['Avid MediaFiles/MXF/es-worker1.1/JBF__DJI_0005__Badakhshan v=95.904% a=1.043%_A01.mxf', 'Avid MediaFiles/MXF/es-worker1.1/JBF__DJI_0005__Badakhshan v=95.904% a=1.043%_A02.mxf', 'Avid MediaFiles/MXF/es-worker1.1/JBF__DJI_0005__Badakhshan v=95.904% a=1.043%.mxf']",
1755085,"['JBF__DJI_0006 2__Badakhshan v=95.904% a=1.043%_A01', 'JBF__DJI_0006 2__Badakhshan v=95.904% a=1.043%_A02', 'JBF__DJI_0006 2__Badakhshan v=95.904% a=1.043%']","['2:6068b9102488e8127e703eea753a43a8', '2:7437ba192416482d97d2217ee3cda5d2', '2:e3ff97da47aeff98b79788e60cccfe10']",00:00:00:00:25/1,00:04:36:14:25/1,"['Avid MediaFiles/MXF/es-worker1.1/JBF__DJI_0006 2__Badakhshan v=95.904% a=1.043%_A01.mxf', 'Avid MediaFiles/MXF/es-worker1.1/JBF__DJI_0006 2__Badakhshan v=95.904% a=1.043%_A02.mxf', 'Avid MediaFiles/MXF/es-worker1.1/JBF__DJI_0006 2__Badakhshan v=95.904% a=1.043%.mxf']",
1755086,"['JBF__DJI_0006__Badakhshan v=95.904% a=1.043%_A01', 'JBF__DJI_0006__Badakhshan v=95.904% a=1.043%_A02', 'JBF__DJI_0006__Badakhshan v=95.904% a=1.043%']","['2:b81b3e39ccfa9befd481fe0bf528ba40', '2:7835234a266701f34ed1176f94a6cf0b', '2:d951b39c5b7dbfa39460d7fd52a820a3']",00:00:00:00:25/1,00:04:36:14:25/1,"['Avid MediaFiles/MXF/es-worker1.1/JBF__DJI_0006__Badakhshan v=95.904% a=1.043%_A01.mxf', 'Avid MediaFiles/MXF/es-worker1.1/JBF__DJI_0006__Badakhshan v=95.904% a=1.043%_A02.mxf', 'Avid MediaFiles/MXF/es-worker1.1/JBF__DJI_0006__Badakhshan v=95.904% a=1.043%.mxf']",
1755087,"['JBF__DJI_0006__Helmand_A01', 'JBF__DJI_0006__Helmand_A02', 'JBF__DJI_0006__Helmand']","['2:3c7ebc1f367558f45abfb51ad3154740', '2:690465793012e468ca083b66064a0f3a', '2:d3b2aaa01f7e3eb329dbb97718e9c2bb']",00:00:00:00:25/1,00:05:00:14:25/1,"['Avid MediaFiles/MXF/es-worker1.1/JBF__DJI_0006__Helmand_A01.mxf', 'Avid MediaFiles/MXF/es-worker1.1/JBF__DJI_0006__Helmand_A02.mxf', 'Avid MediaFiles/MXF/es-worker1.1/JBF__DJI_0006__Helmand.mxf']",
1755088,"['JBF__DJI_0007__Badakhshan v=95.904% a=1.043%_A01', 'JBF__DJI_0007__Badakhshan v=95.904% a=1.043%_A02', 'JBF__DJI_0007__Badakhshan v=95.904% a=1.043%']","['2:7156eef0b444053a232efd01534c69f9', '2:653585272a2feb81cad78ba17aa66f49', '2:1b00e31099b97fb38fafa04772aa1a1c']",00:00:00:00:25/1,00:02:33:12:25/1,"['Avid MediaFiles/MXF/es-worker1.1/JBF__DJI_0007__Badakhshan v=95.904% a=1.043%_A01.mxf', 'Avid MediaFiles/MXF/es-worker1.1/JBF__DJI_0007__Badakhshan v=95.904% a=1.043%_A02.mxf', 'Avid MediaFiles/MXF/es-worker1.1/JBF__DJI_0007__Badakhshan v=95.904% a=1.043%.mxf']",
1755089,"['JBF__DJI_0008__Helmand_A01', 'JBF__DJI_0008__Helmand_A02', 'JBF__DJI_0008__Helmand']","['2:dcf5b91875d36b0970869531e89df1e0', '2:fcca416f91a26fedab9ea93a274e11a0', '2:dbc9501440fb7d9cc07c631111ce22ea']",00:00:00:00:25/1,00:00:42:10:25/1,"['Avid MediaFiles/MXF/es-worker1.1/JBF__DJI_0008__Helmand_A01.mxf', 'Avid MediaFiles/MXF/es-worker1.1/JBF__DJI_0008__Helmand_A02.mxf', 'Avid MediaFiles/MXF/es-worker1.1/JBF__DJI_0008__Helmand.mxf']",
1755090,"['JBF__DJI_0009__Helmand_A01', 'JBF__DJI_0009__Helmand_A02', 'JBF__DJI_0009__Helmand']","['2:69286b7f48f35b5a58b4cf37ffb9b9e3', '2:d35b7c27915f5b2387a788bdc6dde7ed', '2:2274d1296668fe8f113f9b3cb6ed894d']",00:00:00:00:25/1,00:00:46:08:25/1,"['Avid MediaFiles/MXF/es-worker1.1/JBF__DJI_0009__Helmand_A01.mxf', 'Avid MediaFiles/MXF/es-worker1.1/JBF__DJI_0009__Helmand_A02.mxf', 'Avid MediaFiles/MXF/es-worker1.1/JBF__DJI_0009__Helmand.mxf']",
1755091,"['JBF__DJI_0010__Faryab v=95.904% a=1.043%_A01', 'JBF__DJI_0010__Faryab v=95.904% a=1.043%_A02', 'JBF__DJI_0010__Faryab v=95.904% a=1.043%']","['2:70a5cb26e20223f14eac43517df57796', '2:c75a5372d6150cb25799ca2f416c3ee6', '2:7963edc948e330a049890ebd43da5a3e']",00:00:00:00:25/1,00:01:14:14:25/1,"['Avid MediaFiles/MXF/es-worker1.1/JBF__DJI_0010__Faryab v=95.904% a=1.043%_A01.mxf', 'Avid MediaFiles/MXF/es-worker1.1/JBF__DJI_0010__Faryab v=95.904% a=1.043%_A02.mxf', 'Avid MediaFiles/MXF/es-worker1.1/JBF__DJI_0010__Faryab v=95.904% a=1.043%.mxf']",
1755092,"['JBF__DJI_0012__Helmand_A01', 'JBF__DJI_0012__Helmand_A02', 'JBF__DJI_0012__Helmand']","['2:80ed94c5e500499ec539de64c4135d4c', '2:6db1eeca7ae8aba3b916cad1074c85c0', '2:9b3b74429393eea7a8803b251162eac3']",00:00:00:00:25/1,00:00:55:22:25/1,"['Avid MediaFiles/MXF/es-worker1.1/JBF__DJI_0012__Helmand_A01.mxf', 'Avid MediaFiles/MXF/es-worker1.1/JBF__DJI_0012__Helmand_A02.mxf', 'Avid MediaFiles/MXF/es-worker1.1/JBF__DJI_0012__Helmand.mxf']",
1755093,"['JBF__DJI_0015__Herat v=119.88% a=0.834%_A01', 'JBF__DJI_0015__Herat v=119.88% a=0.834%_A02', 'JBF__DJI_0015__Herat v=119.88% a=0.834%']","['2:d87833d529a3a450b6b16d219e4f4a9a', '2:16a4b5e27cff2d5c251c2915bb9a066a', '2:ffd8f30eae976f6191e90f63e88d4214']",00:00:00:00:25/1,00:05:27:13:25/1,"['Avid MediaFiles/MXF/es-worker1.1/JBF__DJI_0015__Herat v=119.88% a=0.834%_A01.mxf', 'Avid MediaFiles/MXF/es-worker1.1/JBF__DJI_0015__Herat v=119.88% a=0.834%_A02.mxf', 'Avid MediaFiles/MXF/es-worker1.1/JBF__DJI_0015__Herat v=119.88% a=0.834%.mxf']",
1755094,"['JBF__DJI_0016__Herat v=119.88% a=0.834%_A01', 'JBF__DJI_0016__Herat v=119.88% a=0.834%_A02', 'JBF__DJI_0016__Herat v=119.88% a=0.834%']","['2:30f746ffdd0ed0c781c9d21860cea3c9', '2:c0cd231fcbdb186f8a4048d4ee246669', '2:442af19fe7bd26674d1112c606dcfd62']",00:00:00:00:25/1,00:01:48:23:25/1,"['Avid MediaFiles/MXF/es-worker1.1/JBF__DJI_0016__Herat v=119.88% a=0.834%_A01.mxf', 'Avid MediaFiles/MXF/es-worker1.1/JBF__DJI_0016__Herat v=119.88% a=0.834%_A02.mxf', 'Avid MediaFiles/MXF/es-worker1.1/JBF__DJI_0016__Herat v=119.88% a=0.834%.mxf']",
1755095,"['JBF__DJI_0017__Herat v=119.88% a=0.834%_A01', 'JBF__DJI_0017__Herat v=119.88% a=0.834%_A02', 'JBF__DJI_0017__Herat v=119.88% a=0.834%']","['2:4295dca724b7d4a57950381e2f61ec3c', '2:70e4808ccf53ec0161912374779746d6', '2:0fa613a1117b7bf9f3825ced89c7063c']",00:00:00:00:25/1,00:02:28:15:25/1,"['Avid MediaFiles/MXF/es-worker1.1/JBF__DJI_0017__Herat v=119.88% a=0.834%_A01.mxf', 'Avid MediaFiles/MXF/es-worker1.1/JBF__DJI_0017__Herat v=119.88% a=0.834%_A02.mxf', 'Avid MediaFiles/MXF/es-worker1.1/JBF__DJI_0017__Herat v=119.88% a=0.834%.mxf']",
1755096,"['JBF__DJI_0020__Helmand_A01', 'JBF__DJI_0020__Helmand_A02', 'JBF__DJI_0020__Helmand']","['2:d385d3b712320b327dd617e7a7fb284f', '2:03255fee683e24fb643d171cbbe2c0b7', '2:9f414da739c6ee7739b5a84a18cc7b65']",00:00:00:00:25/1,00:04:02:17:25/1,"['Avid MediaFiles/MXF/es-worker1.1/JBF__DJI_0020__Helmand_A01.mxf', 'Avid MediaFiles/MXF/es-worker1.1/JBF__DJI_0020__Helmand_A02.mxf', 'Avid MediaFiles/MXF/es-worker1.1/JBF__DJI_0020__Helmand.mxf']",
1755097,"['JBF__DJI_0022 2__Helmand_A01', 'JBF__DJI_0022 2__Helmand_A02', 'JBF__DJI_0022 2__Helmand']","['2:fe703ad834fe5398545c1c06c3896a5b', '2:e3e5fad7e840e0da145e40442837d2c8', '2:7356f9ecc9f4c03c352fcccf6cb2008a']",00:00:00:00:25/1,00:04:41:20:25/1,"['Avid MediaFiles/MXF/es-worker1.1/JBF__DJI_0022 2__Helmand_A01.mxf', 'Avid MediaFiles/MXF/es-worker1.1/JBF__DJI_0022 2__Helmand_A02.mxf', 'Avid MediaFiles/MXF/es-worker1.1/JBF__DJI_0022 2__Helmand.mxf']",
1755098,"['JBF__DJI_0022__Helmand_A01', 'JBF__DJI_0022__Helmand_A02', 'JBF__DJI_0022__Helmand']","['2:03b3898be706c177c925a471733a53f5', '2:36c61878d212a3c7e92d9d6fe83b5400', '2:fc31f14f1ba7b77e0cd18389965cc263']",00:00:00:00:25/1,00:04:41:20:25/1,"['Avid MediaFiles/MXF/es-worker1.1/JBF__DJI_0022__Helmand_A01.mxf', 'Avid MediaFiles/MXF/es-worker1.1/JBF__DJI_0022__Helmand_A02.mxf', 'Avid MediaFiles/MXF/es-worker1.1/JBF__DJI_0022__Helmand.mxf']",
1755099,"['JBF__DJI_0024__Helmand_A01', 'JBF__DJI_0024__Helmand_A02', 'JBF__DJI_0024__Helmand']","['2:04b7fa8b703ee62d03253162b70017e1', '2:39c8d9149fa58a381f8c790d250dd9e9', '2:4fc96e198bd6560141d5c492bd6c4d56']",00:00:00:00:25/1,00:02:09:22:25/1,"['Avid MediaFiles/MXF/es-worker1.1/JBF__DJI_0024__Helmand_A01.mxf', 'Avid MediaFiles/MXF/es-worker1.1/JBF__DJI_0024__Helmand_A02.mxf', 'Avid MediaFiles/MXF/es-worker1.1/JBF__DJI_0024__Helmand.mxf']",
1755100,"['JBF__DJI_0025 2__Faryab v=95.904% a=1.043%_A01', 'JBF__DJI_0025 2__Faryab v=95.904% a=1.043%_A02', 'JBF__DJI_0025 2__Faryab v=95.904% a=1.043%']","['2:5e8d7f9ae0755c118f3b20f778c7171d', '2:c60c3ddc0ad67819c091df350369574f', '2:cdd2ec7d032db828b7d80dd97a5947fe']",00:00:00:00:25/1,00:01:33:20:25/1,"['Avid MediaFiles/MXF/es-worker1.1/JBF__DJI_0025 2__Faryab v=95.904% a=1.043%_A01.mxf', 'Avid MediaFiles/MXF/es-worker1.1/JBF__DJI_0025 2__Faryab v=95.904% a=1.043%_A02.mxf', 'Avid MediaFiles/MXF/es-worker1.1/JBF__DJI_0025 2__Faryab v=95.904% a=1.043%.mxf']",
1755101,"['JBF__DJI_0025__Faryab v=95.904% a=1.043%_A01', 'JBF__DJI_0025__Faryab v=95.904% a=1.043%_A02', 'JBF__DJI_0025__Faryab v=95.904% a=1.043%']","['2:31ccde91461e8552299c6084ddddfb2b', '2:0fce635cc3e40023da452293e2693f91', '2:8fa571bd9fa450136a9513d992f29b34']",00:00:00:00:25/1,00:04:18:15:25/1,"['Avid MediaFiles/MXF/es-worker1.1/JBF__DJI_0025__Faryab v=95.904% a=1.043%_A01.mxf', 'Avid MediaFiles/MXF/es-worker1.1/JBF__DJI_0025__Faryab v=95.904% a=1.043%_A02.mxf', 'Avid MediaFiles/MXF/es-worker1.1/JBF__DJI_0025__Faryab v=95.904% a=1.043%.mxf']",
1755102,"['JBF__DJI_0028__Badakhshan v=95.904% a=1.043%_A01', 'JBF__DJI_0028__Badakhshan v=95.904% a=1.043%_A02', 'JBF__DJI_0028__Badakhshan v=95.904% a=1.043%']","['2:bc8f2b5422d982bd43759f3543363a36', '2:ebec92a6ac5949a48fa85ed45754a7e5', '2:467cb85a2018cad6ef45733b3c5baa67']",00:00:00:00:25/1,00:04:36:16:25/1,"['Avid MediaFiles/MXF/es-worker1.1/JBF__DJI_0028__Badakhshan v=95.904% a=1.043%_A01.mxf', 'Avid MediaFiles/MXF/es-worker1.1/JBF__DJI_0028__Badakhshan v=95.904% a=1.043%_A02.mxf', 'Avid MediaFiles/MXF/es-worker1.1/JBF__DJI_0028__Badakhshan v=95.904% a=1.043%.mxf']",
1755103,"['JBF__DJI_0028__Faryab v=95.904% a=1.043%_A01', 'JBF__DJI_0028__Faryab v=95.904% a=1.043%_A02', 'JBF__DJI_0028__Faryab v=95.904% a=1.043%']","['2:f0318ec66ad08ddd6993e8206aceb4a6', '2:e4d93b40fcaf7ac69217ae6891639f6f', '2:435632494fbdbcbd60122af0d65f2561']",00:00:00:00:25/1,00:01:45:15:25/1,"['Avid MediaFiles/MXF/es-worker1.1/JBF__DJI_0028__Faryab v=95.904% a=1.043%_A01.mxf', 'Avid MediaFiles/MXF/es-worker1.1/JBF__DJI_0028__Faryab v=95.904% a=1.043%_A02.mxf', 'Avid MediaFiles/MXF/es-worker1.1/JBF__DJI_0028__Faryab v=95.904% a=1.043%.mxf']",
1755104,"['JBF__DJI_0028__Herat v=95.904% a=1.043%_A01', 'JBF__DJI_0028__Herat v=95.904% a=1.043%_A02', 'JBF__DJI_0028__Herat v=95.904% a=1.043%']","['2:ad332a91d70add2a144aa97742dff274', '2:d54766a599df84494aaacc03bf13c1cf', '2:97b2f135a430405ad13a18f9942aae7c']",00:00:00:00:25/1,00:04:37:12:25/1,"['Avid MediaFiles/MXF/es-worker1.1/JBF__DJI_0028__Herat v=95.904% a=1.043%_A01.mxf', 'Avid MediaFiles/MXF/es-worker1.1/JBF__DJI_0028__Herat v=95.904% a=1.043%_A02.mxf', 'Avid MediaFiles/MXF/es-worker1.1/JBF__DJI_0028__Herat v=95.904% a=1.043%.mxf']",
1755105,"['JBF__DJI_0029__Badakhshan v=95.904% a=1.043%_A01', 'JBF__DJI_0029__Badakhshan v=95.904% a=1.043%_A02', 'JBF__DJI_0029__Badakhshan v=95.904% a=1.043%']","['2:20e3365699b8110b95c914612b21ea66', '2:24b15242be818fb313c9c4b8416741d0', '2:f7b2a579c98059b1a8bce8b38f855f97']",00:00:00:00:25/1,00:02:47:01:25/1,"['Avid MediaFiles/MXF/es-worker1.1/JBF__DJI_0029__Badakhshan v=95.904% a=1.043%_A01.mxf', 'Avid MediaFiles/MXF/es-worker1.1/JBF__DJI_0029__Badakhshan v=95.904% a=1.043%_A02.mxf', 'Avid MediaFiles/MXF/es-worker1.1/JBF__DJI_0029__Badakhshan v=95.904% a=1.043%.mxf']",
1755106,"['JBF__DJI_0029__Herat v=95.904% a=1.043%_A01', 'JBF__DJI_0029__Herat v=95.904% a=1.043%_A02', 'JBF__DJI_0029__Herat v=95.904% a=1.043%']","['2:c037bc3af5b46fc297da2d2408fb875d', '2:bf4a382e2ea6dbe917c0b4fe26669586', '2:282b2558c69c0ed99282a8bcd8040af8']",00:00:00:00:25/1,00:01:16:09:25/1,"['Avid MediaFiles/MXF/es-worker1.1/JBF__DJI_0029__Herat v=95.904% a=1.043%_A01.mxf', 'Avid MediaFiles/MXF/es-worker1.1/JBF__DJI_0029__Herat v=95.904% a=1.043%_A02.mxf', 'Avid MediaFiles/MXF/es-worker1.1/JBF__DJI_0029__Herat v=95.904% a=1.043%.mxf']",
1755107,"['JBF__DJI_0034__Herat v=95.904% a=1.043%_A01', 'JBF__DJI_0034__Herat v=95.904% a=1.043%_A02', 'JBF__DJI_0034__Herat v=95.904% a=1.043%']","['2:e747c2c3c29c7a2db2f6fbb700b068a9', '2:12d435e5e25e3fff96fcd7a1f42b7236', '2:f22fb471439270d6011520888a2f102e']",00:00:00:00:25/1,00:00:29:03:25/1,"['Avid MediaFiles/MXF/es-worker1.1/JBF__DJI_0034__Herat v=95.904% a=1.043%_A01.mxf', 'Avid MediaFiles/MXF/es-worker1.1/JBF__DJI_0034__Herat v=95.904% a=1.043%_A02.mxf', 'Avid MediaFiles/MXF/es-worker1.1/JBF__DJI_0034__Herat v=95.904% a=1.043%.mxf']",
1755108,"['JBF__DJI_0035__Herat v=95.904% a=1.043%_A01', 'JBF__DJI_0035__Herat v=95.904% a=1.043%_A02', 'JBF__DJI_0035__Herat v=95.904% a=1.043%']","['2:a1c2390605577a0c1936981fd45f4cde', '2:ccaae009559fb00b16297c10231cdb49', '2:a83673d0faf070013aa03143cb898245']",00:00:00:00:25/1,00:02:04:20:25/1,"['Avid MediaFiles/MXF/es-worker1.1/JBF__DJI_0035__Herat v=95.904% a=1.043%_A01.mxf', 'Avid MediaFiles/MXF/es-worker1.1/JBF__DJI_0035__Herat v=95.904% a=1.043%_A02.mxf', 'Avid MediaFiles/MXF/es-worker1.1/JBF__DJI_0035__Herat v=95.904% a=1.043%.mxf']",
1755109,"['JBF__DJI_0038__Faryab v=95.904% a=1.043%_A01', 'JBF__DJI_0038__Faryab v=95.904% a=1.043%_A02', 'JBF__DJI_0038__Faryab v=95.904% a=1.043%']","['2:3164343841e9ff4bd4ab4d22d7668c44', '2:cee3e603bb06afb701583423a48f6ca3', '2:4dba3ab9ca82b091caa5c3c13e456759']",00:00:00:00:25/1,00:00:29:16:25/1,"['Avid MediaFiles/MXF/es-worker1.1/JBF__DJI_0038__Faryab v=95.904% a=1.043%_A01.mxf', 'Avid MediaFiles/MXF/es-worker1.1/JBF__DJI_0038__Faryab v=95.904% a=1.043%_A02.mxf', 'Avid MediaFiles/MXF/es-worker1.1/JBF__DJI_0038__Faryab v=95.904% a=1.043%.mxf']",
1755110,"['JBF__DJI_0039 2__Faryab v=95.904% a=1.043%_A01', 'JBF__DJI_0039 2__Faryab v=95.904% a=1.043%_A02', 'JBF__DJI_0039 2__Faryab v=95.904% a=1.043%']","['2:983debcc3f8111de5c2c353ab71b3caf', '2:93557e016d87b8e7626dba0caee671f8', '2:9cbc43bde5678b45bd4096c44dffba98']",00:00:00:00:25/1,00:01:16:23:25/1,"['Avid MediaFiles/MXF/es-worker1.1/JBF__DJI_0039 2__Faryab v=95.904% a=1.043%_A01.mxf', 'Avid MediaFiles/MXF/es-worker1.1/JBF__DJI_0039 2__Faryab v=95.904% a=1.043%_A02.mxf', 'Avid MediaFiles/MXF/es-worker1.1/JBF__DJI_0039 2__Faryab v=95.904% a=1.043%.mxf']",
1755111,"['JBF__DJI_0039__Faryab v=95.904% a=1.043%_A01', 'JBF__DJI_0039__Faryab v=95.904% a=1.043%_A02', 'JBF__DJI_0039__Faryab v=95.904% a=1.043%']","['2:422c483172b75f4bddc70510d5a14090', '2:a160248d857c911cb016d92b2b4e6b83', '2:f568fd7258375e6f8bd5a7ce4f67cbbb']",00:00:00:00:25/1,00:01:16:23:25/1,"['Avid MediaFiles/MXF/es-worker1.1/JBF__DJI_0039__Faryab v=95.904% a=1.043%_A01.mxf', 'Avid MediaFiles/MXF/es-worker1.1/JBF__DJI_0039__Faryab v=95.904% a=1.043%_A02.mxf', 'Avid MediaFiles/MXF/es-worker1.1/JBF__DJI_0039__Faryab v=95.904% a=1.043%.mxf']",
1755112,"['JBF__DJI_0041__Faryab v=95.904% a=1.043%_A01', 'JBF__DJI_0041__Faryab v=95.904% a=1.043%_A02', 'JBF__DJI_0041__Faryab v=95.904% a=1.043%']","['2:7357f2ae38f05e88fec0790c1fc8457b', '2:dd0c90964cce0f6b69f64f6f555230a5', '2:c720457fd3daef098bafa45295f26e5a']",00:00:00:00:25/1,00:02:39:08:25/1,"['Avid MediaFiles/MXF/es-worker1.1/JBF__DJI_0041__Faryab v=95.904% a=1.043%_A01.mxf', 'Avid MediaFiles/MXF/es-worker1.1/JBF__DJI_0041__Faryab v=95.904% a=1.043%_A02.mxf', 'Avid MediaFiles/MXF/es-worker1.1/JBF__DJI_0041__Faryab v=95.904% a=1.043%.mxf']",
1755113,"['JBF__DJI_0047__Faryab v=95.904% a=1.043%_A01', 'JBF__DJI_0047__Faryab v=95.904% a=1.043%_A02', 'JBF__DJI_0047__Faryab v=95.904% a=1.043%']","['2:2365eef320261e4fb0a404790eaab368', '2:df887f66ee309848f0dd6958da6ba147', '2:cbb04e476e60b23e4da6940837125d8b']",00:00:00:00:25/1,00:01:41:08:25/1,"['Avid MediaFiles/MXF/es-worker1.1/JBF__DJI_0047__Faryab v=95.904% a=1.043%_A01.mxf', 'Avid MediaFiles/MXF/es-worker1.1/JBF__DJI_0047__Faryab v=95.904% a=1.043%_A02.mxf', 'Avid MediaFiles/MXF/es-worker1.1/JBF__DJI_0047__Faryab v=95.904% a=1.043%.mxf']",
1755114,"['JBF__DJI_0048 2__Faryab v=95.904% a=1.043%_A01', 'JBF__DJI_0048 2__Faryab v=95.904% a=1.043%_A02', 'JBF__DJI_0048 2__Faryab v=95.904% a=1.043%']","['2:18628b2b557fef997a68bb2e7bbc11c9', '2:b89d7aa267dde09fec2955e587fe1c85', '2:6c987c708978dd0404b8afe9d9372d75']",00:00:00:00:25/1,00:00:57:19:25/1,"['Avid MediaFiles/MXF/es-worker1.1/JBF__DJI_0048 2__Faryab v=95.904% a=1.043%_A01.mxf', 'Avid MediaFiles/MXF/es-worker1.1/JBF__DJI_0048 2__Faryab v=95.904% a=1.043%_A02.mxf', 'Avid MediaFiles/MXF/es-worker1.1/JBF__DJI_0048 2__Faryab v=95.904% a=1.043%.mxf']",
1755115,"['JBF__DJI_0048__Faryab v=95.904% a=1.043%_A01', 'JBF__DJI_0048__Faryab v=95.904% a=1.043%_A02', 'JBF__DJI_0048__Faryab v=95.904% a=1.043%']","['2:42bf0d90d0d9a81fea58b285038dc85d', '2:5ddac4dcd734e81ad5379498fbac06b3', '2:04d4d20028fa07c449c403a8218d51f2']",00:00:00:00:25/1,00:00:26:01:25/1,"['Avid MediaFiles/MXF/es-worker1.1/JBF__DJI_0048__Faryab v=95.904% a=1.043%_A01.mxf', 'Avid MediaFiles/MXF/es-worker1.1/JBF__DJI_0048__Faryab v=95.904% a=1.043%_A02.mxf', 'Avid MediaFiles/MXF/es-worker1.1/JBF__DJI_0048__Faryab v=95.904% a=1.043%.mxf']",
1755116,"['JBF__DJI_0050__Faryab v=95.904% a=1.043%_A01', 'JBF__DJI_0050__Faryab v=95.904% a=1.043%_A02', 'JBF__DJI_0050__Faryab v=95.904% a=1.043%']","['2:6930d1a12788f845334ec040194644f5', '2:e54181c0415218d699a120c05f7fdb3e', '2:b76ea9818befe7847f1a4bbee99bb154']",00:00:00:00:25/1,00:01:02:01:25/1,"['Avid MediaFiles/MXF/es-worker1.1/JBF__DJI_0050__Faryab v=95.904% a=1.043%_A01.mxf', 'Avid MediaFiles/MXF/es-worker1.1/JBF__DJI_0050__Faryab v=95.904% a=1.043%_A02.mxf', 'Avid MediaFiles/MXF/es-worker1.1/JBF__DJI_0050__Faryab v=95.904% a=1.043%.mxf']",
1755117,"['JBF__DJI_0051__Faryab v=95.904% a=1.043%_A01', 'JBF__DJI_0051__Faryab v=95.904% a=1.043%_A02', 'JBF__DJI_0051__Faryab v=95.904% a=1.043%']","['2:840971742724e4bf38940a676e9c5cea', '2:58e8d6a7c3d7f22d772a9835d9fcc72b', '2:06c580867f86c4c70794eaa51ee3e053']",00:00:00:00:25/1,00:04:36:11:25/1,"['Avid MediaFiles/MXF/es-worker1.1/JBF__DJI_0051__Faryab v=95.904% a=1.043%_A01.mxf', 'Avid MediaFiles/MXF/es-worker1.1/JBF__DJI_0051__Faryab v=95.904% a=1.043%_A02.mxf', 'Avid MediaFiles/MXF/es-worker1.1/JBF__DJI_0051__Faryab v=95.904% a=1.043%.mxf']",
1755118,"['JBF__DJI_0060__Badakhshan v=95.904% a=1.043%_A01', 'JBF__DJI_0060__Badakhshan v=95.904% a=1.043%_A02', 'JBF__DJI_0060__Badakhshan v=95.904% a=1.043%']","['2:4001ff1b00ad5cbdef41753874ef4718', '2:4c30658978e51821751dbf839b66fc9a', '2:999e7843398a7ed93e953a6c3af4d88d']",00:00:00:00:25/1,00:04:36:14:25/1,"['Avid MediaFiles/MXF/es-worker1.1/JBF__DJI_0060__Badakhshan v=95.904% a=1.043%_A01.mxf', 'Avid MediaFiles/MXF/es-worker1.1/JBF__DJI_0060__Badakhshan v=95.904% a=1.043%_A02.mxf', 'Avid MediaFiles/MXF/es-worker1.1/JBF__DJI_0060__Badakhshan v=95.904% a=1.043%.mxf']",
1755119,"['JBF__DJI_0063__Badakhshan v=95.904% a=1.043%_A01', 'JBF__DJI_0063__Badakhshan v=95.904% a=1.043%_A02', 'JBF__DJI_0063__Badakhshan v=95.904% a=1.043%']","['2:3db03e42dd8615ae20d03ee26effe2a5', '2:b82ecdfe2e770fd440525230db901b2d', '2:4da53d399bb38c573ceccd7c0763c0fd']",00:00:00:00:25/1,00:00:19:08:25/1,"['Avid MediaFiles/MXF/es-worker1.1/JBF__DJI_0063__Badakhshan v=95.904% a=1.043%_A01.mxf', 'Avid MediaFiles/MXF/es-worker1.1/JBF__DJI_0063__Badakhshan v=95.904% a=1.043%_A02.mxf', 'Avid MediaFiles/MXF/es-worker1.1/JBF__DJI_0063__Badakhshan v=95.904% a=1.043%.mxf']",
1755120,"['JBF__DJI_0064__Badakhshan v=95.904% a=1.043%_A01', 'JBF__DJI_0064__Badakhshan v=95.904% a=1.043%_A02', 'JBF__DJI_0064__Badakhshan v=95.904% a=1.043%']","['2:964d61d3ce0d745e8f04d1bee5cf91bc', '2:5eb94ef1c58a3c31025eaa55debe6a1d', '2:3f3d244ab2cad87096d58c45be6e9176']",00:00:00:00:25/1,00:04:36:14:25/1,"['Avid MediaFiles/MXF/es-worker1.1/JBF__DJI_0064__Badakhshan v=95.904% a=1.043%_A01.mxf', 'Avid MediaFiles/MXF/es-worker1.1/JBF__DJI_0064__Badakhshan v=95.904% a=1.043%_A02.mxf', 'Avid MediaFiles/MXF/es-worker1.1/JBF__DJI_0064__Badakhshan v=95.904% a=1.043%.mxf']",
1755121,"['JBF__DJI_0065__Badakhshan v=95.904% a=1.043%_A01', 'JBF__DJI_0065__Badakhshan v=95.904% a=1.043%_A02', 'JBF__DJI_0065__Badakhshan v=95.904% a=1.043%']","['2:0ad83e4655a9c5f2a982482c3818897a', '2:772e3d8b4292d138f2b032be64255007', '2:f44265c9ee468527987d870b122cb8ba']",00:00:00:00:25/1,00:04:36:14:25/1,"['Avid MediaFiles/MXF/es-worker1.1/JBF__DJI_0065__Badakhshan v=95.904% a=1.043%_A01.mxf', 'Avid MediaFiles/MXF/es-worker1.1/JBF__DJI_0065__Badakhshan v=95.904% a=1.043%_A02.mxf', 'Avid MediaFiles/MXF/es-worker1.1/JBF__DJI_0065__Badakhshan v=95.904% a=1.043%.mxf']",
1755122,"['JBF__DJI_0066__Badakhshan v=95.904% a=1.043%_A01', 'JBF__DJI_0066__Badakhshan v=95.904% a=1.043%_A02', 'JBF__DJI_0066__Badakhshan v=95.904% a=1.043%']","['2:d66c4b36e282e64bda0af8fb1c9a332d', '2:d553d8e45eae7175853e1076970f75f1', '2:53ed48ab440e8e11d93f6d0ab451eda0']",00:00:00:00:25/1,00:00:17:24:25/1,"['Avid MediaFiles/MXF/es-worker1.1/JBF__DJI_0066__Badakhshan v=95.904% a=1.043%_A01.mxf', 'Avid MediaFiles/MXF/es-worker1.1/JBF__DJI_0066__Badakhshan v=95.904% a=1.043%_A02.mxf', 'Avid MediaFiles/MXF/es-worker1.1/JBF__DJI_0066__Badakhshan v=95.904% a=1.043%.mxf']",
1755123,"['JBF__DJI_0067__Faryab v=95.904% a=1.043%_A01', 'JBF__DJI_0067__Faryab v=95.904% a=1.043%_A02', 'JBF__DJI_0067__Faryab v=95.904% a=1.043%']","['2:f56d7ea91dd0fe6e959dbb5f34d9d2ab', '2:e1f09c739f8e751454814f898a948425', '2:0f3396991d0bc796581cacf16f632595']",00:00:00:00:25/1,00:02:04:02:25/1,"['Avid MediaFiles/MXF/es-worker1.1/JBF__DJI_0067__Faryab v=95.904% a=1.043%_A01.mxf', 'Avid MediaFiles/MXF/es-worker1.1/JBF__DJI_0067__Faryab v=95.904% a=1.043%_A02.mxf', 'Avid MediaFiles/MXF/es-worker1.1/JBF__DJI_0067__Faryab v=95.904% a=1.043%.mxf']",
1755124,"['JBF__DJI_0068__Faryab v=95.904% a=1.043%_A01', 'JBF__DJI_0068__Faryab v=95.904% a=1.043%_A02', 'JBF__DJI_0068__Faryab v=95.904% a=1.043%']","['2:babadde349ec1a066684679b6cfc8fff', '2:e246a0ad994902cf0c06b90ee24f3e7a', '2:7897ede46bf231d7a9bd71cc01fae6d0']",00:00:00:00:25/1,00:01:35:09:25/1,"['Avid MediaFiles/MXF/es-worker1.1/JBF__DJI_0068__Faryab v=95.904% a=1.043%_A01.mxf', 'Avid MediaFiles/MXF/es-worker1.1/JBF__DJI_0068__Faryab v=95.904% a=1.043%_A02.mxf', 'Avid MediaFiles/MXF/es-worker1.1/JBF__DJI_0068__Faryab v=95.904% a=1.043%.mxf']",
1755125,"['JBF__DJI_0074 2__Faryab v=95.904% a=1.043%_A01', 'JBF__DJI_0074 2__Faryab v=95.904% a=1.043%_A02', 'JBF__DJI_0074 2__Faryab v=95.904% a=1.043%']","['2:2a7193709e2677c8ba2075ad547de716', '2:f171af053c1c62df82e15a4309af2520', '2:e10886a9cbc5ff7c3d86e530e4f78831']",00:00:00:00:25/1,00:02:25:19:25/1,"['Avid MediaFiles/MXF/es-worker1.1/JBF__DJI_0074 2__Faryab v=95.904% a=1.043%_A01.mxf', 'Avid MediaFiles/MXF/es-worker1.1/JBF__DJI_0074 2__Faryab v=95.904% a=1.043%_A02.mxf', 'Avid MediaFiles/MXF/es-worker1.1/JBF__DJI_0074 2__Faryab v=95.904% a=1.043%.mxf']",
1755126,"['JBF__DJI_0074__Faryab v=95.904% a=1.043%_A01', 'JBF__DJI_0074__Faryab v=95.904% a=1.043%_A02', 'JBF__DJI_0074__Faryab v=95.904% a=1.043%']","['2:18180c07d755dc7ca3e247eb8e2c94e4', '2:a0d8e2321f9895e5a3d34e9ca4b15239', '2:12019a663016dda5444545dfb69bf2a1']",00:00:00:00:25/1,00:02:25:19:25/1,"['Avid MediaFiles/MXF/es-worker1.1/JBF__DJI_0074__Faryab v=95.904% a=1.043%_A01.mxf', 'Avid MediaFiles/MXF/es-worker1.1/JBF__DJI_0074__Faryab v=95.904% a=1.043%_A02.mxf', 'Avid MediaFiles/MXF/es-worker1.1/JBF__DJI_0074__Faryab v=95.904% a=1.043%.mxf']",
1755127,"['JBF__DJI_0086__Baghdis_A01', 'JBF__DJI_0086__Baghdis_A02', 'JBF__DJI_0086__Baghdis']","['2:3da92564ca3bfe0ab131ca0f4b6322db', '2:34fa4e54f637ef0b2f5506061292702b', '2:055f124af79eb0560382873dabb7bff9']",00:00:00:00:25/1,00:05:00:17:25/1,"['Avid MediaFiles/MXF/es-worker1.1/JBF__DJI_0086__Baghdis_A01.mxf', 'Avid MediaFiles/MXF/es-worker1.1/JBF__DJI_0086__Baghdis_A02.mxf', 'Avid MediaFiles/MXF/es-worker1.1/JBF__DJI_0086__Baghdis.mxf']",
1755128,"['JBF__DJI_0087__Baghdis_A01', 'JBF__DJI_0087__Baghdis_A02', 'JBF__DJI_0087__Baghdis']","['2:eeca4812990f4cd560280b237cbfa4a7', '2:cf082492a1e2e81779e42bdfbe21dd4e', '2:23aa38550718a8e7d6f27d55a1a32565']",00:00:00:00:25/1,00:04:37:19:25/1,"['Avid MediaFiles/MXF/es-worker1.1/JBF__DJI_0087__Baghdis_A01.mxf', 'Avid MediaFiles/MXF/es-worker1.1/JBF__DJI_0087__Baghdis_A02.mxf', 'Avid MediaFiles/MXF/es-worker1.1/JBF__DJI_0087__Baghdis.mxf']",
1755129,"['JBF__DJI_0097__Badakhshan_A01', 'JBF__DJI_0097__Badakhshan_A02', 'JBF__DJI_0097__Badakhshan']","['2:a3cf976aab13a052b94e90060e3142f2', '2:aface4294d7d88a2c8f3a0aa504b2087', '2:406e22c242e4b04f748a94d680459ea9']",00:00:00:00:25/1,00:00:10:24:25/1,"['Avid MediaFiles/MXF/es-worker1.1/JBF__DJI_0097__Badakhshan_A01.mxf', 'Avid MediaFiles/MXF/es-worker1.1/JBF__DJI_0097__Badakhshan_A02.mxf', 'Avid MediaFiles/MXF/es-worker1.1/JBF__DJI_0097__Badakhshan.mxf']",
1755130,"['JBF__DJI_0099__Badakhshan v=95.904% a=1.043%_A01', 'JBF__DJI_0099__Badakhshan v=95.904% a=1.043%_A02', 'JBF__DJI_0099__Badakhshan v=95.904% a=1.043%']","['2:3bbfab07c38454f0dbe36c66d85b3f7e', '2:0d0cb5f7c71cae2d286cf5fde851755e', '2:1a7d141b1c6a4822f82f7e913247419a']",00:00:00:00:25/1,00:01:19:03:25/1,"['Avid MediaFiles/MXF/es-worker1.1/JBF__DJI_0099__Badakhshan v=95.904% a=1.043%_A01.mxf', 'Avid MediaFiles/MXF/es-worker1.1/JBF__DJI_0099__Badakhshan v=95.904% a=1.043%_A02.mxf', 'Avid MediaFiles/MXF/es-worker1.1/JBF__DJI_0099__Badakhshan v=95.904% a=1.043%.mxf']",
1755131,"['JBF__DJI_0100__Badakhshan_A01', 'JBF__DJI_0100__Badakhshan_A02', 'JBF__DJI_0100__Badakhshan']","['2:388c2026c91276f5eb4df984451fccc2', '2:0d6d417de03ef84975c08b0f743465de', '2:f908211cfa3cd2514953ef626069ed5d']",00:00:00:00:25/1,00:05:00:12:25/1,"['Avid MediaFiles/MXF/es-worker1.1/JBF__DJI_0100__Badakhshan_A01.mxf', 'Avid MediaFiles/MXF/es-worker1.1/JBF__DJI_0100__Badakhshan_A02.mxf', 'Avid MediaFiles/MXF/es-worker1.1/JBF__DJI_0100__Badakhshan.mxf']",
1755132,"['JBF__DJI_0102__Badakhshan v=95.904% a=1.043%_A01', 'JBF__DJI_0102__Badakhshan v=95.904% a=1.043%_A02', 'JBF__DJI_0102__Badakhshan v=95.904% a=1.043%']","['2:86cb5970a61d767b7597eeb289981f93', '2:98ecfc751f88d61ca87909e7d6ea5cf6', '2:3efff1cabeb29314c004f1bd22617d3e']",00:00:00:00:25/1,00:04:36:15:25/1,"['Avid MediaFiles/MXF/es-worker1.1/JBF__DJI_0102__Badakhshan v=95.904% a=1.043%_A01.mxf', 'Avid MediaFiles/MXF/es-worker1.1/JBF__DJI_0102__Badakhshan v=95.904% a=1.043%_A02.mxf', 'Avid MediaFiles/MXF/es-worker1.1/JBF__DJI_0102__Badakhshan v=95.904% a=1.043%.mxf']",
1755133,"['JBF__DJI_0103__Badakhshan v=95.904% a=1.043%_A01', 'JBF__DJI_0103__Badakhshan v=95.904% a=1.043%_A02', 'JBF__DJI_0103__Badakhshan v=95.904% a=1.043%']","['2:9cfb3e8cea87c3827d4d543678465dd0', '2:733ebf80d10511f179af304995d335c9', '2:e035dfed6c783602d56a876de9cee93b']",00:00:00:00:25/1,00:00:58:23:25/1,"['Avid MediaFiles/MXF/es-worker1.1/JBF__DJI_0103__Badakhshan v=95.904% a=1.043%_A01.mxf', 'Avid MediaFiles/MXF/es-worker1.1/JBF__DJI_0103__Badakhshan v=95.904% a=1.043%_A02.mxf', 'Avid MediaFiles/MXF/es-worker1.1/JBF__DJI_0103__Badakhshan v=95.904% a=1.043%.mxf']",
1755134,"['JBF__DJI_0105__Badakhshan_A01', 'JBF__DJI_0105__Badakhshan_A02', 'JBF__DJI_0105__Badakhshan']","['2:f5ec137985f8b4356f7ce59ad5862ca6', '2:ef3fe10a5a210a15677948a7a7d6e7a0', '2:c614c2d854edfae49f1c78aa1a5a7920']",00:00:00:00:25/1,00:02:41:17:25/1,"['Avid MediaFiles/MXF/es-worker1.1/JBF__DJI_0105__Badakhshan_A01.mxf', 'Avid MediaFiles/MXF/es-worker1.1/JBF__DJI_0105__Badakhshan_A02.mxf', 'Avid MediaFiles/MXF/es-worker1.1/JBF__DJI_0105__Badakhshan.mxf']",
1755135,"['JBF__DJI_0106__Badakhshan v=95.904% a=1.043%_A01', 'JBF__DJI_0106__Badakhshan v=95.904% a=1.043%_A02', 'JBF__DJI_0106__Badakhshan v=95.904% a=1.043%']","['2:79031becc0372460a83e61c4ef766a15', '2:4d4e41b73ab65e4e4c5de42209abce25', '2:adad8ffe73e4d358ed35dd5b62eab3cb']",00:00:00:00:25/1,00:02:04:01:25/1,"['Avid MediaFiles/MXF/es-worker1.1/JBF__DJI_0106__Badakhshan v=95.904% a=1.043%_A01.mxf', 'Avid MediaFiles/MXF/es-worker1.1/JBF__DJI_0106__Badakhshan v=95.904% a=1.043%_A02.mxf', 'Avid MediaFiles/MXF/es-worker1.1/JBF__DJI_0106__Badakhshan v=95.904% a=1.043%.mxf']",
1755136,"['JBF__DJI_0109__Badakhshan 2_A01', 'JBF__DJI_0109__Badakhshan 2_A02', 'JBF__DJI_0109__Badakhshan 2']","['2:9b74e34087f32936d26f083f0991dc8d', '2:424544fb602e304bc5c1d4e6dfca2086', '2:bb1ecd441b6a77817de5e9aaf514c3a9']",00:00:00:00:25/1,00:05:00:18:25/1,"['Avid MediaFiles/MXF/es-worker1.1/JBF__DJI_0109__Badakhshan 2_A01.mxf', 'Avid MediaFiles/MXF/es-worker1.1/JBF__DJI_0109__Badakhshan 2_A02.mxf', 'Avid MediaFiles/MXF/es-worker1.1/JBF__DJI_0109__Badakhshan 2.mxf']",
1755137,"['JBF__DJI_0109__Badakhshan v=95.904% a=1.043%_A01', 'JBF__DJI_0109__Badakhshan v=95.904% a=1.043%_A02', 'JBF__DJI_0109__Badakhshan v=95.904% a=1.043%']","['2:59e46109b2163e7f9fe4ba0179cabaf2', '2:1e3ac3b0d953c7987be68e8ea5295c4e', '2:0201aa912254781083e5162d984099e1']",00:00:00:00:25/1,00:00:07:14:25/1,"['Avid MediaFiles/MXF/es-worker1.1/JBF__DJI_0109__Badakhshan v=95.904% a=1.043%_A01.mxf', 'Avid MediaFiles/MXF/es-worker1.1/JBF__DJI_0109__Badakhshan v=95.904% a=1.043%_A02.mxf', 'Avid MediaFiles/MXF/es-worker1.1/JBF__DJI_0109__Badakhshan v=95.904% a=1.043%.mxf']",
1755138,"['JBF__DJI_0113__Badakhshan v=95.904% a=1.043%_A01', 'JBF__DJI_0113__Badakhshan v=95.904% a=1.043%_A02', 'JBF__DJI_0113__Badakhshan v=95.904% a=1.043%']","['2:27a6c966c5d701b0d04eb9d37355bbcb', '2:7bd933150eef2e428ca517ea95c4625a', '2:9da1cade0bf82b4bfb0bce7471934b25']",00:00:00:00:25/1,00:01:13:13:25/1,"['Avid MediaFiles/MXF/es-worker1.1/JBF__DJI_0113__Badakhshan v=95.904% a=1.043%_A01.mxf', 'Avid MediaFiles/MXF/es-worker1.1/JBF__DJI_0113__Badakhshan v=95.904% a=1.043%_A02.mxf', 'Avid MediaFiles/MXF/es-worker1.1/JBF__DJI_0113__Badakhshan v=95.904% a=1.043%.mxf']",
1755139,"['JBF__DJI_0114__Badakhshan v=95.904% a=1.043%_A01', 'JBF__DJI_0114__Badakhshan v=95.904% a=1.043%_A02', 'JBF__DJI_0114__Badakhshan v=95.904% a=1.043%']","['2:b01c31a7c1d3407a461ef74cf86c57f2', '2:91fe5dfbccb3ea7b9c3a83d9f52d0099', '2:7308118e2d6cfb3baa5686af6ec7bfc2']",00:00:00:00:25/1,00:01:56:22:25/1,"['Avid MediaFiles/MXF/es-worker1.1/JBF__DJI_0114__Badakhshan v=95.904% a=1.043%_A01.mxf', 'Avid MediaFiles/MXF/es-worker1.1/JBF__DJI_0114__Badakhshan v=95.904% a=1.043%_A02.mxf', 'Avid MediaFiles/MXF/es-worker1.1/JBF__DJI_0114__Badakhshan v=95.904% a=1.043%.mxf']",
1755140,"['JBF__DJI_0206__Badakhshan v=95.904% a=1.043%_A01', 'JBF__DJI_0206__Badakhshan v=95.904% a=1.043%_A02', 'JBF__DJI_0206__Badakhshan v=95.904% a=1.043%']","['2:9e18e979a2b79ac68689c40e4486a58b', '2:810e1d0550541bed0976b867a4875a90', '2:3abdea7ba2955168ad6e276aed28fe04']",00:00:00:00:25/1,00:02:21:05:25/1,"['Avid MediaFiles/MXF/es-worker1.1/JBF__DJI_0206__Badakhshan v=95.904% a=1.043%_A01.mxf', 'Avid MediaFiles/MXF/es-worker1.1/JBF__DJI_0206__Badakhshan v=95.904% a=1.043%_A02.mxf', 'Avid MediaFiles/MXF/es-worker1.1/JBF__DJI_0206__Badakhshan v=95.904% a=1.043%.mxf']",
1755141,"['JBF__DJI_0216__Badakhshan v=95.904% a=1.043%_A01', 'JBF__DJI_0216__Badakhshan v=95.904% a=1.043%_A02', 'JBF__DJI_0216__Badakhshan v=95.904% a=1.043%']","['2:d99beb9bcc90953d0e5492b7824ffdd0', '2:2f41fc05f24878572b1f7649c26b76d0', '2:597f81faf5a8bd1abc2ea79f744d01f7']",00:00:00:00:25/1,00:04:48:15:25/1,"['Avid MediaFiles/MXF/es-worker1.1/JBF__DJI_0216__Badakhshan v=95.904% a=1.043%_A01.mxf', 'Avid MediaFiles/MXF/es-worker1.1/JBF__DJI_0216__Badakhshan v=95.904% a=1.043%_A02.mxf', 'Avid MediaFiles/MXF/es-worker1.1/JBF__DJI_0216__Badakhshan v=95.904% a=1.043%.mxf']",
1755142,"['JBF__DJI_0221__Badakhshan v=95.904% a=1.043%_A01', 'JBF__DJI_0221__Badakhshan v=95.904% a=1.043%_A02', 'JBF__DJI_0221__Badakhshan v=95.904% a=1.043%']","['2:c515fbfb2559659cfdfd623a307ab346', '2:ab2f3796866509d7387f63976c6e8516', '2:65b470cdbacf655c6985856dbd512194']",00:00:00:00:25/1,00:04:48:15:25/1,"['Avid MediaFiles/MXF/es-worker1.1/JBF__DJI_0221__Badakhshan v=95.904% a=1.043%_A01.mxf', 'Avid MediaFiles/MXF/es-worker1.1/JBF__DJI_0221__Badakhshan v=95.904% a=1.043%_A02.mxf', 'Avid MediaFiles/MXF/es-worker1.1/JBF__DJI_0221__Badakhshan v=95.904% a=1.043%.mxf']",
1755143,"['JBF__DJI_0223__Badakhshan v=95.904% a=1.043%_A01', 'JBF__DJI_0223__Badakhshan v=95.904% a=1.043%_A02', 'JBF__DJI_0223__Badakhshan v=95.904% a=1.043%']","['2:57d1ab21ac79dc5f83480dd3e0cfc7e2', '2:a097b4020eaf621b4cc0b849ee786cd0', '2:db963b1820531d338c6000aec601973b']",00:00:00:00:25/1,00:03:27:22:25/1,"['Avid MediaFiles/MXF/es-worker1.1/JBF__DJI_0223__Badakhshan v=95.904% a=1.043%_A01.mxf', 'Avid MediaFiles/MXF/es-worker1.1/JBF__DJI_0223__Badakhshan v=95.904% a=1.043%_A02.mxf', 'Avid MediaFiles/MXF/es-worker1.1/JBF__DJI_0223__Badakhshan v=95.904% a=1.043%.mxf']",
1755144,"['JBF__DJI_0227__Badakhshan v=95.904% a=1.043%_A01', 'JBF__DJI_0227__Badakhshan v=95.904% a=1.043%_A02', 'JBF__DJI_0227__Badakhshan v=95.904% a=1.043%']","['2:66417e129491d9f1b1fe72af7841afc5', '2:e4398d4dfe318d604c89280a106e892a', '2:d52fe810fcaaa0e6dba1de765e2f37a5']",00:00:00:00:25/1,00:02:48:08:25/1,"['Avid MediaFiles/MXF/es-worker1.1/JBF__DJI_0227__Badakhshan v=95.904% a=1.043%_A01.mxf', 'Avid MediaFiles/MXF/es-worker1.1/JBF__DJI_0227__Badakhshan v=95.904% a=1.043%_A02.mxf', 'Avid MediaFiles/MXF/es-worker1.1/JBF__DJI_0227__Badakhshan v=95.904% a=1.043%.mxf']",
1755145,"['JBF__DJI_0236__Badakhshan_A01', 'JBF__DJI_0236__Badakhshan_A02', 'JBF__DJI_0236__Badakhshan']","['2:88bcbac88f9c2e02a58e1bf2da9954eb', '2:0740e65e8f6a29793c7d6b2e9a9eaaf4', '2:4f54c0ed72f9870da7d6294df23029fe']",00:00:00:00:25/1,00:05:00:17:25/1,"['Avid MediaFiles/MXF/es-worker1.1/JBF__DJI_0236__Badakhshan_A01.mxf', 'Avid MediaFiles/MXF/es-worker1.1/JBF__DJI_0236__Badakhshan_A02.mxf', 'Avid MediaFiles/MXF/es-worker1.1/JBF__DJI_0236__Badakhshan.mxf']",
1755146,"['JBF__DJI_0399__Herat v=95.904% a=1.043%_A01', 'JBF__DJI_0399__Herat v=95.904% a=1.043%_A02', 'JBF__DJI_0399__Herat v=95.904% a=1.043%']","['2:d5bbd50fe29fbd615dee4d4b07f169c4', '2:ffbeb6b93059b4288b5e0c382cd89237', '2:1f73103e6e8ae248173228d4de99fdf6']",00:00:00:00:25/1,00:01:04:03:25/1,"['Avid MediaFiles/MXF/es-worker1.1/JBF__DJI_0399__Herat v=95.904% a=1.043%_A01.mxf', 'Avid MediaFiles/MXF/es-worker1.1/JBF__DJI_0399__Herat v=95.904% a=1.043%_A02.mxf', 'Avid MediaFiles/MXF/es-worker1.1/JBF__DJI_0399__Herat v=95.904% a=1.043%.mxf']",
1755147,"['JBF__DJI_0406__Herat v=95.904% a=1.043%_A01', 'JBF__DJI_0406__Herat v=95.904% a=1.043%_A02', 'JBF__DJI_0406__Herat v=95.904% a=1.043%']","['2:06a8bd7d5af812ffe184f192ca67ce78', '2:53e5b854085d5102986b3a31309a599f', '2:06b912056351d4e0d796314fcb3340f4']",00:00:00:00:25/1,00:04:48:15:25/1,"['Avid MediaFiles/MXF/es-worker1.1/JBF__DJI_0406__Herat v=95.904% a=1.043%_A01.mxf', 'Avid MediaFiles/MXF/es-worker1.1/JBF__DJI_0406__Herat v=95.904% a=1.043%_A02.mxf', 'Avid MediaFiles/MXF/es-worker1.1/JBF__DJI_0406__Herat v=95.904% a=1.043%.mxf']",
1755148,"['JBF__DJI_0407__Herat v=95.904% a=1.043%_A01', 'JBF__DJI_0407__Herat v=95.904% a=1.043%_A02', 'JBF__DJI_0407__Herat v=95.904% a=1.043%']","['2:0fb2ccf6fb0450a8539c9df207569b16', '2:a4f83ac31949806aaf5ef1b325eded47', '2:c9e78f32a7deb25385dfe1ece5095b13']",00:00:00:00:25/1,00:03:38:15:25/1,"['Avid MediaFiles/MXF/es-worker1.1/JBF__DJI_0407__Herat v=95.904% a=1.043%_A01.mxf', 'Avid MediaFiles/MXF/es-worker1.1/JBF__DJI_0407__Herat v=95.904% a=1.043%_A02.mxf', 'Avid MediaFiles/MXF/es-worker1.1/JBF__DJI_0407__Herat v=95.904% a=1.043%.mxf']",
1755149,"['JBF__DJI_0408__Herat v=95.904% a=1.043%_A01', 'JBF__DJI_0408__Herat v=95.904% a=1.043%_A02', 'JBF__DJI_0408__Herat v=95.904% a=1.043%']","['2:541de195572e57f26ff2657319a2bca7', '2:a25c7e7d3205353633da45bb73ff6289', '2:19e5de25d934e2b6fba88c1ce917e01f']",00:00:00:00:25/1,00:01:32:11:25/1,"['Avid MediaFiles/MXF/es-worker1.1/JBF__DJI_0408__Herat v=95.904% a=1.043%_A01.mxf', 'Avid MediaFiles/MXF/es-worker1.1/JBF__DJI_0408__Herat v=95.904% a=1.043%_A02.mxf', 'Avid MediaFiles/MXF/es-worker1.1/JBF__DJI_0408__Herat v=95.904% a=1.043%.mxf']",
1755150,"['JBF__DJI_0409__Herat v=95.904% a=1.043%_A01', 'JBF__DJI_0409__Herat v=95.904% a=1.043%_A02', 'JBF__DJI_0409__Herat v=95.904% a=1.043%']","['2:3f117316aead9a9d39c6eab30e0c75bf', '2:f5726c9d74b4376a7ae8cae99f3ccb91', '2:0fc12c2cba666f40ad784c79c0b9dfc3']",00:00:00:00:25/1,00:03:02:13:25/1,"['Avid MediaFiles/MXF/es-worker1.1/JBF__DJI_0409__Herat v=95.904% a=1.043%_A01.mxf', 'Avid MediaFiles/MXF/es-worker1.1/JBF__DJI_0409__Herat v=95.904% a=1.043%_A02.mxf', 'Avid MediaFiles/MXF/es-worker1.1/JBF__DJI_0409__Herat v=95.904% a=1.043%.mxf']",
1755151,"['JBF__DJI_0410__Herat v=95.904% a=1.043%_A01', 'JBF__DJI_0410__Herat v=95.904% a=1.043%_A02', 'JBF__DJI_0410__Herat v=95.904% a=1.043%']","['2:4937795b0e50e37af767013c3d5b23b3', '2:05d62073f5416b4fbf0ff872f72f61f6', '2:e5d196c74c9411ab1d6e44283df38149']",00:00:00:00:25/1,00:03:40:13:25/1,"['Avid MediaFiles/MXF/es-worker1.1/JBF__DJI_0410__Herat v=95.904% a=1.043%_A01.mxf', 'Avid MediaFiles/MXF/es-worker1.1/JBF__DJI_0410__Herat v=95.904% a=1.043%_A02.mxf', 'Avid MediaFiles/MXF/es-worker1.1/JBF__DJI_0410__Herat v=95.904% a=1.043%.mxf']",
1755152,"['JBF__DJI_0411__Herat v=95.904% a=1.043%_A01', 'JBF__DJI_0411__Herat v=95.904% a=1.043%_A02', 'JBF__DJI_0411__Herat v=95.904% a=1.043%']","['2:92f8726b29d6bf42465ec9a1757b3501', '2:47274bfe13c118b11b9183dd61f6b67f', '2:c3dcdbac8f2561db9d1e4e03f6e40d66']",00:00:00:00:25/1,00:00:26:03:25/1,"['Avid MediaFiles/MXF/es-worker1.1/JBF__DJI_0411__Herat v=95.904% a=1.043%_A01.mxf', 'Avid MediaFiles/MXF/es-worker1.1/JBF__DJI_0411__Herat v=95.904% a=1.043%_A02.mxf', 'Avid MediaFiles/MXF/es-worker1.1/JBF__DJI_0411__Herat v=95.904% a=1.043%.mxf']",
1755153,"['JBF__DJI_0412__Herat v=95.904% a=1.043%_A01', 'JBF__DJI_0412__Herat v=95.904% a=1.043%_A02', 'JBF__DJI_0412__Herat v=95.904% a=1.043%']","['2:18f5bdec67010d120fe145365cd85fa4', '2:cf852b06bd8f845a59310d0c5cc505df', '2:8d1ad60b81421ad976c49ff3811b2b8e']",00:00:00:00:25/1,00:04:48:15:25/1,"['Avid MediaFiles/MXF/es-worker1.1/JBF__DJI_0412__Herat v=95.904% a=1.043%_A01.mxf', 'Avid MediaFiles/MXF/es-worker1.1/JBF__DJI_0412__Herat v=95.904% a=1.043%_A02.mxf', 'Avid MediaFiles/MXF/es-worker1.1/JBF__DJI_0412__Herat v=95.904% a=1.043%.mxf']",
1755154,"['JBF__DJI_0413__Herat v=95.904% a=1.043%_A01', 'JBF__DJI_0413__Herat v=95.904% a=1.043%_A02', 'JBF__DJI_0413__Herat v=95.904% a=1.043%']","['2:a01acc4efe6a00e2ba2e4b2ed7f53b27', '2:4629cc5911767c9610507833106627e4', '2:3224b5ae707600ed0887c2893b40b9b3']",00:00:00:00:25/1,00:00:41:24:25/1,"['Avid MediaFiles/MXF/es-worker1.1/JBF__DJI_0413__Herat v=95.904% a=1.043%_A01.mxf', 'Avid MediaFiles/MXF/es-worker1.1/JBF__DJI_0413__Herat v=95.904% a=1.043%_A02.mxf', 'Avid MediaFiles/MXF/es-worker1.1/JBF__DJI_0413__Herat v=95.904% a=1.043%.mxf']",
1755155,"['JBF__DJI_0758__Daikundi v=95.904% a=1.043%_A01', 'JBF__DJI_0758__Daikundi v=95.904% a=1.043%_A02', 'JBF__DJI_0758__Daikundi v=95.904% a=1.043%']","['2:7bf294e389ded8043fca3cb25a1bcfe9', '2:42b333e752e393a5e7db3e18a02648bc', '2:024a6dea6f54bb5d7e9355d5613a1821']",00:00:00:00:25/1,00:01:35:00:25/1,"['Avid MediaFiles/MXF/es-worker1.1/JBF__DJI_0758__Daikundi v=95.904% a=1.043%_A01.mxf', 'Avid MediaFiles/MXF/es-worker1.1/JBF__DJI_0758__Daikundi v=95.904% a=1.043%_A02.mxf', 'Avid MediaFiles/MXF/es-worker1.1/JBF__DJI_0758__Daikundi v=95.904% a=1.043%.mxf']",
1755156,"['JBF__DJI_0759__Daikundi v=95.904% a=1.043%_A01', 'JBF__DJI_0759__Daikundi v=95.904% a=1.043%_A02', 'JBF__DJI_0759__Daikundi v=95.904% a=1.043%']","['2:15079eb2681dbae0d4fbc4f57d84a2a4', '2:e8e6d52a25cffc7fe6a9662c8c8e91f8', '2:0c67fc8d173bb3894c0f0c53025780ba']",00:00:00:00:25/1,00:00:54:04:25/1,"['Avid MediaFiles/MXF/es-worker1.1/JBF__DJI_0759__Daikundi v=95.904% a=1.043%_A01.mxf', 'Avid MediaFiles/MXF/es-worker1.1/JBF__DJI_0759__Daikundi v=95.904% a=1.043%_A02.mxf', 'Avid MediaFiles/MXF/es-worker1.1/JBF__DJI_0759__Daikundi v=95.904% a=1.043%.mxf']",
1755157,"['JBF__DJI_0761__Daikundi v=95.904% a=1.043%_A01', 'JBF__DJI_0761__Daikundi v=95.904% a=1.043%_A02', 'JBF__DJI_0761__Daikundi v=95.904% a=1.043%']","['2:5c22d92579ea7eb384b1ee93aceb0007', '2:ebf5b83c56c88eebfca3ac60f399bf0e', '2:e65985ae3a20bd66e5803413df552b9b']",00:00:00:00:25/1,00:02:12:14:25/1,"['Avid MediaFiles/MXF/es-worker1.1/JBF__DJI_0761__Daikundi v=95.904% a=1.043%_A01.mxf', 'Avid MediaFiles/MXF/es-worker1.1/JBF__DJI_0761__Daikundi v=95.904% a=1.043%_A02.mxf', 'Avid MediaFiles/MXF/es-worker1.1/JBF__DJI_0761__Daikundi v=95.904% a=1.043%.mxf']",
1755158,"['JBF__DJI_0762__Daikundi v=95.904% a=1.043%_A01', 'JBF__DJI_0762__Daikundi v=95.904% a=1.043%_A02', 'JBF__DJI_0762__Daikundi v=95.904% a=1.043%']","['2:67feb632af8fd1de34625c9b6df946c7', '2:93eb1d1e53c24f2fdb853617625a5799', '2:72ce95e696abeca635fcc17ea47b5e62']",00:00:00:00:25/1,00:04:36:14:25/1,"['Avid MediaFiles/MXF/es-worker1.1/JBF__DJI_0762__Daikundi v=95.904% a=1.043%_A01.mxf', 'Avid MediaFiles/MXF/es-worker1.1/JBF__DJI_0762__Daikundi v=95.904% a=1.043%_A02.mxf', 'Avid MediaFiles/MXF/es-worker1.1/JBF__DJI_0762__Daikundi v=95.904% a=1.043%.mxf']",
1755159,"['JBF__DJI_0763__Daikundi v=95.904% a=1.043%_A01', 'JBF__DJI_0763__Daikundi v=95.904% a=1.043%_A02', 'JBF__DJI_0763__Daikundi v=95.904% a=1.043%']","['2:3c1412ce72268556713254ac9a74240b', '2:a3bbb38d44d5328739df9fc77d564113', '2:0b23df096ede18a4cdf74746a24b4aa7']",00:00:00:00:25/1,00:02:08:15:25/1,"['Avid MediaFiles/MXF/es-worker1.1/JBF__DJI_0763__Daikundi v=95.904% a=1.043%_A01.mxf', 'Avid MediaFiles/MXF/es-worker1.1/JBF__DJI_0763__Daikundi v=95.904% a=1.043%_A02.mxf', 'Avid MediaFiles/MXF/es-worker1.1/JBF__DJI_0763__Daikundi v=95.904% a=1.043%.mxf']",
1755160,"['JBF__DJI_0765__Daikundi v=95.904% a=1.043%_A01', 'JBF__DJI_0765__Daikundi v=95.904% a=1.043%_A02', 'JBF__DJI_0765__Daikundi v=95.904% a=1.043%']","['2:595ac5d0ece7fb5edde9f25f1d86f79b', '2:bc3dc084ce87b04c947690204e0a5097', '2:a22a62b3613b3e1357f08f44f402ffbc']",00:00:00:00:25/1,00:04:36:14:25/1,"['Avid MediaFiles/MXF/es-worker1.1/JBF__DJI_0765__Daikundi v=95.904% a=1.043%_A01.mxf', 'Avid MediaFiles/MXF/es-worker1.1/JBF__DJI_0765__Daikundi v=95.904% a=1.043%_A02.mxf', 'Avid MediaFiles/MXF/es-worker1.1/JBF__DJI_0765__Daikundi v=95.904% a=1.043%.mxf']",
1755161,"['JBF__DJI_0768__Daikundi v=95.904% a=1.043%_A01', 'JBF__DJI_0768__Daikundi v=95.904% a=1.043%_A02', 'JBF__DJI_0768__Daikundi v=95.904% a=1.043%']","['2:4ec3b1961f9a127ebd33e5249bc49a13', '2:5d549e2dc200cc9844d32fab63fb4e7f', '2:cdc4e983c103edcb9d61fe4747315883']",00:00:00:00:25/1,00:04:37:12:25/1,"['Avid MediaFiles/MXF/es-worker1.1/JBF__DJI_0768__Daikundi v=95.904% a=1.043%_A01.mxf', 'Avid MediaFiles/MXF/es-worker1.1/JBF__DJI_0768__Daikundi v=95.904% a=1.043%_A02.mxf', 'Avid MediaFiles/MXF/es-worker1.1/JBF__DJI_0768__Daikundi v=95.904% a=1.043%.mxf']",
1755162,"['JBF__DJI_0769__Daikundi v=95.904% a=1.043%_A01', 'JBF__DJI_0769__Daikundi v=95.904% a=1.043%_A02', 'JBF__DJI_0769__Daikundi v=95.904% a=1.043%']","['2:35b848f8e1acb9504374193191668eec', '2:d44155db8b8544e7a670404f56ea84b3', '2:829d666dc3edf95100d1566e52c08241']",00:00:00:00:25/1,00:02:50:05:25/1,"['Avid MediaFiles/MXF/es-worker1.1/JBF__DJI_0769__Daikundi v=95.904% a=1.043%_A01.mxf', 'Avid MediaFiles/MXF/es-worker1.1/JBF__DJI_0769__Daikundi v=95.904% a=1.043%_A02.mxf', 'Avid MediaFiles/MXF/es-worker1.1/JBF__DJI_0769__Daikundi v=95.904% a=1.043%.mxf']",
1755163,"['JBF__DJI_0788__Daikundi v=95.904% a=1.043%_A01', 'JBF__DJI_0788__Daikundi v=95.904% a=1.043%_A02', 'JBF__DJI_0788__Daikundi v=95.904% a=1.043%']","['2:f16ccd89f645ecf508516f0c4baf06a3', '2:0e74944bd8cfa69eac6cc1baea76b0b6', '2:01e892c3d206f267836a2548ea150a71']",00:00:00:00:25/1,00:04:36:16:25/1,"['Avid MediaFiles/MXF/es-worker1.1/JBF__DJI_0788__Daikundi v=95.904% a=1.043%_A01.mxf', 'Avid MediaFiles/MXF/es-worker1.1/JBF__DJI_0788__Daikundi v=95.904% a=1.043%_A02.mxf', 'Avid MediaFiles/MXF/es-worker1.1/JBF__DJI_0788__Daikundi v=95.904% a=1.043%.mxf']",
1755164,"['JBF__DJI_0789__Daikundi v=95.904% a=1.043%_A01', 'JBF__DJI_0789__Daikundi v=95.904% a=1.043%_A02', 'JBF__DJI_0789__Daikundi v=95.904% a=1.043%']","['2:0cfc27f9e9f93fca0a6a19fc2b7f865b', '2:bd63e1c0cb87ce0b5478ac831c8b8a21', '2:3fd8e76610527709ce1e1ff5bb694749']",00:00:00:00:25/1,00:01:56:00:25/1,"['Avid MediaFiles/MXF/es-worker1.1/JBF__DJI_0789__Daikundi v=95.904% a=1.043%_A01.mxf', 'Avid MediaFiles/MXF/es-worker1.1/JBF__DJI_0789__Daikundi v=95.904% a=1.043%_A02.mxf', 'Avid MediaFiles/MXF/es-worker1.1/JBF__DJI_0789__Daikundi v=95.904% a=1.043%.mxf']",
1755165,"['JBF__DJI_0790__Daikundi v=95.904% a=1.043%_A01', 'JBF__DJI_0790__Daikundi v=95.904% a=1.043%_A02', 'JBF__DJI_0790__Daikundi v=95.904% a=1.043%']","['2:8450ed238b35e7a42faa2ff46f657ef6', '2:21f07b054fdb05e1cceac16f3eaeb505', '2:2b16f74fff141c8ef7a5a71020fd9a5d']",00:00:00:00:25/1,00:02:00:16:25/1,"['Avid MediaFiles/MXF/es-worker1.1/JBF__DJI_0790__Daikundi v=95.904% a=1.043%_A01.mxf', 'Avid MediaFiles/MXF/es-worker1.1/JBF__DJI_0790__Daikundi v=95.904% a=1.043%_A02.mxf', 'Avid MediaFiles/MXF/es-worker1.1/JBF__DJI_0790__Daikundi v=95.904% a=1.043%.mxf']",
1755166,"['JBF__DJI_0959 2__Daikundi v=95.904% a=1.043%_A01', 'JBF__DJI_0959 2__Daikundi v=95.904% a=1.043%_A02', 'JBF__DJI_0959 2__Daikundi v=95.904% a=1.043%']","['2:017b2a33643d8ef04de3936a84e0c972', '2:25a3b8e2e9d6ea34bf57bd0dbc1b2271', '2:126c85b23d0997b1eb1a9885b2cbf474']",00:00:00:00:25/1,00:04:36:14:25/1,"['Avid MediaFiles/MXF/es-worker1.1/JBF__DJI_0959 2__Daikundi v=95.904% a=1.043%_A01.mxf', 'Avid MediaFiles/MXF/es-worker1.1/JBF__DJI_0959 2__Daikundi v=95.904% a=1.043%_A02.mxf', 'Avid MediaFiles/MXF/es-worker1.1/JBF__DJI_0959 2__Daikundi v=95.904% a=1.043%.mxf']",
1755167,"['JBF__DJI_0959__Daikundi v=95.904% a=1.043%_A01', 'JBF__DJI_0959__Daikundi v=95.904% a=1.043%_A02', 'JBF__DJI_0959__Daikundi v=95.904% a=1.043%']","['2:38e150e1038439ab9be2cf01b6b92619', '2:b91b5998a0ef3c3bb047930e3b72997f', '2:9a44eab2d93c3d2351b495f0cf35e8fd']",00:00:00:00:25/1,00:02:38:15:25/1,"['Avid MediaFiles/MXF/es-worker1.1/JBF__DJI_0959__Daikundi v=95.904% a=1.043%_A01.mxf', 'Avid MediaFiles/MXF/es-worker1.1/JBF__DJI_0959__Daikundi v=95.904% a=1.043%_A02.mxf', 'Avid MediaFiles/MXF/es-worker1.1/JBF__DJI_0959__Daikundi v=95.904% a=1.043%.mxf']",
1755168,"['JBF__DJI_0960 2__Daikundi v=95.904% a=1.043%_A01', 'JBF__DJI_0960 2__Daikundi v=95.904% a=1.043%_A02', 'JBF__DJI_0960 2__Daikundi v=95.904% a=1.043%']","['2:038332978911f20cfd9b3b3688402e0a', '2:05df96ea979d8cab0abaf4738413620b', '2:f6677f6d63df175d26a85add80c00715']",00:00:00:00:25/1,00:02:53:23:25/1,"['Avid MediaFiles/MXF/es-worker1.1/JBF__DJI_0960 2__Daikundi v=95.904% a=1.043%_A01.mxf', 'Avid MediaFiles/MXF/es-worker1.1/JBF__DJI_0960 2__Daikundi v=95.904% a=1.043%_A02.mxf', 'Avid MediaFiles/MXF/es-worker1.1/JBF__DJI_0960 2__Daikundi v=95.904% a=1.043%.mxf']",
1755169,"['JBF__DJI_0960__Daikundi v=95.904% a=1.043%_A01', 'JBF__DJI_0960__Daikundi v=95.904% a=1.043%_A02', 'JBF__DJI_0960__Daikundi v=95.904% a=1.043%']","['2:eaae6fbaaf8445bd34c4dc6a34d65d34', '2:0cdf16403f314bb352f382074230303c', '2:8eff6dbcecd79816cadc3d6c5a699b45']",00:00:00:00:25/1,00:04:36:15:25/1,"['Avid MediaFiles/MXF/es-worker1.1/JBF__DJI_0960__Daikundi v=95.904% a=1.043%_A01.mxf', 'Avid MediaFiles/MXF/es-worker1.1/JBF__DJI_0960__Daikundi v=95.904% a=1.043%_A02.mxf', 'Avid MediaFiles/MXF/es-worker1.1/JBF__DJI_0960__Daikundi v=95.904% a=1.043%.mxf']",
1755170,"['JBF__DJI_0966__Daikundi v=95.904% a=1.043%_A01', 'JBF__DJI_0966__Daikundi v=95.904% a=1.043%_A02', 'JBF__DJI_0966__Daikundi v=95.904% a=1.043%']","['2:aa6451639e03c168ac2dbf49e5d3822d', '2:2a5d21db0e6dbceb84e9c4bbeaea8e01', '2:71ac91050c5f36c2721571e5c4b27ca9']",00:00:00:00:25/1,00:04:36:14:25/1,"['Avid MediaFiles/MXF/es-worker1.1/JBF__DJI_0966__Daikundi v=95.904% a=1.043%_A01.mxf', 'Avid MediaFiles/MXF/es-worker1.1/JBF__DJI_0966__Daikundi v=95.904% a=1.043%_A02.mxf', 'Avid MediaFiles/MXF/es-worker1.1/JBF__DJI_0966__Daikundi v=95.904% a=1.043%.mxf']",
1755171,"['JBF__DJI_0967__Daikundi v=95.904% a=1.043%_A01', 'JBF__DJI_0967__Daikundi v=95.904% a=1.043%_A02', 'JBF__DJI_0967__Daikundi v=95.904% a=1.043%']","['2:a768ad34598e3caea9862265dbcb5b50', '2:fc1b51405c3dd42013ec6dbb89352b71', '2:7a16d6b117a2ffb43f9dfa0018045460']",00:00:00:00:25/1,00:02:22:19:25/1,"['Avid MediaFiles/MXF/es-worker1.1/JBF__DJI_0967__Daikundi v=95.904% a=1.043%_A01.mxf', 'Avid MediaFiles/MXF/es-worker1.1/JBF__DJI_0967__Daikundi v=95.904% a=1.043%_A02.mxf', 'Avid MediaFiles/MXF/es-worker1.1/JBF__DJI_0967__Daikundi v=95.904% a=1.043%.mxf']",
1755172,"['JBF__DJI_0993__Badakhshan v=95.904% a=1.043%_A01', 'JBF__DJI_0993__Badakhshan v=95.904% a=1.043%_A02', 'JBF__DJI_0993__Badakhshan v=95.904% a=1.043%']","['2:4631198da7da87784f5d41b6f5a7cb91', '2:324258eb43fac41bc744bb2178a457b8', '2:cfbfdbe2ffc895204a6cb03480825adb']",00:00:00:00:25/1,00:02:33:10:25/1,"['Avid MediaFiles/MXF/es-worker1.1/JBF__DJI_0993__Badakhshan v=95.904% a=1.043%_A01.mxf', 'Avid MediaFiles/MXF/es-worker1.1/JBF__DJI_0993__Badakhshan v=95.904% a=1.043%_A02.mxf', 'Avid MediaFiles/MXF/es-worker1.1/JBF__DJI_0993__Badakhshan v=95.904% a=1.043%.mxf']",
1755173,"['JBF__DJI_0994__Badakhshan v=95.904% a=1.043%_A01', 'JBF__DJI_0994__Badakhshan v=95.904% a=1.043%_A02', 'JBF__DJI_0994__Badakhshan v=95.904% a=1.043%']","['2:67b0a71a93b9b500f434ffd2d1914566', '2:56417691e836efdda5ccc39a46f65e14', '2:78912f5713bee260c9f85f3e207379b6']",00:00:00:00:25/1,00:04:36:12:25/1,"['Avid MediaFiles/MXF/es-worker1.1/JBF__DJI_0994__Badakhshan v=95.904% a=1.043%_A01.mxf', 'Avid MediaFiles/MXF/es-worker1.1/JBF__DJI_0994__Badakhshan v=95.904% a=1.043%_A02.mxf', 'Avid MediaFiles/MXF/es-worker1.1/JBF__DJI_0994__Badakhshan v=95.904% a=1.043%.mxf']",
1755174,"['JBF__DJI_0997__Badakhshan v=95.904% a=1.043%_A01', 'JBF__DJI_0997__Badakhshan v=95.904% a=1.043%_A02', 'JBF__DJI_0997__Badakhshan v=95.904% a=1.043%']","['2:ead6f3992441a69112138324dad94be2', '2:cb43a52bc8f8d8a5c53c773cea287c20', '2:3778d11c786f4db422afa0d711d79277']",00:00:00:00:25/1,00:04:36:12:25/1,"['Avid MediaFiles/MXF/es-worker1.1/JBF__DJI_0997__Badakhshan v=95.904% a=1.043%_A01.mxf', 'Avid MediaFiles/MXF/es-worker1.1/JBF__DJI_0997__Badakhshan v=95.904% a=1.043%_A02.mxf', 'Avid MediaFiles/MXF/es-worker1.1/JBF__DJI_0997__Badakhshan v=95.904% a=1.043%.mxf']",
1755175,"['JBF__DJI_0998__Badakhshan v=95.904% a=1.043%_A01', 'JBF__DJI_0998__Badakhshan v=95.904% a=1.043%_A02', 'JBF__DJI_0998__Badakhshan v=95.904% a=1.043%']","['2:92b53e5ba2a08780c1cf16cbc7d21dc4', '2:efab15212c7546cb023c193d61b1b154', '2:613ab6fb2e0888443c8861eb442e26ca']",00:00:00:00:25/1,00:04:36:14:25/1,"['Avid MediaFiles/MXF/es-worker1.1/JBF__DJI_0998__Badakhshan v=95.904% a=1.043%_A01.mxf', 'Avid MediaFiles/MXF/es-worker1.1/JBF__DJI_0998__Badakhshan v=95.904% a=1.043%_A02.mxf', 'Avid MediaFiles/MXF/es-worker1.1/JBF__DJI_0998__Badakhshan v=95.904% a=1.043%.mxf']",
1755176,"['JBF__DJI_0999__Badakhshan v=95.904% a=1.043%_A01', 'JBF__DJI_0999__Badakhshan v=95.904% a=1.043%_A02', 'JBF__DJI_0999__Badakhshan v=95.904% a=1.043%']","['2:b4071d4ceadaea84199d6aac1ac47cfe', '2:8b890e2b4f180a36174afba0b541b241', '2:eea2a1b6aa2b705dc39bd92f566319b4']",00:00:00:00:25/1,00:01:19:09:25/1,"['Avid MediaFiles/MXF/es-worker1.1/JBF__DJI_0999__Badakhshan v=95.904% a=1.043%_A01.mxf', 'Avid MediaFiles/MXF/es-worker1.1/JBF__DJI_0999__Badakhshan v=95.904% a=1.043%_A02.mxf', 'Avid MediaFiles/MXF/es-worker1.1/JBF__DJI_0999__Badakhshan v=95.904% a=1.043%.mxf']",
1755203,"['EBU-2025_10309656__UA Drone Developers.mp4_00000000_A01', 'EBU-2025_10309656__UA Drone Developers.mp4_00000000_A02', 'EBU-2025_10309656__UA Drone Developers.mp4_00000000']","['2:7a2ba62e88c685c9a5f77e12e110df25', '2:00c6725052f768e804c36c51219181fb', '2:373f838c43673916fb87639e03b24459']",00:00:00:00:25/1,00:02:21:11:25/1,"['Avid MediaFiles/MXF/CAPM.1/EBU-2025_10309656__UA Drone Developers.mp4_00000000_A01.mxf', 'Avid MediaFiles/MXF/CAPM.1/EBU-2025_10309656__UA Drone Developers.mp4_00000000_A02.mxf', 'Avid MediaFiles/MXF/CAPM.1/EBU-2025_10309656__UA Drone Developers.mp4_00000000.mxf']",
1755205,"['EBU-2025_10313970__UA Drones RU bombers Spiderweb__04-06-2025.mp4_00000000_A01', 'EBU-2025_10313970__UA Drones RU bombers Spiderweb__04-06-2025.mp4_00000000_A02', 'EBU-2025_10313970__UA Drones RU bombers Spiderweb__04-06-2025.mp4_00000000']","['2:bd79b468e9b29c6083e8d49bbf89c05d', '2:71738d6691a0136d7470088d4fe8c4e8', '2:10520fb6e554d23e0060c64c1b372b61']",00:00:00:00:25/1,00:03:35:19:25/1,"['Avid MediaFiles/MXF/CAPM.1/EBU-2025_10313970__UA Drones RU bombers Spiderweb__04-06-2025.mp4_00000000_A01.mxf', 'Avid MediaFiles/MXF/CAPM.1/EBU-2025_10313970__UA Drones RU bombers Spiderweb__04-06-2025.mp4_00000000_A02.mxf', 'Avid MediaFiles/MXF/CAPM.1/EBU-2025_10313970__UA Drones RU bombers Spiderweb__04-06-2025.mp4_00000000.mxf']",
1755206,"['EBU-2025_10325120__UA Zelenskyy drone plant visit.mp4_00000000_A01', 'EBU-2025_10325120__UA Zelenskyy drone plant visit.mp4_00000000_A02', 'EBU-2025_10325120__UA Zelenskyy drone plant visit.mp4_00000000']","['2:ebf454fb496e173cdbe7271f78ea6891', '2:fdc4ea1fcfc72f0d6683513a3d3f4697', '2:eb34920efccc13b1f8b5e818c5810500']",00:00:00:00:25/1,00:01:33:15:25/1,"['Avid MediaFiles/MXF/CAPM.1/EBU-2025_10325120__UA Zelenskyy drone plant visit.mp4_00000000_A01.mxf', 'Avid MediaFiles/MXF/CAPM.1/EBU-2025_10325120__UA Zelenskyy drone plant visit.mp4_00000000_A02.mxf', 'Avid MediaFiles/MXF/CAPM.1/EBU-2025_10325120__UA Zelenskyy drone plant visit.mp4_00000000.mxf']",
1755207,"['EBU-2025_10325882__UA Drone manufacturer__22-07-2025.mp4_00000000_A01', 'EBU-2025_10325882__UA Drone manufacturer__22-07-2025.mp4_00000000_A02', 'EBU-2025_10325882__UA Drone manufacturer__22-07-2025.mp4_00000000']","['2:1a083862bd2f57b5f1a6e8b87dff9b0e', '2:852ba1b2b2f8935cc2cfed442997b8b0', '2:5ffd01a9291dd13757d18b29426ce375']",00:00:00:00:25/1,00:03:37:01:25/1,"['Avid MediaFiles/MXF/CAPM.1/EBU-2025_10325882__UA Drone manufacturer__22-07-2025.mp4_00000000_A01.mxf', 'Avid MediaFiles/MXF/CAPM.1/EBU-2025_10325882__UA Drone manufacturer__22-07-2025.mp4_00000000_A02.mxf', 'Avid MediaFiles/MXF/CAPM.1/EBU-2025_10325882__UA Drone manufacturer__22-07-2025.mp4_00000000.mxf']",
1755374,"['JBF__DJI_0001__Helmand poppy drone_A01', 'JBF__DJI_0001__Helmand poppy drone_A02', 'JBF__DJI_0001__Helmand poppy drone']","['2:fd87d27b25a740eecc42283e0ec11455', '2:e4fe3dbc6da6a1bc465e973250995609', '2:5e6e78a5e745c36d56e53af28701bcbb']",00:00:00:00:25/1,00:00:26:20:25/1,"['Avid MediaFiles/MXF/es-worker1.1/JBF__DJI_0001__Helmand poppy drone_A01.mxf', 'Avid MediaFiles/MXF/es-worker1.1/JBF__DJI_0001__Helmand poppy drone_A02.mxf', 'Avid MediaFiles/MXF/es-worker1.1/JBF__DJI_0001__Helmand poppy drone.mxf']",
1755375,"['JBF__DJI_0001__Kandahar v=95.904% a=1.043%_A01', 'JBF__DJI_0001__Kandahar v=95.904% a=1.043%_A02', 'JBF__DJI_0001__Kandahar v=95.904% a=1.043%']","['2:11a9e22f252628b0ccc08300fe070cfc', '2:f176f6fbf63770749a47115059fbfae0', '2:cfb0f758577086cd91d36ccc85740993']",00:00:00:00:25/1,00:04:36:12:25/1,"['Avid MediaFiles/MXF/es-worker1.1/JBF__DJI_0001__Kandahar v=95.904% a=1.043%_A01.mxf', 'Avid MediaFiles/MXF/es-worker1.1/JBF__DJI_0001__Kandahar v=95.904% a=1.043%_A02.mxf', 'Avid MediaFiles/MXF/es-worker1.1/JBF__DJI_0001__Kandahar v=95.904% a=1.043%.mxf']",
1755376,"['JBF__DJI_0002 2__Kabul_A01', 'JBF__DJI_0002 2__Kabul_A02', 'JBF__DJI_0002 2__Kabul']","['2:e3b6910f2f974f82d9889f89ffc566e2', '2:a85899e4605b11dc83edf0cd535f74df', '2:877f5c4bb308f59d9309f9548411d69b']",00:00:00:00:25/1,00:02:39:13:25/1,"['Avid MediaFiles/MXF/es-worker1.1/JBF__DJI_0002 2__Kabul_A01.mxf', 'Avid MediaFiles/MXF/es-worker1.1/JBF__DJI_0002 2__Kabul_A02.mxf', 'Avid MediaFiles/MXF/es-worker1.1/JBF__DJI_0002 2__Kabul.mxf']",
1755377,"['JBF__DJI_0002 3__Kabul v=95.904% a=1.043%_A01', 'JBF__DJI_0002 3__Kabul v=95.904% a=1.043%_A02', 'JBF__DJI_0002 3__Kabul v=95.904% a=1.043%']","['2:8722987fc05c0e3737133fe36484210c', '2:7102a19e0c006313691917da499406c7', '2:aa1f146f22989e32d0874b58f393f070']",00:00:00:00:25/1,00:08:43:11:25/1,"['Avid MediaFiles/MXF/es-worker1.1/JBF__DJI_0002 3__Kabul v=95.904% a=1.043%_A01.mxf', 'Avid MediaFiles/MXF/es-worker1.1/JBF__DJI_0002 3__Kabul v=95.904% a=1.043%_A02.mxf', 'Avid MediaFiles/MXF/es-worker1.1/JBF__DJI_0002 3__Kabul v=95.904% a=1.043%.mxf']",
1755378,"['JBF__DJI_0002__Helmand poppy drone_A01', 'JBF__DJI_0002__Helmand poppy drone_A02', 'JBF__DJI_0002__Helmand poppy drone']","['2:6985f74e66d4ec383ff6d1b4a4c820c7', '2:754aa0bf716e1b2f4d4ec4f2973345f2', '2:64f24172186ec8479276fc7147511beb']",00:00:00:00:25/1,00:03:11:23:25/1,"['Avid MediaFiles/MXF/es-worker1.1/JBF__DJI_0002__Helmand poppy drone_A01.mxf', 'Avid MediaFiles/MXF/es-worker1.1/JBF__DJI_0002__Helmand poppy drone_A02.mxf', 'Avid MediaFiles/MXF/es-worker1.1/JBF__DJI_0002__Helmand poppy drone.mxf']",
1755379,"['JBF__DJI_0002__Kabul v=95.904% a=1.043%_A01', 'JBF__DJI_0002__Kabul v=95.904% a=1.043%_A02', 'JBF__DJI_0002__Kabul v=95.904% a=1.043%']","['2:1fc620360d5488b7bdf0574728f94182', '2:b61d781c6fe9fb9e4da2c54938bdb798', '2:0bceb170b237b2410fe964ed454ebc38']",00:00:00:00:25/1,00:01:07:01:25/1,"['Avid MediaFiles/MXF/es-worker1.1/JBF__DJI_0002__Kabul v=95.904% a=1.043%_A01.mxf', 'Avid MediaFiles/MXF/es-worker1.1/JBF__DJI_0002__Kabul v=95.904% a=1.043%_A02.mxf', 'Avid MediaFiles/MXF/es-worker1.1/JBF__DJI_0002__Kabul v=95.904% a=1.043%.mxf']",
1755380,"['JBF__DJI_0002__Kabul v=119.88% a=0.834%_A01', 'JBF__DJI_0002__Kabul v=119.88% a=0.834%_A02', 'JBF__DJI_0002__Kabul v=119.88% a=0.834%']","['2:7a99fa0ac07ce32980f68a5c528e3e2b', '2:f7ef873e89590fad09868da368375337', '2:2ff04743a4901dd2bb509146a48b24ad']",00:00:00:00:25/1,00:00:30:19:25/1,"['Avid MediaFiles/MXF/es-worker1.1/JBF__DJI_0002__Kabul v=119.88% a=0.834%_A01.mxf', 'Avid MediaFiles/MXF/es-worker1.1/JBF__DJI_0002__Kabul v=119.88% a=0.834%_A02.mxf', 'Avid MediaFiles/MXF/es-worker1.1/JBF__DJI_0002__Kabul v=119.88% a=0.834%.mxf']",
1755381,"['JBF__DJI_0002__Kandahar v=95.904% a=1.043%_A01', 'JBF__DJI_0002__Kandahar v=95.904% a=1.043%_A02', 'JBF__DJI_0002__Kandahar v=95.904% a=1.043%']","['2:74ce323cf67eef1dcaf5600f2cd76756', '2:988a4c79f3957022cbf88ee2cdde8079', '2:61aa05b0b8f14e90290a779b8f023a4d']",00:00:00:00:25/1,00:02:32:00:25/1,"['Avid MediaFiles/MXF/es-worker1.1/JBF__DJI_0002__Kandahar v=95.904% a=1.043%_A01.mxf', 'Avid MediaFiles/MXF/es-worker1.1/JBF__DJI_0002__Kandahar v=95.904% a=1.043%_A02.mxf', 'Avid MediaFiles/MXF/es-worker1.1/JBF__DJI_0002__Kandahar v=95.904% a=1.043%.mxf']",
1755382,"['JBF__DJI_0003__Mazar v=95.904% a=1.043%_A01', 'JBF__DJI_0003__Mazar v=95.904% a=1.043%_A02', 'JBF__DJI_0003__Mazar v=95.904% a=1.043%']","['2:7ab5a3074a519b7e4608b1b0d2e13006', '2:d0674644d5b94bf30a6a70599d67752f', '2:a3bc37876b05c99bd65dc15e90fdd489']",00:00:00:00:25/1,00:08:43:11:25/1,"['Avid MediaFiles/MXF/es-worker1.1/JBF__DJI_0003__Mazar v=95.904% a=1.043%_A01.mxf', 'Avid MediaFiles/MXF/es-worker1.1/JBF__DJI_0003__Mazar v=95.904% a=1.043%_A02.mxf', 'Avid MediaFiles/MXF/es-worker1.1/JBF__DJI_0003__Mazar v=95.904% a=1.043%.mxf']",
1755383,"['JBF__DJI_0003__Zabul_A01', 'JBF__DJI_0003__Zabul_A02', 'JBF__DJI_0003__Zabul']","['2:9209c7493048d09cea5e5cc8cac32025', '2:104450e58735d2dc3b359fb3e00e8b6f', '2:5f3472765de4cc249e8e99f3005f023c']",00:00:00:00:25/1,00:01:11:07:25/1,"['Avid MediaFiles/MXF/es-worker1.1/JBF__DJI_0003__Zabul_A01.mxf', 'Avid MediaFiles/MXF/es-worker1.1/JBF__DJI_0003__Zabul_A02.mxf', 'Avid MediaFiles/MXF/es-worker1.1/JBF__DJI_0003__Zabul.mxf']",
1755384,"['JBF__DJI_0004 2__Kabul v=95.904% a=1.043%_A01', 'JBF__DJI_0004 2__Kabul v=95.904% a=1.043%_A02', 'JBF__DJI_0004 2__Kabul v=95.904% a=1.043%']","['2:d26a5224df29aef1bfbed41efd24c83e', '2:5762a4cb78bf9d4ae88a4bc0ec971553', '2:2322e5fd6d1624091639cc6f51d233cd']",00:00:00:00:25/1,00:04:36:14:25/1,"['Avid MediaFiles/MXF/es-worker1.1/JBF__DJI_0004 2__Kabul v=95.904% a=1.043%_A01.mxf', 'Avid MediaFiles/MXF/es-worker1.1/JBF__DJI_0004 2__Kabul v=95.904% a=1.043%_A02.mxf', 'Avid MediaFiles/MXF/es-worker1.1/JBF__DJI_0004 2__Kabul v=95.904% a=1.043%.mxf']",
1755385,"['JBF__DJI_0004 3__Kabul v=95.904% a=1.043%_A01', 'JBF__DJI_0004 3__Kabul v=95.904% a=1.043%_A02', 'JBF__DJI_0004 3__Kabul v=95.904% a=1.043%']","['2:8d2148e4846f135887df038a18266a7f', '2:0d4887852844b3dd693ce8bfbe9df119', '2:919406d4c644d22a05658def48dd8fc5']",00:00:00:00:25/1,00:08:16:12:25/1,"['Avid MediaFiles/MXF/es-worker1.1/JBF__DJI_0004 3__Kabul v=95.904% a=1.043%_A01.mxf', 'Avid MediaFiles/MXF/es-worker1.1/JBF__DJI_0004 3__Kabul v=95.904% a=1.043%_A02.mxf', 'Avid MediaFiles/MXF/es-worker1.1/JBF__DJI_0004 3__Kabul v=95.904% a=1.043%.mxf']",
1755386,"['JBF__DJI_0004__Helmand poppy drone_A01', 'JBF__DJI_0004__Helmand poppy drone_A02', 'JBF__DJI_0004__Helmand poppy drone']","['2:c53a1346abe0f7aad259c309c6915726', '2:77aca69885dd064f3aae8a0bd52da775', '2:c51417f3da0f88d3be923de182bd264e']",00:00:00:00:25/1,00:05:00:16:25/1,"['Avid MediaFiles/MXF/es-worker1.1/JBF__DJI_0004__Helmand poppy drone_A01.mxf', 'Avid MediaFiles/MXF/es-worker1.1/JBF__DJI_0004__Helmand poppy drone_A02.mxf', 'Avid MediaFiles/MXF/es-worker1.1/JBF__DJI_0004__Helmand poppy drone.mxf']",
1755387,"['JBF__DJI_0004__Kabul v=95.904% a=1.043%_A01', 'JBF__DJI_0004__Kabul v=95.904% a=1.043%_A02', 'JBF__DJI_0004__Kabul v=95.904% a=1.043%']","['2:2a2262f413bc93c1d289a6bf48c5bb09', '2:bbf63116ff7358edc1ba5ae3e9ad3887', '2:1a227e06362711d35377ba7a3869a543']",00:00:00:00:25/1,00:02:13:00:25/1,"['Avid MediaFiles/MXF/es-worker1.1/JBF__DJI_0004__Kabul v=95.904% a=1.043%_A01.mxf', 'Avid MediaFiles/MXF/es-worker1.1/JBF__DJI_0004__Kabul v=95.904% a=1.043%_A02.mxf', 'Avid MediaFiles/MXF/es-worker1.1/JBF__DJI_0004__Kabul v=95.904% a=1.043%.mxf']",
1755388,"['JBF__DJI_0004__Mazar v=119.88% a=0.834%_A01', 'JBF__DJI_0004__Mazar v=119.88% a=0.834%_A02', 'JBF__DJI_0004__Mazar v=119.88% a=0.834%']","['2:4e5f7949474291323359bd6f91955d84', '2:04d9ca4fba57fb67d819f509ec75591c', '2:5864a46cb92aa28fcb913cf838df2cbc']",00:00:00:00:25/1,00:01:17:13:25/1,"['Avid MediaFiles/MXF/es-worker1.1/JBF__DJI_0004__Mazar v=119.88% a=0.834%_A01.mxf', 'Avid MediaFiles/MXF/es-worker1.1/JBF__DJI_0004__Mazar v=119.88% a=0.834%_A02.mxf', 'Avid MediaFiles/MXF/es-worker1.1/JBF__DJI_0004__Mazar v=119.88% a=0.834%.mxf']",
1755389,"['JBF__DJI_0004__Zabul_A01', 'JBF__DJI_0004__Zabul_A02', 'JBF__DJI_0004__Zabul']","['2:1ca7aa45aee236b45dc140dc7c37f545', '2:caf03739a92df15cc0973e5575caa5f1', '2:f7e40b6094879d94edbb1cb05a9ec9d2']",00:00:00:00:25/1,00:05:00:14:25/1,"['Avid MediaFiles/MXF/es-worker1.1/JBF__DJI_0004__Zabul_A01.mxf', 'Avid MediaFiles/MXF/es-worker1.1/JBF__DJI_0004__Zabul_A02.mxf', 'Avid MediaFiles/MXF/es-worker1.1/JBF__DJI_0004__Zabul.mxf']",
1755390,"['JBF__DJI_0005 2__Kabul v=95.904% a=1.043%_A01', 'JBF__DJI_0005 2__Kabul v=95.904% a=1.043%_A02', 'JBF__DJI_0005 2__Kabul v=95.904% a=1.043%']","['2:87de20d160513fe3810f752840575c80', '2:6df85e6d739e4d27d502796fd477735f', '2:5c7feeea2222f209b752f49d24b25cc6']",00:00:00:00:25/1,00:00:38:15:25/1,"['Avid MediaFiles/MXF/es-worker1.1/JBF__DJI_0005 2__Kabul v=95.904% a=1.043%_A01.mxf', 'Avid MediaFiles/MXF/es-worker1.1/JBF__DJI_0005 2__Kabul v=95.904% a=1.043%_A02.mxf', 'Avid MediaFiles/MXF/es-worker1.1/JBF__DJI_0005 2__Kabul v=95.904% a=1.043%.mxf']",
1755391,"['JBF__DJI_0005__Helmand poppy drone_A01', 'JBF__DJI_0005__Helmand poppy drone_A02', 'JBF__DJI_0005__Helmand poppy drone']","['2:82d83815e2ae94435804900fe3f182c1', '2:a83d5feee99307ebcae33f92c263fbaf', '2:779b6a35ce11d855a5acd33a9b512033']",00:00:00:00:25/1,00:03:17:04:25/1,"['Avid MediaFiles/MXF/es-worker1.1/JBF__DJI_0005__Helmand poppy drone_A01.mxf', 'Avid MediaFiles/MXF/es-worker1.1/JBF__DJI_0005__Helmand poppy drone_A02.mxf', 'Avid MediaFiles/MXF/es-worker1.1/JBF__DJI_0005__Helmand poppy drone.mxf']",
1755392,"['JBF__DJI_0005__Kabul v=95.904% a=1.043%_A01', 'JBF__DJI_0005__Kabul v=95.904% a=1.043%_A02', 'JBF__DJI_0005__Kabul v=95.904% a=1.043%']","['2:1fcd2dbd3b0cebf487f202c11ad7e1c5', '2:ca8bb3404a9a7a37146c35c2166ed505', '2:e70a022e18ce6e4d5e1f2b4a783bd45d']",00:00:00:00:25/1,00:00:15:24:25/1,"['Avid MediaFiles/MXF/es-worker1.1/JBF__DJI_0005__Kabul v=95.904% a=1.043%_A01.mxf', 'Avid MediaFiles/MXF/es-worker1.1/JBF__DJI_0005__Kabul v=95.904% a=1.043%_A02.mxf', 'Avid MediaFiles/MXF/es-worker1.1/JBF__DJI_0005__Kabul v=95.904% a=1.043%.mxf']",
1755393,"['JBF__DJI_0006__Kabul v=95.904% a=1.043%_A01', 'JBF__DJI_0006__Kabul v=95.904% a=1.043%_A02', 'JBF__DJI_0006__Kabul v=95.904% a=1.043%']","['2:2e817e5cc26c93e22d94a9a43339e6b1', '2:cc789f267800addb52308db9a3dc011d', '2:e78974adf4f1a5f7521ab46fba9d1f95']",00:00:00:00:25/1,00:02:59:13:25/1,"['Avid MediaFiles/MXF/es-worker1.1/JBF__DJI_0006__Kabul v=95.904% a=1.043%_A01.mxf', 'Avid MediaFiles/MXF/es-worker1.1/JBF__DJI_0006__Kabul v=95.904% a=1.043%_A02.mxf', 'Avid MediaFiles/MXF/es-worker1.1/JBF__DJI_0006__Kabul v=95.904% a=1.043%.mxf']",
1755394,"['JBF__DJI_0007 2__Zabul_A01', 'JBF__DJI_0007 2__Zabul_A02', 'JBF__DJI_0007 2__Zabul']","['2:3c4aade0335ee368797ad806ad68b6b1', '2:5660604aa88faed2e6978827738e3065', '2:ff08d7e502d6f58bf7869b376f16cbe8']",00:00:00:00:25/1,00:01:06:12:25/1,"['Avid MediaFiles/MXF/es-worker1.1/JBF__DJI_0007 2__Zabul_A01.mxf', 'Avid MediaFiles/MXF/es-worker1.1/JBF__DJI_0007 2__Zabul_A02.mxf', 'Avid MediaFiles/MXF/es-worker1.1/JBF__DJI_0007 2__Zabul.mxf']",
1755395,"['JBF__DJI_0007__Kabul v=95.904% a=1.043%_A01', 'JBF__DJI_0007__Kabul v=95.904% a=1.043%_A02', 'JBF__DJI_0007__Kabul v=95.904% a=1.043%']","['2:0dd4cd5a779cebf5fb94b13c95b2a69c', '2:d160f9c46328ed775331788b3b902531', '2:51c3c994a5209facfe7f14356d27cb75']",00:00:00:00:25/1,00:02:18:18:25/1,"['Avid MediaFiles/MXF/es-worker1.1/JBF__DJI_0007__Kabul v=95.904% a=1.043%_A01.mxf', 'Avid MediaFiles/MXF/es-worker1.1/JBF__DJI_0007__Kabul v=95.904% a=1.043%_A02.mxf', 'Avid MediaFiles/MXF/es-worker1.1/JBF__DJI_0007__Kabul v=95.904% a=1.043%.mxf']",
1755396,"['JBF__DJI_0007__Kandahar v=95.904% a=1.043%_A01', 'JBF__DJI_0007__Kandahar v=95.904% a=1.043%_A02', 'JBF__DJI_0007__Kandahar v=95.904% a=1.043%']","['2:dd240987f72985f745a18d5040df3b99', '2:95a4fa87db33b4fa578eb12c5b5211a9', '2:a0262c8a8c7970606483259986f8cfa6']",00:00:00:00:25/1,00:02:16:14:25/1,"['Avid MediaFiles/MXF/es-worker1.1/JBF__DJI_0007__Kandahar v=95.904% a=1.043%_A01.mxf', 'Avid MediaFiles/MXF/es-worker1.1/JBF__DJI_0007__Kandahar v=95.904% a=1.043%_A02.mxf', 'Avid MediaFiles/MXF/es-worker1.1/JBF__DJI_0007__Kandahar v=95.904% a=1.043%.mxf']",
1755397,"['JBF__DJI_0007__Zabul_A01', 'JBF__DJI_0007__Zabul_A02', 'JBF__DJI_0007__Zabul']","['2:f741114a7cb35d886af214270f8ab4ba', '2:2e7ac2a187bb995992df7703c478336b', '2:c18501b1b4d0e38d102bcce28a563914']",00:00:00:00:25/1,00:00:40:11:25/1,"['Avid MediaFiles/MXF/es-worker1.1/JBF__DJI_0007__Zabul_A01.mxf', 'Avid MediaFiles/MXF/es-worker1.1/JBF__DJI_0007__Zabul_A02.mxf', 'Avid MediaFiles/MXF/es-worker1.1/JBF__DJI_0007__Zabul.mxf']",
1755398,"['JBF__DJI_0008 2__Kabul v=95.904% a=1.043%_A01', 'JBF__DJI_0008 2__Kabul v=95.904% a=1.043%_A02', 'JBF__DJI_0008 2__Kabul v=95.904% a=1.043%']","['2:20113ffc0fcc483b39f5c45b2581e631', '2:c632f5c2a96585722573847bbcfb086d', '2:004c8267e3625cf65163da18e1c98a97']",00:00:00:00:25/1,00:00:54:09:25/1,"['Avid MediaFiles/MXF/es-worker1.1/JBF__DJI_0008 2__Kabul v=95.904% a=1.043%_A01.mxf', 'Avid MediaFiles/MXF/es-worker1.1/JBF__DJI_0008 2__Kabul v=95.904% a=1.043%_A02.mxf', 'Avid MediaFiles/MXF/es-worker1.1/JBF__DJI_0008 2__Kabul v=95.904% a=1.043%.mxf']",
1755399,"['JBF__DJI_0008__Kabul v=95.904% a=1.043%_A01', 'JBF__DJI_0008__Kabul v=95.904% a=1.043%_A02', 'JBF__DJI_0008__Kabul v=95.904% a=1.043%']","['2:b006c7931ae4134bfa00f5b80e77b28a', '2:34972d19854b4c4c2f37e6fdf354f10d', '2:b20d10655559d4e2f974ae7b6464f812']",00:00:00:00:25/1,00:00:30:11:25/1,"['Avid MediaFiles/MXF/es-worker1.1/JBF__DJI_0008__Kabul v=95.904% a=1.043%_A01.mxf', 'Avid MediaFiles/MXF/es-worker1.1/JBF__DJI_0008__Kabul v=95.904% a=1.043%_A02.mxf', 'Avid MediaFiles/MXF/es-worker1.1/JBF__DJI_0008__Kabul v=95.904% a=1.043%.mxf']",
1755400,"['JBF__DJI_0009__Kabul v=95.904% a=1.043%_A01', 'JBF__DJI_0009__Kabul v=95.904% a=1.043%_A02', 'JBF__DJI_0009__Kabul v=95.904% a=1.043%']","['2:6ed90ec7902833934878603cf14deae2', '2:5a7dbb8ef8eac3a9c043b34530b3adb8', '2:9d5bb1b44b88563cb70074cf6e3a7a67']",00:00:00:00:25/1,00:01:19:13:25/1,"['Avid MediaFiles/MXF/es-worker1.1/JBF__DJI_0009__Kabul v=95.904% a=1.043%_A01.mxf', 'Avid MediaFiles/MXF/es-worker1.1/JBF__DJI_0009__Kabul v=95.904% a=1.043%_A02.mxf', 'Avid MediaFiles/MXF/es-worker1.1/JBF__DJI_0009__Kabul v=95.904% a=1.043%.mxf']",
1755401,"['JBF__DJI_0009__Kandahar v=95.904% a=1.043%_A01', 'JBF__DJI_0009__Kandahar v=95.904% a=1.043%_A02', 'JBF__DJI_0009__Kandahar v=95.904% a=1.043%']","['2:b5fbf687c880e047922f2261dffd3f8b', '2:7597c2f451fc2a0714719e50f68a516c', '2:fd55430a903bc9aefe3e49b05d21a5e4']",00:00:00:00:25/1,00:04:36:12:25/1,"['Avid MediaFiles/MXF/es-worker1.1/JBF__DJI_0009__Kandahar v=95.904% a=1.043%_A01.mxf', 'Avid MediaFiles/MXF/es-worker1.1/JBF__DJI_0009__Kandahar v=95.904% a=1.043%_A02.mxf', 'Avid MediaFiles/MXF/es-worker1.1/JBF__DJI_0009__Kandahar v=95.904% a=1.043%.mxf']",
1755402,"['JBF__DJI_0011__Kabul_A01', 'JBF__DJI_0011__Kabul_A02', 'JBF__DJI_0011__Kabul']","['2:80d564b499bb947d38e8afc4a0b11c4a', '2:4525585796fa8a134c08ef2391b7c156', '2:b58c1941a39a1425dafcb3b07a0e74e4']",00:00:00:00:25/1,00:04:26:05:25/1,"['Avid MediaFiles/MXF/es-worker1.1/JBF__DJI_0011__Kabul_A01.mxf', 'Avid MediaFiles/MXF/es-worker1.1/JBF__DJI_0011__Kabul_A02.mxf', 'Avid MediaFiles/MXF/es-worker1.1/JBF__DJI_0011__Kabul.mxf']",
1755403,"['JBF__DJI_0011__Kandahar v=95.904% a=1.043%_A01', 'JBF__DJI_0011__Kandahar v=95.904% a=1.043%_A02', 'JBF__DJI_0011__Kandahar v=95.904% a=1.043%']","['2:4bc0343cdaa3c8f0ae50adefdd46e442', '2:382c84916e30343f92f8cb103cde9096', '2:8d9652ec58f94c55e89cc3eb4dd6134e']",00:00:00:00:25/1,00:00:43:23:25/1,"['Avid MediaFiles/MXF/es-worker1.1/JBF__DJI_0011__Kandahar v=95.904% a=1.043%_A01.mxf', 'Avid MediaFiles/MXF/es-worker1.1/JBF__DJI_0011__Kandahar v=95.904% a=1.043%_A02.mxf', 'Avid MediaFiles/MXF/es-worker1.1/JBF__DJI_0011__Kandahar v=95.904% a=1.043%.mxf']",
1755404,"['JBF__DJI_0011__Zabul_A01', 'JBF__DJI_0011__Zabul_A02', 'JBF__DJI_0011__Zabul']","['2:e39a4660aaf527be455c221d2cce4ad6', '2:006570050666b49a58fc5b935b7718e9', '2:ce0c22ebe46a0fe8999509819fd7dc42']",00:00:00:00:25/1,00:04:05:04:25/1,"['Avid MediaFiles/MXF/es-worker1.1/JBF__DJI_0011__Zabul_A01.mxf', 'Avid MediaFiles/MXF/es-worker1.1/JBF__DJI_0011__Zabul_A02.mxf', 'Avid MediaFiles/MXF/es-worker1.1/JBF__DJI_0011__Zabul.mxf']",
1755405,"['JBF__DJI_0012__Bamyan v=95.904% a=1.043%_A01', 'JBF__DJI_0012__Bamyan v=95.904% a=1.043%_A02', 'JBF__DJI_0012__Bamyan v=95.904% a=1.043%']","['2:63db40250ed09abd7536c96488337f17', '2:e69f525e1d4573f36cd0ac3a845e0647', '2:8d274a83c7c2b02972f3a2a1811acc6d']",00:00:00:00:25/1,00:06:40:07:25/1,"['Avid MediaFiles/MXF/es-worker1.1/JBF__DJI_0012__Bamyan v=95.904% a=1.043%_A01.mxf', 'Avid MediaFiles/MXF/es-worker1.1/JBF__DJI_0012__Bamyan v=95.904% a=1.043%_A02.mxf', 'Avid MediaFiles/MXF/es-worker1.1/JBF__DJI_0012__Bamyan v=95.904% a=1.043%.mxf']",
1755406,"['JBF__DJI_0012__Kabul_A01', 'JBF__DJI_0012__Kabul_A02', 'JBF__DJI_0012__Kabul']","['2:a8b3eeffa6fe65134f919f2fe7f4642a', '2:bfaed52faa2dc7e9c5c608a1647266e2', '2:9ab30bd668995e9163daae9a3ad83caf']",00:00:00:00:25/1,00:04:22:19:25/1,"['Avid MediaFiles/MXF/es-worker1.1/JBF__DJI_0012__Kabul_A01.mxf', 'Avid MediaFiles/MXF/es-worker1.1/JBF__DJI_0012__Kabul_A02.mxf', 'Avid MediaFiles/MXF/es-worker1.1/JBF__DJI_0012__Kabul.mxf']",
1755407,"['JBF__DJI_0012__Kandahar v=95.904% a=1.043%_A01', 'JBF__DJI_0012__Kandahar v=95.904% a=1.043%_A02', 'JBF__DJI_0012__Kandahar v=95.904% a=1.043%']","['2:91d1e0b5332663c56d2f472cc5871054', '2:368502cbbf9b98ba88b54f23e69007aa', '2:10f5fc53dbebea7f88362239b27c76e5']",00:00:00:00:25/1,00:01:18:01:25/1,"['Avid MediaFiles/MXF/es-worker1.1/JBF__DJI_0012__Kandahar v=95.904% a=1.043%_A01.mxf', 'Avid MediaFiles/MXF/es-worker1.1/JBF__DJI_0012__Kandahar v=95.904% a=1.043%_A02.mxf', 'Avid MediaFiles/MXF/es-worker1.1/JBF__DJI_0012__Kandahar v=95.904% a=1.043%.mxf']",
1755408,"['JBF__DJI_0013__Zabul_A01', 'JBF__DJI_0013__Zabul_A02', 'JBF__DJI_0013__Zabul']","['2:582da5e3e9a2f2645354bae4f9cd3984', '2:7e1c2804e0e0c9841a711a6765752d84', '2:627ccc2a155fe52c946115a1f8c1f025']",00:00:00:00:25/1,00:04:56:19:25/1,"['Avid MediaFiles/MXF/es-worker1.1/JBF__DJI_0013__Zabul_A01.mxf', 'Avid MediaFiles/MXF/es-worker1.1/JBF__DJI_0013__Zabul_A02.mxf', 'Avid MediaFiles/MXF/es-worker1.1/JBF__DJI_0013__Zabul.mxf']",
1755409,"['JBF__DJI_0014__Kandahar v=95.904% a=1.043%_A01', 'JBF__DJI_0014__Kandahar v=95.904% a=1.043%_A02', 'JBF__DJI_0014__Kandahar v=95.904% a=1.043%']","['2:eeffb7d35698be493ae01df262a42821', '2:f5dadef6f00adeb362e23b10235095f7', '2:0ff592b75cfa5d854b6ebdee88ec639f']",00:00:00:00:25/1,00:01:20:12:25/1,"['Avid MediaFiles/MXF/es-worker1.1/JBF__DJI_0014__Kandahar v=95.904% a=1.043%_A01.mxf', 'Avid MediaFiles/MXF/es-worker1.1/JBF__DJI_0014__Kandahar v=95.904% a=1.043%_A02.mxf', 'Avid MediaFiles/MXF/es-worker1.1/JBF__DJI_0014__Kandahar v=95.904% a=1.043%.mxf']",
1755410,"['JBF__DJI_0014__Zabul_A01', 'JBF__DJI_0014__Zabul_A02', 'JBF__DJI_0014__Zabul']","['2:c377828361cadada95dcceea19c61c08', '2:d9e6ef73ae734155d2eb7bb82734f5ce', '2:3e423ba382e83359ea2df18a86967277']",00:00:00:00:25/1,00:03:32:17:25/1,"['Avid MediaFiles/MXF/es-worker1.1/JBF__DJI_0014__Zabul_A01.mxf', 'Avid MediaFiles/MXF/es-worker1.1/JBF__DJI_0014__Zabul_A02.mxf', 'Avid MediaFiles/MXF/es-worker1.1/JBF__DJI_0014__Zabul.mxf']",
1755411,"['JBF__DJI_0015__Kabul v=95.904% a=1.043%_A01', 'JBF__DJI_0015__Kabul v=95.904% a=1.043%_A02', 'JBF__DJI_0015__Kabul v=95.904% a=1.043%']","['2:d20d62b09410561c9b95de1eb132d275', '2:78a0a54c61edd87642fac7dacd4006dd', '2:68a20dfe486f3c1bbb106f15bcb49486']",00:00:00:00:25/1,00:03:05:09:25/1,"['Avid MediaFiles/MXF/es-worker1.1/JBF__DJI_0015__Kabul v=95.904% a=1.043%_A01.mxf', 'Avid MediaFiles/MXF/es-worker1.1/JBF__DJI_0015__Kabul v=95.904% a=1.043%_A02.mxf', 'Avid MediaFiles/MXF/es-worker1.1/JBF__DJI_0015__Kabul v=95.904% a=1.043%.mxf']",
1755412,"['JBF__DJI_0016__Bamyan v=95.904% a=1.043%_A01', 'JBF__DJI_0016__Bamyan v=95.904% a=1.043%_A02', 'JBF__DJI_0016__Bamyan v=95.904% a=1.043%']","['2:e2c9e2cef7d0c762e3db60a99b87d82b', '2:f1998c21d3ec5439cb381d5c1e7ea5a3', '2:bb2f817b85ba031f59dfea965b96119a']",00:00:00:00:25/1,00:03:54:12:25/1,"['Avid MediaFiles/MXF/es-worker1.1/JBF__DJI_0016__Bamyan v=95.904% a=1.043%_A01.mxf', 'Avid MediaFiles/MXF/es-worker1.1/JBF__DJI_0016__Bamyan v=95.904% a=1.043%_A02.mxf', 'Avid MediaFiles/MXF/es-worker1.1/JBF__DJI_0016__Bamyan v=95.904% a=1.043%.mxf']",
1755413,"['JBF__DJI_0016__Daikundi v=95.904% a=1.043%_A01', 'JBF__DJI_0016__Daikundi v=95.904% a=1.043%_A02', 'JBF__DJI_0016__Daikundi v=95.904% a=1.043%']","['2:305d62f95748c8b72001cb7811d57db0', '2:3ad33d767b920105ec62d93ad2238cf4', '2:8b8b18cc7b791f14f297acb6cda6fb49']",00:00:00:00:25/1,00:01:09:13:25/1,"['Avid MediaFiles/MXF/es-worker1.1/JBF__DJI_0016__Daikundi v=95.904% a=1.043%_A01.mxf', 'Avid MediaFiles/MXF/es-worker1.1/JBF__DJI_0016__Daikundi v=95.904% a=1.043%_A02.mxf', 'Avid MediaFiles/MXF/es-worker1.1/JBF__DJI_0016__Daikundi v=95.904% a=1.043%.mxf']",
1755414,"['JBF__DJI_0016__Kabul v=95.904% a=1.043%_A01', 'JBF__DJI_0016__Kabul v=95.904% a=1.043%_A02', 'JBF__DJI_0016__Kabul v=95.904% a=1.043%']","['2:3743acb5f8d62d6375dcebd3288f8605', '2:6e99988bf9b7a8735226317b360da276', '2:796f5c84a3b92149e380aa47737a5278']",00:00:00:00:25/1,00:08:43:11:25/1,"['Avid MediaFiles/MXF/es-worker1.1/JBF__DJI_0016__Kabul v=95.904% a=1.043%_A01.mxf', 'Avid MediaFiles/MXF/es-worker1.1/JBF__DJI_0016__Kabul v=95.904% a=1.043%_A02.mxf', 'Avid MediaFiles/MXF/es-worker1.1/JBF__DJI_0016__Kabul v=95.904% a=1.043%.mxf']",
1755415,"['JBF__DJI_0016__Kandahar v=95.904% a=1.043%_A01', 'JBF__DJI_0016__Kandahar v=95.904% a=1.043%_A02', 'JBF__DJI_0016__Kandahar v=95.904% a=1.043%']","['2:0c9e29bde1b620cab5be757c88e0528c', '2:6ac3c3998ce8c288990f7d55e56c1d0d', '2:897a42140dcc779f106e4a1b3e61bcb5']",00:00:00:00:25/1,00:04:36:12:25/1,"['Avid MediaFiles/MXF/es-worker1.1/JBF__DJI_0016__Kandahar v=95.904% a=1.043%_A01.mxf', 'Avid MediaFiles/MXF/es-worker1.1/JBF__DJI_0016__Kandahar v=95.904% a=1.043%_A02.mxf', 'Avid MediaFiles/MXF/es-worker1.1/JBF__DJI_0016__Kandahar v=95.904% a=1.043%.mxf']",
1755416,"['JBF__DJI_0016__Nangahar v=95.904% a=1.043%_A01', 'JBF__DJI_0016__Nangahar v=95.904% a=1.043%_A02', 'JBF__DJI_0016__Nangahar v=95.904% a=1.043%']","['2:4bf641ef89e73f5bb5aa9f7b7535ce69', '2:1d3d28e09b81de7950b66947e2ceb2c2', '2:ef7009e78623e52fa397170a6cf704ce']",00:00:00:00:25/1,00:04:36:16:25/1,"['Avid MediaFiles/MXF/es-worker1.1/JBF__DJI_0016__Nangahar v=95.904% a=1.043%_A01.mxf', 'Avid MediaFiles/MXF/es-worker1.1/JBF__DJI_0016__Nangahar v=95.904% a=1.043%_A02.mxf', 'Avid MediaFiles/MXF/es-worker1.1/JBF__DJI_0016__Nangahar v=95.904% a=1.043%.mxf']",
1755417,"['JBF__DJI_0017__Nangahar v=95.904% a=1.043%_A01', 'JBF__DJI_0017__Nangahar v=95.904% a=1.043%_A02', 'JBF__DJI_0017__Nangahar v=95.904% a=1.043%']","['2:ccf451c2f11e3a6b2b1b21d127e5be9a', '2:092a0d10d33c4cfe0c9c1170a6ffe9bc', '2:1474165caa54f3c11825d81149b42616']",00:00:00:00:25/1,00:04:36:13:25/1,"['Avid MediaFiles/MXF/es-worker1.1/JBF__DJI_0017__Nangahar v=95.904% a=1.043%_A01.mxf', 'Avid MediaFiles/MXF/es-worker1.1/JBF__DJI_0017__Nangahar v=95.904% a=1.043%_A02.mxf', 'Avid MediaFiles/MXF/es-worker1.1/JBF__DJI_0017__Nangahar v=95.904% a=1.043%.mxf']",
1755418,"['JBF__DJI_0017__Zabul_A01', 'JBF__DJI_0017__Zabul_A02', 'JBF__DJI_0017__Zabul']","['2:e9312ce829815ebe58783f064bc4eebe', '2:244455c11ab86f4d9366cba8ce5ec6b3', '2:fe7ac1ca55f5efd38fa522d6f00b5cbd']",00:00:00:00:25/1,00:01:08:01:25/1,"['Avid MediaFiles/MXF/es-worker1.1/JBF__DJI_0017__Zabul_A01.mxf', 'Avid MediaFiles/MXF/es-worker1.1/JBF__DJI_0017__Zabul_A02.mxf', 'Avid MediaFiles/MXF/es-worker1.1/JBF__DJI_0017__Zabul.mxf']",
1755419,"['JBF__DJI_0018__Kabul v=95.904% a=1.043%_A01', 'JBF__DJI_0018__Kabul v=95.904% a=1.043%_A02', 'JBF__DJI_0018__Kabul v=95.904% a=1.043%']","['2:5a18efa3557e01378a9b7dcd47b4fcd3', '2:f49e48069bfd2604805dc8ad51e0833b', '2:d898ba6d0491dc71a6ba8a94e22ebda9']",00:00:00:00:25/1,00:00:59:19:25/1,"['Avid MediaFiles/MXF/es-worker1.1/JBF__DJI_0018__Kabul v=95.904% a=1.043%_A01.mxf', 'Avid MediaFiles/MXF/es-worker1.1/JBF__DJI_0018__Kabul v=95.904% a=1.043%_A02.mxf', 'Avid MediaFiles/MXF/es-worker1.1/JBF__DJI_0018__Kabul v=95.904% a=1.043%.mxf']",
1755420,"['JBF__DJI_0019__Zabul_A01', 'JBF__DJI_0019__Zabul_A02', 'JBF__DJI_0019__Zabul']","['2:b73fd4eadfc53ff044241bb1693ef488', '2:ee215c373583a052cbd99c3f8dff3e65', '2:f351f998dd17e1c3015cbeb454dc7c37']",00:00:00:00:25/1,00:00:25:02:25/1,"['Avid MediaFiles/MXF/es-worker1.1/JBF__DJI_0019__Zabul_A01.mxf', 'Avid MediaFiles/MXF/es-worker1.1/JBF__DJI_0019__Zabul_A02.mxf', 'Avid MediaFiles/MXF/es-worker1.1/JBF__DJI_0019__Zabul.mxf']",
1755421,"['JBF__DJI_0020__Nangahar v=95.904% a=1.043%_A01', 'JBF__DJI_0020__Nangahar v=95.904% a=1.043%_A02', 'JBF__DJI_0020__Nangahar v=95.904% a=1.043%']","['2:cf1eeef6813b3da8f83c2ebdb17a634f', '2:63c223dff9dc694d524cd68bc05ed7ba', '2:0bbf41232343b3a57f54f37ab2673ae5']",00:00:00:00:25/1,00:04:16:07:25/1,"['Avid MediaFiles/MXF/es-worker1.1/JBF__DJI_0020__Nangahar v=95.904% a=1.043%_A01.mxf', 'Avid MediaFiles/MXF/es-worker1.1/JBF__DJI_0020__Nangahar v=95.904% a=1.043%_A02.mxf', 'Avid MediaFiles/MXF/es-worker1.1/JBF__DJI_0020__Nangahar v=95.904% a=1.043%.mxf']",
1755422,"['JBF__DJI_0021__Helmand poppy drone_A01', 'JBF__DJI_0021__Helmand poppy drone_A02', 'JBF__DJI_0021__Helmand poppy drone']","['2:a3232deb2c5d1415e5be1e6df7e3af39', '2:d180d8c9916fb577c28ad267d459d9c7', '2:54dc0dddda340c0c9996f6c76858871f']",00:00:00:00:25/1,00:05:00:14:25/1,"['Avid MediaFiles/MXF/es-worker1.1/JBF__DJI_0021__Helmand poppy drone_A01.mxf', 'Avid MediaFiles/MXF/es-worker1.1/JBF__DJI_0021__Helmand poppy drone_A02.mxf', 'Avid MediaFiles/MXF/es-worker1.1/JBF__DJI_0021__Helmand poppy drone.mxf']",
1755423,"['JBF__DJI_0021__Kabul v=95.904% a=1.043%_A01', 'JBF__DJI_0021__Kabul v=95.904% a=1.043%_A02', 'JBF__DJI_0021__Kabul v=95.904% a=1.043%']","['2:9d4d9c3820be4beec0c3054a37c8668a', '2:798432eebf9e04211a87d151532d56ae', '2:268257215be7ce72431fb58103634b6e']",00:00:00:00:25/1,00:01:41:20:25/1,"['Avid MediaFiles/MXF/es-worker1.1/JBF__DJI_0021__Kabul v=95.904% a=1.043%_A01.mxf', 'Avid MediaFiles/MXF/es-worker1.1/JBF__DJI_0021__Kabul v=95.904% a=1.043%_A02.mxf', 'Avid MediaFiles/MXF/es-worker1.1/JBF__DJI_0021__Kabul v=95.904% a=1.043%.mxf']",
1755424,"['JBF__DJI_0021__Mazar v=95.904% a=1.043%_A01', 'JBF__DJI_0021__Mazar v=95.904% a=1.043%_A02', 'JBF__DJI_0021__Mazar v=95.904% a=1.043%']","['2:f31c51fa1a0377a182cb5ce2393b4ea0', '2:270b75f22e0e207193a86c54337ba4af', '2:ae134fbae28bd299cad6baa3feab3fb0']",00:00:00:00:25/1,00:01:58:19:25/1,"['Avid MediaFiles/MXF/es-worker1.1/JBF__DJI_0021__Mazar v=95.904% a=1.043%_A01.mxf', 'Avid MediaFiles/MXF/es-worker1.1/JBF__DJI_0021__Mazar v=95.904% a=1.043%_A02.mxf', 'Avid MediaFiles/MXF/es-worker1.1/JBF__DJI_0021__Mazar v=95.904% a=1.043%.mxf']",
1755425,"['JBF__DJI_0021__Panjshir v=95.904% a=1.043%_A01', 'JBF__DJI_0021__Panjshir v=95.904% a=1.043%_A02', 'JBF__DJI_0021__Panjshir v=95.904% a=1.043%']","['2:72e745ed51fb11e56f48583ed170fc36', '2:4502f890041efa8e4bdad85b624913aa', '2:1051fe05b8543bb8bc04ec7de4be9dbe']",00:00:00:00:25/1,00:03:21:21:25/1,"['Avid MediaFiles/MXF/es-worker1.1/JBF__DJI_0021__Panjshir v=95.904% a=1.043%_A01.mxf', 'Avid MediaFiles/MXF/es-worker1.1/JBF__DJI_0021__Panjshir v=95.904% a=1.043%_A02.mxf', 'Avid MediaFiles/MXF/es-worker1.1/JBF__DJI_0021__Panjshir v=95.904% a=1.043%.mxf']",
1755426,"['JBF__DJI_0022__Bamyan v=95.904% a=1.043%_A01', 'JBF__DJI_0022__Bamyan v=95.904% a=1.043%_A02', 'JBF__DJI_0022__Bamyan v=95.904% a=1.043%']","['2:95c825c29611b8ce6bbbc8879f88bf8c', '2:63d6ada5836f66e1afddd4b21953a37f', '2:00a68c528f5d4783a3d97e1c4ee47d98']",00:00:00:00:25/1,00:04:36:22:25/1,"['Avid MediaFiles/MXF/es-worker1.1/JBF__DJI_0022__Bamyan v=95.904% a=1.043%_A01.mxf', 'Avid MediaFiles/MXF/es-worker1.1/JBF__DJI_0022__Bamyan v=95.904% a=1.043%_A02.mxf', 'Avid MediaFiles/MXF/es-worker1.1/JBF__DJI_0022__Bamyan v=95.904% a=1.043%.mxf']",
1755427,"['JBF__DJI_0022__Panjshir v=95.904% a=1.043%_A01', 'JBF__DJI_0022__Panjshir v=95.904% a=1.043%_A02', 'JBF__DJI_0022__Panjshir v=95.904% a=1.043%']","['2:cab8414967e1bbf9b8789d7339a3dcf5', '2:1da1ecd14fda37c999ac8c6e45bd5153', '2:7b9099e693c11863fff4c0cd5c0d1abc']",00:00:00:00:25/1,00:02:33:00:25/1,"['Avid MediaFiles/MXF/es-worker1.1/JBF__DJI_0022__Panjshir v=95.904% a=1.043%_A01.mxf', 'Avid MediaFiles/MXF/es-worker1.1/JBF__DJI_0022__Panjshir v=95.904% a=1.043%_A02.mxf', 'Avid MediaFiles/MXF/es-worker1.1/JBF__DJI_0022__Panjshir v=95.904% a=1.043%.mxf']",
1755428,"['JBF__DJI_0023__Helmand poppy drone_A01', 'JBF__DJI_0023__Helmand poppy drone_A02', 'JBF__DJI_0023__Helmand poppy drone']","['2:ee42787abe3c388cd7af2955bf4b2090', '2:83e537e24e15666888839f4ce4a2e28d', '2:015799eafd73c14c5715cae9c7a16e5a']",00:00:00:00:25/1,00:05:00:13:25/1,"['Avid MediaFiles/MXF/es-worker1.1/JBF__DJI_0023__Helmand poppy drone_A01.mxf', 'Avid MediaFiles/MXF/es-worker1.1/JBF__DJI_0023__Helmand poppy drone_A02.mxf', 'Avid MediaFiles/MXF/es-worker1.1/JBF__DJI_0023__Helmand poppy drone.mxf']",
1755429,"['JBF__DJI_0023__Kabul v=95.904% a=1.043%_A01', 'JBF__DJI_0023__Kabul v=95.904% a=1.043%_A02', 'JBF__DJI_0023__Kabul v=95.904% a=1.043%']","['2:24e611746417ee909ecbe6099119d3b4', '2:366096330d2e66e1f761431fe8ec8351', '2:a6b396893cd4339cc35db37d2f0b9f1b']",00:00:00:00:25/1,00:08:43:16:25/1,"['Avid MediaFiles/MXF/es-worker1.1/JBF__DJI_0023__Kabul v=95.904% a=1.043%_A01.mxf', 'Avid MediaFiles/MXF/es-worker1.1/JBF__DJI_0023__Kabul v=95.904% a=1.043%_A02.mxf', 'Avid MediaFiles/MXF/es-worker1.1/JBF__DJI_0023__Kabul v=95.904% a=1.043%.mxf']",
1755430,"['JBF__DJI_0036__Bamyan v=95.904% a=1.043%_A01', 'JBF__DJI_0036__Bamyan v=95.904% a=1.043%_A02', 'JBF__DJI_0036__Bamyan v=95.904% a=1.043%']","['2:5020a9d8c8aa029152a45539e612ffeb', '2:4e060737f906be3f4e75e77b1be56a31', '2:9bb845c056e4e0e5a258d2436ba9c4e0']",00:00:00:00:25/1,00:04:36:14:25/1,"['Avid MediaFiles/MXF/es-worker1.1/JBF__DJI_0036__Bamyan v=95.904% a=1.043%_A01.mxf', 'Avid MediaFiles/MXF/es-worker1.1/JBF__DJI_0036__Bamyan v=95.904% a=1.043%_A02.mxf', 'Avid MediaFiles/MXF/es-worker1.1/JBF__DJI_0036__Bamyan v=95.904% a=1.043%.mxf']",
1755431,"['JBF__DJI_0758__Daikundi v=95.904% a=1.043%_A01', 'JBF__DJI_0758__Daikundi v=95.904% a=1.043%_A02', 'JBF__DJI_0758__Daikundi v=95.904% a=1.043%']","['2:7938d0d72e8f56739e4612e962172f4d', '2:7b95c4cc5305914286f3e5308abe1ee3', '2:e729c4f5dfa8a4ad375d37227db78b8f']",00:00:00:00:25/1,00:01:35:00:25/1,"['Avid MediaFiles/MXF/es-worker1.1/JBF__DJI_0758__Daikundi v=95.904% a=1.043%_A01.mxf', 'Avid MediaFiles/MXF/es-worker1.1/JBF__DJI_0758__Daikundi v=95.904% a=1.043%_A02.mxf', 'Avid MediaFiles/MXF/es-worker1.1/JBF__DJI_0758__Daikundi v=95.904% a=1.043%.mxf']",
1755432,"['JBF__DJI_0759__Daikundi v=95.904% a=1.043%_A01', 'JBF__DJI_0759__Daikundi v=95.904% a=1.043%_A02', 'JBF__DJI_0759__Daikundi v=95.904% a=1.043%']","['2:935dcb2694c1a4513687a898bb546ebb', '2:f87874663d2ff7d58e0fcffed2b24b72', '2:48f2c446e1d0b1e72fa6be99387a0843']",00:00:00:00:25/1,00:00:54:04:25/1,"['Avid MediaFiles/MXF/es-worker1.1/JBF__DJI_0759__Daikundi v=95.904% a=1.043%_A01.mxf', 'Avid MediaFiles/MXF/es-worker1.1/JBF__DJI_0759__Daikundi v=95.904% a=1.043%_A02.mxf', 'Avid MediaFiles/MXF/es-worker1.1/JBF__DJI_0759__Daikundi v=95.904% a=1.043%.mxf']",
1755433,"['JBF__DJI_0761__Daikundi v=95.904% a=1.043%_A01', 'JBF__DJI_0761__Daikundi v=95.904% a=1.043%_A02', 'JBF__DJI_0761__Daikundi v=95.904% a=1.043%']","['2:457e42bb84603474b343d57239ea144b', '2:95150458f84a7d043d84b24b445f2ef5', '2:b14a18e2cb961b7367e7f058cf6754b6']",00:00:00:00:25/1,00:02:12:14:25/1,"['Avid MediaFiles/MXF/es-worker1.1/JBF__DJI_0761__Daikundi v=95.904% a=1.043%_A01.mxf', 'Avid MediaFiles/MXF/es-worker1.1/JBF__DJI_0761__Daikundi v=95.904% a=1.043%_A02.mxf', 'Avid MediaFiles/MXF/es-worker1.1/JBF__DJI_0761__Daikundi v=95.904% a=1.043%.mxf']",
1755434,"['JBF__DJI_0762__Daikundi v=95.904% a=1.043%_A01', 'JBF__DJI_0762__Daikundi v=95.904% a=1.043%_A02', 'JBF__DJI_0762__Daikundi v=95.904% a=1.043%']","['2:eb085c9fa50014b9f69c70d2c83628fa', '2:492ecbe240e79d821e2bb8cce6c9ee38', '2:a28a862517ad0a5bcd7ea103780bab3d']",00:00:00:00:25/1,00:04:36:14:25/1,"['Avid MediaFiles/MXF/es-worker1.1/JBF__DJI_0762__Daikundi v=95.904% a=1.043%_A01.mxf', 'Avid MediaFiles/MXF/es-worker1.1/JBF__DJI_0762__Daikundi v=95.904% a=1.043%_A02.mxf', 'Avid MediaFiles/MXF/es-worker1.1/JBF__DJI_0762__Daikundi v=95.904% a=1.043%.mxf']",
1755435,"['JBF__DJI_0763__Daikundi v=95.904% a=1.043%_A01', 'JBF__DJI_0763__Daikundi v=95.904% a=1.043%_A02', 'JBF__DJI_0763__Daikundi v=95.904% a=1.043%']","['2:8c30fb6ea692dc25dcd0f5df28b19daf', '2:1acb2bdbf690e89ad3895aeeb916ed90', '2:a709b48c5fe44206c2cc3db9e6d2726b']",00:00:00:00:25/1,00:02:08:15:25/1,"['Avid MediaFiles/MXF/es-worker1.1/JBF__DJI_0763__Daikundi v=95.904% a=1.043%_A01.mxf', 'Avid MediaFiles/MXF/es-worker1.1/JBF__DJI_0763__Daikundi v=95.904% a=1.043%_A02.mxf', 'Avid MediaFiles/MXF/es-worker1.1/JBF__DJI_0763__Daikundi v=95.904% a=1.043%.mxf']",
1755436,"['JBF__DJI_0765__Daikundi v=95.904% a=1.043%_A01', 'JBF__DJI_0765__Daikundi v=95.904% a=1.043%_A02', 'JBF__DJI_0765__Daikundi v=95.904% a=1.043%']","['2:9532dec8738e2ddcf79ff0371c472e3c', '2:e706ce7f734d470c852f6dc65e77741c', '2:2f62314093214a31b050224d99707c2b']",00:00:00:00:25/1,00:04:36:14:25/1,"['Avid MediaFiles/MXF/es-worker1.1/JBF__DJI_0765__Daikundi v=95.904% a=1.043%_A01.mxf', 'Avid MediaFiles/MXF/es-worker1.1/JBF__DJI_0765__Daikundi v=95.904% a=1.043%_A02.mxf', 'Avid MediaFiles/MXF/es-worker1.1/JBF__DJI_0765__Daikundi v=95.904% a=1.043%.mxf']",
1755437,"['JBF__DJI_0768__Daikundi v=95.904% a=1.043%_A01', 'JBF__DJI_0768__Daikundi v=95.904% a=1.043%_A02', 'JBF__DJI_0768__Daikundi v=95.904% a=1.043%']","['2:ac24b079bf7c80bd4f55f3a999662ffd', '2:b854929995f547c1f44a68206478bb3a', '2:04230e8643ea08f510b5ba02eb339725']",00:00:00:00:25/1,00:04:37:12:25/1,"['Avid MediaFiles/MXF/es-worker1.1/JBF__DJI_0768__Daikundi v=95.904% a=1.043%_A01.mxf', 'Avid MediaFiles/MXF/es-worker1.1/JBF__DJI_0768__Daikundi v=95.904% a=1.043%_A02.mxf', 'Avid MediaFiles/MXF/es-worker1.1/JBF__DJI_0768__Daikundi v=95.904% a=1.043%.mxf']",
1755438,"['JBF__DJI_0769__Daikundi v=95.904% a=1.043%_A01', 'JBF__DJI_0769__Daikundi v=95.904% a=1.043%_A02', 'JBF__DJI_0769__Daikundi v=95.904% a=1.043%']","['2:59a35942805f6a5abce02bc0305fbeee', '2:8418b3b2570e26050b206699b31db6db', '2:1f3e4e861895198e395c9ec8087e1a87']",00:00:00:00:25/1,00:02:50:05:25/1,"['Avid MediaFiles/MXF/es-worker1.1/JBF__DJI_0769__Daikundi v=95.904% a=1.043%_A01.mxf', 'Avid MediaFiles/MXF/es-worker1.1/JBF__DJI_0769__Daikundi v=95.904% a=1.043%_A02.mxf', 'Avid MediaFiles/MXF/es-worker1.1/JBF__DJI_0769__Daikundi v=95.904% a=1.043%.mxf']",
1755439,"['JBF__DJI_0788__Daikundi v=95.904% a=1.043%_A01', 'JBF__DJI_0788__Daikundi v=95.904% a=1.043%_A02', 'JBF__DJI_0788__Daikundi v=95.904% a=1.043%']","['2:d3b4164fece7eb9310adf6948908194a', '2:aaf267035fbd1e94531b425ff39b5a64', '2:4fc200aa5ab888eb0ed27ebbb8afdf20']",00:00:00:00:25/1,00:04:36:16:25/1,"['Avid MediaFiles/MXF/es-worker1.1/JBF__DJI_0788__Daikundi v=95.904% a=1.043%_A01.mxf', 'Avid MediaFiles/MXF/es-worker1.1/JBF__DJI_0788__Daikundi v=95.904% a=1.043%_A02.mxf', 'Avid MediaFiles/MXF/es-worker1.1/JBF__DJI_0788__Daikundi v=95.904% a=1.043%.mxf']",
1755440,"['JBF__DJI_0789__Daikundi v=95.904% a=1.043%_A01', 'JBF__DJI_0789__Daikundi v=95.904% a=1.043%_A02', 'JBF__DJI_0789__Daikundi v=95.904% a=1.043%']","['2:68dfac4303e1c9c50f6180982a941de4', '2:2b5e6293f334356c7a756819f43aed6a', '2:f802a8f3e8e28ea74ddda9867749df81']",00:00:00:00:25/1,00:01:56:00:25/1,"['Avid MediaFiles/MXF/es-worker1.1/JBF__DJI_0789__Daikundi v=95.904% a=1.043%_A01.mxf', 'Avid MediaFiles/MXF/es-worker1.1/JBF__DJI_0789__Daikundi v=95.904% a=1.043%_A02.mxf', 'Avid MediaFiles/MXF/es-worker1.1/JBF__DJI_0789__Daikundi v=95.904% a=1.043%.mxf']",
1755441,"['JBF__DJI_0790__Daikundi v=95.904% a=1.043%_A01', 'JBF__DJI_0790__Daikundi v=95.904% a=1.043%_A02', 'JBF__DJI_0790__Daikundi v=95.904% a=1.043%']","['2:770fbdde32a873beb772f6e8e906aacd', '2:fdf92c21b9518a5ceba4cbc77067cc9c', '2:145249ad76f0ab2067ec9a3709494d45']",00:00:00:00:25/1,00:02:00:16:25/1,"['Avid MediaFiles/MXF/es-worker1.1/JBF__DJI_0790__Daikundi v=95.904% a=1.043%_A01.mxf', 'Avid MediaFiles/MXF/es-worker1.1/JBF__DJI_0790__Daikundi v=95.904% a=1.043%_A02.mxf', 'Avid MediaFiles/MXF/es-worker1.1/JBF__DJI_0790__Daikundi v=95.904% a=1.043%.mxf']",
1755442,"['JBF__DJI_0959 2__Daikundi v=95.904% a=1.043%_A01', 'JBF__DJI_0959 2__Daikundi v=95.904% a=1.043%_A02', 'JBF__DJI_0959 2__Daikundi v=95.904% a=1.043%']","['2:006c157bd38e8facbd2f75d90b11dc4a', '2:72cb2e53f3b1ecea1d320d595cf616c9', '2:e4809001be8cf6628082d5a51087355d']",00:00:00:00:25/1,00:04:36:14:25/1,"['Avid MediaFiles/MXF/es-worker1.1/JBF__DJI_0959 2__Daikundi v=95.904% a=1.043%_A01.mxf', 'Avid MediaFiles/MXF/es-worker1.1/JBF__DJI_0959 2__Daikundi v=95.904% a=1.043%_A02.mxf', 'Avid MediaFiles/MXF/es-worker1.1/JBF__DJI_0959 2__Daikundi v=95.904% a=1.043%.mxf']",
1755443,"['JBF__DJI_0959__Daikundi v=95.904% a=1.043%_A01', 'JBF__DJI_0959__Daikundi v=95.904% a=1.043%_A02', 'JBF__DJI_0959__Daikundi v=95.904% a=1.043%']","['2:4e2730d5a86100dc982cf78fd4b9e851', '2:5913319f02bc7f001c324794cfb328a7', '2:0734814f80f5f30e355db39287e6deb0']",00:00:00:00:25/1,00:02:38:15:25/1,"['Avid MediaFiles/MXF/es-worker1.1/JBF__DJI_0959__Daikundi v=95.904% a=1.043%_A01.mxf', 'Avid MediaFiles/MXF/es-worker1.1/JBF__DJI_0959__Daikundi v=95.904% a=1.043%_A02.mxf', 'Avid MediaFiles/MXF/es-worker1.1/JBF__DJI_0959__Daikundi v=95.904% a=1.043%.mxf']",
1755444,"['JBF__DJI_0960 2__Daikundi v=95.904% a=1.043%_A01', 'JBF__DJI_0960 2__Daikundi v=95.904% a=1.043%_A02', 'JBF__DJI_0960 2__Daikundi v=95.904% a=1.043%']","['2:4a1518224e2d4219dccb60e1c0039227', '2:2ca2449c5e3c9c839342ac5fd96fa78d', '2:34faf52dc6d5b2a089701ffc17fcb5ea']",00:00:00:00:25/1,00:02:53:23:25/1,"['Avid MediaFiles/MXF/es-worker1.1/JBF__DJI_0960 2__Daikundi v=95.904% a=1.043%_A01.mxf', 'Avid MediaFiles/MXF/es-worker1.1/JBF__DJI_0960 2__Daikundi v=95.904% a=1.043%_A02.mxf', 'Avid MediaFiles/MXF/es-worker1.1/JBF__DJI_0960 2__Daikundi v=95.904% a=1.043%.mxf']",
1755445,"['JBF__DJI_0960__Daikundi v=95.904% a=1.043%_A01', 'JBF__DJI_0960__Daikundi v=95.904% a=1.043%_A02', 'JBF__DJI_0960__Daikundi v=95.904% a=1.043%']","['2:7fbcd59196e030c5d1313b47da4ff9d2', '2:22795d6185a8bd9ad91711a20f9247cd', '2:2c290a665513b6422123475657e2bb2a']",00:00:00:00:25/1,00:04:36:15:25/1,"['Avid MediaFiles/MXF/es-worker1.1/JBF__DJI_0960__Daikundi v=95.904% a=1.043%_A01.mxf', 'Avid MediaFiles/MXF/es-worker1.1/JBF__DJI_0960__Daikundi v=95.904% a=1.043%_A02.mxf', 'Avid MediaFiles/MXF/es-worker1.1/JBF__DJI_0960__Daikundi v=95.904% a=1.043%.mxf']",
1755446,"['JBF__DJI_0966__Daikundi v=95.904% a=1.043%_A01', 'JBF__DJI_0966__Daikundi v=95.904% a=1.043%_A02', 'JBF__DJI_0966__Daikundi v=95.904% a=1.043%']","['2:82f8714b6ec403296922501aae35f244', '2:1b04f4bccb1d0e794d7a4c71c4b663be', '2:6149b9b223374c32d80c8604b20174ed']",00:00:00:00:25/1,00:04:36:14:25/1,"['Avid MediaFiles/MXF/es-worker1.1/JBF__DJI_0966__Daikundi v=95.904% a=1.043%_A01.mxf', 'Avid MediaFiles/MXF/es-worker1.1/JBF__DJI_0966__Daikundi v=95.904% a=1.043%_A02.mxf', 'Avid MediaFiles/MXF/es-worker1.1/JBF__DJI_0966__Daikundi v=95.904% a=1.043%.mxf']",
1755447,"['JBF__DJI_0967__Daikundi v=95.904% a=1.043%_A01', 'JBF__DJI_0967__Daikundi v=95.904% a=1.043%_A02', 'JBF__DJI_0967__Daikundi v=95.904% a=1.043%']","['2:b8ad0577d0882283a6b2bb7ab24bb5c6', '2:a9c1e0b4c51ec7c7b88c82ea5111145b', '2:47ea1305e6c577320e0250f3b1ad4497']",00:00:00:00:25/1,00:02:22:19:25/1,"['Avid MediaFiles/MXF/es-worker1.1/JBF__DJI_0967__Daikundi v=95.904% a=1.043%_A01.mxf', 'Avid MediaFiles/MXF/es-worker1.1/JBF__DJI_0967__Daikundi v=95.904% a=1.043%_A02.mxf', 'Avid MediaFiles/MXF/es-worker1.1/JBF__DJI_0967__Daikundi v=95.904% a=1.043%.mxf']",
1759325,"['WDR__ 100015062 - 1__Aktuelle Stunde__ukraine - Hauptstadt unter Drohnen-Beschuss_A01', 'WDR__ 100015062 - 1__Aktuelle Stunde__ukraine - Hauptstadt unter Drohnen-Beschuss_A02', 'WDR__ 100015062 - 1__Aktuelle Stunde__ukraine - Hauptstadt unter Drohnen-Beschuss']","['2:8f0e815c252b8d0f21c750201da71a2f', '2:8ff0cf9f0ccc803205cd62a53661b4a3', '2:ae47b7062a84f54ee4ac849218f103af']",00:08:20:15:25/1,00:13:11:08:25/1,"['Avid MediaFiles/MXF/CAPM.1/WDR__ 100015062 - 1__Aktuelle Stunde__ukraine - Hauptstadt unter Drohnen-Beschuss_A01.mxf', 'Avid MediaFiles/MXF/CAPM.1/WDR__ 100015062 - 1__Aktuelle Stunde__ukraine - Hauptstadt unter Drohnen-Beschuss_A02.mxf', 'Avid MediaFiles/MXF/CAPM.1/WDR__ 100015062 - 1__Aktuelle Stunde__ukraine - Hauptstadt unter Drohnen-Beschuss.mxf']",
1760752,"['6385081_Drone_Rural_Village_Town_By_Daniele_Sgura_Artlist_5K_A01', '6385081_Drone_Rural_Village_Town_By_Daniele_Sgura_Artlist_5K_A02', '6385081_Drone_Rural_Village_Town_By_Daniele_Sgura_Artlist_5K']","['2:cefe354c5a51c8b04fa6138b4bfa0c10', '2:71d044acf01e5f6b23df42933c30173c', '2:bbff5e771c614ca3c034a38a50d97301']",00:08:52:09:25/1,00:09:06:04:25/1,"['Avid MediaFiles/MXF/ARCHIVAVID-2.2/6385081_Drone_Rural_Village_Town_By_Daniele_Sgura_Artlist_5K_A01.mxf', 'Avid MediaFiles/MXF/ARCHIVAVID-2.2/6385081_Drone_Rural_Village_Town_By_Daniele_Sgura_Artlist_5K_A02.mxf', 'Avid MediaFiles/MXF/ARCHIVAVID-2.2/6385081_Drone_Rural_Village_Town_By_Daniele_Sgura_Artlist_5K.mxf']",
1762692,"['GIA__2193876572__Ukrainian Military Began To Use New FPV Drones Controlled Via Optical Fiber At The Front_A01', 'GIA__2193876572__Ukrainian Military Began To Use New FPV Drones Controlled Via Optical Fiber At The Front_A02', 'GIA__2193876572__Ukrainian Military Began To Use New FPV Drones Controlled Via Optical Fiber At The Front']","['2:390904bf3b5c2224bf274e077049dc28', '2:6e4b10a3fa68b2c0c687f67ecfc91ca0', '2:4b65da8107a128a370c560f4a0cbbaad']",00:00:00:00:25/1,00:00:08:16:25/1,"['Avid MediaFiles/MXF/CAPM.1/GIA__2193876572__Ukrainian Military Began To Use New FPV Drones Controlled Via Optical Fiber At The Front_A01.mxf', 'Avid MediaFiles/MXF/CAPM.1/GIA__2193876572__Ukrainian Military Began To Use New FPV Drones Controlled Via Optical Fiber At The Front_A02.mxf', 'Avid MediaFiles/MXF/CAPM.1/GIA__2193876572__Ukrainian Military Began To Use New FPV Drones Controlled Via Optical Fiber At The Front.mxf']",
1762695,"['GIA__2035840470__Ukrainian soldiers test drones amid ongoing war with Russia for 2 years_A01', 'GIA__2035840470__Ukrainian soldiers test drones amid ongoing war with Russia for 2 years_A02', 'GIA__2035840470__Ukrainian soldiers test drones amid ongoing war with Russia for 2 years']","['2:d9ee051b3374f85233cfa8fa3c1b8548', '2:aa189a08fbc7d35fbb9cd5162bedbdd7', '2:feb934cd951a3210fe17d325f8bd8d96']",00:00:00:00:25/1,00:01:52:20:25/1,"['Avid MediaFiles/MXF/CAPM.1/GIA__2035840470__Ukrainian soldiers test drones amid ongoing war with Russia for 2 years_A01.mxf', 'Avid MediaFiles/MXF/CAPM.1/GIA__2035840470__Ukrainian soldiers test drones amid ongoing war with Russia for 2 years_A02.mxf', 'Avid MediaFiles/MXF/CAPM.1/GIA__2035840470__Ukrainian soldiers test drones amid ongoing war with Russia for 2 years.mxf']",
1762696,"['GIA__2202763267__Ukrainian soldiers prepare FPV Drones as military mobility continues in Donetsk Oblast_A01', 'GIA__2202763267__Ukrainian soldiers prepare FPV Drones as military mobility continues in Donetsk Oblast_A02', 'GIA__2202763267__Ukrainian soldiers prepare FPV Drones as military mobility continues in Donetsk Oblast']","['2:0cf5502f8ae27b6fc58a594d3db7a479', '2:cbcf10653bfa6d9486a6a2fe8a6655c1', '2:0edd3a4f2dc7510cd67c996e65e1c45a']",00:00:00:00:25/1,00:01:02:04:25/1,"['Avid MediaFiles/MXF/CAPM.1/GIA__2202763267__Ukrainian soldiers prepare FPV Drones as military mobility continues in Donetsk Oblast_A01.mxf', 'Avid MediaFiles/MXF/CAPM.1/GIA__2202763267__Ukrainian soldiers prepare FPV Drones as military mobility continues in Donetsk Oblast_A02.mxf', 'Avid MediaFiles/MXF/CAPM.1/GIA__2202763267__Ukrainian soldiers prepare FPV Drones as military mobility continues in Donetsk Oblast.mxf']",
1762697,"['GIA__2231479563__Ukrainian Military Uses Fiber-Optic-Controlled FPV Drones In Donetsk Oblast_A01', 'GIA__2231479563__Ukrainian Military Uses Fiber-Optic-Controlled FPV Drones In Donetsk Oblast_A02', 'GIA__2231479563__Ukrainian Military Uses Fiber-Optic-Controlled FPV Drones In Donetsk Oblast']","['2:208ec4a5041910cccd760a93098a4b8a', '2:07e6dcb6ac8ca793a471db604a167680', '2:0c6b634cd0edab8909a2f1aae683ac66']",00:00:00:00:25/1,00:00:05:22:25/1,"['Avid MediaFiles/MXF/CAPM.1/GIA__2231479563__Ukrainian Military Uses Fiber-Optic-Controlled FPV Drones In Donetsk Oblast_A01.mxf', 'Avid MediaFiles/MXF/CAPM.1/GIA__2231479563__Ukrainian Military Uses Fiber-Optic-Controlled FPV Drones In Donetsk Oblast_A02.mxf', 'Avid MediaFiles/MXF/CAPM.1/GIA__2231479563__Ukrainian Military Uses Fiber-Optic-Controlled FPV Drones In Donetsk Oblast.mxf']",
1762698,"['GIA__2231479575__Ukrainian Military Uses Fiber-Optic-Controlled FPV Drones In Donetsk Oblast_A01', 'GIA__2231479575__Ukrainian Military Uses Fiber-Optic-Controlled FPV Drones In Donetsk Oblast_A02', 'GIA__2231479575__Ukrainian Military Uses Fiber-Optic-Controlled FPV Drones In Donetsk Oblast']","['2:e311d9f7591c78207eb89adf8c729cc6', '2:dbf778006630245f1b0adcf1822f8851', '2:c84b8035a666161184033f26a71655c5']",00:00:00:00:25/1,00:00:05:01:25/1,"['Avid MediaFiles/MXF/CAPM.1/GIA__2231479575__Ukrainian Military Uses Fiber-Optic-Controlled FPV Drones In Donetsk Oblast_A01.mxf', 'Avid MediaFiles/MXF/CAPM.1/GIA__2231479575__Ukrainian Military Uses Fiber-Optic-Controlled FPV Drones In Donetsk Oblast_A02.mxf', 'Avid MediaFiles/MXF/CAPM.1/GIA__2231479575__Ukrainian Military Uses Fiber-Optic-Controlled FPV Drones In Donetsk Oblast.mxf']",
1762699,"['GIA__2231479594__Ukrainian Military Uses Fiber-Optic-Controlled FPV Drones In Donetsk Oblast_A01', 'GIA__2231479594__Ukrainian Military Uses Fiber-Optic-Controlled FPV Drones In Donetsk Oblast_A02', 'GIA__2231479594__Ukrainian Military Uses Fiber-Optic-Controlled FPV Drones In Donetsk Oblast']","['2:bd83eee8af1e9de8db725adc6a830a24', '2:cdf7b9f225cb778cc86d4784d47be8f9', '2:4ccb9eed7e831189b8ef3baffdbd7d99']",00:00:00:00:25/1,00:00:07:06:25/1,"['Avid MediaFiles/MXF/CAPM.1/GIA__2231479594__Ukrainian Military Uses Fiber-Optic-Controlled FPV Drones In Donetsk Oblast_A01.mxf', 'Avid MediaFiles/MXF/CAPM.1/GIA__2231479594__Ukrainian Military Uses Fiber-Optic-Controlled FPV Drones In Donetsk Oblast_A02.mxf', 'Avid MediaFiles/MXF/CAPM.1/GIA__2231479594__Ukrainian Military Uses Fiber-Optic-Controlled FPV Drones In Donetsk Oblast.mxf']",
1763507,"['2025-05-11_B-Roll_FX6_DJI_0012_A01', '2025-05-11_B-Roll_FX6_DJI_0012_A02', '2025-05-11_B-Roll_FX6_DJI_0012']","['2:5c19482cde00af075cc6d9eb036d0e72', '2:3f6256b4fe0938fa24d07539e813287e', '2:9b0c7782691f24ba2dfe6c255df02842']",00:00:00:00:25/1,00:00:18:15:25/1,"['Avid MediaFiles/MXF/PP-DESKTOP-03.6/2025-05-11_B-Roll_FX6_DJI_0012_A01.mxf', 'Avid MediaFiles/MXF/PP-DESKTOP-03.6/2025-05-11_B-Roll_FX6_DJI_0012_A02.mxf', 'Avid MediaFiles/MXF/PP-DESKTOP-03.6/2025-05-11_B-Roll_FX6_DJI_0012.mxf']",
1763508,"['2025-05-11_B-Roll_FX6_DJI_0013_A01', '2025-05-11_B-Roll_FX6_DJI_0013_A02', '2025-05-11_B-Roll_FX6_DJI_0013']","['2:505826bfebede98509575f290de48984', '2:eac689887583888b750cd64dbaa58e57', '2:465178405494e9731cd9295790b26797']",00:00:00:00:25/1,00:00:30:00:25/1,"['Avid MediaFiles/MXF/PP-DESKTOP-03.6/2025-05-11_B-Roll_FX6_DJI_0013_A01.mxf', 'Avid MediaFiles/MXF/PP-DESKTOP-03.6/2025-05-11_B-Roll_FX6_DJI_0013_A02.mxf', 'Avid MediaFiles/MXF/PP-DESKTOP-03.6/2025-05-11_B-Roll_FX6_DJI_0013.mxf']",
1763509,"['2025-05-11_B-Roll_FX6_DJI_0014_A01', '2025-05-11_B-Roll_FX6_DJI_0014_A02', '2025-05-11_B-Roll_FX6_DJI_0014']","['2:f78f24c0a2944c8649ee88d2e1e43013', '2:c6df6ccb2e63ce9b500db82279664491', '2:6f53cb456fcbf3d1b5325ef8751c3aa9']",00:00:00:00:25/1,00:01:32:06:25/1,"['Avid MediaFiles/MXF/PP-DESKTOP-03.6/2025-05-11_B-Roll_FX6_DJI_0014_A01.mxf', 'Avid MediaFiles/MXF/PP-DESKTOP-03.6/2025-05-11_B-Roll_FX6_DJI_0014_A02.mxf', 'Avid MediaFiles/MXF/PP-DESKTOP-03.6/2025-05-11_B-Roll_FX6_DJI_0014.mxf']",
1763510,"['2025-05-11_B-Roll_FX6_DJI_0015_A01', '2025-05-11_B-Roll_FX6_DJI_0015_A02', '2025-05-11_B-Roll_FX6_DJI_0015']","['2:c3876ed20d0c44c2d9cd2c890ee48881', '2:682d10bd0745ee613ef631d763f072fa', '2:f3e6a98bad5e452f2904df462b2745ed']",00:00:00:00:25/1,00:00:31:11:25/1,"['Avid MediaFiles/MXF/PP-DESKTOP-03.6/2025-05-11_B-Roll_FX6_DJI_0015_A01.mxf', 'Avid MediaFiles/MXF/PP-DESKTOP-03.6/2025-05-11_B-Roll_FX6_DJI_0015_A02.mxf', 'Avid MediaFiles/MXF/PP-DESKTOP-03.6/2025-05-11_B-Roll_FX6_DJI_0015.mxf']",
1763511,"['2025-05-11_B-Roll_FX6_DJI_0016_A01', '2025-05-11_B-Roll_FX6_DJI_0016_A02', '2025-05-11_B-Roll_FX6_DJI_0016']","['2:84dd20545788ef0c7de26bb4d14eb2a4', '2:e453a7c095df9979def24a2eb75669a8', '2:1be9768472b91d05bf17ca51e18ba317']",00:00:00:00:25/1,00:00:07:15:25/1,"['Avid MediaFiles/MXF/PP-DESKTOP-03.6/2025-05-11_B-Roll_FX6_DJI_0016_A01.mxf', 'Avid MediaFiles/MXF/PP-DESKTOP-03.6/2025-05-11_B-Roll_FX6_DJI_0016_A02.mxf', 'Avid MediaFiles/MXF/PP-DESKTOP-03.6/2025-05-11_B-Roll_FX6_DJI_0016.mxf']",
1763512,"['2025-05-11_B-Roll_FX6_DJI_0017_A01', '2025-05-11_B-Roll_FX6_DJI_0017_A02', '2025-05-11_B-Roll_FX6_DJI_0017']","['2:2d81f220f4cf88d7921fdbdc681e3007', '2:04066e902ce4a4eb156d243afd618ec6', '2:07933e4a8ecd9c746a0d2fe65b3d9e1f']",00:00:00:00:25/1,00:01:45:20:25/1,"['Avid MediaFiles/MXF/PP-DESKTOP-03.6/2025-05-11_B-Roll_FX6_DJI_0017_A01.mxf', 'Avid MediaFiles/MXF/PP-DESKTOP-03.6/2025-05-11_B-Roll_FX6_DJI_0017_A02.mxf', 'Avid MediaFiles/MXF/PP-DESKTOP-03.6/2025-05-11_B-Roll_FX6_DJI_0017.mxf']",
1763513,"['2025-05-11_B-Roll_FX6_DJI_0018_A01', '2025-05-11_B-Roll_FX6_DJI_0018_A02', '2025-05-11_B-Roll_FX6_DJI_0018']","['2:ed50a4726e6969694f685c0f6be767ab', '2:7a863aab75841712fdb8f17e8e65abfb', '2:cfa1571c15f3b4863def084e31537356']",00:00:00:00:25/1,00:00:41:23:25/1,"['Avid MediaFiles/MXF/PP-DESKTOP-03.6/2025-05-11_B-Roll_FX6_DJI_0018_A01.mxf', 'Avid MediaFiles/MXF/PP-DESKTOP-03.6/2025-05-11_B-Roll_FX6_DJI_0018_A02.mxf', 'Avid MediaFiles/MXF/PP-DESKTOP-03.6/2025-05-11_B-Roll_FX6_DJI_0018.mxf']",
1763514,"['2025-05-11_B-Roll_FX6_DJI_0020_A01', '2025-05-11_B-Roll_FX6_DJI_0020_A02', '2025-05-11_B-Roll_FX6_DJI_0020']","['2:04308c1684f4d19efa853d5996507e45', '2:be4410b2c660c3a98ab02ac28a608f33', '2:a141fd7562626fa5ca1df5c8605308c7']",00:00:00:00:25/1,00:00:22:24:25/1,"['Avid MediaFiles/MXF/PP-DESKTOP-03.6/2025-05-11_B-Roll_FX6_DJI_0020_A01.mxf', 'Avid MediaFiles/MXF/PP-DESKTOP-03.6/2025-05-11_B-Roll_FX6_DJI_0020_A02.mxf', 'Avid MediaFiles/MXF/PP-DESKTOP-03.6/2025-05-11_B-Roll_FX6_DJI_0020.mxf']",
1763515,"['2025-05-11_B-Roll_FX6_DJI_0021_A01', '2025-05-11_B-Roll_FX6_DJI_0021_A02', '2025-05-11_B-Roll_FX6_DJI_0021']","['2:cafc26b4513e27d0cdcec780838bdf80', '2:739aae80156ed2e7f216ceac81b5119f', '2:65abd33f32facf84d1b80157f4f0e7eb']",00:00:00:00:25/1,00:00:36:02:25/1,"['Avid MediaFiles/MXF/PP-DESKTOP-03.6/2025-05-11_B-Roll_FX6_DJI_0021_A01.mxf', 'Avid MediaFiles/MXF/PP-DESKTOP-03.6/2025-05-11_B-Roll_FX6_DJI_0021_A02.mxf', 'Avid MediaFiles/MXF/PP-DESKTOP-03.6/2025-05-11_B-Roll_FX6_DJI_0021.mxf']",
1763516,"['2025-05-11_B-Roll_FX6_DJI_0022_A01', '2025-05-11_B-Roll_FX6_DJI_0022_A02', '2025-05-11_B-Roll_FX6_DJI_0022']","['2:1d2a7b052b4223a6af4e31266fccceb7', '2:b2eb54a3a896fd6ed3befeabfdd30ac6', '2:c94220ae48d1196193f6d5a93d1ead27']",00:00:00:00:25/1,00:00:18:06:25/1,"['Avid MediaFiles/MXF/PP-DESKTOP-03.6/2025-05-11_B-Roll_FX6_DJI_0022_A01.mxf', 'Avid MediaFiles/MXF/PP-DESKTOP-03.6/2025-05-11_B-Roll_FX6_DJI_0022_A02.mxf', 'Avid MediaFiles/MXF/PP-DESKTOP-03.6/2025-05-11_B-Roll_FX6_DJI_0022.mxf']",
1763517,"['2025-05-11_B-Roll_FX6_DJI_0023_A01', '2025-05-11_B-Roll_FX6_DJI_0023_A02', '2025-05-11_B-Roll_FX6_DJI_0023']","['2:2b0a6a4008880767a5069466eeae1032', '2:d9edd3af04895cf13bf62f191626eb4a', '2:ce0fc6735f5267cae9afcc62adfc2324']",00:00:00:00:25/1,00:00:23:05:25/1,"['Avid MediaFiles/MXF/PP-DESKTOP-03.6/2025-05-11_B-Roll_FX6_DJI_0023_A01.mxf', 'Avid MediaFiles/MXF/PP-DESKTOP-03.6/2025-05-11_B-Roll_FX6_DJI_0023_A02.mxf', 'Avid MediaFiles/MXF/PP-DESKTOP-03.6/2025-05-11_B-Roll_FX6_DJI_0023.mxf']",
1763518,"['2025-05-11_B-Roll_FX6_DJI_0024_A01', '2025-05-11_B-Roll_FX6_DJI_0024_A02', '2025-05-11_B-Roll_FX6_DJI_0024']","['2:cc07f8c017f1bdac72a198bd323e31e1', '2:3625e44b239691961b0f6ed8dd3f5f66', '2:f23850663f955309ffd3a4bb1410915b']",00:00:00:00:25/1,00:00:14:20:25/1,"['Avid MediaFiles/MXF/PP-DESKTOP-03.6/2025-05-11_B-Roll_FX6_DJI_0024_A01.mxf', 'Avid MediaFiles/MXF/PP-DESKTOP-03.6/2025-05-11_B-Roll_FX6_DJI_0024_A02.mxf', 'Avid MediaFiles/MXF/PP-DESKTOP-03.6/2025-05-11_B-Roll_FX6_DJI_0024.mxf']",
1763519,"['2025-05-11_B-Roll_FX6_DJI_0025_A01', '2025-05-11_B-Roll_FX6_DJI_0025_A02', '2025-05-11_B-Roll_FX6_DJI_0025']","['2:71534c810a63d6a11d96226684c94d85', '2:85ca5e083785a37cdefb8bbbabedf8ee', '2:7d4e4946de195da4080a9b851b13cfec']",00:00:00:00:25/1,00:00:17:06:25/1,"['Avid MediaFiles/MXF/PP-DESKTOP-03.6/2025-05-11_B-Roll_FX6_DJI_0025_A01.mxf', 'Avid MediaFiles/MXF/PP-DESKTOP-03.6/2025-05-11_B-Roll_FX6_DJI_0025_A02.mxf', 'Avid MediaFiles/MXF/PP-DESKTOP-03.6/2025-05-11_B-Roll_FX6_DJI_0025.mxf']",
1763520,"['2025-05-11_B-Roll_FX6_DJI_0026_A01', '2025-05-11_B-Roll_FX6_DJI_0026_A02', '2025-05-11_B-Roll_FX6_DJI_0026']","['2:67442429529350bad421ef14ccb4bbd8', '2:1d9408af34e56237681b70f9a57ff732', '2:41a3ad63929c3354e8a39c7d83b4d060']",00:00:00:00:25/1,00:00:16:03:25/1,"['Avid MediaFiles/MXF/PP-DESKTOP-03.6/2025-05-11_B-Roll_FX6_DJI_0026_A01.mxf', 'Avid MediaFiles/MXF/PP-DESKTOP-03.6/2025-05-11_B-Roll_FX6_DJI_0026_A02.mxf', 'Avid MediaFiles/MXF/PP-DESKTOP-03.6/2025-05-11_B-Roll_FX6_DJI_0026.mxf']",
1763521,"['2025-05-11_B-Roll_FX6_DJI_0027_A01', '2025-05-11_B-Roll_FX6_DJI_0027_A02', '2025-05-11_B-Roll_FX6_DJI_0027']","['2:eac03f9dd8f3d32afcc7e3af5d52c6f8', '2:8b4fc0bd8c8e78eea0698a2df09d7ac5', '2:390893314dc76dfa0a47d81968a7a8d7']",00:00:00:00:25/1,00:00:40:16:25/1,"['Avid MediaFiles/MXF/PP-DESKTOP-03.6/2025-05-11_B-Roll_FX6_DJI_0027_A01.mxf', 'Avid MediaFiles/MXF/PP-DESKTOP-03.6/2025-05-11_B-Roll_FX6_DJI_0027_A02.mxf', 'Avid MediaFiles/MXF/PP-DESKTOP-03.6/2025-05-11_B-Roll_FX6_DJI_0027.mxf']",
1763522,"['2025-05-11_B-Roll_FX6_DJI_0028_A01', '2025-05-11_B-Roll_FX6_DJI_0028_A02', '2025-05-11_B-Roll_FX6_DJI_0028']","['2:8e7845a6c0e8eb046920981c1328acbe', '2:2d0b0b146ee778b1d1168281a64dc075', '2:9c2f39cccabe7a53bfebfda34df8230c']",00:00:00:00:25/1,00:00:27:19:25/1,"['Avid MediaFiles/MXF/PP-DESKTOP-03.6/2025-05-11_B-Roll_FX6_DJI_0028_A01.mxf', 'Avid MediaFiles/MXF/PP-DESKTOP-03.6/2025-05-11_B-Roll_FX6_DJI_0028_A02.mxf', 'Avid MediaFiles/MXF/PP-DESKTOP-03.6/2025-05-11_B-Roll_FX6_DJI_0028.mxf']",
1763523,"['2025-05-11_B-Roll_FX6_DJI_0029_A01', '2025-05-11_B-Roll_FX6_DJI_0029_A02', '2025-05-11_B-Roll_FX6_DJI_0029']","['2:61263ac6c497ea77fadbee27cb0ea661', '2:2a2c6ae57ce7e0472a098ab17010518a', '2:4950835a5b43d1b575abb234de2b8d8b']",00:00:00:00:25/1,00:00:43:01:25/1,"['Avid MediaFiles/MXF/PP-DESKTOP-03.6/2025-05-11_B-Roll_FX6_DJI_0029_A01.mxf', 'Avid MediaFiles/MXF/PP-DESKTOP-03.6/2025-05-11_B-Roll_FX6_DJI_0029_A02.mxf', 'Avid MediaFiles/MXF/PP-DESKTOP-03.6/2025-05-11_B-Roll_FX6_DJI_0029.mxf']",
1763524,"['2025-05-11_B-Roll_FX6_DJI_0030_A01', '2025-05-11_B-Roll_FX6_DJI_0030_A02', '2025-05-11_B-Roll_FX6_DJI_0030']","['2:54c26a0a905b9b2f6c5cafde90c34fbf', '2:92878cab1e7a3bb365eb9f7fabae05d1', '2:820b657a6519eba139566e05d2ba704a']",00:00:00:00:25/1,00:00:44:18:25/1,"['Avid MediaFiles/MXF/PP-DESKTOP-03.6/2025-05-11_B-Roll_FX6_DJI_0030_A01.mxf', 'Avid MediaFiles/MXF/PP-DESKTOP-03.6/2025-05-11_B-Roll_FX6_DJI_0030_A02.mxf', 'Avid MediaFiles/MXF/PP-DESKTOP-03.6/2025-05-11_B-Roll_FX6_DJI_0030.mxf']",
1763525,"['2025-05-11_B-Roll_FX6_DJI_0031_A01', '2025-05-11_B-Roll_FX6_DJI_0031_A02', '2025-05-11_B-Roll_FX6_DJI_0031']","['2:421e3a84e8b6e0173a4ad624288b3ce8', '2:2b2d4b732f5d2d761b6e681be4614351', '2:6b3b273bb6844a94658c26d2dd1e70e8']",00:00:00:00:25/1,00:00:54:10:25/1,"['Avid MediaFiles/MXF/PP-DESKTOP-03.6/2025-05-11_B-Roll_FX6_DJI_0031_A01.mxf', 'Avid MediaFiles/MXF/PP-DESKTOP-03.6/2025-05-11_B-Roll_FX6_DJI_0031_A02.mxf', 'Avid MediaFiles/MXF/PP-DESKTOP-03.6/2025-05-11_B-Roll_FX6_DJI_0031.mxf']",
1763526,"['2025-05-11_B-Roll_FX6_DJI_0032_A01', '2025-05-11_B-Roll_FX6_DJI_0032_A02', '2025-05-11_B-Roll_FX6_DJI_0032']","['2:044a178620dbb98bfad9060a53f873ae', '2:9f1ef3e41b8d6b3965dd0a65a52a822b', '2:3e87054a1254f79b7883f984e76ae11e']",00:00:00:00:25/1,00:00:41:16:25/1,"['Avid MediaFiles/MXF/PP-DESKTOP-03.6/2025-05-11_B-Roll_FX6_DJI_0032_A01.mxf', 'Avid MediaFiles/MXF/PP-DESKTOP-03.6/2025-05-11_B-Roll_FX6_DJI_0032_A02.mxf', 'Avid MediaFiles/MXF/PP-DESKTOP-03.6/2025-05-11_B-Roll_FX6_DJI_0032.mxf']",
1763527,"['2025-05-11_B-Roll_FX6_DJI_0033_A01', '2025-05-11_B-Roll_FX6_DJI_0033_A02', '2025-05-11_B-Roll_FX6_DJI_0033']","['2:077b2bb2b2cee178871f2264c916b1f6', '2:e5f171e8943200d97a76a8419440b73c', '2:227a32938130f69f33285f940bc6f250']",00:00:00:00:25/1,00:00:51:07:25/1,"['Avid MediaFiles/MXF/PP-DESKTOP-03.6/2025-05-11_B-Roll_FX6_DJI_0033_A01.mxf', 'Avid MediaFiles/MXF/PP-DESKTOP-03.6/2025-05-11_B-Roll_FX6_DJI_0033_A02.mxf', 'Avid MediaFiles/MXF/PP-DESKTOP-03.6/2025-05-11_B-Roll_FX6_DJI_0033.mxf']",
1763528,"['2025-05-11_B-Roll_FX6_DJI_0034_A01', '2025-05-11_B-Roll_FX6_DJI_0034_A02', '2025-05-11_B-Roll_FX6_DJI_0034']","['2:a42d1e9e07b83cdb1d54537898d5db13', '2:676158d5fffb73e83d183ee628e493c0', '2:3ef8262a6432cb77675de710d871ab48']",00:00:00:00:25/1,00:00:26:09:25/1,"['Avid MediaFiles/MXF/PP-DESKTOP-03.6/2025-05-11_B-Roll_FX6_DJI_0034_A01.mxf', 'Avid MediaFiles/MXF/PP-DESKTOP-03.6/2025-05-11_B-Roll_FX6_DJI_0034_A02.mxf', 'Avid MediaFiles/MXF/PP-DESKTOP-03.6/2025-05-11_B-Roll_FX6_DJI_0034.mxf']",
1763529,"['2025-05-11_B-Roll_FX6_DJI_0035_A01', '2025-05-11_B-Roll_FX6_DJI_0035_A02', '2025-05-11_B-Roll_FX6_DJI_0035']","['2:28c31bb4da568261d86ddd87e87041e5', '2:840c6776f186e112a103a1933ff3a470', '2:a0cfa1e4c8d0211d197e6a681ec9095b']",00:00:00:00:25/1,00:00:51:19:25/1,"['Avid MediaFiles/MXF/PP-DESKTOP-03.6/2025-05-11_B-Roll_FX6_DJI_0035_A01.mxf', 'Avid MediaFiles/MXF/PP-DESKTOP-03.6/2025-05-11_B-Roll_FX6_DJI_0035_A02.mxf', 'Avid MediaFiles/MXF/PP-DESKTOP-03.6/2025-05-11_B-Roll_FX6_DJI_0035.mxf']",
1763530,"['2025-05-11_B-Roll_FX6_DJI_0036_A01', '2025-05-11_B-Roll_FX6_DJI_0036_A02', '2025-05-11_B-Roll_FX6_DJI_0036']","['2:753dc35652fea8fe59fb0f70aff8f3cf', '2:85e81e0765368c1276f68f7c1adb9b11', '2:35450a93b1a25572704da27f7b1fe095']",00:00:00:00:25/1,00:00:37:09:25/1,"['Avid MediaFiles/MXF/PP-DESKTOP-03.6/2025-05-11_B-Roll_FX6_DJI_0036_A01.mxf', 'Avid MediaFiles/MXF/PP-DESKTOP-03.6/2025-05-11_B-Roll_FX6_DJI_0036_A02.mxf', 'Avid MediaFiles/MXF/PP-DESKTOP-03.6/2025-05-11_B-Roll_FX6_DJI_0036.mxf']",
1763531,"['2025-05-11_B-Roll_FX6_DJI_0037_A01', '2025-05-11_B-Roll_FX6_DJI_0037_A02', '2025-05-11_B-Roll_FX6_DJI_0037']","['2:d29d0a77ef92eb78b07a6872bc2af03f', '2:8719a08fce11f0124b26afc95d4e8e4d', '2:bc41df1a91a3a6eb481c3a27fd0c4d7e']",00:00:00:00:25/1,00:00:46:12:25/1,"['Avid MediaFiles/MXF/PP-DESKTOP-03.6/2025-05-11_B-Roll_FX6_DJI_0037_A01.mxf', 'Avid MediaFiles/MXF/PP-DESKTOP-03.6/2025-05-11_B-Roll_FX6_DJI_0037_A02.mxf', 'Avid MediaFiles/MXF/PP-DESKTOP-03.6/2025-05-11_B-Roll_FX6_DJI_0037.mxf']",
1763532,"['2025-05-11_B-Roll_FX6_DJI_0038_A01', '2025-05-11_B-Roll_FX6_DJI_0038_A02', '2025-05-11_B-Roll_FX6_DJI_0038']","['2:3b771554adc00f6e0affb3ab054d7060', '2:c4873348fec91af44b3510fa6ac7bf83', '2:cca1e5116d162a469f06f4dc4bec6417']",00:00:00:00:25/1,00:00:01:03:25/1,"['Avid MediaFiles/MXF/PP-DESKTOP-03.6/2025-05-11_B-Roll_FX6_DJI_0038_A01.mxf', 'Avid MediaFiles/MXF/PP-DESKTOP-03.6/2025-05-11_B-Roll_FX6_DJI_0038_A02.mxf', 'Avid MediaFiles/MXF/PP-DESKTOP-03.6/2025-05-11_B-Roll_FX6_DJI_0038.mxf']",
1763533,"['2025-05-11_B-Roll_FX6_DJI_0040_A01', '2025-05-11_B-Roll_FX6_DJI_0040_A02', '2025-05-11_B-Roll_FX6_DJI_0040']","['2:d026852cbb44ece11c0a649f7610b71f', '2:54108b733541a60574708d43f12526e5', '2:29d450f8b1275e0e41799ae23d499e02']",00:00:00:00:25/1,00:00:28:24:25/1,"['Avid MediaFiles/MXF/PP-DESKTOP-03.6/2025-05-11_B-Roll_FX6_DJI_0040_A01.mxf', 'Avid MediaFiles/MXF/PP-DESKTOP-03.6/2025-05-11_B-Roll_FX6_DJI_0040_A02.mxf', 'Avid MediaFiles/MXF/PP-DESKTOP-03.6/2025-05-11_B-Roll_FX6_DJI_0040.mxf']",
1763535,"['2025-05-11_B-Roll_FX6_DJI_0041_A01', '2025-05-11_B-Roll_FX6_DJI_0041_A02', '2025-05-11_B-Roll_FX6_DJI_0041']","['2:21fd990c41d1ab6dd217b029614e36d0', '2:fa970d5767c59aecee877ba8103e1552', '2:1814554cd6597e853b0015d6dab3a60e']",00:00:00:00:25/1,00:00:40:08:25/1,"['Avid MediaFiles/MXF/PP-DESKTOP-03.6/2025-05-11_B-Roll_FX6_DJI_0041_A01.mxf', 'Avid MediaFiles/MXF/PP-DESKTOP-03.6/2025-05-11_B-Roll_FX6_DJI_0041_A02.mxf', 'Avid MediaFiles/MXF/PP-DESKTOP-03.6/2025-05-11_B-Roll_FX6_DJI_0041.mxf']",
1763536,"['2025-05-11_B-Roll_FX6_DJI_0042_A01', '2025-05-11_B-Roll_FX6_DJI_0042_A02', '2025-05-11_B-Roll_FX6_DJI_0042']","['2:a6235058473c206565537007a0d10894', '2:cfe79a909d22f68630c4bc38fe6e92fa', '2:3269725cd131908e610d7325df0dd8ad']",00:00:00:00:25/1,00:00:39:11:25/1,"['Avid MediaFiles/MXF/PP-DESKTOP-03.6/2025-05-11_B-Roll_FX6_DJI_0042_A01.mxf', 'Avid MediaFiles/MXF/PP-DESKTOP-03.6/2025-05-11_B-Roll_FX6_DJI_0042_A02.mxf', 'Avid MediaFiles/MXF/PP-DESKTOP-03.6/2025-05-11_B-Roll_FX6_DJI_0042.mxf']",
1763537,"['2025-05-11_B-Roll_FX6_DJI_0044_A01', '2025-05-11_B-Roll_FX6_DJI_0044_A02', '2025-05-11_B-Roll_FX6_DJI_0044']","['2:82ca7d97280ff4eb95f3f86df1d3f0e2', '2:a1cff943e85d819495bdc8779c4ed492', '2:7c154010a619d0171e891a02333448f2']",00:00:00:00:25/1,00:00:14:13:25/1,"['Avid MediaFiles/MXF/PP-DESKTOP-03.6/2025-05-11_B-Roll_FX6_DJI_0044_A01.mxf', 'Avid MediaFiles/MXF/PP-DESKTOP-03.6/2025-05-11_B-Roll_FX6_DJI_0044_A02.mxf', 'Avid MediaFiles/MXF/PP-DESKTOP-03.6/2025-05-11_B-Roll_FX6_DJI_0044.mxf']",
1763538,"['2025-05-11_B-Roll_FX6_DJI_0043_A01', '2025-05-11_B-Roll_FX6_DJI_0043_A02', '2025-05-11_B-Roll_FX6_DJI_0043']","['2:a01ba7aa5e6dd49cb31b0a40a2b5a7b5', '2:fb15bc68c7f78d56d11f0b1dd7c7b4bf', '2:3573da089624145ee05220850e50cd9a']",00:00:00:00:25/1,00:00:30:14:25/1,"['Avid MediaFiles/MXF/PP-DESKTOP-03.6/2025-05-11_B-Roll_FX6_DJI_0043_A01.mxf', 'Avid MediaFiles/MXF/PP-DESKTOP-03.6/2025-05-11_B-Roll_FX6_DJI_0043_A02.mxf', 'Avid MediaFiles/MXF/PP-DESKTOP-03.6/2025-05-11_B-Roll_FX6_DJI_0043.mxf']",
1763539,"['2025-05-11_B-Roll_FX6_DJI_0045_A01', '2025-05-11_B-Roll_FX6_DJI_0045_A02', '2025-05-11_B-Roll_FX6_DJI_0045']","['2:7fbb5071230419808cfc11634c4bb66f', '2:fb59d6376e648641021b8f892cf7d746', '2:8eea3e6a1558ccb1eee5702e59e0fb53']",00:00:00:00:25/1,00:00:53:16:25/1,"['Avid MediaFiles/MXF/PP-DESKTOP-03.6/2025-05-11_B-Roll_FX6_DJI_0045_A01.mxf', 'Avid MediaFiles/MXF/PP-DESKTOP-03.6/2025-05-11_B-Roll_FX6_DJI_0045_A02.mxf', 'Avid MediaFiles/MXF/PP-DESKTOP-03.6/2025-05-11_B-Roll_FX6_DJI_0045.mxf']",
1763540,"['2025-05-11_B-Roll_FX6_DJI_0046_A01', '2025-05-11_B-Roll_FX6_DJI_0046_A02', '2025-05-11_B-Roll_FX6_DJI_0046']","['2:96cf15f8640d4b112e32966e991fc6b4', '2:b4b55d6f47ae15347bb8ef16e7bf2ca1', '2:7f1cba3ca8aaf5c6cbbb8d928670127a']",00:00:00:00:25/1,00:00:24:17:25/1,"['Avid MediaFiles/MXF/PP-DESKTOP-03.6/2025-05-11_B-Roll_FX6_DJI_0046_A01.mxf', 'Avid MediaFiles/MXF/PP-DESKTOP-03.6/2025-05-11_B-Roll_FX6_DJI_0046_A02.mxf', 'Avid MediaFiles/MXF/PP-DESKTOP-03.6/2025-05-11_B-Roll_FX6_DJI_0046.mxf']",
1763541,"['2025-05-11_B-Roll_FX6_DJI_0047_A01', '2025-05-11_B-Roll_FX6_DJI_0047_A02', '2025-05-11_B-Roll_FX6_DJI_0047']","['2:a70cdc34a3fba731576d712276e88fcf', '2:48ef5520def9f0c46a2d2d21be9f19ef', '2:b325ece9ffca67c05433b33a7a744457']",00:00:00:00:25/1,00:00:32:00:25/1,"['Avid MediaFiles/MXF/PP-DESKTOP-03.6/2025-05-11_B-Roll_FX6_DJI_0047_A01.mxf', 'Avid MediaFiles/MXF/PP-DESKTOP-03.6/2025-05-11_B-Roll_FX6_DJI_0047_A02.mxf', 'Avid MediaFiles/MXF/PP-DESKTOP-03.6/2025-05-11_B-Roll_FX6_DJI_0047.mxf']",
1763542,"['2025-05-11_B-Roll_FX6_DJI_0053_A01', '2025-05-11_B-Roll_FX6_DJI_0053_A02', '2025-05-11_B-Roll_FX6_DJI_0053']","['2:0c11a2b5cbb61ef03ffd67734bd1ec02', '2:6fb261a3f8a65bb97652cc7d9e908d5c', '2:d44dea59467bdda1d10d6669d78bb65c']",00:00:00:00:25/1,00:00:01:09:25/1,"['Avid MediaFiles/MXF/PP-DESKTOP-03.6/2025-05-11_B-Roll_FX6_DJI_0053_A01.mxf', 'Avid MediaFiles/MXF/PP-DESKTOP-03.6/2025-05-11_B-Roll_FX6_DJI_0053_A02.mxf', 'Avid MediaFiles/MXF/PP-DESKTOP-03.6/2025-05-11_B-Roll_FX6_DJI_0053.mxf']",
1763543,"['2025-05-11_B-Roll_FX6_DJI_0058_A01', '2025-05-11_B-Roll_FX6_DJI_0058_A02', '2025-05-11_B-Roll_FX6_DJI_0058']","['2:e2433247231ae8901393b92c51731a2d', '2:88b72604ea0d452caac3cf09aeed7be0', '2:272ab27937dc08fdf9ceb0c764479c32']",00:00:00:00:25/1,00:00:47:24:25/1,"['Avid MediaFiles/MXF/PP-DESKTOP-03.6/2025-05-11_B-Roll_FX6_DJI_0058_A01.mxf', 'Avid MediaFiles/MXF/PP-DESKTOP-03.6/2025-05-11_B-Roll_FX6_DJI_0058_A02.mxf', 'Avid MediaFiles/MXF/PP-DESKTOP-03.6/2025-05-11_B-Roll_FX6_DJI_0058.mxf']",
1763544,"['2025-05-11_B-Roll_FX6_DJI_0059_A01', '2025-05-11_B-Roll_FX6_DJI_0059_A02', '2025-05-11_B-Roll_FX6_DJI_0059']","['2:0c2f01ef48cb912415e5c19550ec7c04', '2:7fbf99fbfb8ef4eea85a2526f55e5e9f', '2:d197f38cc215bc6bc6b8aa8cb81d4343']",00:00:00:00:25/1,00:01:01:08:25/1,"['Avid MediaFiles/MXF/PP-DESKTOP-03.6/2025-05-11_B-Roll_FX6_DJI_0059_A01.mxf', 'Avid MediaFiles/MXF/PP-DESKTOP-03.6/2025-05-11_B-Roll_FX6_DJI_0059_A02.mxf', 'Avid MediaFiles/MXF/PP-DESKTOP-03.6/2025-05-11_B-Roll_FX6_DJI_0059.mxf']",
1763545,"['2025-05-11_B-Roll_FX6_DJI_0061_A01', '2025-05-11_B-Roll_FX6_DJI_0061_A02', '2025-05-11_B-Roll_FX6_DJI_0061']","['2:58eed8ccdbfe94bc4846ab58ee6b4bdb', '2:57c3f1c2f88b07b256ebeca62c8e4868', '2:f8506ff23451b12f387f9d06cfdd9c1e']",00:00:00:00:25/1,00:00:18:08:25/1,"['Avid MediaFiles/MXF/PP-DESKTOP-03.6/2025-05-11_B-Roll_FX6_DJI_0061_A01.mxf', 'Avid MediaFiles/MXF/PP-DESKTOP-03.6/2025-05-11_B-Roll_FX6_DJI_0061_A02.mxf', 'Avid MediaFiles/MXF/PP-DESKTOP-03.6/2025-05-11_B-Roll_FX6_DJI_0061.mxf']",
1763546,"['2025-05-11_B-Roll_FX6_DJI_0060_A01', '2025-05-11_B-Roll_FX6_DJI_0060_A02', '2025-05-11_B-Roll_FX6_DJI_0060']","['2:f8a4a7c8205c9093dc53228e7667164f', '2:0ef0dce2682e69cbde128d41337bc876', '2:613798cb582844a6790638e4f7db6a37']",00:00:00:00:25/1,00:00:29:11:25/1,"['Avid MediaFiles/MXF/PP-DESKTOP-03.6/2025-05-11_B-Roll_FX6_DJI_0060_A01.mxf', 'Avid MediaFiles/MXF/PP-DESKTOP-03.6/2025-05-11_B-Roll_FX6_DJI_0060_A02.mxf', 'Avid MediaFiles/MXF/PP-DESKTOP-03.6/2025-05-11_B-Roll_FX6_DJI_0060.mxf']",
1763547,"['2025-05-11_B-Roll_FX6_DJI_0062_A01', '2025-05-11_B-Roll_FX6_DJI_0062_A02', '2025-05-11_B-Roll_FX6_DJI_0062']","['2:c43ae4578f0993a86aeca4024d53b00c', '2:19936aed0566d8e2e102dfe0670f69c3', '2:ef33050dd9aa514a6998c6eaea5af897']",00:00:00:00:25/1,00:01:53:01:25/1,"['Avid MediaFiles/MXF/PP-DESKTOP-03.6/2025-05-11_B-Roll_FX6_DJI_0062_A01.mxf', 'Avid MediaFiles/MXF/PP-DESKTOP-03.6/2025-05-11_B-Roll_FX6_DJI_0062_A02.mxf', 'Avid MediaFiles/MXF/PP-DESKTOP-03.6/2025-05-11_B-Roll_FX6_DJI_0062.mxf']",
1763548,"['2025-05-11_B-Roll_FX6_DJI_0929_A01', '2025-05-11_B-Roll_FX6_DJI_0929_A02', '2025-05-11_B-Roll_FX6_DJI_0929']","['2:937f3a72fd2ba66a2cb0caee687049ea', '2:7fc733e634451a67c2a7e2de53645837', '2:0ff3c2d6555c26d9100c1e8ffb0be1a9']",00:00:00:00:25/1,00:00:11:18:25/1,"['Avid MediaFiles/MXF/PP-DESKTOP-03.6/2025-05-11_B-Roll_FX6_DJI_0929_A01.mxf', 'Avid MediaFiles/MXF/PP-DESKTOP-03.6/2025-05-11_B-Roll_FX6_DJI_0929_A02.mxf', 'Avid MediaFiles/MXF/PP-DESKTOP-03.6/2025-05-11_B-Roll_FX6_DJI_0929.mxf']",
1763549,"['2025-05-11_B-Roll_FX6_DJI_0930_A01', '2025-05-11_B-Roll_FX6_DJI_0930_A02', '2025-05-11_B-Roll_FX6_DJI_0930']","['2:7671e6d29fd14a1a6cd48a5def2c2ba5', '2:9d4cf4e76b89ec6b35d3b6f1f3ca14c0', '2:db95bcfa9c108a4b7e63f2590f21b0e5']",00:00:00:00:25/1,00:00:23:07:25/1,"['Avid MediaFiles/MXF/PP-DESKTOP-03.6/2025-05-11_B-Roll_FX6_DJI_0930_A01.mxf', 'Avid MediaFiles/MXF/PP-DESKTOP-03.6/2025-05-11_B-Roll_FX6_DJI_0930_A02.mxf', 'Avid MediaFiles/MXF/PP-DESKTOP-03.6/2025-05-11_B-Roll_FX6_DJI_0930.mxf']",
1763550,"['2025-05-11_B-Roll_FX6_DJI_0931_A01', '2025-05-11_B-Roll_FX6_DJI_0931_A02', '2025-05-11_B-Roll_FX6_DJI_0931']","['2:92e1b42818496cee05ca46be2097735b', '2:3890a0721e92726f458d6c0c910dec61', '2:ba0e20295bcf50430e52ba485d4e4abf']",00:00:00:00:25/1,00:01:08:22:25/1,"['Avid MediaFiles/MXF/PP-DESKTOP-03.6/2025-05-11_B-Roll_FX6_DJI_0931_A01.mxf', 'Avid MediaFiles/MXF/PP-DESKTOP-03.6/2025-05-11_B-Roll_FX6_DJI_0931_A02.mxf', 'Avid MediaFiles/MXF/PP-DESKTOP-03.6/2025-05-11_B-Roll_FX6_DJI_0931.mxf']",
1763551,"['2025-05-11_B-Roll_FX6_DJI_0932_A01', '2025-05-11_B-Roll_FX6_DJI_0932_A02', '2025-05-11_B-Roll_FX6_DJI_0932']","['2:041b0b2080e78f9eeffa00faaf377d84', '2:566db2afc661f34c0fa81c9becfc0d7b', '2:9cd8e70da81d49c307c5a16166ba7f5b']",00:00:00:00:25/1,00:00:29:15:25/1,"['Avid MediaFiles/MXF/PP-DESKTOP-03.6/2025-05-11_B-Roll_FX6_DJI_0932_A01.mxf', 'Avid MediaFiles/MXF/PP-DESKTOP-03.6/2025-05-11_B-Roll_FX6_DJI_0932_A02.mxf', 'Avid MediaFiles/MXF/PP-DESKTOP-03.6/2025-05-11_B-Roll_FX6_DJI_0932.mxf']",
1763552,"['2025-05-11_B-Roll_FX6_DJI_0933_A01', '2025-05-11_B-Roll_FX6_DJI_0933_A02', '2025-05-11_B-Roll_FX6_DJI_0933']","['2:dccc337d7ce52552ec32b59f8354c3f0', '2:f47672059c4021139a7fbcd2fc882dce', '2:a37991beebcff9a77bb73f00a4db0862']",00:00:00:00:25/1,00:00:52:20:25/1,"['Avid MediaFiles/MXF/PP-DESKTOP-03.6/2025-05-11_B-Roll_FX6_DJI_0933_A01.mxf', 'Avid MediaFiles/MXF/PP-DESKTOP-03.6/2025-05-11_B-Roll_FX6_DJI_0933_A02.mxf', 'Avid MediaFiles/MXF/PP-DESKTOP-03.6/2025-05-11_B-Roll_FX6_DJI_0933.mxf']",
1763553,"['2025-05-11_B-Roll_FX6_DJI_0934_A01', '2025-05-11_B-Roll_FX6_DJI_0934_A02', '2025-05-11_B-Roll_FX6_DJI_0934']","['2:98627ee1fd33c7d088d07437ff635f0f', '2:827c549f6da3de999b6d9659ad3dec16', '2:bf15d19f8d7be65fc9b9ddc780503da1']",00:00:00:00:25/1,00:00:10:15:25/1,"['Avid MediaFiles/MXF/PP-DESKTOP-03.6/2025-05-11_B-Roll_FX6_DJI_0934_A01.mxf', 'Avid MediaFiles/MXF/PP-DESKTOP-03.6/2025-05-11_B-Roll_FX6_DJI_0934_A02.mxf', 'Avid MediaFiles/MXF/PP-DESKTOP-03.6/2025-05-11_B-Roll_FX6_DJI_0934.mxf']",
1763554,"['2025-05-11_B-Roll_FX6_DJI_0935_A01', '2025-05-11_B-Roll_FX6_DJI_0935_A02', '2025-05-11_B-Roll_FX6_DJI_0935']","['2:386c1956a3a15c0100a8d60e0a62373f', '2:7d9b191f4c1b9da163fd68be040df862', '2:a250e3bc710ddedf58705e12802e3c64']",00:00:00:00:25/1,00:00:36:21:25/1,"['Avid MediaFiles/MXF/PP-DESKTOP-03.6/2025-05-11_B-Roll_FX6_DJI_0935_A01.mxf', 'Avid MediaFiles/MXF/PP-DESKTOP-03.6/2025-05-11_B-Roll_FX6_DJI_0935_A02.mxf', 'Avid MediaFiles/MXF/PP-DESKTOP-03.6/2025-05-11_B-Roll_FX6_DJI_0935.mxf']",
1763555,"['2025-05-11_B-Roll_FX6_DJI_0936_A01', '2025-05-11_B-Roll_FX6_DJI_0936_A02', '2025-05-11_B-Roll_FX6_DJI_0936']","['2:9b45a40df024ed10115cc7af048a4775', '2:2361240cf5ec1caeab659de01e773bd6', '2:350554ebc0993218d1d4eab10548851d']",00:00:00:00:25/1,00:00:30:09:25/1,"['Avid MediaFiles/MXF/PP-DESKTOP-03.6/2025-05-11_B-Roll_FX6_DJI_0936_A01.mxf', 'Avid MediaFiles/MXF/PP-DESKTOP-03.6/2025-05-11_B-Roll_FX6_DJI_0936_A02.mxf', 'Avid MediaFiles/MXF/PP-DESKTOP-03.6/2025-05-11_B-Roll_FX6_DJI_0936.mxf']",
1763556,"['2025-05-11_B-Roll_FX6_DJI_0937_A01', '2025-05-11_B-Roll_FX6_DJI_0937_A02', '2025-05-11_B-Roll_FX6_DJI_0937']","['2:42a2baa6bb05b454918f76ceac878c79', '2:974abe1290875cfd41695b5aca1b61f4', '2:0e6f863a4d4d638d1aefeabe0671b25f']",00:00:00:00:25/1,00:00:19:12:25/1,"['Avid MediaFiles/MXF/PP-DESKTOP-03.6/2025-05-11_B-Roll_FX6_DJI_0937_A01.mxf', 'Avid MediaFiles/MXF/PP-DESKTOP-03.6/2025-05-11_B-Roll_FX6_DJI_0937_A02.mxf', 'Avid MediaFiles/MXF/PP-DESKTOP-03.6/2025-05-11_B-Roll_FX6_DJI_0937.mxf']",
1763557,"['2025-05-11_B-Roll_FX6_DJI_0938_A01', '2025-05-11_B-Roll_FX6_DJI_0938_A02', '2025-05-11_B-Roll_FX6_DJI_0938']","['2:2760c3ce6a38e4d142eca04b82551271', '2:bcffafda8c69b3df697f982353545fe8', '2:95655914323f5199cc981dbe353e8ff4']",00:00:00:00:25/1,00:00:31:13:25/1,"['Avid MediaFiles/MXF/PP-DESKTOP-03.6/2025-05-11_B-Roll_FX6_DJI_0938_A01.mxf', 'Avid MediaFiles/MXF/PP-DESKTOP-03.6/2025-05-11_B-Roll_FX6_DJI_0938_A02.mxf', 'Avid MediaFiles/MXF/PP-DESKTOP-03.6/2025-05-11_B-Roll_FX6_DJI_0938.mxf']",
1763558,"['2025-05-11_B-Roll_FX6_DJI_0939_A01', '2025-05-11_B-Roll_FX6_DJI_0939_A02', '2025-05-11_B-Roll_FX6_DJI_0939']","['2:60c7c54350c8d4c9cb2ff2937a93bef7', '2:de626e74a97b67a8a59b40d49aaff21b', '2:2466f2c676c99e6959d3a3d970baebaa']",00:00:00:00:25/1,00:00:31:24:25/1,"['Avid MediaFiles/MXF/PP-DESKTOP-03.6/2025-05-11_B-Roll_FX6_DJI_0939_A01.mxf', 'Avid MediaFiles/MXF/PP-DESKTOP-03.6/2025-05-11_B-Roll_FX6_DJI_0939_A02.mxf', 'Avid MediaFiles/MXF/PP-DESKTOP-03.6/2025-05-11_B-Roll_FX6_DJI_0939.mxf']",
1763559,"['2025-05-11_B-Roll_FX6_DJI_0940_A01', '2025-05-11_B-Roll_FX6_DJI_0940_A02', '2025-05-11_B-Roll_FX6_DJI_0940']","['2:7cecb1cf046cafdd6e01f5fd0f5c7648', '2:0dafddb829a559ff1af1b6303c37a0bd', '2:15cdd6fa4298d75b70876c4ead7b2b4e']",00:00:00:00:25/1,00:00:40:10:25/1,"['Avid MediaFiles/MXF/PP-DESKTOP-03.6/2025-05-11_B-Roll_FX6_DJI_0940_A01.mxf', 'Avid MediaFiles/MXF/PP-DESKTOP-03.6/2025-05-11_B-Roll_FX6_DJI_0940_A02.mxf', 'Avid MediaFiles/MXF/PP-DESKTOP-03.6/2025-05-11_B-Roll_FX6_DJI_0940.mxf']",
1763560,"['2025-05-11_B-Roll_FX6_DJI_0941_A01', '2025-05-11_B-Roll_FX6_DJI_0941_A02', '2025-05-11_B-Roll_FX6_DJI_0941']","['2:1f74299ffa57303007aa66204f845671', '2:52c8e4f582f0441cc234db3b0cfe3f01', '2:36c466ec85b4b91e8fd1015538e6000d']",00:00:00:00:25/1,00:00:14:18:25/1,"['Avid MediaFiles/MXF/PP-DESKTOP-03.6/2025-05-11_B-Roll_FX6_DJI_0941_A01.mxf', 'Avid MediaFiles/MXF/PP-DESKTOP-03.6/2025-05-11_B-Roll_FX6_DJI_0941_A02.mxf', 'Avid MediaFiles/MXF/PP-DESKTOP-03.6/2025-05-11_B-Roll_FX6_DJI_0941.mxf']",
1763561,"['2025-05-11_B-Roll_FX6_DJI_0942_A01', '2025-05-11_B-Roll_FX6_DJI_0942_A02', '2025-05-11_B-Roll_FX6_DJI_0942']","['2:32deaf735fb5f7f66b97df9e15f51660', '2:dad48d0e603cdec9291ecc99f065c95e', '2:6d287132ce0bd897afe25d5c14945dd3']",00:00:00:00:25/1,00:00:08:07:25/1,"['Avid MediaFiles/MXF/PP-DESKTOP-03.6/2025-05-11_B-Roll_FX6_DJI_0942_A01.mxf', 'Avid MediaFiles/MXF/PP-DESKTOP-03.6/2025-05-11_B-Roll_FX6_DJI_0942_A02.mxf', 'Avid MediaFiles/MXF/PP-DESKTOP-03.6/2025-05-11_B-Roll_FX6_DJI_0942.mxf']",
1763562,"['2025-05-11_B-Roll_FX6_DJI_0943_A01', '2025-05-11_B-Roll_FX6_DJI_0943_A02', '2025-05-11_B-Roll_FX6_DJI_0943']","['2:aba3468e07dc088b1a45e848cfea8776', '2:6dd78cd4d0c152ec4357204a93dc5146', '2:db503ed16ebee2fb83a11f33bb4031ca']",00:00:00:00:25/1,00:00:20:24:25/1,"['Avid MediaFiles/MXF/PP-DESKTOP-03.6/2025-05-11_B-Roll_FX6_DJI_0943_A01.mxf', 'Avid MediaFiles/MXF/PP-DESKTOP-03.6/2025-05-11_B-Roll_FX6_DJI_0943_A02.mxf', 'Avid MediaFiles/MXF/PP-DESKTOP-03.6/2025-05-11_B-Roll_FX6_DJI_0943.mxf']",
1763563,"['2025-05-11_B-Roll_FX6_DJI_0944_A01', '2025-05-11_B-Roll_FX6_DJI_0944_A02', '2025-05-11_B-Roll_FX6_DJI_0944']","['2:2ffda624959c3190d197e5ea2cadb593', '2:5f9d6e453a6060f1682e861251c9dc4a', '2:2b4e6f738406cba08334150470da40de']",00:00:00:00:25/1,00:00:17:09:25/1,"['Avid MediaFiles/MXF/PP-DESKTOP-03.6/2025-05-11_B-Roll_FX6_DJI_0944_A01.mxf', 'Avid MediaFiles/MXF/PP-DESKTOP-03.6/2025-05-11_B-Roll_FX6_DJI_0944_A02.mxf', 'Avid MediaFiles/MXF/PP-DESKTOP-03.6/2025-05-11_B-Roll_FX6_DJI_0944.mxf']",
1763564,"['2025-05-11_B-Roll_FX6_DJI_0945_A01', '2025-05-11_B-Roll_FX6_DJI_0945_A02', '2025-05-11_B-Roll_FX6_DJI_0945']","['2:60e17fabf4a7671a7a940299b746954d', '2:4c9e31faecc4577dd69f389a1560177a', '2:e1b9e5f339acdd0b4096855a97188983']",00:00:00:00:25/1,00:00:24:05:25/1,"['Avid MediaFiles/MXF/PP-DESKTOP-03.6/2025-05-11_B-Roll_FX6_DJI_0945_A01.mxf', 'Avid MediaFiles/MXF/PP-DESKTOP-03.6/2025-05-11_B-Roll_FX6_DJI_0945_A02.mxf', 'Avid MediaFiles/MXF/PP-DESKTOP-03.6/2025-05-11_B-Roll_FX6_DJI_0945.mxf']",
1763565,"['2025-05-11_B-Roll_FX6_DJI_0946_A01', '2025-05-11_B-Roll_FX6_DJI_0946_A02', '2025-05-11_B-Roll_FX6_DJI_0946']","['2:75321875f3014a33e07ed6444dc36a3e', '2:da66597fd55359dd16a53a7da757044b', '2:20234b5e5e4ab0b034bc89dc2ef63f4a']",00:00:00:00:25/1,00:00:32:04:25/1,"['Avid MediaFiles/MXF/PP-DESKTOP-03.6/2025-05-11_B-Roll_FX6_DJI_0946_A01.mxf', 'Avid MediaFiles/MXF/PP-DESKTOP-03.6/2025-05-11_B-Roll_FX6_DJI_0946_A02.mxf', 'Avid MediaFiles/MXF/PP-DESKTOP-03.6/2025-05-11_B-Roll_FX6_DJI_0946.mxf']",
1763566,"['2025-05-11_B-Roll_FX6_DJI_0947_A01', '2025-05-11_B-Roll_FX6_DJI_0947_A02', '2025-05-11_B-Roll_FX6_DJI_0947']","['2:21308f250c6a6357b11697bffbf70d34', '2:d3ee6e6e68a3841835d9252a203fb573', '2:8da5093866e872a4438074c0eae10db9']",00:00:00:00:25/1,00:00:14:17:25/1,"['Avid MediaFiles/MXF/PP-DESKTOP-03.6/2025-05-11_B-Roll_FX6_DJI_0947_A01.mxf', 'Avid MediaFiles/MXF/PP-DESKTOP-03.6/2025-05-11_B-Roll_FX6_DJI_0947_A02.mxf', 'Avid MediaFiles/MXF/PP-DESKTOP-03.6/2025-05-11_B-Roll_FX6_DJI_0947.mxf']",
1763567,"['2025-05-11_B-Roll_FX6_DJI_0948_A01', '2025-05-11_B-Roll_FX6_DJI_0948_A02', '2025-05-11_B-Roll_FX6_DJI_0948']","['2:c866006993eca96ef2a84b1b17b9c981', '2:0479a1dcb1612f248fd21fbbab1a5736', '2:88af76977a23188a1825f684a6b2f997']",00:00:00:00:25/1,00:00:04:08:25/1,"['Avid MediaFiles/MXF/PP-DESKTOP-03.6/2025-05-11_B-Roll_FX6_DJI_0948_A01.mxf', 'Avid MediaFiles/MXF/PP-DESKTOP-03.6/2025-05-11_B-Roll_FX6_DJI_0948_A02.mxf', 'Avid MediaFiles/MXF/PP-DESKTOP-03.6/2025-05-11_B-Roll_FX6_DJI_0948.mxf']",
1763568,"['2025-05-11_B-Roll_FX6_DJI_0949_A01', '2025-05-11_B-Roll_FX6_DJI_0949_A02', '2025-05-11_B-Roll_FX6_DJI_0949']","['2:b875a22a2b7801ea342e990aa76acf60', '2:16cf570759126aaaca690b3a8861830b', '2:c5dad73c9cc4c74abb8e205ca6181e0b']",00:00:00:00:25/1,00:00:42:21:25/1,"['Avid MediaFiles/MXF/PP-DESKTOP-03.6/2025-05-11_B-Roll_FX6_DJI_0949_A01.mxf', 'Avid MediaFiles/MXF/PP-DESKTOP-03.6/2025-05-11_B-Roll_FX6_DJI_0949_A02.mxf', 'Avid MediaFiles/MXF/PP-DESKTOP-03.6/2025-05-11_B-Roll_FX6_DJI_0949.mxf']",
1763569,"['2025-05-11_B-Roll_FX6_DJI_0950_A01', '2025-05-11_B-Roll_FX6_DJI_0950_A02', '2025-05-11_B-Roll_FX6_DJI_0950']","['2:e51062985ce866813ee6e86f655c133f', '2:1f150bf89cd638735af23f5102abbb9e', '2:f11e0be82e44abd8cc5672fbef6e0921']",00:00:00:00:25/1,00:00:42:08:25/1,"['Avid MediaFiles/MXF/PP-DESKTOP-03.6/2025-05-11_B-Roll_FX6_DJI_0950_A01.mxf', 'Avid MediaFiles/MXF/PP-DESKTOP-03.6/2025-05-11_B-Roll_FX6_DJI_0950_A02.mxf', 'Avid MediaFiles/MXF/PP-DESKTOP-03.6/2025-05-11_B-Roll_FX6_DJI_0950.mxf']",
1763570,"['2025-05-11_B-Roll_FX6_DJI_0951_A01', '2025-05-11_B-Roll_FX6_DJI_0951_A02', '2025-05-11_B-Roll_FX6_DJI_0951']","['2:4b59da488f6bc75b5c137c37cd573daa', '2:8f82850e27be3a8838ab5cbba70a6995', '2:82f2bc31da32730cd2a538c6f4233601']",00:00:00:00:25/1,00:00:29:17:25/1,"['Avid MediaFiles/MXF/PP-DESKTOP-03.6/2025-05-11_B-Roll_FX6_DJI_0951_A01.mxf', 'Avid MediaFiles/MXF/PP-DESKTOP-03.6/2025-05-11_B-Roll_FX6_DJI_0951_A02.mxf', 'Avid MediaFiles/MXF/PP-DESKTOP-03.6/2025-05-11_B-Roll_FX6_DJI_0951.mxf']",
1763571,"['2025-05-11_B-Roll_FX6_DJI_0952_A01', '2025-05-11_B-Roll_FX6_DJI_0952_A02', '2025-05-11_B-Roll_FX6_DJI_0952']","['2:6128f4c308c14cbaee43a02042ed2117', '2:2208bcc481ddc534133d46c7d9fe7b2b', '2:d413dd05362cfe5ab41540943db65d2a']",00:00:00:00:25/1,00:00:47:00:25/1,"['Avid MediaFiles/MXF/PP-DESKTOP-03.6/2025-05-11_B-Roll_FX6_DJI_0952_A01.mxf', 'Avid MediaFiles/MXF/PP-DESKTOP-03.6/2025-05-11_B-Roll_FX6_DJI_0952_A02.mxf', 'Avid MediaFiles/MXF/PP-DESKTOP-03.6/2025-05-11_B-Roll_FX6_DJI_0952.mxf']",
1763572,"['2025-05-11_B-Roll_FX6_DJI_0953_A01', '2025-05-11_B-Roll_FX6_DJI_0953_A02', '2025-05-11_B-Roll_FX6_DJI_0953']","['2:74f5d075bc2257bb56c5255c4f05f61c', '2:d278c7c2fb30650b1869da342f471235', '2:378e4dfca6851bf2f7ac274e2b7455d8']",00:00:00:00:25/1,00:00:24:03:25/1,"['Avid MediaFiles/MXF/PP-DESKTOP-03.6/2025-05-11_B-Roll_FX6_DJI_0953_A01.mxf', 'Avid MediaFiles/MXF/PP-DESKTOP-03.6/2025-05-11_B-Roll_FX6_DJI_0953_A02.mxf', 'Avid MediaFiles/MXF/PP-DESKTOP-03.6/2025-05-11_B-Roll_FX6_DJI_0953.mxf']",
1763573,"['2025-05-11_B-Roll_FX6_DJI_0954_A01', '2025-05-11_B-Roll_FX6_DJI_0954_A02', '2025-05-11_B-Roll_FX6_DJI_0954']","['2:b984db7ef190c7d711ebb66fcb451897', '2:77d09a09619a9fbf1f56d30ac1c0fca3', '2:cb6b51ac9f150ea1dd8ebb71af9b6d5d']",00:00:00:00:25/1,00:00:56:03:25/1,"['Avid MediaFiles/MXF/PP-DESKTOP-03.6/2025-05-11_B-Roll_FX6_DJI_0954_A01.mxf', 'Avid MediaFiles/MXF/PP-DESKTOP-03.6/2025-05-11_B-Roll_FX6_DJI_0954_A02.mxf', 'Avid MediaFiles/MXF/PP-DESKTOP-03.6/2025-05-11_B-Roll_FX6_DJI_0954.mxf']",
1763574,"['2025-05-11_B-Roll_FX6_DJI_0955_A01', '2025-05-11_B-Roll_FX6_DJI_0955_A02', '2025-05-11_B-Roll_FX6_DJI_0955']","['2:a733634be3c632c2403ff5a0a199dd96', '2:bca82f05211978aee3db2047b0419ffe', '2:2ac5886fec5648dae08e71f8cf768eac']",00:00:00:00:25/1,00:00:25:08:25/1,"['Avid MediaFiles/MXF/PP-DESKTOP-03.6/2025-05-11_B-Roll_FX6_DJI_0955_A01.mxf', 'Avid MediaFiles/MXF/PP-DESKTOP-03.6/2025-05-11_B-Roll_FX6_DJI_0955_A02.mxf', 'Avid MediaFiles/MXF/PP-DESKTOP-03.6/2025-05-11_B-Roll_FX6_DJI_0955.mxf']",
1763575,"['2025-05-11_B-Roll_FX6_DJI_0956_A01', '2025-05-11_B-Roll_FX6_DJI_0956_A02', '2025-05-11_B-Roll_FX6_DJI_0956']","['2:3829270a43c78aaa30e9f8a7b8747865', '2:cd56c93eeef38a1ca586d2525cbbad98', '2:7dda3949ea3fad435b0c7dd2325361ba']",00:00:00:00:25/1,00:00:18:12:25/1,"['Avid MediaFiles/MXF/PP-DESKTOP-03.6/2025-05-11_B-Roll_FX6_DJI_0956_A01.mxf', 'Avid MediaFiles/MXF/PP-DESKTOP-03.6/2025-05-11_B-Roll_FX6_DJI_0956_A02.mxf', 'Avid MediaFiles/MXF/PP-DESKTOP-03.6/2025-05-11_B-Roll_FX6_DJI_0956.mxf']",
1763576,"['2025-05-11_B-Roll_FX6_DJI_0957_A01', '2025-05-11_B-Roll_FX6_DJI_0957_A02', '2025-05-11_B-Roll_FX6_DJI_0957']","['2:af9cafeb74cf79ca2139503b34561b6e', '2:f6fe299b944549e6af1ab781bbc8c8c0', '2:12cf5ccdbd4b392a28f8454403585a15']",00:00:00:00:25/1,00:00:48:12:25/1,"['Avid MediaFiles/MXF/PP-DESKTOP-03.6/2025-05-11_B-Roll_FX6_DJI_0957_A01.mxf', 'Avid MediaFiles/MXF/PP-DESKTOP-03.6/2025-05-11_B-Roll_FX6_DJI_0957_A02.mxf', 'Avid MediaFiles/MXF/PP-DESKTOP-03.6/2025-05-11_B-Roll_FX6_DJI_0957.mxf']",
1763577,"['2025-05-11_B-Roll_FX6_DJI_0958_A01', '2025-05-11_B-Roll_FX6_DJI_0958_A02', '2025-05-11_B-Roll_FX6_DJI_0958']","['2:014321e05a01d6c02d4d8c741877630f', '2:a9069298b78bc85ab104a7c89d37fabc', '2:43e2abab320dc651e99236febe15c21f']",00:00:00:00:25/1,00:00:46:12:25/1,"['Avid MediaFiles/MXF/PP-DESKTOP-03.6/2025-05-11_B-Roll_FX6_DJI_0958_A01.mxf', 'Avid MediaFiles/MXF/PP-DESKTOP-03.6/2025-05-11_B-Roll_FX6_DJI_0958_A02.mxf', 'Avid MediaFiles/MXF/PP-DESKTOP-03.6/2025-05-11_B-Roll_FX6_DJI_0958.mxf']",
1763578,"['2025-05-11_B-Roll_FX6_DJI_0959_A01', '2025-05-11_B-Roll_FX6_DJI_0959_A02', '2025-05-11_B-Roll_FX6_DJI_0959']","['2:d02f8f7570d30af44bcec67b7d8da785', '2:da4bf4829269d4a1f022f7877104122d', '2:3771633e22424f9a28215f1f7469ea3f']",00:00:00:00:25/1,00:00:29:09:25/1,"['Avid MediaFiles/MXF/PP-DESKTOP-03.6/2025-05-11_B-Roll_FX6_DJI_0959_A01.mxf', 'Avid MediaFiles/MXF/PP-DESKTOP-03.6/2025-05-11_B-Roll_FX6_DJI_0959_A02.mxf', 'Avid MediaFiles/MXF/PP-DESKTOP-03.6/2025-05-11_B-Roll_FX6_DJI_0959.mxf']",
1763579,"['2025-05-11_B-Roll_FX6_DJI_0960_A01', '2025-05-11_B-Roll_FX6_DJI_0960_A02', '2025-05-11_B-Roll_FX6_DJI_0960']","['2:0104239e0dcd1f6088849c8428ccca57', '2:cd89b986c9d57f5d217c4c1ead2f8bbf', '2:74ba616d32d778b60f82cb08e93120f3']",00:00:00:00:25/1,00:00:35:09:25/1,"['Avid MediaFiles/MXF/PP-DESKTOP-03.6/2025-05-11_B-Roll_FX6_DJI_0960_A01.mxf', 'Avid MediaFiles/MXF/PP-DESKTOP-03.6/2025-05-11_B-Roll_FX6_DJI_0960_A02.mxf', 'Avid MediaFiles/MXF/PP-DESKTOP-03.6/2025-05-11_B-Roll_FX6_DJI_0960.mxf']",
1763580,"['2025-05-11_B-Roll_FX6_DJI_0965_A01', '2025-05-11_B-Roll_FX6_DJI_0965_A02', '2025-05-11_B-Roll_FX6_DJI_0965']","['2:b342d1f460baa7faf4737c54399b7cc1', '2:6e42785f40e8dfba6b479de032e28b50', '2:e679131b5db2c1642bfcb58af5a84413']",00:00:00:00:25/1,00:00:31:21:25/1,"['Avid MediaFiles/MXF/PP-DESKTOP-03.6/2025-05-11_B-Roll_FX6_DJI_0965_A01.mxf', 'Avid MediaFiles/MXF/PP-DESKTOP-03.6/2025-05-11_B-Roll_FX6_DJI_0965_A02.mxf', 'Avid MediaFiles/MXF/PP-DESKTOP-03.6/2025-05-11_B-Roll_FX6_DJI_0965.mxf']",
1763581,"['2025-05-11_B-Roll_FX6_DJI_0966_A01', '2025-05-11_B-Roll_FX6_DJI_0966_A02', '2025-05-11_B-Roll_FX6_DJI_0966']","['2:1eca82f69e525da6eb7af455e1bbb855', '2:14c32288f2111d4f177dd20c922c4242', '2:0ca748dbebae41686939af12fbad93b7']",00:00:00:00:25/1,00:00:04:16:25/1,"['Avid MediaFiles/MXF/PP-DESKTOP-03.6/2025-05-11_B-Roll_FX6_DJI_0966_A01.mxf', 'Avid MediaFiles/MXF/PP-DESKTOP-03.6/2025-05-11_B-Roll_FX6_DJI_0966_A02.mxf', 'Avid MediaFiles/MXF/PP-DESKTOP-03.6/2025-05-11_B-Roll_FX6_DJI_0966.mxf']",
1763582,"['2025-05-11_B-Roll_FX6_DJI_0967_A01', '2025-05-11_B-Roll_FX6_DJI_0967_A02', '2025-05-11_B-Roll_FX6_DJI_0967']","['2:bc25bac7183d8920b54f03fbbea6883f', '2:3273a0bda77494884d0cdbb3ecb638a8', '2:d0ef5ad918a8a28e29df0ddb7e1d2318']",00:00:00:00:25/1,00:00:39:13:25/1,"['Avid MediaFiles/MXF/PP-DESKTOP-03.6/2025-05-11_B-Roll_FX6_DJI_0967_A01.mxf', 'Avid MediaFiles/MXF/PP-DESKTOP-03.6/2025-05-11_B-Roll_FX6_DJI_0967_A02.mxf', 'Avid MediaFiles/MXF/PP-DESKTOP-03.6/2025-05-11_B-Roll_FX6_DJI_0967.mxf']",
1763583,"['2025-05-11_B-Roll_FX6_DJI_0968_A01', '2025-05-11_B-Roll_FX6_DJI_0968_A02', '2025-05-11_B-Roll_FX6_DJI_0968']","['2:b0dc62cc6f448c74906bf52b91b2aad7', '2:7ed311657e291d9270d52c9ff7cf3ea8', '2:8177cd2e200ccb5409be26bbbdb9c17f']",00:00:00:00:25/1,00:00:10:22:25/1,"['Avid MediaFiles/MXF/PP-DESKTOP-03.6/2025-05-11_B-Roll_FX6_DJI_0968_A01.mxf', 'Avid MediaFiles/MXF/PP-DESKTOP-03.6/2025-05-11_B-Roll_FX6_DJI_0968_A02.mxf', 'Avid MediaFiles/MXF/PP-DESKTOP-03.6/2025-05-11_B-Roll_FX6_DJI_0968.mxf']",
1763584,"['2025-05-11_B-Roll_FX6_DJI_0969_A01', '2025-05-11_B-Roll_FX6_DJI_0969_A02', '2025-05-11_B-Roll_FX6_DJI_0969']","['2:77d4d7dc3c6c6868ae6567c7099d65d1', '2:6eba3b0b027f25e0e1c374a83d7148a6', '2:c7389cfce88f5b78bd63bd5eaf4185a4']",00:00:00:00:25/1,00:00:13:01:25/1,"['Avid MediaFiles/MXF/PP-DESKTOP-03.6/2025-05-11_B-Roll_FX6_DJI_0969_A01.mxf', 'Avid MediaFiles/MXF/PP-DESKTOP-03.6/2025-05-11_B-Roll_FX6_DJI_0969_A02.mxf', 'Avid MediaFiles/MXF/PP-DESKTOP-03.6/2025-05-11_B-Roll_FX6_DJI_0969.mxf']",
1763585,"['2025-05-11_B-Roll_FX6_DJI_0970_A01', '2025-05-11_B-Roll_FX6_DJI_0970_A02', '2025-05-11_B-Roll_FX6_DJI_0970']","['2:418289a1e7efdc73a9e076c5a8f19f96', '2:2b1e78b77935af496ced6051175d5248', '2:e8a82230eefc3fc59802abcbbba62882']",00:00:00:00:25/1,00:00:45:10:25/1,"['Avid MediaFiles/MXF/PP-DESKTOP-03.6/2025-05-11_B-Roll_FX6_DJI_0970_A01.mxf', 'Avid MediaFiles/MXF/PP-DESKTOP-03.6/2025-05-11_B-Roll_FX6_DJI_0970_A02.mxf', 'Avid MediaFiles/MXF/PP-DESKTOP-03.6/2025-05-11_B-Roll_FX6_DJI_0970.mxf']",
1763586,"['2025-05-11_B-Roll_FX6_DJI_0971_A01', '2025-05-11_B-Roll_FX6_DJI_0971_A02', '2025-05-11_B-Roll_FX6_DJI_0971']","['2:315c1a70e3e797dda3c1400d2b98d614', '2:0cb1190f185642ccea8d7a6ea460b394', '2:83d25bad6fab8a2c6b9b0af9e3594e83']",00:00:00:00:25/1,00:00:16:08:25/1,"['Avid MediaFiles/MXF/PP-DESKTOP-03.6/2025-05-11_B-Roll_FX6_DJI_0971_A01.mxf', 'Avid MediaFiles/MXF/PP-DESKTOP-03.6/2025-05-11_B-Roll_FX6_DJI_0971_A02.mxf', 'Avid MediaFiles/MXF/PP-DESKTOP-03.6/2025-05-11_B-Roll_FX6_DJI_0971.mxf']",
1763587,"['2025-05-11_B-Roll_FX6_DJI_0972_A01', '2025-05-11_B-Roll_FX6_DJI_0972_A02', '2025-05-11_B-Roll_FX6_DJI_0972']","['2:345f37407920df23a33458e397d72aca', '2:22291e60214c5e418456e9814594a3ad', '2:68f038d6d039183e175af821bca09244']",00:00:00:00:25/1,00:00:10:03:25/1,"['Avid MediaFiles/MXF/PP-DESKTOP-03.6/2025-05-11_B-Roll_FX6_DJI_0972_A01.mxf', 'Avid MediaFiles/MXF/PP-DESKTOP-03.6/2025-05-11_B-Roll_FX6_DJI_0972_A02.mxf', 'Avid MediaFiles/MXF/PP-DESKTOP-03.6/2025-05-11_B-Roll_FX6_DJI_0972.mxf']",
1763588,"['2025-05-11_B-Roll_FX6_DJI_0973_A01', '2025-05-11_B-Roll_FX6_DJI_0973_A02', '2025-05-11_B-Roll_FX6_DJI_0973']","['2:7f81a60935aaa97cdb375e5f92e44634', '2:2ae71451f9e48d2cbb6afe7d35652ead', '2:a8bfa40aa9095734132821a89fda5e06']",00:00:00:00:25/1,00:00:18:22:25/1,"['Avid MediaFiles/MXF/PP-DESKTOP-03.6/2025-05-11_B-Roll_FX6_DJI_0973_A01.mxf', 'Avid MediaFiles/MXF/PP-DESKTOP-03.6/2025-05-11_B-Roll_FX6_DJI_0973_A02.mxf', 'Avid MediaFiles/MXF/PP-DESKTOP-03.6/2025-05-11_B-Roll_FX6_DJI_0973.mxf']",
1763589,"['2025-05-11_B-Roll_FX6_DJI_0974_A01', '2025-05-11_B-Roll_FX6_DJI_0974_A02', '2025-05-11_B-Roll_FX6_DJI_0974']","['2:492dd426bcec14b6dba5d8409ec86638', '2:098b567ee9b697d3f5bef21ed8c3b6ba', '2:f6a483feb1adccd55aa073bed3e13d71']",00:00:00:00:25/1,00:00:01:10:25/1,"['Avid MediaFiles/MXF/PP-DESKTOP-03.6/2025-05-11_B-Roll_FX6_DJI_0974_A01.mxf', 'Avid MediaFiles/MXF/PP-DESKTOP-03.6/2025-05-11_B-Roll_FX6_DJI_0974_A02.mxf', 'Avid MediaFiles/MXF/PP-DESKTOP-03.6/2025-05-11_B-Roll_FX6_DJI_0974.mxf']",
1763590,"['2025-05-11_B-Roll_FX6_DJI_0975_A01', '2025-05-11_B-Roll_FX6_DJI_0975_A02', '2025-05-11_B-Roll_FX6_DJI_0975']","['2:0e119910d6976abdcaf1d0ecb8c1d1f9', '2:5f9ddd386ad4a898a18ad3f4f0cadeb0', '2:8382326eaa0bfd7069e3b6c6711ccd08']",00:00:00:00:25/1,00:00:17:06:25/1,"['Avid MediaFiles/MXF/PP-DESKTOP-03.6/2025-05-11_B-Roll_FX6_DJI_0975_A01.mxf', 'Avid MediaFiles/MXF/PP-DESKTOP-03.6/2025-05-11_B-Roll_FX6_DJI_0975_A02.mxf', 'Avid MediaFiles/MXF/PP-DESKTOP-03.6/2025-05-11_B-Roll_FX6_DJI_0975.mxf']",
1763591,"['2025-05-11_B-Roll_FX6_DJI_0976_A01', '2025-05-11_B-Roll_FX6_DJI_0976_A02', '2025-05-11_B-Roll_FX6_DJI_0976']","['2:ba5e4eaa77eeb0ba11f08b3884fb253f', '2:d027e2e6accdcf7a3b49e191f839e51d', '2:3d70776f63413fcc57efed49efbe108d']",00:00:00:00:25/1,00:00:22:09:25/1,"['Avid MediaFiles/MXF/PP-DESKTOP-03.6/2025-05-11_B-Roll_FX6_DJI_0976_A01.mxf', 'Avid MediaFiles/MXF/PP-DESKTOP-03.6/2025-05-11_B-Roll_FX6_DJI_0976_A02.mxf', 'Avid MediaFiles/MXF/PP-DESKTOP-03.6/2025-05-11_B-Roll_FX6_DJI_0976.mxf']",
1763592,"['2025-05-11_B-Roll_FX6_DJI_0977_A01', '2025-05-11_B-Roll_FX6_DJI_0977_A02', '2025-05-11_B-Roll_FX6_DJI_0977']","['2:25f4a9bc456402e16c424425371d8649', '2:73edde42614d0121dc463b5e4c3012c6', '2:8e441e476df21bbf1eff9359c97133d5']",00:00:00:00:25/1,00:00:28:11:25/1,"['Avid MediaFiles/MXF/PP-DESKTOP-03.6/2025-05-11_B-Roll_FX6_DJI_0977_A01.mxf', 'Avid MediaFiles/MXF/PP-DESKTOP-03.6/2025-05-11_B-Roll_FX6_DJI_0977_A02.mxf', 'Avid MediaFiles/MXF/PP-DESKTOP-03.6/2025-05-11_B-Roll_FX6_DJI_0977.mxf']",
1763593,"['2025-05-11_B-Roll_FX6_DJI_0978_A01', '2025-05-11_B-Roll_FX6_DJI_0978_A02', '2025-05-11_B-Roll_FX6_DJI_0978']","['2:16f80671a9c3088f9e42fda9313d9390', '2:f789883c748f3da4648a841785dd3284', '2:bef1d4375d548f775b9233446e0497c4']",00:00:00:00:25/1,00:00:47:14:25/1,"['Avid MediaFiles/MXF/PP-DESKTOP-03.6/2025-05-11_B-Roll_FX6_DJI_0978_A01.mxf', 'Avid MediaFiles/MXF/PP-DESKTOP-03.6/2025-05-11_B-Roll_FX6_DJI_0978_A02.mxf', 'Avid MediaFiles/MXF/PP-DESKTOP-03.6/2025-05-11_B-Roll_FX6_DJI_0978.mxf']",
1763594,"['2025-05-11_B-Roll_FX6_DJI_0979_A01', '2025-05-11_B-Roll_FX6_DJI_0979_A02', '2025-05-11_B-Roll_FX6_DJI_0979']","['2:c07e2cd7835dc7a15db9de39bf281e4a', '2:698c888516bc9ea85df85ab3f4e8bf9d', '2:935bbb4662342bc00ba8c2037cd72214']",00:00:00:00:25/1,00:00:23:23:25/1,"['Avid MediaFiles/MXF/PP-DESKTOP-03.6/2025-05-11_B-Roll_FX6_DJI_0979_A01.mxf', 'Avid MediaFiles/MXF/PP-DESKTOP-03.6/2025-05-11_B-Roll_FX6_DJI_0979_A02.mxf', 'Avid MediaFiles/MXF/PP-DESKTOP-03.6/2025-05-11_B-Roll_FX6_DJI_0979.mxf']",
1763595,"['2025-05-11_B-Roll_FX6_DJI_0980_A01', '2025-05-11_B-Roll_FX6_DJI_0980_A02', '2025-05-11_B-Roll_FX6_DJI_0980']","['2:6d1629c43e02fefc2fe7e447fb353c4e', '2:ee00863ac5236e76e4111b2793ac1220', '2:60b848657d3e8058d57c87ea17bd4d0d']",00:00:00:00:25/1,00:00:41:22:25/1,"['Avid MediaFiles/MXF/PP-DESKTOP-03.6/2025-05-11_B-Roll_FX6_DJI_0980_A01.mxf', 'Avid MediaFiles/MXF/PP-DESKTOP-03.6/2025-05-11_B-Roll_FX6_DJI_0980_A02.mxf', 'Avid MediaFiles/MXF/PP-DESKTOP-03.6/2025-05-11_B-Roll_FX6_DJI_0980.mxf']",
1763596,"['2025-05-11_B-Roll_FX6_DJI_0981_A01', '2025-05-11_B-Roll_FX6_DJI_0981_A02', '2025-05-11_B-Roll_FX6_DJI_0981']","['2:9776e719ec36d812ac01e62479bd0ceb', '2:34ffcc65b4430dfc6b75c24f5605eec6', '2:50460a8b3f78786cf3dd0832c1b5a365']",00:00:00:00:25/1,00:01:27:09:25/1,"['Avid MediaFiles/MXF/PP-DESKTOP-03.6/2025-05-11_B-Roll_FX6_DJI_0981_A01.mxf', 'Avid MediaFiles/MXF/PP-DESKTOP-03.6/2025-05-11_B-Roll_FX6_DJI_0981_A02.mxf', 'Avid MediaFiles/MXF/PP-DESKTOP-03.6/2025-05-11_B-Roll_FX6_DJI_0981.mxf']",
1763597,"['2025-05-11_B-Roll_FX6_DJI_0982_A01', '2025-05-11_B-Roll_FX6_DJI_0982_A02', '2025-05-11_B-Roll_FX6_DJI_0982']","['2:04d7259e1563dc3a4d187b5bbe0b9a7c', '2:5455d0f7f9e3d2552e3c8040cc54e657', '2:f179bb3b115f7b7ecee9e43e45e41052']",00:00:00:00:25/1,00:00:42:09:25/1,"['Avid MediaFiles/MXF/PP-DESKTOP-03.6/2025-05-11_B-Roll_FX6_DJI_0982_A01.mxf', 'Avid MediaFiles/MXF/PP-DESKTOP-03.6/2025-05-11_B-Roll_FX6_DJI_0982_A02.mxf', 'Avid MediaFiles/MXF/PP-DESKTOP-03.6/2025-05-11_B-Roll_FX6_DJI_0982.mxf']",
1763598,"['2025-05-11_B-Roll_FX6_DJI_0983_A01', '2025-05-11_B-Roll_FX6_DJI_0983_A02', '2025-05-11_B-Roll_FX6_DJI_0983']","['2:8cfc0cff302f37472a9b713d63cb65cf', '2:bee2189b518f18f1925c4ab03d93ca7f', '2:1e1ef0d5c2b452349176bb9fc470ee56']",00:00:00:00:25/1,00:00:55:23:25/1,"['Avid MediaFiles/MXF/PP-DESKTOP-03.6/2025-05-11_B-Roll_FX6_DJI_0983_A01.mxf', 'Avid MediaFiles/MXF/PP-DESKTOP-03.6/2025-05-11_B-Roll_FX6_DJI_0983_A02.mxf', 'Avid MediaFiles/MXF/PP-DESKTOP-03.6/2025-05-11_B-Roll_FX6_DJI_0983.mxf']",
1763599,"['2025-05-11_B-Roll_FX6_DJI_0984_A01', '2025-05-11_B-Roll_FX6_DJI_0984_A02', '2025-05-11_B-Roll_FX6_DJI_0984']","['2:b6e9782143021d2077e5ddb548281ca0', '2:b80add4e067e61957cbc8c4e996d949d', '2:6ffc5483d5d71f67eb47769fbffec30e']",00:00:00:00:25/1,00:00:46:24:25/1,"['Avid MediaFiles/MXF/PP-DESKTOP-03.6/2025-05-11_B-Roll_FX6_DJI_0984_A01.mxf', 'Avid MediaFiles/MXF/PP-DESKTOP-03.6/2025-05-11_B-Roll_FX6_DJI_0984_A02.mxf', 'Avid MediaFiles/MXF/PP-DESKTOP-03.6/2025-05-11_B-Roll_FX6_DJI_0984.mxf']",
1763600,"['2025-05-11_B-Roll_FX6_DJI_0985_A01', '2025-05-11_B-Roll_FX6_DJI_0985_A02', '2025-05-11_B-Roll_FX6_DJI_0985']","['2:62da5b1014bdd66abed2e635fcecf252', '2:d3fb476ef852dc14ef8038285f10f8fd', '2:19303614715046c5e76a8b09ac292a87']",00:00:00:00:25/1,00:00:18:21:25/1,"['Avid MediaFiles/MXF/PP-DESKTOP-03.6/2025-05-11_B-Roll_FX6_DJI_0985_A01.mxf', 'Avid MediaFiles/MXF/PP-DESKTOP-03.6/2025-05-11_B-Roll_FX6_DJI_0985_A02.mxf', 'Avid MediaFiles/MXF/PP-DESKTOP-03.6/2025-05-11_B-Roll_FX6_DJI_0985.mxf']",
1763601,"['2025-05-11_B-Roll_FX6_DJI_0986_A01', '2025-05-11_B-Roll_FX6_DJI_0986_A02', '2025-05-11_B-Roll_FX6_DJI_0986']","['2:681989e519eb4b7007556cd7282a3370', '2:04e379741aac26aff98d707b1f715f59', '2:b519437e3effd3489ccdaa229a7d02b4']",00:00:00:00:25/1,00:00:53:10:25/1,"['Avid MediaFiles/MXF/PP-DESKTOP-03.6/2025-05-11_B-Roll_FX6_DJI_0986_A01.mxf', 'Avid MediaFiles/MXF/PP-DESKTOP-03.6/2025-05-11_B-Roll_FX6_DJI_0986_A02.mxf', 'Avid MediaFiles/MXF/PP-DESKTOP-03.6/2025-05-11_B-Roll_FX6_DJI_0986.mxf']",
1763602,"['2025-05-11_B-Roll_FX6_DJI_0987_A01', '2025-05-11_B-Roll_FX6_DJI_0987_A02', '2025-05-11_B-Roll_FX6_DJI_0987']","['2:a7c8d2b12c94e7968f4125babecf1040', '2:ee6bcb3d9eaba6483f95f39f3ec6122e', '2:b6f2efee296147779306e2e5ff2fb252']",00:00:00:00:25/1,00:00:43:06:25/1,"['Avid MediaFiles/MXF/PP-DESKTOP-03.6/2025-05-11_B-Roll_FX6_DJI_0987_A01.mxf', 'Avid MediaFiles/MXF/PP-DESKTOP-03.6/2025-05-11_B-Roll_FX6_DJI_0987_A02.mxf', 'Avid MediaFiles/MXF/PP-DESKTOP-03.6/2025-05-11_B-Roll_FX6_DJI_0987.mxf']",
1763604,"['2025-05-11_B-Roll_FX6_DJI_0988_A01', '2025-05-11_B-Roll_FX6_DJI_0988_A02', '2025-05-11_B-Roll_FX6_DJI_0988']","['2:adc95435a98e6e4169a032d95cab0ccf', '2:ca5a5c13366e7311cf715830c7028257', '2:0cc3e67336afec2bf51d08a74fa5df48']",00:00:00:00:25/1,00:00:05:12:25/1,"['Avid MediaFiles/MXF/PP-DESKTOP-03.6/2025-05-11_B-Roll_FX6_DJI_0988_A01.mxf', 'Avid MediaFiles/MXF/PP-DESKTOP-03.6/2025-05-11_B-Roll_FX6_DJI_0988_A02.mxf', 'Avid MediaFiles/MXF/PP-DESKTOP-03.6/2025-05-11_B-Roll_FX6_DJI_0988.mxf']",
1763605,"['2025-05-11_B-Roll_FX6_DJI_0989_A01', '2025-05-11_B-Roll_FX6_DJI_0989_A02', '2025-05-11_B-Roll_FX6_DJI_0989']","['2:77d01143c9b0867bc19546384098ed1e', '2:9c84ea7a366c97bc9961b4dc86c17013', '2:8ec6c43460469ddb08a4b7424c70d05e']",00:00:00:00:25/1,00:00:20:14:25/1,"['Avid MediaFiles/MXF/PP-DESKTOP-03.6/2025-05-11_B-Roll_FX6_DJI_0989_A01.mxf', 'Avid MediaFiles/MXF/PP-DESKTOP-03.6/2025-05-11_B-Roll_FX6_DJI_0989_A02.mxf', 'Avid MediaFiles/MXF/PP-DESKTOP-03.6/2025-05-11_B-Roll_FX6_DJI_0989.mxf']",
1763606,"['2025-05-11_B-Roll_FX6_DJI_0990_A01', '2025-05-11_B-Roll_FX6_DJI_0990_A02', '2025-05-11_B-Roll_FX6_DJI_0990']","['2:0e3e8ce3b4fb0be9b431aafc8bd29e64', '2:00cf119dff60a45e651f28d0d8bf60d3', '2:b2ce02c52e9583b4c48d55e3ed5f339f']",00:00:00:00:25/1,00:00:54:13:25/1,"['Avid MediaFiles/MXF/PP-DESKTOP-03.6/2025-05-11_B-Roll_FX6_DJI_0990_A01.mxf', 'Avid MediaFiles/MXF/PP-DESKTOP-03.6/2025-05-11_B-Roll_FX6_DJI_0990_A02.mxf', 'Avid MediaFiles/MXF/PP-DESKTOP-03.6/2025-05-11_B-Roll_FX6_DJI_0990.mxf']",
1763607,"['2025-05-11_B-Roll_FX6_DJI_0991_A01', '2025-05-11_B-Roll_FX6_DJI_0991_A02', '2025-05-11_B-Roll_FX6_DJI_0991']","['2:24d38e51b0e285dc72790b12bd611440', '2:4de25da875797ddc4da26a823635a3d5', '2:94c4d5a9acb590559b7ce41ec7bd0b1e']",00:00:00:00:25/1,00:00:25:23:25/1,"['Avid MediaFiles/MXF/PP-DESKTOP-03.6/2025-05-11_B-Roll_FX6_DJI_0991_A01.mxf', 'Avid MediaFiles/MXF/PP-DESKTOP-03.6/2025-05-11_B-Roll_FX6_DJI_0991_A02.mxf', 'Avid MediaFiles/MXF/PP-DESKTOP-03.6/2025-05-11_B-Roll_FX6_DJI_0991.mxf']",
1763608,"['2025-05-11_B-Roll_FX6_DJI_0993_A01', '2025-05-11_B-Roll_FX6_DJI_0993_A02', '2025-05-11_B-Roll_FX6_DJI_0993']","['2:7da03fc9ac0cbaf9b4f744c99adabd36', '2:fa2dcbf67a57726d73b80c17ed8bd081', '2:cd775cbd2356c8f3940d33e37365083b']",00:00:00:00:25/1,00:00:07:02:25/1,"['Avid MediaFiles/MXF/PP-DESKTOP-03.6/2025-05-11_B-Roll_FX6_DJI_0993_A01.mxf', 'Avid MediaFiles/MXF/PP-DESKTOP-03.6/2025-05-11_B-Roll_FX6_DJI_0993_A02.mxf', 'Avid MediaFiles/MXF/PP-DESKTOP-03.6/2025-05-11_B-Roll_FX6_DJI_0993.mxf']",
1763609,"['2025-05-11_B-Roll_FX6_DJI_0992_A01', '2025-05-11_B-Roll_FX6_DJI_0992_A02', '2025-05-11_B-Roll_FX6_DJI_0992']","['2:14d720ac3bab0b1258b615d8e04ab6ef', '2:06f66fec653e1ba6516264ddcf099fd5', '2:aa0260982ed53ce5e575324e85294182']",00:00:00:00:25/1,00:00:56:24:25/1,"['Avid MediaFiles/MXF/PP-DESKTOP-03.6/2025-05-11_B-Roll_FX6_DJI_0992_A01.mxf', 'Avid MediaFiles/MXF/PP-DESKTOP-03.6/2025-05-11_B-Roll_FX6_DJI_0992_A02.mxf', 'Avid MediaFiles/MXF/PP-DESKTOP-03.6/2025-05-11_B-Roll_FX6_DJI_0992.mxf']",
1763610,"['2025-05-11_B-Roll_FX6_DJI_0994_A01', '2025-05-11_B-Roll_FX6_DJI_0994_A02', '2025-05-11_B-Roll_FX6_DJI_0994']","['2:538787d44fadd6e97211fe15f9d5a001', '2:7b30360a0c03361b0dc0c66bf0b035a8', '2:c39f5f015eb269f52e05dd027f26b355']",00:00:00:00:25/1,00:00:53:11:25/1,"['Avid MediaFiles/MXF/PP-DESKTOP-03.6/2025-05-11_B-Roll_FX6_DJI_0994_A01.mxf', 'Avid MediaFiles/MXF/PP-DESKTOP-03.6/2025-05-11_B-Roll_FX6_DJI_0994_A02.mxf', 'Avid MediaFiles/MXF/PP-DESKTOP-03.6/2025-05-11_B-Roll_FX6_DJI_0994.mxf']",
1763611,"['2025-05-11_B-Roll_FX6_DJI_0995_A01', '2025-05-11_B-Roll_FX6_DJI_0995_A02', '2025-05-11_B-Roll_FX6_DJI_0995']","['2:be271051b9d279f902c9fd0b8f14d7f6', '2:3f3c63969e76752556e1a54e616a0814', '2:1d0b186bc2dd4bd8c20cbd1415f27d0c']",00:00:00:00:25/1,00:00:49:23:25/1,"['Avid MediaFiles/MXF/PP-DESKTOP-03.6/2025-05-11_B-Roll_FX6_DJI_0995_A01.mxf', 'Avid MediaFiles/MXF/PP-DESKTOP-03.6/2025-05-11_B-Roll_FX6_DJI_0995_A02.mxf', 'Avid MediaFiles/MXF/PP-DESKTOP-03.6/2025-05-11_B-Roll_FX6_DJI_0995.mxf']",
1763612,"['2025-05-11_B-Roll_FX6_DJI_0996_A01', '2025-05-11_B-Roll_FX6_DJI_0996_A02', '2025-05-11_B-Roll_FX6_DJI_0996']","['2:c48333c64ffdb366b6caee7dbaf02b47', '2:88c21e99c9abc20744c8fdad54abd170', '2:5d0b7743b0226c56082d5e373bc93569']",00:00:00:00:25/1,00:00:44:05:25/1,"['Avid MediaFiles/MXF/PP-DESKTOP-03.6/2025-05-11_B-Roll_FX6_DJI_0996_A01.mxf', 'Avid MediaFiles/MXF/PP-DESKTOP-03.6/2025-05-11_B-Roll_FX6_DJI_0996_A02.mxf', 'Avid MediaFiles/MXF/PP-DESKTOP-03.6/2025-05-11_B-Roll_FX6_DJI_0996.mxf']",
1763613,"['2025-05-11_B-Roll_FX6_DJI_0997_A01', '2025-05-11_B-Roll_FX6_DJI_0997_A02', '2025-05-11_B-Roll_FX6_DJI_0997']","['2:bae730725f293df2a695bba3a26b9f25', '2:e09df2ef7ca66f080eb563a314a5381e', '2:a9953976097db735fc05fddaa5a7888c']",00:00:00:00:25/1,00:00:40:10:25/1,"['Avid MediaFiles/MXF/PP-DESKTOP-03.6/2025-05-11_B-Roll_FX6_DJI_0997_A01.mxf', 'Avid MediaFiles/MXF/PP-DESKTOP-03.6/2025-05-11_B-Roll_FX6_DJI_0997_A02.mxf', 'Avid MediaFiles/MXF/PP-DESKTOP-03.6/2025-05-11_B-Roll_FX6_DJI_0997.mxf']",
1763614,"['2025-05-11_B-Roll_FX6_DJI_0998_A01', '2025-05-11_B-Roll_FX6_DJI_0998_A02', '2025-05-11_B-Roll_FX6_DJI_0998']","['2:4e462d1a8c6b5ca9dc0ebe1d8ad59ca1', '2:729d77ef345b136635fcb6d68d3c4f06', '2:90c73b817c190eb1d534500a971882ae']",00:00:00:00:25/1,00:00:09:12:25/1,"['Avid MediaFiles/MXF/PP-DESKTOP-03.6/2025-05-11_B-Roll_FX6_DJI_0998_A01.mxf', 'Avid MediaFiles/MXF/PP-DESKTOP-03.6/2025-05-11_B-Roll_FX6_DJI_0998_A02.mxf', 'Avid MediaFiles/MXF/PP-DESKTOP-03.6/2025-05-11_B-Roll_FX6_DJI_0998.mxf']",
1763615,"['2025-05-11_B-Roll_FX6_DJI_0999_A01', '2025-05-11_B-Roll_FX6_DJI_0999_A02', '2025-05-11_B-Roll_FX6_DJI_0999']","['2:953ea40442761bf4163ae937283c2c01', '2:fb8501428a4617eabfb6fa3903b33d45', '2:a841ef9d53664ce9e7f5613bcb65f1b5']",00:00:00:00:25/1,00:00:37:14:25/1,"['Avid MediaFiles/MXF/PP-DESKTOP-03.6/2025-05-11_B-Roll_FX6_DJI_0999_A01.mxf', 'Avid MediaFiles/MXF/PP-DESKTOP-03.6/2025-05-11_B-Roll_FX6_DJI_0999_A02.mxf', 'Avid MediaFiles/MXF/PP-DESKTOP-03.6/2025-05-11_B-Roll_FX6_DJI_0999.mxf']",
1763688,"['2025-05-11_B-Roll_FX6_DJI_0001_A01', '2025-05-11_B-Roll_FX6_DJI_0001_A02', '2025-05-11_B-Roll_FX6_DJI_0001']","['2:0c067a54aa6af04d046c46f948cf65c0', '2:4f9caaeba587179ef6405e248e66cb27', '2:8fddfd591b6179592d19084f9ed97b99']",00:00:00:00:25/1,00:00:04:09:25/1,"['Avid MediaFiles/MXF/PP-DESKTOP-03.6/2025-05-11_B-Roll_FX6_DJI_0001_A01.mxf', 'Avid MediaFiles/MXF/PP-DESKTOP-03.6/2025-05-11_B-Roll_FX6_DJI_0001_A02.mxf', 'Avid MediaFiles/MXF/PP-DESKTOP-03.6/2025-05-11_B-Roll_FX6_DJI_0001.mxf']",
1763689,"['2025-05-11_B-Roll_FX6_DJI_0002_A01', '2025-05-11_B-Roll_FX6_DJI_0002_A02', '2025-05-11_B-Roll_FX6_DJI_0002']","['2:56344fde50e12082110aaa9276061ff1', '2:179a96e3a347f02822f0032252429a70', '2:31ace11d0ef5d22b3f844872c989009a']",00:00:00:00:25/1,00:00:26:11:25/1,"['Avid MediaFiles/MXF/PP-DESKTOP-03.6/2025-05-11_B-Roll_FX6_DJI_0002_A01.mxf', 'Avid MediaFiles/MXF/PP-DESKTOP-03.6/2025-05-11_B-Roll_FX6_DJI_0002_A02.mxf', 'Avid MediaFiles/MXF/PP-DESKTOP-03.6/2025-05-11_B-Roll_FX6_DJI_0002.mxf']",
1763690,"['2025-05-11_B-Roll_FX6_DJI_0003_A01', '2025-05-11_B-Roll_FX6_DJI_0003_A02', '2025-05-11_B-Roll_FX6_DJI_0003']","['2:baab9e0b8c26040b7fc8b541e2d8ed8d', '2:40762d415227045b229b891b1777f449', '2:0aca9e50da9553592338654a96476596']",00:00:00:00:25/1,00:00:04:19:25/1,"['Avid MediaFiles/MXF/PP-DESKTOP-03.6/2025-05-11_B-Roll_FX6_DJI_0003_A01.mxf', 'Avid MediaFiles/MXF/PP-DESKTOP-03.6/2025-05-11_B-Roll_FX6_DJI_0003_A02.mxf', 'Avid MediaFiles/MXF/PP-DESKTOP-03.6/2025-05-11_B-Roll_FX6_DJI_0003.mxf']",
1763691,"['2025-05-11_B-Roll_FX6_DJI_0004_A01', '2025-05-11_B-Roll_FX6_DJI_0004_A02', '2025-05-11_B-Roll_FX6_DJI_0004']","['2:4c377cf31e51bfa986a30cbc840bbdbc', '2:c328c8d59ed2043da30ceac891ecf18f', '2:91f993342171a0f9514fb8aa34c222d3']",00:00:00:00:25/1,00:00:01:04:25/1,"['Avid MediaFiles/MXF/PP-DESKTOP-03.6/2025-05-11_B-Roll_FX6_DJI_0004_A01.mxf', 'Avid MediaFiles/MXF/PP-DESKTOP-03.6/2025-05-11_B-Roll_FX6_DJI_0004_A02.mxf', 'Avid MediaFiles/MXF/PP-DESKTOP-03.6/2025-05-11_B-Roll_FX6_DJI_0004.mxf']",
1763692,"['2025-05-11_B-Roll_FX6_DJI_0009_A01', '2025-05-11_B-Roll_FX6_DJI_0009_A02', '2025-05-11_B-Roll_FX6_DJI_0009']","['2:b10dc1bfdc6932ffd68125ae7578dd6d', '2:f4d3dd496e18fd127ffc91f2061e66ee', '2:3ff23c47b2c38e8dae9b186441473023']",00:00:00:00:25/1,00:00:08:09:25/1,"['Avid MediaFiles/MXF/PP-DESKTOP-03.6/2025-05-11_B-Roll_FX6_DJI_0009_A01.mxf', 'Avid MediaFiles/MXF/PP-DESKTOP-03.6/2025-05-11_B-Roll_FX6_DJI_0009_A02.mxf', 'Avid MediaFiles/MXF/PP-DESKTOP-03.6/2025-05-11_B-Roll_FX6_DJI_0009.mxf']",
1763693,"['2025-05-11_B-Roll_FX6_DJI_0008_A01', '2025-05-11_B-Roll_FX6_DJI_0008_A02', '2025-05-11_B-Roll_FX6_DJI_0008']","['2:851290a1182c11d991a8d3b2e8856115', '2:28c8d6071e75f4456ca16383a5640036', '2:8ccd93842db7377a3290075c73c3c600']",00:00:00:00:25/1,00:00:20:22:25/1,"['Avid MediaFiles/MXF/PP-DESKTOP-03.6/2025-05-11_B-Roll_FX6_DJI_0008_A01.mxf', 'Avid MediaFiles/MXF/PP-DESKTOP-03.6/2025-05-11_B-Roll_FX6_DJI_0008_A02.mxf', 'Avid MediaFiles/MXF/PP-DESKTOP-03.6/2025-05-11_B-Roll_FX6_DJI_0008.mxf']",
1763694,"['2025-05-11_B-Roll_FX6_DJI_0010_A01', '2025-05-11_B-Roll_FX6_DJI_0010_A02', '2025-05-11_B-Roll_FX6_DJI_0010']","['2:d05ab4c44be60c8bcbf8e9b6172e9f02', '2:a10bf852803158f8957cc07f57560737', '2:5140ff9d3f22af4542a0dfca9de3c467']",00:00:00:00:25/1,00:00:49:06:25/1,"['Avid MediaFiles/MXF/PP-DESKTOP-03.6/2025-05-11_B-Roll_FX6_DJI_0010_A01.mxf', 'Avid MediaFiles/MXF/PP-DESKTOP-03.6/2025-05-11_B-Roll_FX6_DJI_0010_A02.mxf', 'Avid MediaFiles/MXF/PP-DESKTOP-03.6/2025-05-11_B-Roll_FX6_DJI_0010.mxf']",
1763695,"['2025-05-11_B-Roll_FX6_DJI_0011_A01', '2025-05-11_B-Roll_FX6_DJI_0011_A02', '2025-05-11_B-Roll_FX6_DJI_0011']","['2:0e26a224236d25f53373d1831ce75e25', '2:6de5514b2b214a02062dd69602aff345', '2:faee9629a384206ca8dffa6e45f583c9']",00:00:00:00:25/1,00:00:13:09:25/1,"['Avid MediaFiles/MXF/PP-DESKTOP-03.6/2025-05-11_B-Roll_FX6_DJI_0011_A01.mxf', 'Avid MediaFiles/MXF/PP-DESKTOP-03.6/2025-05-11_B-Roll_FX6_DJI_0011_A02.mxf', 'Avid MediaFiles/MXF/PP-DESKTOP-03.6/2025-05-11_B-Roll_FX6_DJI_0011.mxf']",
1763952,"['95817862_EBU NEWS_25-07-2025_UA Zelenskyy drone plant visit_95933325', 'EBU__95817862_EBU NEWS_25-07-2025_UA Zelenskyy drone plant visit_95933325']",2:5d1c3f1833eb6de6f7af51115d642cc7,17:00:34:00:25/1,17:02:07:15:25/1,Archivmaster/EBU/EBU__95817862_EBU NEWS_25-07-2025_UA Zelenskyy drone plant visit_95933325.mxf,
1763953,"['95817870_EBU NEWS_13-05-2025_UA Drone developers_95933285', 'EBU__95817870_EBU NEWS_13-05-2025_UA Drone developers_95933285']",2:aca26989a01b2e091ce695c766097ba4,13:01:57:00:25/1,13:04:18:11:25/1,Archivmaster/EBU/EBU__95817870_EBU NEWS_13-05-2025_UA Drone developers_95933285.mxf,
1763964,"['95817863_EBU NEWS_04-06-2025_UA Drones RU bombers Spiderweb_95933309', 'EBU__95817863_EBU NEWS_04-06-2025_UA Drones RU bombers Spiderweb_95933309']",2:51b237eb9239377b243868e9566a212b,22:08:09:00:25/1,22:11:44:19:25/1,Archivmaster/EBU/EBU__95817863_EBU NEWS_04-06-2025_UA Drones RU bombers Spiderweb_95933309.mxf,
1763968,"['95817851_EBU NEWS_22-07-2025_UA Drone manufacturer_95933345', 'EBU__95817851_EBU NEWS_22-07-2025_UA Drone manufacturer_95933345']",2:af28b18aa7191a2839ae18cb07042c05,12:24:20:00:25/1,12:27:57:01:25/1,Archivmaster/EBU/EBU__95817851_EBU NEWS_22-07-2025_UA Drone manufacturer_95933345.mxf,
1764739,"['UA GOV__Dronen, Zelensky im engeren Kreis.mp4_A01', 'UA GOV__Dronen, Zelensky im engeren Kreis.mp4_A02', 'UA GOV__Dronen, Zelensky im engeren Kreis.mp4']","['2:78a26b14dddd07d0c92344bb7fcf9c1e', '2:1383ad0e35cbbd6373ca0fee5ef727de', '2:c8279c7d6ce82fdf54d201be63eb9a6f']",00:00:00:00:25/1,00:02:15:21:25/1,"['Avid MediaFiles/MXF/CAPM.1/UA GOV__Dronen, Zelensky im engeren Kreis.mp4_A01.mxf', 'Avid MediaFiles/MXF/CAPM.1/UA GOV__Dronen, Zelensky im engeren Kreis.mp4_A02.mxf', 'Avid MediaFiles/MXF/CAPM.1/UA GOV__Dronen, Zelensky im engeren Kreis.mp4.mxf']",
1764744,"['UA GOV__POV Combat Footage, Drone Footage.mp4_A01', 'UA GOV__POV Combat Footage, Drone Footage.mp4_A02', 'UA GOV__POV Combat Footage, Drone Footage.mp4']","['2:63cb66ef4ca027b5fa2e6c14761aabe0', '2:df9e5830a853d00626f1b97534e83677', '2:aac6ed3b460117b58de2f7c047889fe2']",00:00:00:00:25/1,00:44:20:18:25/1,"['Avid MediaFiles/MXF/CAPM.1/UA GOV__POV Combat Footage, Drone Footage.mp4_A01.mxf', 'Avid MediaFiles/MXF/CAPM.1/UA GOV__POV Combat Footage, Drone Footage.mp4_A02.mxf', 'Avid MediaFiles/MXF/CAPM.1/UA GOV__POV Combat Footage, Drone Footage.mp4.mxf']",
1764830,"['007_History_of_Ukraine_Excerpt_Drone_PidhirtsiCastle_A01', '007_History_of_Ukraine_Excerpt_Drone_PidhirtsiCastle_A02', '007_History_of_Ukraine_Excerpt_Drone_PidhirtsiCastle']","['2:65662797ad4704028322ff4da53561da', '2:49677ad664d7ff367054f8015c3f3061', '2:510e3666c528a90ae2062ab77495c05a']",10:11:37:22:25/1,10:11:51:12:25/1,"['Avid MediaFiles/MXF/Ingest.1/007_History_of_Ukraine_Excerpt_Drone_PidhirtsiCastle_A01.mxf', 'Avid MediaFiles/MXF/Ingest.1/007_History_of_Ukraine_Excerpt_Drone_PidhirtsiCastle_A02.mxf', 'Avid MediaFiles/MXF/Ingest.1/007_History_of_Ukraine_Excerpt_Drone_PidhirtsiCastle.mxf']",
1765522,POND5__140060123__aerial-drone-flyby-shot-kyiv-b,2:c0e65b4effdc4d2f2baefb69212af471,00:00:00:00:25/1,00:00:33:04:25/1,Avid MediaFiles/MXF/CAPM.2/POND5__140060123__aerial-drone-flyby-shot-kyiv-b.mxf,
1765627,"['GIA__2192243884__Consequences Of The Russian Drone Crash In Kyiv_A01', 'GIA__2192243884__Consequences Of The Russian Drone Crash In Kyiv_A02', 'GIA__2192243884__Consequences Of The Russian Drone Crash In Kyiv']","['2:f8ceaaf6d8f3b9094568fe72afc4a50d', '2:528d35559aea2fec81b63a44404af9f7', '2:cb0646c048fd23065133b3aff942a28e']",00:08:33:10:25/1,00:08:45:05:25/1,"['Avid MediaFiles/MXF/CAPM.2/GIA__2192243884__Consequences Of The Russian Drone Crash In Kyiv_A01.mxf', 'Avid MediaFiles/MXF/CAPM.2/GIA__2192243884__Consequences Of The Russian Drone Crash In Kyiv_A02.mxf', 'Avid MediaFiles/MXF/CAPM.2/GIA__2192243884__Consequences Of The Russian Drone Crash In Kyiv.mxf']",
1765997,GIA M__2218672476__Ukraine releases footage of drone strike on Russian strategic bombers__Russia 2025,2:515fd6ddb960ec40c12cbeff40a347cf,00:00:00:00:60000/1001,00:04:35:02:60000/1001,"['ARCHIVE MASTER/Footage/Episode 04/GIA/GIA M__2218672476__Ukraine releases footage of drone strike on Russian strategic bombers__Russia 2025.mp4', 'ARCHIVE PRODUCER/2025-08-18/Operation Spiderweb/GIA__2218672476__Ukraine releases footage of drone strike on Russian strategic bombers__Russia 2025.mp4']",
1766006,"APA M__vrb007509__Shahed drone strikes trigger explosions and fires in Zaporizhzhia, Ukraine__2025",2:4a4077502580496e0b66ea80a382e6f3,00:00:00:00:25/1,00:00:50:17:25/1,"ARCHIVE MASTER/Footage/Episode 04/APA/APA M__vrb007509__Shahed drone strikes trigger explosions and fires in Zaporizhzhia, Ukraine__2025.mxf",
1766050,"APA M__4486779__Russia launches drone attack on Kharkiv, killing 4 and wounding 12__Ukraine 2024",2:73814dbd275402bb3952ca61aecc202d,00:00:00:00:30000/1001,00:01:06:23:30000/1001,"ARCHIVE MASTER/Footage/Episode 04/APA/APA M__4486779__Russia launches drone attack on Kharkiv, killing 4 and wounding 12__Ukraine 2024.mxf",
1766059,APA M__4490586__Ukrainian drone unit near Bakhmut trying to plug gap left by ammunition shortages__Ukraine 2024,2:81d67990e9af7c988614c27c30e2bdcf,00:00:00:00:30000/1001,00:02:52:02:30000/1001,ARCHIVE MASTER/Footage/Episode 04/APA/APA M__4490586__Ukrainian drone unit near Bakhmut trying to plug gap left by ammunition shortages__Ukraine 2024.mxf,
1766855,"['PND__291334332__4k-aerial-drone-video-autumn-c_A01', 'PND__291334332__4k-aerial-drone-video-autumn-c_A02', 'PND__291334332__4k-aerial-drone-video-autumn-c']","['2:ec227d338f3d53cf104bf4161f5fc771', '2:82ddae97a7c375e13ff9578337195823', '2:f5f3836b10d4166a45ef85a09f46d086']",00:00:02:04:25/1,00:00:33:01:25/1,"['Avid MediaFiles/MXF/CAPM.1/PND__291334332__4k-aerial-drone-video-autumn-c_A01.mxf', 'Avid MediaFiles/MXF/CAPM.1/PND__291334332__4k-aerial-drone-video-autumn-c_A02.mxf', 'Avid MediaFiles/MXF/CAPM.1/PND__291334332__4k-aerial-drone-video-autumn-c.mxf']",
1766879,"['GIA__2205705091__Russia claims Tor-M1 air defense system downed Ukrainian drone in Krasnoarmeysk_A01', 'GIA__2205705091__Russia claims Tor-M1 air defense system downed Ukrainian drone in Krasnoarmeysk_A02', 'GIA__2205705091__Russia claims Tor-M1 air defense system downed Ukrainian drone in Krasnoarmeysk']","['2:c73eb0340629eb7cf0b6b298d9eba3ea', '2:6835ad8a53d51f5286b9ae71e46694cb', '2:49e4c82144b8e2c902e872148fce5379']",00:00:00:00:25/1,00:00:20:16:25/1,"['Avid MediaFiles/MXF/CAPM.1/GIA__2205705091__Russia claims Tor-M1 air defense system downed Ukrainian drone in Krasnoarmeysk_A01.mxf', 'Avid MediaFiles/MXF/CAPM.1/GIA__2205705091__Russia claims Tor-M1 air defense system downed Ukrainian drone in Krasnoarmeysk_A02.mxf', 'Avid MediaFiles/MXF/CAPM.1/GIA__2205705091__Russia claims Tor-M1 air defense system downed Ukrainian drone in Krasnoarmeysk.mxf']",
1767215,"['PND__114675646__drone-flying-over-kiev-ukraine_A01', 'PND__114675646__drone-flying-over-kiev-ukraine_A02', 'PND__114675646__drone-flying-over-kiev-ukraine']","['2:4f35d5bc755191c2b063f0e85fe9139d', '2:acab5063630a23f59e2b5c96fe688873', '2:90e751e40b6535f23dbe2d3af02f8358']",00:00:00:00:25/1,00:00:07:00:25/1,"['Avid MediaFiles/MXF/CAPM.1/PND__114675646__drone-flying-over-kiev-ukraine_A01.mxf', 'Avid MediaFiles/MXF/CAPM.1/PND__114675646__drone-flying-over-kiev-ukraine_A02.mxf', 'Avid MediaFiles/MXF/CAPM.1/PND__114675646__drone-flying-over-kiev-ukraine.mxf']",
1767216,"['PND__102065493__drone-flying-over-kiev-indepen_A01', 'PND__102065493__drone-flying-over-kiev-indepen_A02', 'PND__102065493__drone-flying-over-kiev-indepen']","['2:427021a63cd29d111d33e449126aa371', '2:d894f5dd36339693b525c0055e5da68d', '2:f3017b9c31a00ef2a5312bf51fc28605']",00:00:00:00:25/1,00:00:52:04:25/1,"['Avid MediaFiles/MXF/CAPM.1/PND__102065493__drone-flying-over-kiev-indepen_A01.mxf', 'Avid MediaFiles/MXF/CAPM.1/PND__102065493__drone-flying-over-kiev-indepen_A02.mxf', 'Avid MediaFiles/MXF/CAPM.1/PND__102065493__drone-flying-over-kiev-indepen.mxf']",
1767252,"['PND__115956822__drone-flying-winter-fairbanks-_A01', 'PND__115956822__drone-flying-winter-fairbanks-_A02', 'PND__115956822__drone-flying-winter-fairbanks-']","['2:9b8351705a228d3ad4f260331930a5e0', '2:b8e42223e48bec27c6503b70ac6c68ae', '2:08f476333ba350bfa05e7385f288b5e6']",00:00:00:00:25/1,00:00:20:20:25/1,"['Avid MediaFiles/MXF/CAPM.1/PND__115956822__drone-flying-winter-fairbanks-_A01.mxf', 'Avid MediaFiles/MXF/CAPM.1/PND__115956822__drone-flying-winter-fairbanks-_A02.mxf', 'Avid MediaFiles/MXF/CAPM.1/PND__115956822__drone-flying-winter-fairbanks-.mxf']",
1767253,"['PND__114675285__drone-flying-over-kiev-ukraine_A01', 'PND__114675285__drone-flying-over-kiev-ukraine_A02', 'PND__114675285__drone-flying-over-kiev-ukraine']","['2:ed2aa846d4947abbc7f2a27f7a964fa5', '2:9d7d9d5b647b69301ff490b1f0858125', '2:6e128874d04a39f96fcf1b2d6067ff2a']",00:00:00:00:25/1,00:00:23:03:25/1,"['Avid MediaFiles/MXF/CAPM.1/PND__114675285__drone-flying-over-kiev-ukraine_A01.mxf', 'Avid MediaFiles/MXF/CAPM.1/PND__114675285__drone-flying-over-kiev-ukraine_A02.mxf', 'Avid MediaFiles/MXF/CAPM.1/PND__114675285__drone-flying-over-kiev-ukraine.mxf']",
1767266,"['PND__114675285__drone-flying-over-kiev-ukraine_A01', 'PND__114675285__drone-flying-over-kiev-ukraine_A02', 'PND__114675285__drone-flying-over-kiev-ukraine']","['2:d8c7195dc7d0b5ddd067220bc891cb5e', '2:33766b075d1625647f11daf8e7781a29', '2:1d4a3d2bf30a06996b9fe259702e7dcb']",00:00:00:00:25/1,00:00:23:03:25/1,"['Avid MediaFiles/MXF/CAPM.3/PND__114675285__drone-flying-over-kiev-ukraine_A01.mxf', 'Avid MediaFiles/MXF/CAPM.3/PND__114675285__drone-flying-over-kiev-ukraine_A02.mxf', 'Avid MediaFiles/MXF/CAPM.3/PND__114675285__drone-flying-over-kiev-ukraine.mxf']",
1767281,"['PND__115956822__drone-flying-winter-fairbanks-_A01', 'PND__115956822__drone-flying-winter-fairbanks-_A02', 'PND__115956822__drone-flying-winter-fairbanks-']","['2:ed94ac8b19fb6277f35194962415266b', '2:e3995bff32062538cca010f6346aa4f6', '2:75c3990126458fb7c81ceead08e778a2']",00:00:00:00:25/1,00:00:20:20:25/1,"['Avid MediaFiles/MXF/CAPM.3/PND__115956822__drone-flying-winter-fairbanks-_A01.mxf', 'Avid MediaFiles/MXF/CAPM.3/PND__115956822__drone-flying-winter-fairbanks-_A02.mxf', 'Avid MediaFiles/MXF/CAPM.3/PND__115956822__drone-flying-winter-fairbanks-.mxf']",
1767416,"['GIA__2231287327__Russia says four Ukrainian drones shot down over Krasnoarmeysk \u200b\u200b\u200b\u200b\u200b\u200b\u200b_A01', 'GIA__2231287327__Russia says four Ukrainian drones shot down over Krasnoarmeysk \u200b\u200b\u200b\u200b\u200b\u200b\u200b_A02', 'GIA__2231287327__Russia says four Ukrainian drones shot down over Krasnoarmeysk â\x80\x8bâ\x80\x8bâ\x80\x8bâ\x80\x8bâ\x80\x8bâ\x80\x8bâ\x80\x8b', 'GIA__2231287327__Russia says four Ukrainian drones shot down over Krasnoarmeysk \u200b\u200b\u200b\u200b\u200b\u200b\u200b']","['2:12ae4d92b79456f678283bf02a325f88', '2:9a106715a1e47fee4cd337a8ceb8a3db', '2:835958badd9d94f3854c0a9c46cc6de0']",00:00:00:00:25/1,00:00:24:06:25/1,"['Avid MediaFiles/MXF/CAPM.3/GIA__2231287327__Russia says four Ukrainian drones shot down over Krasnoarmeysk \u200b\u200b\u200b\u200b\u200b\u200b\u200b_A01.mxf', 'Avid MediaFiles/MXF/CAPM.3/GIA__2231287327__Russia says four Ukrainian drones shot down over Krasnoarmeysk \u200b\u200b\u200b\u200b\u200b\u200b\u200b_A02.mxf', 'Avid MediaFiles/MXF/CAPM.3/GIA__2231287327__Russia says four Ukrainian drones shot down over Krasnoarmeysk \u200b\u200b\u200b\u200b\u200b\u200b\u200b.mxf']",
1767417,"['GIA__2233530824__Drone footage shows Russian forces holding parts of Kupiansk, Ukraine_A01', 'GIA__2233530824__Drone footage shows Russian forces holding parts of Kupiansk, Ukraine_A02', 'GIA__2233530824__Drone footage shows Russian forces holding parts of Kupiansk, Ukraine']","['2:29c35805ca4f50a8e4a2a24acdf0efd2', '2:7696c2474fb57df2656001eddece89ba', '2:dd27f8618745fed77f107dfabdb7cee2']",00:00:00:00:25/1,00:01:42:03:25/1,"['Avid MediaFiles/MXF/CAPM.3/GIA__2233530824__Drone footage shows Russian forces holding parts of Kupiansk, Ukraine_A01.mxf', 'Avid MediaFiles/MXF/CAPM.3/GIA__2233530824__Drone footage shows Russian forces holding parts of Kupiansk, Ukraine_A02.mxf', 'Avid MediaFiles/MXF/CAPM.3/GIA__2233530824__Drone footage shows Russian forces holding parts of Kupiansk, Ukraine.mxf']",
1767420,"['GIA__2225311369__Russia says four Ukrainian drones shot down over Krasnoarmeysk \u200b\u200b\u200b\u200b\u200b\u200b\u200b_A01', 'GIA__2225311369__Russia says four Ukrainian drones shot down over Krasnoarmeysk \u200b\u200b\u200b\u200b\u200b\u200b\u200b_A02', 'GIA__2225311369__Russia says four Ukrainian drones shot down over Krasnoarmeysk â\x80\x8bâ\x80\x8bâ\x80\x8bâ\x80\x8bâ\x80\x8bâ\x80\x8bâ\x80\x8b', 'GIA__2225311369__Russia says four Ukrainian drones shot down over Krasnoarmeysk \u200b\u200b\u200b\u200b\u200b\u200b\u200b']","['2:03a61b88efad08446f31f30bedb250bb', '2:139272f01f673c715d435758190d08d8', '2:ce8cb65134802c7040f9495ba00de89a']",00:00:00:00:25/1,00:00:31:06:25/1,"['Avid MediaFiles/MXF/CAPM.3/GIA__2225311369__Russia says four Ukrainian drones shot down over Krasnoarmeysk \u200b\u200b\u200b\u200b\u200b\u200b\u200b_A01.mxf', 'Avid MediaFiles/MXF/CAPM.3/GIA__2225311369__Russia says four Ukrainian drones shot down over Krasnoarmeysk \u200b\u200b\u200b\u200b\u200b\u200b\u200b_A02.mxf', 'Avid MediaFiles/MXF/CAPM.3/GIA__2225311369__Russia says four Ukrainian drones shot down over Krasnoarmeysk \u200b\u200b\u200b\u200b\u200b\u200b\u200b.mxf']",
1768272,"['PND__296287016__expansive-birds-eye-drone-view_A01', 'PND__296287016__expansive-birds-eye-drone-view_A02', 'PND__296287016__expansive-birds-eye-drone-view']","['2:3f9c9798673a0150d32e64128b62600a', '2:caf99d7909f77be475d007680b6d3fe5', '2:786dc134b9bf59f26c0ab77813c9e8c3']",00:00:00:00:25/1,00:00:28:04:25/1,"['Avid MediaFiles/MXF/CAPM.3/PND__296287016__expansive-birds-eye-drone-view_A01.mxf', 'Avid MediaFiles/MXF/CAPM.3/PND__296287016__expansive-birds-eye-drone-view_A02.mxf', 'Avid MediaFiles/MXF/CAPM.3/PND__296287016__expansive-birds-eye-drone-view.mxf']",
1768275,"['PND__143687540__aerial-drone-orbit-view-suleym_A01', 'PND__143687540__aerial-drone-orbit-view-suleym_A02', 'PND__143687540__aerial-drone-orbit-view-suleym']","['2:aa51dcfe9d6003d893319ccb673e5379', '2:4d7902c5098155ee8b7f7b79b5beb8ed', '2:3840f882e2234ecc9287c772ed99dac1']",00:00:00:00:25/1,00:00:51:07:25/1,"['Avid MediaFiles/MXF/CAPM.3/PND__143687540__aerial-drone-orbit-view-suleym_A01.mxf', 'Avid MediaFiles/MXF/CAPM.3/PND__143687540__aerial-drone-orbit-view-suleym_A02.mxf', 'Avid MediaFiles/MXF/CAPM.3/PND__143687540__aerial-drone-orbit-view-suleym.mxf']",
1769262,"['APA__4602835__Poland_Village_Drone_Damage_vid-1080i-physicalmain-50-10_A01', 'APA__4602835__Poland_Village_Drone_Damage_vid-1080i-physicalmain-50-10_A02', 'APA__4602835__Poland_Village_Drone_Damage_vid-1080i-physicalmain-50-10']","['2:1f52b054b024c1c29e4deb293611a0ae', '2:c1178ac42df4f2671a428f264c6ff8eb', '2:6141ce1f0ff5dcec994358af9a332fa9']",00:00:00:01:50/1,00:00:58:24:50/1,"['Avid MediaFiles/MXF/CAPM.3/APA__4602835__Poland_Village_Drone_Damage_vid-1080i-physicalmain-50-10_A01.mxf', 'Avid MediaFiles/MXF/CAPM.3/APA__4602835__Poland_Village_Drone_Damage_vid-1080i-physicalmain-50-10_A02.mxf', 'Avid MediaFiles/MXF/CAPM.3/APA__4602835__Poland_Village_Drone_Damage_vid-1080i-physicalmain-50-10.mxf']",
1769263,"['APA__4603025__Poland_Drones_Village_Aftermath_CR__vid-1080i-physicalmain-50-10_A01', 'APA__4603025__Poland_Drones_Village_Aftermath_CR__vid-1080i-physicalmain-50-10_A02', 'APA__4603025__Poland_Drones_Village_Aftermath_CR__vid-1080i-physicalmain-50-10']","['2:138d7eb5aa3544ed716c8a0f03924447', '2:be2f21eeb8757fa89cc927195dd3c359', '2:aae260227a41e2215fbfb00594dc46c1']",00:00:00:01:50/1,00:01:09:30:50/1,"['Avid MediaFiles/MXF/CAPM.3/APA__4603025__Poland_Drones_Village_Aftermath_CR__vid-1080i-physicalmain-50-10_A01.mxf', 'Avid MediaFiles/MXF/CAPM.3/APA__4603025__Poland_Drones_Village_Aftermath_CR__vid-1080i-physicalmain-50-10_A02.mxf', 'Avid MediaFiles/MXF/CAPM.3/APA__4603025__Poland_Drones_Village_Aftermath_CR__vid-1080i-physicalmain-50-10.mxf']",
1769267,"['APA__vrb009592__Fighter_jets_fly_amid_drone_threat_in_Rzesz_w_Pola_1080i50ESSENCE_A01', 'APA__vrb009592__Fighter_jets_fly_amid_drone_threat_in_Rzesz_w_Pola_1080i50ESSENCE_A02', 'APA__vrb009592__Fighter_jets_fly_amid_drone_threat_in_Rzesz_w_Pola_1080i50ESSENCE']","['2:3cfc89dec19771ee2c61d5f49736ccf9', '2:ee0678e3c8ab84f19534b310c4a139ef', '2:ce1af3eb6adb39a8d77a4714354194fe']",00:00:00:01:50/1,00:00:25:16:50/1,"['Avid MediaFiles/MXF/CAPM.3/APA__vrb009592__Fighter_jets_fly_amid_drone_threat_in_Rzesz_w_Pola_1080i50ESSENCE_A01.mxf', 'Avid MediaFiles/MXF/CAPM.3/APA__vrb009592__Fighter_jets_fly_amid_drone_threat_in_Rzesz_w_Pola_1080i50ESSENCE_A02.mxf', 'Avid MediaFiles/MXF/CAPM.3/APA__vrb009592__Fighter_jets_fly_amid_drone_threat_in_Rzesz_w_Pola_1080i50ESSENCE.mxf']",
1769588,"['AGD__756233__London_Drone_City_Metropolitan_By_21_Aerials_Artlist_4K_A01', 'AGD__756233__London_Drone_City_Metropolitan_By_21_Aerials_Artlist_4K_A02', 'AGD__756233__London_Drone_City_Metropolitan_By_21_Aerials_Artlist_4K']","['2:61075c87304721c91005087c974b4fa3', '2:526c63be41fd61dfdd136200fab89ab8', '2:fb30a2893c778798b53db9ad0d50c2fe']",01:04:00:24:25/1,01:04:25:01:25/1,"['Avid MediaFiles/MXF/CAPM.1/AGD__756233__London_Drone_City_Metropolitan_By_21_Aerials_Artlist_4K_A01.mxf', 'Avid MediaFiles/MXF/CAPM.1/AGD__756233__London_Drone_City_Metropolitan_By_21_Aerials_Artlist_4K_A02.mxf', 'Avid MediaFiles/MXF/CAPM.1/AGD__756233__London_Drone_City_Metropolitan_By_21_Aerials_Artlist_4K.mxf']",
1769610,6385081_Drone_Rural_Village_Town_By_Daniele_Sgura_Artlist_5K,2:b422da3ffe635931da17e741d1e3b65f,00:08:52:09:25/1,00:09:06:04:25/1,"['ARCHIVE MASTER/Footage/Episode 04/Artgrid/6385081_Drone_Rural_Village_Town_By_Daniele_Sgura_Artlist_5K.mov', 'ARCHIVE PRODUCER/Austauschmaterial EP 4/town stock footage/6385081_Drone_Rural_Village_Town_By_Daniele_Sgura_Artlist_5K.mov']",
1769734,GIA__2205705091__Russia claims Tor-M1 air defense system downed Ukrainian drone in Krasnoarmeysk,2:526e193d59bf1cd85801b48958351c1a,00:00:00:00:25/1,00:00:20:16:25/1,Archivmaster/GIA/GIA__2205705091__Russia claims Tor-M1 air defense system downed Ukrainian drone in Krasnoarmeysk.mp4,
1769741,"UA GOV__Dronen, Zelensky im engeren Kreis",2:dc79f5bbf3206b0e881b985380456cd8,00:00:00:00:25/1,00:02:15:21:25/1,"Archivmaster/YT/UA GOV/UA GOV__Dronen, Zelensky im engeren Kreis.mp4",
1769744,"UA GOV__POV Combat Footage, Drone Footage",2:882e7364cbd7bd9b1d301b5fb0ba05eb,00:00:00:00:25/1,00:44:20:18:25/1,"Archivmaster/YT/UA GOV/UA GOV__POV Combat Footage, Drone Footage.mp4",
1769961,SST__3514310015__M__Drone view of the Kuwait Towers,2:ea42155917cfa521b37cfbb9617baa8c,00:01:06:05:30000/1001 nd,00:01:27:10:30000/1001 nd,ARCHIVE MASTER/Footage/Episode 04/Shutterstock/SST__3514310015__M__Drone view of the Kuwait Towers.mov,
1769964,CEC RQ 2 Pioneer Drone Operations Final1 - Nicklaus Greggsen,2:e55c5f2dfb2fb98344f9a5d2cdad2364,00:00:00:00:60000/1001,00:01:27:51:60000/1001,ARCHIVE MASTER/Footage/Episode 04/YouTube/CEC RQ 2 Pioneer Drone Operations Final1 - Nicklaus Greggsen.mp4,
1770048,"GIA__1869253518__Drohnenaufnahmen der Landschaft des Berges Bukulja, Serbien ",2:211bcf08eabce0d43188983e592fd4b2,00:00:00:00:25/1,00:00:40:06:25/1,"Avid MediaFiles/MXF/CAPM.1/GIA__1869253518__Drohnenaufnahmen der Landschaft des Berges Bukulja, Serbien .mxf",
1770062,"['GIA__2226307907__Drohnenansicht der historischen Statue auf dem Obelisken in Fruska Gora bei Novi Sad als Hommage an die Freiheit _A01', 'GIA__2226307907__Drohnenansicht der historischen Statue auf dem Obelisken in Fruska Gora bei Novi Sad als Hommage an die Freiheit _A02', 'GIA__2226307907__Drohnenansicht der historischen Statue auf dem Obelisken in Fruska Gora bei Novi Sad als Hommage an die Freiheit ']","['2:0d00aa1d602876d773917ce0e884b749', '2:8eb1b473f2fa23415405f90c5981666f', '2:3a19e308df853411f5f7206fd198094d']",00:00:00:00:25/1,00:00:53:20:25/1,"['Avid MediaFiles/MXF/CAPM.1/GIA__2226307907__Drohnenansicht der historischen Statue auf dem Obelisken in Fruska Gora bei Novi Sad als Hommage an die Freiheit _A01.mxf', 'Avid MediaFiles/MXF/CAPM.1/GIA__2226307907__Drohnenansicht der historischen Statue auf dem Obelisken in Fruska Gora bei Novi Sad als Hommage an die Freiheit _A02.mxf', 'Avid MediaFiles/MXF/CAPM.1/GIA__2226307907__Drohnenansicht der historischen Statue auf dem Obelisken in Fruska Gora bei Novi Sad als Hommage an die Freiheit .mxf']",
1770063,"['GIA__2226307913__Drohnenaufnahmen der historischen Statue auf dem hohen Obelisken auf Fruska Gora in der Nähe von Novi Sad, der Hommage an die Freiheit_A01', 'GIA__2226307913__Drohnenaufnahmen der historischen Statue auf dem hohen Obelisken auf Fruska Gora in der Nähe von Novi Sad, der Hommage an die Freiheit_A02', 'GIA__2226307913__Drohnenaufnahmen der historischen Statue auf dem hohen Obelisken auf Fruska Gora in der NÃ¤he von Novi Sad, der Hommage an die Freiheit', 'GIA__2226307913__Drohnenaufnahmen der historischen Statue auf dem hohen Obelisken auf Fruska Gora in der Nähe von Novi Sad, der Hommage an die Freiheit']","['2:891a3c04606834b9a654d4b4a098f833', '2:fc509f83c61618a566e06b581951043c', '2:7168684ba7ef84e71e897faffbe46b83']",00:00:00:00:25/1,00:01:06:15:25/1,"['Avid MediaFiles/MXF/CAPM.1/GIA__2226307913__Drohnenaufnahmen der historischen Statue auf dem hohen Obelisken auf Fruska Gora in der Nähe von Novi Sad, der Hommage an die Freiheit_A01.mxf', 'Avid MediaFiles/MXF/CAPM.1/GIA__2226307913__Drohnenaufnahmen der historischen Statue auf dem hohen Obelisken auf Fruska Gora in der Nähe von Novi Sad, der Hommage an die Freiheit_A02.mxf', 'Avid MediaFiles/MXF/CAPM.1/GIA__2226307913__Drohnenaufnahmen der historischen Statue auf dem hohen Obelisken auf Fruska Gora in der Nähe von Novi Sad, der Hommage an die Freiheit.mxf']",
1770066,"GIA__2234119825__11th of December 2024. Drone flight above the Monument to the Fallen Soldiers of the Kosmaj, Serbia",2:589d60bf65b3e7dcc0a442104ad8ba88,00:00:00:00:25/1,00:00:44:04:25/1,"Avid MediaFiles/MXF/CAPM.1/GIA__2234119825__11th of December 2024. Drone flight above the Monument to the Fallen Soldiers of the Kosmaj, Serbia.mxf",
1771391,"['GIA__498827514__Funerals for Pakistani militants killed in drone strike__2015-11-23', 'GIA__498827514__M__Funerals for Pakistani militants killed in drone strike__2015-11-23']",2:927f4dbd3a8ecf28bf7d572c80b0baa3,00:00:00:00:25/1,00:02:20:12:25/1,"['Archive Masters/GIA/GIA__498827514__Funerals for Pakistani militants killed in drone strike__2015-11-23.mov', 'Archive Masters/01 Footage/GIA/GIA__498827514__M__Funerals for Pakistani militants killed in drone strike__2015-11-23.mov']",
1771673,"['APA__4603025__Poland_Drones_Village_Aftermath_CR__vid-1080i-physicalmain-50-10_A01', 'APA__4603025__Poland_Drones_Village_Aftermath_CR__vid-1080i-physicalmain-50-10_A02', 'APA__4603025__Poland_Drones_Village_Aftermath_CR__vid-1080i-physicalmain-50-10']","['2:f998fa18b18c41febd51fae2b55309a1', '2:fbfe7a3e68b70da4612e6ecf87d69c19', '2:7d07e6d5f89b60f809119fe0cfe47fc0']",00:00:00:01:50/1,00:01:09:30:50/1,"['Avid MediaFiles/MXF/CAPM.1/APA__4603025__Poland_Drones_Village_Aftermath_CR__vid-1080i-physicalmain-50-10_A01.mxf', 'Avid MediaFiles/MXF/CAPM.1/APA__4603025__Poland_Drones_Village_Aftermath_CR__vid-1080i-physicalmain-50-10_A02.mxf', 'Avid MediaFiles/MXF/CAPM.1/APA__4603025__Poland_Drones_Village_Aftermath_CR__vid-1080i-physicalmain-50-10.mxf']",
1771674,"['APA__4602835__Poland_Village_Drone_Damage_vid-1080i-physicalmain-50-10_A01', 'APA__4602835__Poland_Village_Drone_Damage_vid-1080i-physicalmain-50-10_A02', 'APA__4602835__Poland_Village_Drone_Damage_vid-1080i-physicalmain-50-10']","['2:f15a43353cc7691b26b6eaaab8b30776', '2:fb279bd5786e84ba381e5d4236379243', '2:674224597db8cd04e972c734ad23f262']",00:00:00:01:50/1,00:00:58:24:50/1,"['Avid MediaFiles/MXF/CAPM.1/APA__4602835__Poland_Village_Drone_Damage_vid-1080i-physicalmain-50-10_A01.mxf', 'Avid MediaFiles/MXF/CAPM.1/APA__4602835__Poland_Village_Drone_Damage_vid-1080i-physicalmain-50-10_A02.mxf', 'Avid MediaFiles/MXF/CAPM.1/APA__4602835__Poland_Village_Drone_Damage_vid-1080i-physicalmain-50-10.mxf']",
1771710,"UA GOV__Dronen, Zelensky im engeren Kreis__Drones",2:043cbb0e4b4d3c367ff0d1e70f40ba5c,01:00:00:00:25/1,01:00:04:19:25/1,"Archivmaster/YT/UA GOV/UA GOV__Dronen, Zelensky im engeren Kreis__Drones.mp4",
1771720,USA 175__RQ2 Drone__1991,2:0243f4d549e789f12a29ce462ebd7b84,00:00:00:00:25/1,00:02:35:09:25/1,ARCHIVE MASTER/Footage/convertedCorruptFiles/USA 175__RQ2 Drone__1991.mov,
1772440,sheen b-roll drone woody,2:deed8b5cd54344df7bf1870d584635e5,00:00:00:00:24000/1001,00:02:56:18:24000/1001,"['Archive Masters/01 Footage/JBF B-Roll Footage/JBF__13072021__M__sheen b-roll drone woody__2021-07-13.mp4', 'Archive Producing/sunny side trailer/sheen b-roll drone woody.mp4']",
1773424,AGD__6005832__Montenegro Trees_Montenegro_Drone_Mountain_By_Maks_Art,2:4325408e408635b68a61cd84359a8196,00:00:00:00:25/1,00:00:29:17:25/1,Avid MediaFiles/MXF/Converter.1/AGD__6005832__Montenegro Trees_Montenegro_Drone_Mountain_By_Maks_Art.mxf,
1773426,"['AGD__6082831__Croatia Rugged_Shore_Drone_Turquoise_Sea_Coast_By_Daniel_Haussmann_A01', 'AGD__6082831__Croatia Rugged_Shore_Drone_Turquoise_Sea_Coast_By_Daniel_Haussmann_A02', 'AGD__6082831__Croatia Rugged_Shore_Drone_Turquoise_Sea_Coast_By_Daniel_Haussmann']","['2:f7e9345a0a138d519363da39e6654304', '2:58375f3f2cdb330c78ac0eaeee50a9ff', '2:5ff979a4f71d192227c10325379c307a']",00:00:00:00:25/1,00:00:13:20:25/1,"['Avid MediaFiles/MXF/Converter.1/AGD__6082831__Croatia Rugged_Shore_Drone_Turquoise_Sea_Coast_By_Daniel_Haussmann_A01.mxf', 'Avid MediaFiles/MXF/Converter.1/AGD__6082831__Croatia Rugged_Shore_Drone_Turquoise_Sea_Coast_By_Daniel_Haussmann_A02.mxf', 'Avid MediaFiles/MXF/Converter.1/AGD__6082831__Croatia Rugged_Shore_Drone_Turquoise_Sea_Coast_By_Daniel_Haussmann.mxf']",
1773427,"['AGD__6082838__Croatia Hills_Mountains_Rugged_Shore_Drone_By_Daniel_Haussmann_A01', 'AGD__6082838__Croatia Hills_Mountains_Rugged_Shore_Drone_By_Daniel_Haussmann_A02', 'AGD__6082838__Croatia Hills_Mountains_Rugged_Shore_Drone_By_Daniel_Haussmann']","['2:13437c46b8cfbef22ae5f990e5aa20e6', '2:001270ce3da97350901292dd3307b37b', '2:3da1ab1315770754ec87ff27cc2e3f95']",00:00:00:00:25/1,00:00:25:04:25/1,"['Avid MediaFiles/MXF/Converter.1/AGD__6082838__Croatia Hills_Mountains_Rugged_Shore_Drone_By_Daniel_Haussmann_A01.mxf', 'Avid MediaFiles/MXF/Converter.1/AGD__6082838__Croatia Hills_Mountains_Rugged_Shore_Drone_By_Daniel_Haussmann_A02.mxf', 'Avid MediaFiles/MXF/Converter.1/AGD__6082838__Croatia Hills_Mountains_Rugged_Shore_Drone_By_Daniel_Haussmann.mxf']",
1773429,"['AGD__6082840__Golden_Hour_Drone_Croatia_Countryside_By_Daniel_Haussmann_A01', 'AGD__6082840__Golden_Hour_Drone_Croatia_Countryside_By_Daniel_Haussmann_A02', 'AGD__6082840__Golden_Hour_Drone_Croatia_Countryside_By_Daniel_Haussmann']","['2:55497a1185009bd391335fc4b1dbab4d', '2:b1c108ef1fd409f5a15ea83aa4be9714', '2:30f1c9d5c14e56a3cd01b6a3d58a5053']",00:00:00:00:25/1,00:00:13:13:25/1,"['Avid MediaFiles/MXF/Converter.1/AGD__6082840__Golden_Hour_Drone_Croatia_Countryside_By_Daniel_Haussmann_A01.mxf', 'Avid MediaFiles/MXF/Converter.1/AGD__6082840__Golden_Hour_Drone_Croatia_Countryside_By_Daniel_Haussmann_A02.mxf', 'Avid MediaFiles/MXF/Converter.1/AGD__6082840__Golden_Hour_Drone_Croatia_Countryside_By_Daniel_Haussmann.mxf']",
1773649,AGD__449592__Switzerland_Mountains_Drone_Snow_By_Paride_Musci_Artlist_5K,2:967da4539765f3517e3dfb2a958beb06,00:00:00:00:30000/1001 nd,00:00:17:29:30000/1001 nd,Avid MediaFiles/MXF/CAPM.3/AGD__449592__Switzerland_Mountains_Drone_Snow_By_Paride_Musci_Artlist_5K.mxf,
1773886,2025-09-30_Drohne_Marc Buggeln_DJI_20250930101502_0004_D,2:1050f4d5fa3fdfcf1d29af68ee8109aa,00:00:00:00:50/1,00:00:38:33:50/1,OCF OAF/2025-09-30_B-Roll_Marc Buggeln/Drohne/2025-09-30_Drohne_Marc Buggeln_DJI_20250930101502_0004_D.MP4,
1774118,2025-09-30_Drohne_Marc Buggeln_DJI_20250930101609_0005_D,2:904d0bd8014896c4bce94df04f458f82,00:00:00:00:50/1,00:01:18:12:50/1,OCF OAF/2025-09-30_B-Roll_Marc Buggeln/Drohne/2025-09-30_Drohne_Marc Buggeln_DJI_20250930101609_0005_D.MP4,
1774167,2025-09-30_Drohne_Marc Buggeln_DJI_20250930101004_0001_D,2:f5076c8977a632e2f2fce5108c285557,00:00:00:00:50/1,00:00:34:47:50/1,OCF OAF/2025-09-30_B-Roll_Marc Buggeln/Drohne/2025-09-30_Drohne_Marc Buggeln_DJI_20250930101004_0001_D.MP4,
1774333,2025-09-30_Drohne_Marc Buggeln_DJI_20250930101107_0002_D,2:56d82ef2bf6fe35cee44308c8a4478b4,00:00:00:00:50/1,00:01:51:49:50/1,OCF OAF/2025-09-30_B-Roll_Marc Buggeln/Drohne/2025-09-30_Drohne_Marc Buggeln_DJI_20250930101107_0002_D.MP4,
1774493,2025-09-30_Drohne_Marc Buggeln_DJI_20250930101301_0003_D,2:e58a55ca57914ac1b0bd045dfe415e9a,00:00:00:00:50/1,00:00:31:06:50/1,OCF OAF/2025-09-30_B-Roll_Marc Buggeln/Drohne/2025-09-30_Drohne_Marc Buggeln_DJI_20250930101301_0003_D.MP4,
1774588,2024-11-11_B-Roll_Drohne_DJI_0027,2:27f849a1c2c5877c81ebaa4e57dcc7a7,00:01:55:47:50/1,00:02:04:07:50/1,OCF OAF/2024-11-11_BRoll_Militaerhistorisches Museum Berlin Gatow/DROHNE/2024-11-11_B-Roll_Drohne_DJI_0027.mxf,
1775069,"AGD__607768__Old City, Holy City, Drone, The Wall",2:b64c7ccede917dc7b920745de4806cdb,00:00:00:00:25/1,00:00:28:10:25/1,"['Avid MediaFiles/MXF/ARCHIVAVID-1.2/AGD__607768__Old City, Holy City, Drone, The Wall.mxf', 'Avid MediaFiles/MXF/Converter.1/AGD__607768__Old City, Holy City, Drone, The Wall.mxf']",
1775119,2025-10-13_BRoll_Drohne_DJI_20251013153154_0012_D,2:f5ed181991d8072d30a3bd62828ab663,00:00:00:00:25/1,00:00:31:03:25/1,OCF OAF/2025-10-13_ITV_Volker Petzold/Drohne 01/DCIM/DJI_001/2025-10-13_BRoll_Drohne_DJI_20251013153154_0012_D.MP4,
1775126,2025-10-15_BRoll Schloss Tenneberg_Drohne_DJI_20251015173038_0014_D,2:966016fcee506d9e415ae652213a93f5,00:00:00:00:25/1,00:05:20:23:25/1,OCF OAF/2025-10-15_BRoll Schloss Tenneberg/Drohne 02/DCIM/DJI_001/2025-10-15_BRoll Schloss Tenneberg_Drohne_DJI_20251015173038_0014_D.MP4,
1775130,2025-10-15_BRoll Schloss Tenneberg_Drohne_DJI_20251015170802_0006_D,2:66f20fe21b1b051c03b76539a32f1b3b,00:00:00:00:25/1,00:02:31:24:25/1,OCF OAF/2025-10-15_BRoll Schloss Tenneberg/Drohne 02/DCIM/DJI_001/2025-10-15_BRoll Schloss Tenneberg_Drohne_DJI_20251015170802_0006_D.MP4,
1775131,2025-10-15_BRoll Schloss Tenneberg_Drohne_DJI_20251015172616_0012_D,2:c2b3f85c6c0e8d17e154b471ebc8e8f0,00:00:00:00:25/1,00:02:10:22:25/1,OCF OAF/2025-10-15_BRoll Schloss Tenneberg/Drohne 02/DCIM/DJI_001/2025-10-15_BRoll Schloss Tenneberg_Drohne_DJI_20251015172616_0012_D.MP4,
1775150,2025-10-13_BRoll_Drohne_DJI_20251013110134_0008_D,2:62f4d561624e5a9c0aaa0780d69adc58,00:00:00:00:25/1,00:01:31:02:25/1,OCF OAF/2025-10-13_ITV_Volker Petzold/Drohne 01/DCIM/DJI_001/2025-10-13_BRoll_Drohne_DJI_20251013110134_0008_D.MP4,
1775172,2025-10-13_BRoll_Drohne_DJI_20251013105548_0004_D,2:3af4c865b17f9dbe96e80a09e044619d,00:00:00:00:25/1,00:00:29:17:25/1,OCF OAF/2025-10-13_ITV_Volker Petzold/Drohne 01/DCIM/DJI_001/2025-10-13_BRoll_Drohne_DJI_20251013105548_0004_D.MP4,
1775192,2025-10-15_BRoll Schloss Tenneberg_Drohne_DJI_20251015180407_0020_D,2:9a6f1509aab32efcd74f542fcd2cab84,00:00:00:00:25/1,00:00:54:22:25/1,OCF OAF/2025-10-15_BRoll Schloss Tenneberg/Drohne 02/DCIM/DJI_001/2025-10-15_BRoll Schloss Tenneberg_Drohne_DJI_20251015180407_0020_D.MP4,
1775206,2025-10-13_BRoll_Drohne_DJI_20251013154134_0016_D,2:f7677913114acd749d779d33005ecf10,00:00:00:00:25/1,00:00:54:19:25/1,OCF OAF/2025-10-13_ITV_Volker Petzold/Drohne 01/DCIM/DJI_001/2025-10-13_BRoll_Drohne_DJI_20251013154134_0016_D.MP4,
1775228,2025-10-15_BRoll Schloss Tenneberg_Drohne_DJI_20251015171102_0007_D,2:a52ab7cac72d0f4dffbc1326da24cbf6,00:00:00:00:25/1,00:00:46:14:25/1,OCF OAF/2025-10-15_BRoll Schloss Tenneberg/Drohne 02/DCIM/DJI_001/2025-10-15_BRoll Schloss Tenneberg_Drohne_DJI_20251015171102_0007_D.MP4,
1775254,2025-10-13_BRoll_Drohne_DJI_20251013153228_0013_D,2:206c152e1d213a73647280f59ecea01d,00:00:00:00:25/1,00:04:01:08:25/1,OCF OAF/2025-10-13_ITV_Volker Petzold/Drohne 01/DCIM/DJI_001/2025-10-13_BRoll_Drohne_DJI_20251013153228_0013_D.MP4,
1775258,2025-10-15_BRoll Schloss Tenneberg_Drohne_DJI_20251015170322_0003_D,2:d4247c4fb22e58a7b6c2181b59a65d69,00:00:00:00:25/1,00:00:28:07:25/1,OCF OAF/2025-10-15_BRoll Schloss Tenneberg/Drohne 02/DCIM/DJI_001/2025-10-15_BRoll Schloss Tenneberg_Drohne_DJI_20251015170322_0003_D.MP4,
1775267,2025-10-13_BRoll_Drohne_DJI_20251013105635_0005_D,2:41e60e4464cab7c8a5bd2c7d5d54a5da,00:00:00:00:25/1,00:03:00:20:25/1,OCF OAF/2025-10-13_ITV_Volker Petzold/Drohne 01/DCIM/DJI_001/2025-10-13_BRoll_Drohne_DJI_20251013105635_0005_D.MP4,
1775279,2025-10-13_BRoll_Drohne_DJI_20251013110713_0009_D,2:9dce5786ea326b57dde62d2997a0daae,00:00:00:00:25/1,00:01:23:12:25/1,OCF OAF/2025-10-13_ITV_Volker Petzold/Drohne 01/DCIM/DJI_001/2025-10-13_BRoll_Drohne_DJI_20251013110713_0009_D.MP4,
1775285,2025-10-15_BRoll Schloss Tenneberg_Drohne_DJI_20251015175708_0018_D,2:86037662bc3fe7e380045e5f2526be49,00:00:00:00:25/1,00:01:08:10:25/1,OCF OAF/2025-10-15_BRoll Schloss Tenneberg/Drohne 02/DCIM/DJI_001/2025-10-15_BRoll Schloss Tenneberg_Drohne_DJI_20251015175708_0018_D.MP4,
1775302,2025-10-13_BRoll_Drohne_DJI_20251013090354_0001_D,2:2217ccc73268a788a482db74b5058721,00:00:00:00:25/1,00:02:46:12:25/1,OCF OAF/2025-10-13_ITV_Volker Petzold/Drohne 01/DCIM/DJI_001/2025-10-13_BRoll_Drohne_DJI_20251013090354_0001_D.MP4,
1775326,2025-10-15_BRoll Schloss Tenneberg_Drohne_DJI_20251015173835_0015_D,2:53a9d43bec290800fffd831c4b151662,00:00:00:00:25/1,00:00:06:23:25/1,OCF OAF/2025-10-15_BRoll Schloss Tenneberg/Drohne 02/DCIM/DJI_001/2025-10-15_BRoll Schloss Tenneberg_Drohne_DJI_20251015173835_0015_D.MP4,
1775351,2025-10-13_BRoll_Drohne_DJI_20251013153639_0014_D,2:5173af907e0ac5009bc945d172dfb44b,00:00:00:00:25/1,00:01:02:02:25/1,OCF OAF/2025-10-13_ITV_Volker Petzold/Drohne 01/DCIM/DJI_001/2025-10-13_BRoll_Drohne_DJI_20251013153639_0014_D.MP4,
1775359,2025-10-15_BRoll Schloss Tenneberg_Drohne_DJI_20251015171844_0008_D,2:fd5c1f9795d4e7e3f661b42dcedea49f,00:00:00:00:25/1,00:00:26:02:25/1,OCF OAF/2025-10-15_BRoll Schloss Tenneberg/Drohne 02/DCIM/DJI_001/2025-10-15_BRoll Schloss Tenneberg_Drohne_DJI_20251015171844_0008_D.MP4,
1775385,2025-10-13_BRoll_Drohne_DJI_20251013110906_0010_D,2:b08bbb3f20c942f52f748efad25476f3,00:00:00:00:25/1,00:01:09:05:25/1,OCF OAF/2025-10-13_ITV_Volker Petzold/Drohne 01/DCIM/DJI_001/2025-10-13_BRoll_Drohne_DJI_20251013110906_0010_D.MP4,
1775386,2025-10-13_BRoll_Drohne_DJI_20251013110049_0007_D,2:62987ae530916ac9d8c4fe0071dba73e,00:00:00:00:25/1,00:00:30:04:25/1,OCF OAF/2025-10-13_ITV_Volker Petzold/Drohne 01/DCIM/DJI_001/2025-10-13_BRoll_Drohne_DJI_20251013110049_0007_D.MP4,
1775389,2025-10-15_BRoll Schloss Tenneberg_Drohne_DJI_20251015170353_0004_D,2:4320e8cca4effd8c4c05c10e4bd4f531,00:00:00:00:25/1,00:00:34:06:25/1,OCF OAF/2025-10-15_BRoll Schloss Tenneberg/Drohne 02/DCIM/DJI_001/2025-10-15_BRoll Schloss Tenneberg_Drohne_DJI_20251015170353_0004_D.MP4,
1775397,2025-10-15_BRoll Schloss Tenneberg_Drohne_DJI_20251015165350_0001_D,2:193a7b45488961993c739bc63a49baf6,00:00:00:00:25/1,00:02:51:04:25/1,OCF OAF/2025-10-15_BRoll Schloss Tenneberg/Drohne 02/DCIM/DJI_001/2025-10-15_BRoll Schloss Tenneberg_Drohne_DJI_20251015165350_0001_D.MP4,
1775401,2025-10-13_BRoll_Drohne_DJI_20251013105953_0006_D,2:29d983e83682cc6863d4bcb35bc3c6cc,00:00:00:00:25/1,00:00:41:23:25/1,OCF OAF/2025-10-13_ITV_Volker Petzold/Drohne 01/DCIM/DJI_001/2025-10-13_BRoll_Drohne_DJI_20251013105953_0006_D.MP4,
1775432,2025-10-13_BRoll_Drohne_DJI_20251013090647_0002_D,2:ff92addbca7a72cce2b08b071d9d214b,00:00:00:00:25/1,00:00:02:10:25/1,OCF OAF/2025-10-13_ITV_Volker Petzold/Drohne 01/DCIM/DJI_001/2025-10-13_BRoll_Drohne_DJI_20251013090647_0002_D.MP4,
1775453,2025-10-15_BRoll Schloss Tenneberg_Drohne_DJI_20251015174346_0017_D,2:98dc7215ef88a6ca989ff3e16999b679,00:00:00:00:25/1,00:03:35:12:25/1,OCF OAF/2025-10-15_BRoll Schloss Tenneberg/Drohne 02/DCIM/DJI_001/2025-10-15_BRoll Schloss Tenneberg_Drohne_DJI_20251015174346_0017_D.MP4,
1775454,2025-10-15_BRoll Schloss Tenneberg_Drohne_DJI_20251015171913_0009_D,2:068ee244d6032437412260b4cf14522a,00:00:00:00:25/1,00:00:44:14:25/1,OCF OAF/2025-10-15_BRoll Schloss Tenneberg/Drohne 02/DCIM/DJI_001/2025-10-15_BRoll Schloss Tenneberg_Drohne_DJI_20251015171913_0009_D.MP4,
1775475,2025-10-13_BRoll_Drohne_DJI_20251013153834_0015_D,2:ef74111724db9604b589729830a75550,00:00:00:00:25/1,00:02:51:04:25/1,OCF OAF/2025-10-13_ITV_Volker Petzold/Drohne 01/DCIM/DJI_001/2025-10-13_BRoll_Drohne_DJI_20251013153834_0015_D.MP4,
1775484,2025-10-15_BRoll Schloss Tenneberg_Drohne_DJI_20251015174117_0016_D,2:901ee52f5bfd8e46323abc5ac9ec43ba,00:00:00:00:25/1,00:00:39:16:25/1,OCF OAF/2025-10-15_BRoll Schloss Tenneberg/Drohne 02/DCIM/DJI_001/2025-10-15_BRoll Schloss Tenneberg_Drohne_DJI_20251015174117_0016_D.MP4,
1775486,2025-10-15_BRoll Schloss Tenneberg_Drohne_DJI_20251015170443_0005_D,2:7c93df30fb626bff5984afe2dd95ea77,00:00:00:00:25/1,00:02:07:22:25/1,OCF OAF/2025-10-15_BRoll Schloss Tenneberg/Drohne 02/DCIM/DJI_001/2025-10-15_BRoll Schloss Tenneberg_Drohne_DJI_20251015170443_0005_D.MP4,
1775506,2025-10-15_BRoll Schloss Tenneberg_Drohne_DJI_20251015180210_0019_D,2:e045ecb4f8eff25b438e69796b5264af,00:00:00:00:25/1,00:01:51:05:25/1,OCF OAF/2025-10-15_BRoll Schloss Tenneberg/Drohne 02/DCIM/DJI_001/2025-10-15_BRoll Schloss Tenneberg_Drohne_DJI_20251015180210_0019_D.MP4,
1775510,2025-10-13_BRoll_Drohne_DJI_20251013104003_0003_D,2:11fd43dc8465188d0d6dee9c97fce3d4,00:00:00:00:25/1,00:05:09:06:25/1,OCF OAF/2025-10-13_ITV_Volker Petzold/Drohne 01/DCIM/DJI_001/2025-10-13_BRoll_Drohne_DJI_20251013104003_0003_D.MP4,
1775530,2025-10-13_BRoll_Drohne_DJI_20251013153048_0011_D,2:38832adc4ef40fdb0827c4fb7903fff8,00:00:00:00:25/1,00:00:39:02:25/1,OCF OAF/2025-10-13_ITV_Volker Petzold/Drohne 01/DCIM/DJI_001/2025-10-13_BRoll_Drohne_DJI_20251013153048_0011_D.MP4,
1775534,2025-10-15_BRoll Schloss Tenneberg_Drohne_DJI_20251015165804_0002_D,2:3d84d7eb62dad83603253528e7a23853,00:00:00:00:25/1,00:01:15:07:25/1,OCF OAF/2025-10-15_BRoll Schloss Tenneberg/Drohne 02/DCIM/DJI_001/2025-10-15_BRoll Schloss Tenneberg_Drohne_DJI_20251015165804_0002_D.MP4,
1775549,2025-10-15_BRoll Schloss Tenneberg_Drohne_DJI_20251015172357_0011_D,2:9029775e05dc852b5750b89e138852cf,00:00:00:00:25/1,00:01:32:00:25/1,OCF OAF/2025-10-15_BRoll Schloss Tenneberg/Drohne 02/DCIM/DJI_001/2025-10-15_BRoll Schloss Tenneberg_Drohne_DJI_20251015172357_0011_D.MP4,
1775570,2025-10-15_BRoll Schloss Tenneberg_Drohne_DJI_20251015172020_0010_D,2:cea4b0d1ff8ea0246d5091fd11641030,00:00:00:00:25/1,00:01:09:22:25/1,OCF OAF/2025-10-15_BRoll Schloss Tenneberg/Drohne 02/DCIM/DJI_001/2025-10-15_BRoll Schloss Tenneberg_Drohne_DJI_20251015172020_0010_D.MP4,
1775574,2025-10-15_BRoll Schloss Tenneberg_Drohne_DJI_20251015172854_0013_D,2:f11b20973a790fd1fb5f74e88737b3d4,00:00:00:00:25/1,00:01:16:21:25/1,OCF OAF/2025-10-15_BRoll Schloss Tenneberg/Drohne 02/DCIM/DJI_001/2025-10-15_BRoll Schloss Tenneberg_Drohne_DJI_20251015172854_0013_D.MP4,
1775872,"APA M__4486779__Russia launches drone attack on Kharkiv, killing 4 and wounding 12__Ukraine 2024",2:23fbbba7c0e6239ea0ca660264e1d751,00:00:00:00:25/1,00:01:06:19:25/1,"ARCHIVE MASTER/Footage/Episode 04/APA/AP Clip neues Format/APA M__4486779__Russia launches drone attack on Kharkiv, killing 4 and wounding 12__Ukraine 2024.mxf",
1775916,GIA__2215745179__Drone view of Menai Suspension Bridge Anglesey North Wales,2:07fed390969f4336e539e77a85edb0b6,00:00:00:00:25/1,00:00:14:06:25/1,Avid MediaFiles/MXF/Converter.1/GIA__2215745179__Drone view of Menai Suspension Bridge Anglesey North Wales.mxf,
1776203,APA__077099__Screener Iran Israeli drone strikes leave homes of slain Iranian nuclear scientists in ruins__2025-06-25,2:59681c1219e2ac95350a5fd29399f2ad,00:00:00:00:25/1,00:08:06:17:25/1,"['Trailer Shadow Warriors/2025 War Israel-Iran/APA__077099__Screener Iran Israeli drone strikes leave homes of slain Iranian nuclear scientists in ruins__2025-06-25.mp4', 'Trailer Shadow Warriors/Trailer Files/2025 War Israel-Iran/APA__077099__Screener Iran Israeli drone strikes leave homes of slain Iranian nuclear scientists in ruins__2025-06-25.mp4']",
1776437,"['GIA__2196011629__Kensington Palast und GÃ¤rten London UK Drohne, Antenne - 4K Stock-Video', 'GIA__2196011629__Kensington Palast und Gärten London UK Drohne, Antenne - 4K Stock-Video']",2:d3c042854c221ce3fce9c2ce3d85a376,00:00:00:00:30000/1001 nd,00:00:15:27:30000/1001 nd,"['Avid MediaFiles/MXF/Converter.1/GIA__2196011629__Kensington Palast und GÃ¤rten London UK Drohne, Antenne - 4K Stock-Video.mxf', 'Avid MediaFiles/MXF/Converter.1/GIA__2196011629__Kensington Palast und Gärten London UK Drohne, Antenne - 4K Stock-Video.mxf']",
1776736,2025-10-24_B-Roll_155146_0001,2:bed41678eaf865a0b57e6259a242a0d0,00:00:00:00:25/1,00:00:37:02:25/1,OCF OAF/2025-10-24_ITV_Dieter_Frey/Drohne 4/DCIM/DJI_001/2025-10-24_B-Roll_155146_0001.MP4,
1776743,2025-10-24_B-Roll_161734_0010,2:9fa302c5f2fb35dd310f70f60e4bfc92,00:00:00:00:25/1,00:00:53:01:25/1,OCF OAF/2025-10-24_ITV_Dieter_Frey/Drohne 4/DCIM/DJI_001/2025-10-24_B-Roll_161734_0010.MP4,
1776755,2025-10-24_B-Roll_160715_0006,2:695b99cd169684c1da6458eb38319f79,00:00:00:00:25/1,00:00:58:22:25/1,OCF OAF/2025-10-24_ITV_Dieter_Frey/Drohne 4/DCIM/DJI_001/2025-10-24_B-Roll_160715_0006.MP4,
1776759,2025-10-23_B-Roll_171700_0006,2:33bc0b42c52dc04eab8188726985df06,00:00:00:00:25/1,00:02:23:15:25/1,OCF OAF/2023-10-23_ITV_Maja Götz/Drohne/DCIM/DJI_001/2025-10-23_B-Roll_171700_0006.MP4,
1776764,2025-10-24_B-Roll_155725_0003,2:2500f72e7681dd048cbbdb8cc18901c9,00:00:00:00:25/1,00:01:42:06:25/1,OCF OAF/2025-10-24_ITV_Dieter_Frey/Drohne 4/DCIM/DJI_001/2025-10-24_B-Roll_155725_0003.MP4,
1776786,2025-10-24_B-Roll_155230_0002,2:605006d9c3e696d472033cedb1f20ef2,00:00:00:00:25/1,00:01:28:02:25/1,OCF OAF/2025-10-24_ITV_Dieter_Frey/Drohne 4/DCIM/DJI_001/2025-10-24_B-Roll_155230_0002.MP4,
1776791,2025-10-23_B-Roll_171239_0005,2:e5133c44981e12269b19d840261dbe0a,00:00:00:00:25/1,00:02:42:12:25/1,OCF OAF/2023-10-23_ITV_Maja Götz/Drohne/DCIM/DJI_001/2025-10-23_B-Roll_171239_0005.MP4,
1776793,2025-10-24_B-Roll_161336_0008,2:0ce5967b0e72be023909b0bc59a8e253,00:00:00:00:25/1,00:00:38:03:25/1,OCF OAF/2025-10-24_ITV_Dieter_Frey/Drohne 4/DCIM/DJI_001/2025-10-24_B-Roll_161336_0008.MP4,
1776809,2025-10-23_B-Roll_170804_0002,2:c85f4a3bda747149e8a50e8e2db31f78,00:00:00:00:25/1,00:00:44:02:25/1,OCF OAF/2023-10-23_ITV_Maja Götz/Drohne/DCIM/DJI_001/2025-10-23_B-Roll_170804_0002.MP4,
1776825,2025-10-23_B-Roll_170606_0001,2:f7341ccfbb4723d7497b77e67bd4d77d,00:00:00:00:25/1,00:01:41:01:25/1,OCF OAF/2023-10-23_ITV_Maja Götz/Drohne/DCIM/DJI_001/2025-10-23_B-Roll_170606_0001.MP4,
1776834,2025-10-23_B-Roll_170957_0003,2:9967854a6e9d2454d11bfa73b12dae47,00:00:00:00:25/1,00:01:23:11:25/1,OCF OAF/2023-10-23_ITV_Maja Götz/Drohne/DCIM/DJI_001/2025-10-23_B-Roll_170957_0003.MP4,
1776842,2025-10-24_B-Roll_161445_0009,2:04d2cf0653b6b437e5d5bb4983e055f0,00:00:00:00:25/1,00:00:59:11:25/1,OCF OAF/2025-10-24_ITV_Dieter_Frey/Drohne 4/DCIM/DJI_001/2025-10-24_B-Roll_161445_0009.MP4,
1776859,2025-10-23_B-Roll_172835_0009,2:3ed42324609647184fe029f49f27d75a,00:00:00:00:25/1,00:01:41:00:25/1,OCF OAF/2023-10-23_ITV_Maja Götz/Drohne/DCIM/DJI_001/2025-10-23_B-Roll_172835_0009.MP4,
1776879,2025-10-24_B-Roll_160653_0005,2:0df7258adce7135c6bb1618bd9669086,00:00:00:00:25/1,00:00:09:03:25/1,OCF OAF/2025-10-24_ITV_Dieter_Frey/Drohne 4/DCIM/DJI_001/2025-10-24_B-Roll_160653_0005.MP4,
1776891,2025-10-23_B-Roll_172532_0007,2:691d2ccdb81dbe0f7dda00360aca35d3,00:00:00:00:25/1,00:00:32:03:25/1,OCF OAF/2023-10-23_ITV_Maja Götz/Drohne/DCIM/DJI_001/2025-10-23_B-Roll_172532_0007.MP4,
1776894,2025-10-24_B-Roll_160455_0004,2:62d80180f69dbf67bbe13db435844e7d,00:00:00:00:25/1,00:01:34:00:25/1,OCF OAF/2025-10-24_ITV_Dieter_Frey/Drohne 4/DCIM/DJI_001/2025-10-24_B-Roll_160455_0004.MP4,
1776900,2025-10-23_B-Roll_172719_0008,2:a85ebd8564572734b675089dcd056100,00:00:00:00:25/1,00:00:53:06:25/1,OCF OAF/2023-10-23_ITV_Maja Götz/Drohne/DCIM/DJI_001/2025-10-23_B-Roll_172719_0008.MP4,
1776909,2025-10-24_B-Roll_160831_0007,2:0c1101067302bbd800b4674b3b607e4b,00:00:00:00:25/1,00:03:42:10:25/1,OCF OAF/2025-10-24_ITV_Dieter_Frey/Drohne 4/DCIM/DJI_001/2025-10-24_B-Roll_160831_0007.MP4,
1776947,2025-10-23_B-Roll_171158_0004,2:8c19ad4de69a11664d77af9dd9787f1f,00:00:00:00:25/1,00:00:24:21:25/1,OCF OAF/2023-10-23_ITV_Maja Götz/Drohne/DCIM/DJI_001/2025-10-23_B-Roll_171158_0004.MP4,
1778657,"['APA__4457584__M__Drone of destruction in Gaza City neighborhood following Israeli strike__2023-10-10', 'APA__4457584__Drone of destruction in Gaza City neighborhood following Israeli strike__2023-10-10']",2:2132aa9db5c4fa03175e01da4164a738,00:00:00:00:25/1,00:03:18:11:25/1,"['Archive Masters/Footage/APA/APA__4457584__M__Drone of destruction in Gaza City neighborhood following Israeli strike__2023-10-10.mxf', 'Trailer Shadow Warriors/Trailer Files/2023-10-07 and aftermath/Gaza destruction, special forces operations, explosions/APA__4457584__Drone of destruction in Gaza City neighborhood following Israeli strike__2023-10-10.mxf']",
1778658,APA__sth090216__M__Denmark - Footage of drones that closed Copenhagen Airport in Denmark for hours at night__2025.new.01,2:ba789d0a25bf7a476a9a5ebf9476999d,00:00:00:00:30000/1001,00:00:36:09:30000/1001,Archive Masters/Footage/APA/APA__sth090216__M__Denmark - Footage of drones that closed Copenhagen Airport in Denmark for hours at night__2025.new.01.mp4,
1778679,SST__3434632781__M__Drone Hamburg City Daylight St. Pauli.new.01,2:d7a6c2e69e4323a863495b55679a2d95,00:00:00:00:25/1,00:00:29:10:25/1,"['Archive Masters/Footage/SST/SST__3434632781__M__Drone Hamburg City Daylight St. Pauli.new.01.mp4', 'ARCHIVE PRODUCER/Malte/SST__3434632781__Drone Hamburg City Daylight St. Pauli.mp4']",
1779206,PND__086907881-aerial-drone-footage-mar-a-lago-,2:bf9ec83bdefd8e567ba524cd9a3c41c2,00:00:00:00:24000/1001,00:00:28:23:24000/1001,Avid MediaFiles/MXF/Converter.1/PND__086907881-aerial-drone-footage-mar-a-lago-.mxf,
1779207,"['EBU__2025-10339132__ _EU Von der Leyen Rutte drones__30-09-2025_A01', 'EBU__2025-10339132__ _EU Von der Leyen Rutte drones__30-09-2025_A02', 'EBU__2025-10339132__ _EU Von der Leyen Rutte drones__30-09-2025_A03', 'EBU__2025-10339132__ _EU Von der Leyen Rutte drones__30-09-2025_A04', 'EBU__2025-10339132__ _EU Von der Leyen Rutte drones__30-09-2025_A05', 'EBU__2025-10339132__ _EU Von der Leyen Rutte drones__30-09-2025_A06', 'EBU__2025-10339132__ _EU Von der Leyen Rutte drones__30-09-2025_A07', 'EBU__2025-10339132__ _EU Von der Leyen Rutte drones__30-09-2025_A08', 'EBU__2025-10339132__ _EU Von der Leyen Rutte drones__30-09-2025']","['2:d291ff4bbc45aee86579b4e1bb6913a0', '2:7e765abb00e593ce80759ff08e73b3ac', '2:2c5de61429565580a8d50b9d0ba0aec8', '2:461c1d624409abb29306f1be40ba9aa4', '2:3f01f2a973af77310c0a670f379dfa54', '2:8a4fc40a1140a51559a3e7b7daae5d6a', '2:bd50d2c8b3156d434b2b36bb96ca8dd5', '2:1e8bc95fc4c57db302084e2b5b86475f', '2:90a778e86c8d3b6c0f0b002f4edcfe88']",00:00:00:00:25/1,00:03:16:09:25/1,"['Avid MediaFiles/MXF/Converter.1/EBU__2025-10339132__ _EU Von der Leyen Rutte drones__30-09-2025_A01.mxf', 'Avid MediaFiles/MXF/Converter.1/EBU__2025-10339132__ _EU Von der Leyen Rutte drones__30-09-2025_A02.mxf', 'Avid MediaFiles/MXF/Converter.1/EBU__2025-10339132__ _EU Von der Leyen Rutte drones__30-09-2025_A03.mxf', 'Avid MediaFiles/MXF/Converter.1/EBU__2025-10339132__ _EU Von der Leyen Rutte drones__30-09-2025_A04.mxf', 'Avid MediaFiles/MXF/Converter.1/EBU__2025-10339132__ _EU Von der Leyen Rutte drones__30-09-2025_A05.mxf', 'Avid MediaFiles/MXF/Converter.1/EBU__2025-10339132__ _EU Von der Leyen Rutte drones__30-09-2025_A06.mxf', 'Avid MediaFiles/MXF/Converter.1/EBU__2025-10339132__ _EU Von der Leyen Rutte drones__30-09-2025_A07.mxf', 'Avid MediaFiles/MXF/Converter.1/EBU__2025-10339132__ _EU Von der Leyen Rutte drones__30-09-2025_A08.mxf', 'Avid MediaFiles/MXF/Converter.1/EBU__2025-10339132__ _EU Von der Leyen Rutte drones__30-09-2025.mxf']",
1779208,"['EBU__2025-10338467__Finland EU Drone wall _A01', 'EBU__2025-10338467__Finland EU Drone wall _A02', 'EBU__2025-10338467__Finland EU Drone wall _A03', 'EBU__2025-10338467__Finland EU Drone wall _A04', 'EBU__2025-10338467__Finland EU Drone wall _A05', 'EBU__2025-10338467__Finland EU Drone wall _A06', 'EBU__2025-10338467__Finland EU Drone wall _A07', 'EBU__2025-10338467__Finland EU Drone wall _A08', 'EBU__2025-10338467__Finland EU Drone wall ']","['2:557ee6106f60364381560d7ca2190ccb', '2:f60eb0d637b1ed417ccaba1567c83e08', '2:aed77ef4e3aa31bbd7688ae3f3cb298d', '2:ae16295dea2d523f00320a398248bf1a', '2:8567453ebdc90ebd42dd55e09c69ba43', '2:332a90872a419d1f735d79816faf81fc', '2:f8b8cbe21647554e7bca528eaddde4a5', '2:4d8e2ff0ea8e7752222cc4805ee31146', '2:6ee0485c3227f01a789bd699b58b179a']",00:00:00:00:25/1,00:02:06:08:25/1,"['Avid MediaFiles/MXF/Converter.1/EBU__2025-10338467__Finland EU Drone wall _A01.mxf', 'Avid MediaFiles/MXF/Converter.1/EBU__2025-10338467__Finland EU Drone wall _A02.mxf', 'Avid MediaFiles/MXF/Converter.1/EBU__2025-10338467__Finland EU Drone wall _A03.mxf', 'Avid MediaFiles/MXF/Converter.1/EBU__2025-10338467__Finland EU Drone wall _A04.mxf', 'Avid MediaFiles/MXF/Converter.1/EBU__2025-10338467__Finland EU Drone wall _A05.mxf', 'Avid MediaFiles/MXF/Converter.1/EBU__2025-10338467__Finland EU Drone wall _A06.mxf', 'Avid MediaFiles/MXF/Converter.1/EBU__2025-10338467__Finland EU Drone wall _A07.mxf', 'Avid MediaFiles/MXF/Converter.1/EBU__2025-10338467__Finland EU Drone wall _A08.mxf', 'Avid MediaFiles/MXF/Converter.1/EBU__2025-10338467__Finland EU Drone wall .mxf']",
1779268,"['REU__2072593__airspace Poland Drones__10-09-2025_A01', 'REU__2072593__airspace Poland Drones__10-09-2025_A02', 'REU__2072593__airspace Poland Drones__10-09-2025']","['2:421c3fedc6be1cea56dce630a8c0585a', '2:2028e2d75b0dcf893c4bc1751f2efb41', '2:36c213d91c7c2b8dc7d2186716e92ec8']",10:00:00:00:25/1,10:02:08:20:25/1,"['Avid MediaFiles/MXF/Converter.1/REU__2072593__airspace Poland Drones__10-09-2025_A01.mxf', 'Avid MediaFiles/MXF/Converter.1/REU__2072593__airspace Poland Drones__10-09-2025_A02.mxf', 'Avid MediaFiles/MXF/Converter.1/REU__2072593__airspace Poland Drones__10-09-2025.mxf']",
1779270,"['REU__2077259__Polen Flughafen Drohnen__10-09-2025_A01', 'REU__2077259__Polen Flughafen Drohnen__10-09-2025_A02', 'REU__2077259__Polen Flughafen Drohnen__10-09-2025']","['2:8dc957cad32951dc2e9b9977a499a70f', '2:7ff8b4f27be5be489fd147239087abf2', '2:ffe747d070c49065113c03cdfe421e72']",10:00:00:00:25/1,10:00:07:17:25/1,"['Avid MediaFiles/MXF/Converter.1/REU__2077259__Polen Flughafen Drohnen__10-09-2025_A01.mxf', 'Avid MediaFiles/MXF/Converter.1/REU__2077259__Polen Flughafen Drohnen__10-09-2025_A02.mxf', 'Avid MediaFiles/MXF/Converter.1/REU__2077259__Polen Flughafen Drohnen__10-09-2025.mxf']",
1779271,"['REU__2077216__Home hit by debris from Russian drone shot down over Poland__10-09-2025_A01', 'REU__2077216__Home hit by debris from Russian drone shot down over Poland__10-09-2025_A02', 'REU__2077216__Home hit by debris from Russian drone shot down over Poland__10-09-2025']","['2:2182e75e94b89e2ca3ae35fee4211d46', '2:6ae638637683f74d34655f3696bde03e', '2:0e66b7095620d98db26144de12ef85b6']",10:00:00:00:25/1,10:00:46:14:25/1,"['Avid MediaFiles/MXF/Converter.1/REU__2077216__Home hit by debris from Russian drone shot down over Poland__10-09-2025_A01.mxf', 'Avid MediaFiles/MXF/Converter.1/REU__2077216__Home hit by debris from Russian drone shot down over Poland__10-09-2025_A02.mxf', 'Avid MediaFiles/MXF/Converter.1/REU__2077216__Home hit by debris from Russian drone shot down over Poland__10-09-2025.mxf']",
1779755,"['GIA__1770803765__Drohnenschwenk tagsÃ¼ber Ã¼ber die Brijuni-Inseln vor Pula in Istrien - 4K Stock-Video', 'GIA__1770803765__Drohnenschwenk tagsüber über die Brijuni-Inseln vor Pula in Istrien - 4K Stock-Video']",2:99a422f1b6ae2c84f4f35868e520f33e,00:00:00:00:60000/1001 nd,00:00:58:32:60000/1001 nd,Avid MediaFiles/MXF/Converter.1/GIA__1770803765__Drohnenschwenk tagsüber über die Brijuni-Inseln vor Pula in Istrien - 4K Stock-Video.mxf,
1780311,AGD__627154__Puerto_Rico_Trees_Drone_Palms_By_Brad_Kremer_Artlist_4K,2:143761fb2769734c7266d8ef4b8ef2c3,00:07:30:22:24000/1001,00:07:46:20:24000/1001,Avid MediaFiles/MXF/Converter.1/AGD__627154__Puerto_Rico_Trees_Drone_Palms_By_Brad_Kremer_Artlist_4K.mxf,
1780756,"['ALJ__20210829__US says drone kills suicide bombers targeting Kabul airport__2021-08-29_A01', 'ALJ__20210829__US says drone kills suicide bombers targeting Kabul airport__2021-08-29_A02', 'ALJ__20210829__US says drone kills suicide bombers targeting Kabul airport__2021-08-29']","['2:720e1886479d69bfeb0a816404286d4a', '2:fa1f44f5ccbd39000608576fc2fb6df4', '2:7313b7dfbb3171dc536759f4d4964dfe']",00:00:00:00:25/1,00:08:11:09:25/1,"['Avid MediaFiles/MXF/Converter.1/ALJ__20210829__US says drone kills suicide bombers targeting Kabul airport__2021-08-29_A01.mxf', 'Avid MediaFiles/MXF/Converter.1/ALJ__20210829__US says drone kills suicide bombers targeting Kabul airport__2021-08-29_A02.mxf', 'Avid MediaFiles/MXF/Converter.1/ALJ__20210829__US says drone kills suicide bombers targeting Kabul airport__2021-08-29.mxf']",
1780795,"['REU__2030236__Russia pounds Ukraine with missiles and drones_ hits EU mission__28-08-2025_A01', 'REU__2030236__Russia pounds Ukraine with missiles and drones_ hits EU mission__28-08-2025_A02', 'REU__2030236__Russia pounds Ukraine with missiles and drones_ hits EU mission__28-08-2025']","['2:77de2f5eb517a25ba28448f77645e64b', '2:277b2706b7bfccac73d5161b81d00f2e', '2:af426b88804671341a76a3151689b48f']",10:00:00:00:25/1,10:02:03:03:25/1,"['Avid MediaFiles/MXF/Converter.1/REU__2030236__Russia pounds Ukraine with missiles and drones_ hits EU mission__28-08-2025_A01.mxf', 'Avid MediaFiles/MXF/Converter.1/REU__2030236__Russia pounds Ukraine with missiles and drones_ hits EU mission__28-08-2025_A02.mxf', 'Avid MediaFiles/MXF/Converter.1/REU__2030236__Russia pounds Ukraine with missiles and drones_ hits EU mission__28-08-2025.mxf']",
1781021,"['REU__1977080__Drone footage captures European Parliament building in Brussels_HLS Video_m1761372_A01', 'REU__1977080__Drone footage captures European Parliament building in Brussels_HLS Video_m1761372_A02', 'REU__1977080__Drone footage captures European Parliament building in Brussels_HLS Video_m1761372']","['2:adc4db08958a93434c6d14d028d4c4c9', '2:eece292eb8d83746158ccfd2465d8ffc', '2:026e7c2d51588e2057bc59319faf4b84']",10:00:00:00:25/1,10:00:49:17:25/1,"['Avid MediaFiles/MXF/Converter.1/REU__1977080__Drone footage captures European Parliament building in Brussels_HLS Video_m1761372_A01.mxf', 'Avid MediaFiles/MXF/Converter.1/REU__1977080__Drone footage captures European Parliament building in Brussels_HLS Video_m1761372_A02.mxf', 'Avid MediaFiles/MXF/Converter.1/REU__1977080__Drone footage captures European Parliament building in Brussels_HLS Video_m1761372.mxf']",
1781031,"['REU__2077277__German Defence Minister_ Russian drone incursion in_A01', 'REU__2077277__German Defence Minister_ Russian drone incursion in_A02', 'REU__2077277__German Defence Minister_ Russian drone incursion in']","['2:3ae19865b518a826c259bda63a55db7b', '2:b991737e691dffb69668dab000d643e5', '2:c6656c77df2d9e7c8979712b8abc0bae']",10:00:00:00:25/1,10:02:45:08:25/1,"['Avid MediaFiles/MXF/Converter.1/REU__2077277__German Defence Minister_ Russian drone incursion in_A01.mxf', 'Avid MediaFiles/MXF/Converter.1/REU__2077277__German Defence Minister_ Russian drone incursion in_A02.mxf', 'Avid MediaFiles/MXF/Converter.1/REU__2077277__German Defence Minister_ Russian drone incursion in.mxf']",
1781080,AGD__6175065__California_Los_Angeles_Houses_Drone_By_Kang_Media_Artlist_4K,2:85479ef59e8adca15b61419e9657144c,00:00:00:00:30000/1001 nd,00:00:15:05:30000/1001 nd,Avid MediaFiles/MXF/Converter.1/AGD__6175065__California_Los_Angeles_Houses_Drone_By_Kang_Media_Artlist_4K.mxf,
1781121,"['AGD__6345877__Drone_Bora_Bora_French_Polynesia_Island_By_Brad_Day_Artlist_5K_A01', 'AGD__6345877__Drone_Bora_Bora_French_Polynesia_Island_By_Brad_Day_Artlist_5K_A02', 'AGD__6345877__Drone_Bora_Bora_French_Polynesia_Island_By_Brad_Day_Artlist_5K']","['2:0b46a1463a6c02c09bcc0fdea4e5c12a', '2:78aa553014ce6f80a50659680bf589c0', '2:c4cdb8e3d8a70a7eeed6354918817451']",00:00:00:00:25/1,00:00:10:13:25/1,"['Avid MediaFiles/MXF/Converter.1/AGD__6345877__Drone_Bora_Bora_French_Polynesia_Island_By_Brad_Day_Artlist_5K_A01.mxf', 'Avid MediaFiles/MXF/Converter.1/AGD__6345877__Drone_Bora_Bora_French_Polynesia_Island_By_Brad_Day_Artlist_5K_A02.mxf', 'Avid MediaFiles/MXF/Converter.1/AGD__6345877__Drone_Bora_Bora_French_Polynesia_Island_By_Brad_Day_Artlist_5K.mxf']",
1781520,"['REU__2077277__German Defence Minister_ Russian drone incursion in_A01', 'REU__2077277__German Defence Minister_ Russian drone incursion in_A02', 'REU__2077277__German Defence Minister_ Russian drone incursion in']","['2:0e0d46fe14dc0e0b0541bf5674de5ebf', '2:9a6a9ceeead4bb04fdc8e5326fd61fa9', '2:f0404ed769e1965df51e974a55417771']",10:00:00:00:25/1,10:02:45:08:25/1,"['Avid MediaFiles/MXF/Converter.1/REU__2077277__German Defence Minister_ Russian drone incursion in_A01.mxf', 'Avid MediaFiles/MXF/Converter.1/REU__2077277__German Defence Minister_ Russian drone incursion in_A02.mxf', 'Avid MediaFiles/MXF/Converter.1/REU__2077277__German Defence Minister_ Russian drone incursion in.mxf']",
1781561,AGD__6062044__Lighthouse_Drone_Coast_Shore_By_Cristian_Baitg_Schreiweis_Artlist_4K,2:20250f07e6bcc3148f089b1ebd25cbc6,00:02:15:02:30000/1001 nd,00:02:40:15:30000/1001 nd,Avid MediaFiles/MXF/Converter.1/AGD__6062044__Lighthouse_Drone_Coast_Shore_By_Cristian_Baitg_Schreiweis_Artlist_4K.mxf,
1781562,AGD__6062040__Lighthouse_Drone_Coast_Shore_By_Cristian_Baitg_Schreiweis_Artlist_4K,2:837007dc032a2745da281591818dc577,00:00:24:21:30000/1001 nd,00:00:48:25:30000/1001 nd,Avid MediaFiles/MXF/Converter.1/AGD__6062040__Lighthouse_Drone_Coast_Shore_By_Cristian_Baitg_Schreiweis_Artlist_4K.mxf,
1781597,"['GIA__2226987040__Drone shots of Turnberry Golf Club_2025_A01', 'GIA__2226987040__Drone shots of Turnberry Golf Club_2025_A02', 'GIA__2226987040__Drone shots of Turnberry Golf Club_2025_A03', 'GIA__2226987040__Drone shots of Turnberry Golf Club_2025_A04', 'GIA__2226987040__Drone shots of Turnberry Golf Club_2025']","['2:c3b7c688b7ba39cf0f72501243711ff9', '2:695ded1ae11013a4f480aabcaac3477c', '2:df2d1865a42a10f71308a3c3ff43d4f1', '2:aa65746d6fc7ff7e5553e27ccebddd13', '2:7ddb26e6e9573388b19b16a8045fef17']",00:00:00:00:25/1,00:00:31:21:25/1,"['Avid MediaFiles/MXF/Converter.1/GIA__2226987040__Drone shots of Turnberry Golf Club_2025_A01.mxf', 'Avid MediaFiles/MXF/Converter.1/GIA__2226987040__Drone shots of Turnberry Golf Club_2025_A02.mxf', 'Avid MediaFiles/MXF/Converter.1/GIA__2226987040__Drone shots of Turnberry Golf Club_2025_A03.mxf', 'Avid MediaFiles/MXF/Converter.1/GIA__2226987040__Drone shots of Turnberry Golf Club_2025_A04.mxf', 'Avid MediaFiles/MXF/Converter.1/GIA__2226987040__Drone shots of Turnberry Golf Club_2025.mxf']",
1782115,GIA__1548097971__Drone videos of the mountains of Kosovo,2:5b2eaa2453e12c4440675a5c651fd03c,00:00:00:00:30000/1001 nd,00:00:14:01:30000/1001 nd,Avid MediaFiles/MXF/Converter.1/GIA__1548097971__Drone videos of the mountains of Kosovo.mxf,
1782116,GIA__1548087925__Drone videos of the mountains of Kosovo,2:fece0729382232c9ca64307493c5f53f,00:00:00:00:30000/1001 nd,00:00:05:22:30000/1001 nd,Avid MediaFiles/MXF/Converter.1/GIA__1548087925__Drone videos of the mountains of Kosovo.mxf,
1782117,GIA__1548081131__Drone videos of the mountains of Kosovo,2:5711dc2d4e3d375c5efccdc24d37bda2,00:00:00:00:30000/1001 nd,00:00:03:19:30000/1001 nd,Avid MediaFiles/MXF/Converter.1/GIA__1548081131__Drone videos of the mountains of Kosovo.mxf,
1782121,"['GIA__1866878851__Drohnenansicht der verschneiten Berge und der Stadt dazwischen an einem bewÃ¶lkten Winterta', 'GIA__1866878851__Drohnenansicht der verschneiten Berge und der Stadt dazwischen an einem bewölkten Winterta']",2:366c4878da5658828bd1860ddc980db9,00:00:00:00:25/1,00:00:25:05:25/1,Avid MediaFiles/MXF/Converter.1/GIA__1866878851__Drohnenansicht der verschneiten Berge und der Stadt dazwischen an einem bewölkten Winterta.mxf,
1782321,APA__4609960__Drone of destruction in Gaza City neighborhood following Israeli strike__2025-10-11,2:115ca300391d5ee3d1befa0059bc5dc6,00:00:00:00:25/1,00:03:26:04:25/1,"['Trailer Shadow Warriors/Trailer Files/2023-10-07 and aftermath/Gaza destruction, special forces operations, explosions/APA__4609960__Drone of destruction in Gaza City neighborhood following Israeli strike__2025-10-11.mp4', 'Trailer Shadow Warriors/Bereits transcodiert/APA__4609960__Drone of destruction in Gaza City neighborhood following Israeli strike__2025-10-11.mp4']",
1782366,ALJ__20250120__Drone Footage Gaza destruction after 15 months of war__2025-01-20,2:ea3eed51fe55a82a9ffb59d1d34f503c,00:00:00:00:25/1,00:02:20:03:25/1,Trailer Shadow Warriors/ALJ__20250120__Drone Footage Gaza destruction after 15 months of war__2025-01-20.mp4,
1782750,"['APA__077099__Screener Iran Israeli drone strikes leave homes of slain Iranian nuclear scientists in ruins__2025-06-25_A01', 'APA__077099__Screener Iran Israeli drone strikes leave homes of slain Iranian nuclear scientists in ruins__2025-06-25_A02', 'APA__077099__Screener Iran Israeli drone strikes leave homes of slain Iranian nuclear scientists in ruins__2025-06-25']","['2:3dbde03cd0da746772d155792d9606c5', '2:f5ad71d5c3efed8d84a1076f6e209d62', '2:96713044b8498b333483b1d005e33a97']",00:00:00:01:50/1,00:08:06:36:50/1,"['Trailer Shadow Warriors/Trailer Archive Structure/2025 War Israel-Iran/APA__077099__Screener Iran Israeli drone strikes leave homes of slain Iranian nuclear scientists in ruins__2025-06-25_A01.mxf', 'Trailer Shadow Warriors/Trailer Archive Structure/2025 War Israel-Iran/APA__077099__Screener Iran Israeli drone strikes leave homes of slain Iranian nuclear scientists in ruins__2025-06-25_A02.mxf', 'Trailer Shadow Warriors/Trailer Archive Structure/2025 War Israel-Iran/APA__077099__Screener Iran Israeli drone strikes leave homes of slain Iranian nuclear scientists in ruins__2025-06-25.mxf']",
1782907,"['ALJ__20250120__Drone Footage Gaza destruction after 15 months of war__2025-01-20_A01', 'ALJ__20250120__Drone Footage Gaza destruction after 15 months of war__2025-01-20_A02', 'ALJ__20250120__Drone Footage Gaza destruction after 15 months of war__2025-01-20']","['2:aa3c8f8424e195bc9d86e96438fa7fd5', '2:c5f1c8037f71b925ff6e032d385a1e0e', '2:30496da6adff5027afe95565bbb725a7']",00:00:00:00:25/1,00:02:20:04:25/1,"['Trailer Shadow Warriors/Trailer Archive Structure/2023-10-07 and aftermath/Gaza destruction, special forces operations, explosions/ALJ__20250120__Drone Footage Gaza destruction after 15 months of war__2025-01-20_A01.mxf', 'Trailer Shadow Warriors/Trailer Archive Structure/2023-10-07 and aftermath/Gaza destruction, special forces operations, explosions/ALJ__20250120__Drone Footage Gaza destruction after 15 months of war__2025-01-20_A02.mxf', 'Trailer Shadow Warriors/Trailer Archive Structure/2023-10-07 and aftermath/Gaza destruction, special forces operations, explosions/ALJ__20250120__Drone Footage Gaza destruction after 15 months of war__2025-01-20.mxf']",
1782908,"['APA__4457584__Drone of destruction in Gaza City neighborhood following Israeli strike__2023-10-10_A01', 'APA__4457584__Drone of destruction in Gaza City neighborhood following Israeli strike__2023-10-10_A02', 'APA__4457584__Drone of destruction in Gaza City neighborhood following Israeli strike__2023-10-10_A03', 'APA__4457584__Drone of destruction in Gaza City neighborhood following Israeli strike__2023-10-10_A04', 'APA__4457584__Drone of destruction in Gaza City neighborhood following Israeli strike__2023-10-10_A05', 'APA__4457584__Drone of destruction in Gaza City neighborhood following Israeli strike__2023-10-10_A06', 'APA__4457584__Drone of destruction in Gaza City neighborhood following Israeli strike__2023-10-10_A07', 'APA__4457584__Drone of destruction in Gaza City neighborhood following Israeli strike__2023-10-10_A08', 'APA__4457584__Drone of destruction in Gaza City neighborhood following Israeli strike__2023-10-10']","['2:7855b40425c36de8f5dd171877b732bf', '2:83ef450264d76e4810b60fad69395b1e', '2:74c8f5e24ead8ccdeb4af1b7775590cb', '2:7170be7cde51646839e388685ac3bb00', '2:42bb91dcebee9a89f29afbabbcc001dc', '2:ac1eb7e87c9b4a0ca15352b4f6fcae87', '2:e1bec76e42ed7d2f0dbca6fa8aad0b0d', '2:bbb0b87266512fde697718754ab2fd70', '2:4c6b53e335af928893f0d5796cfa1e23']",00:00:00:01:50/1,00:03:18:24:50/1,"['Trailer Shadow Warriors/Trailer Archive Structure/2023-10-07 and aftermath/Gaza destruction, special forces operations, explosions/APA__4457584__Drone of destruction in Gaza City neighborhood following Israeli strike__2023-10-10_A01.mxf', 'Trailer Shadow Warriors/Trailer Archive Structure/2023-10-07 and aftermath/Gaza destruction, special forces operations, explosions/APA__4457584__Drone of destruction in Gaza City neighborhood following Israeli strike__2023-10-10_A02.mxf', 'Trailer Shadow Warriors/Trailer Archive Structure/2023-10-07 and aftermath/Gaza destruction, special forces operations, explosions/APA__4457584__Drone of destruction in Gaza City neighborhood following Israeli strike__2023-10-10_A03.mxf', 'Trailer Shadow Warriors/Trailer Archive Structure/2023-10-07 and aftermath/Gaza destruction, special forces operations, explosions/APA__4457584__Drone of destruction in Gaza City neighborhood following Israeli strike__2023-10-10_A04.mxf', 'Trailer Shadow Warriors/Trailer Archive Structure/2023-10-07 and aftermath/Gaza destruction, special forces operations, explosions/APA__4457584__Drone of destruction in Gaza City neighborhood following Israeli strike__2023-10-10_A05.mxf', 'Trailer Shadow Warriors/Trailer Archive Structure/2023-10-07 and aftermath/Gaza destruction, special forces operations, explosions/APA__4457584__Drone of destruction in Gaza City neighborhood following Israeli strike__2023-10-10_A06.mxf', 'Trailer Shadow Warriors/Trailer Archive Structure/2023-10-07 and aftermath/Gaza destruction, special forces operations, explosions/APA__4457584__Drone of destruction in Gaza City neighborhood following Israeli strike__2023-10-10_A07.mxf', 'Trailer Shadow Warriors/Trailer Archive Structure/2023-10-07 and aftermath/Gaza destruction, special forces operations, explosions/APA__4457584__Drone of destruction in Gaza City neighborhood following Israeli strike__2023-10-10_A08.mxf', 'Trailer Shadow Warriors/Trailer Archive Structure/2023-10-07 and aftermath/Gaza destruction, special forces operations, explosions/APA__4457584__Drone of destruction in Gaza City neighborhood following Israeli strike__2023-10-10.mxf']",
1782912,"['APA__4609960__Drone of destruction in Gaza City neighborhood following Israeli strike__2025-10-11_A01', 'APA__4609960__Drone of destruction in Gaza City neighborhood following Israeli strike__2025-10-11_A02', 'APA__4609960__Drone of destruction in Gaza City neighborhood following Israeli strike__2025-10-11']","['2:bb749aa1d266036ccfdd0e93428bb1b0', '2:fbda7c5c45324d966e7385560376b754', '2:5412ac88f243908d00e7e510590f67a9']",00:00:00:01:50/1,00:03:26:10:50/1,"['Trailer Shadow Warriors/mxeffen/APA__4609960__Drone of destruction in Gaza City neighborhood following Israeli strike__2025-10-11_A01.mxf', 'Trailer Shadow Warriors/mxeffen/APA__4609960__Drone of destruction in Gaza City neighborhood following Israeli strike__2025-10-11_A02.mxf', 'Trailer Shadow Warriors/mxeffen/APA__4609960__Drone of destruction in Gaza City neighborhood following Israeli strike__2025-10-11.mxf']",
1783156,"['GIA__653783790__Documents reveal Osama bin Laden plot to assassinate Barack Obama drone__2012_A01', 'GIA__653783790__Documents reveal Osama bin Laden plot to assassinate Barack Obama drone__2012_A02', 'GIA__653783790__Documents reveal Osama bin Laden plot to assassinate Barack Obama drone__2012_A03', 'GIA__653783790__Documents reveal Osama bin Laden plot to assassinate Barack Obama drone__2012_A04', 'GIA__653783790__Documents reveal Osama bin Laden plot to assassinate Barack Obama drone__2012']","['2:d4a5e8aee2195fcd568f5e17db777bdc', '2:1de0f3bce1e37fc4e8762193b449d7df', '2:e97978dd3c9844521cbff10a8637f553', '2:66059c0dc07736b4bf61cdec87d7fc2f', '2:11c54b6fc0d330dcf83b25343c4f7f31']",23:16:29:25:50/1,23:16:36:44:50/1,"['Avid MediaFiles/MXF/Converter.1/GIA__653783790__Documents reveal Osama bin Laden plot to assassinate Barack Obama drone__2012_A01.mxf', 'Avid MediaFiles/MXF/Converter.1/GIA__653783790__Documents reveal Osama bin Laden plot to assassinate Barack Obama drone__2012_A02.mxf', 'Avid MediaFiles/MXF/Converter.1/GIA__653783790__Documents reveal Osama bin Laden plot to assassinate Barack Obama drone__2012_A03.mxf', 'Avid MediaFiles/MXF/Converter.1/GIA__653783790__Documents reveal Osama bin Laden plot to assassinate Barack Obama drone__2012_A04.mxf', 'Avid MediaFiles/MXF/Converter.1/GIA__653783790__Documents reveal Osama bin Laden plot to assassinate Barack Obama drone__2012.mxf']",
1783298,AGD__627154__Puerto_Rico_Trees_Drone_Palms_By_Brad_Kremer_Artlist_4K,2:a9e84746830c60e4256496c0d08593e0,00:07:30:22:24000/1001,00:07:46:20:24000/1001,Archive Masters/AGD/AGD__627154__Puerto_Rico_Trees_Drone_Palms_By_Brad_Kremer_Artlist_4K.mp4,
1783305,AGD__6345877__Drone_Bora_Bora_French_Polynesia_Island_By_Brad_Day_Artlist_5K,2:08866c10804dcdd09eb5db84a01e13b6,00:00:00:00:25/1,00:00:10:13:25/1,Archive Masters/AGD/AGD__6345877__Drone_Bora_Bora_French_Polynesia_Island_By_Brad_Day_Artlist_5K.mov,
1783312,AGD__6175065__California_Los_Angeles_Houses_Drone_By_Kang_Media_Artlist_4K,2:bb0a897d0afbb774c4338eae160d9dec,00:00:00:00:30000/1001 nd,00:00:15:05:30000/1001 nd,Archive Masters/AGD/AGD__6175065__California_Los_Angeles_Houses_Drone_By_Kang_Media_Artlist_4K.mp4,
1783318,AGD__6345877__Drone_Bora_Bora_French_Polynesia_Island_By_Brad_Day_Artlist_5K,2:2ac2a4554732bff4722dff2f07f3f361,00:00:00:00:25/1,00:00:10:13:25/1,Archive Masters/AGD/AGD__6345877__Drone_Bora_Bora_French_Polynesia_Island_By_Brad_Day_Artlist_5K.mp4,
1783469,AGD__6098156___St_Ives_Cornwall_Town_Drone_By_Oliver__And__Tabea_Scholz_Artlist_UHD_8K,2:684c7700f468e9edb487e47b0b8bf68c,00:02:18:03:25/1,00:02:25:02:25/1,Avid MediaFiles/MXF/Converter.1/AGD__6098156___St_Ives_Cornwall_Town_Drone_By_Oliver__And__Tabea_Scholz_Artlist_UHD_8K.mxf,
1783471,GIA__2214877918__Drone videos of the Kopaonik National Park in Serbia,2:9d41df7888946706f7cdf863d85c5299,00:00:00:00:24000/1001,00:00:55:23:24000/1001,Avid MediaFiles/MXF/Converter.1/GIA__2214877918__Drone videos of the Kopaonik National Park in Serbia.mxf,
1783472,GIA__1548058901__Drone videos of the Kopaonik National Park in Serbia,2:5d4118d73e9d7a888a2c6541140d9d1d,00:00:00:00:30000/1001 nd,00:00:21:11:30000/1001 nd,Avid MediaFiles/MXF/Converter.1/GIA__1548058901__Drone videos of the Kopaonik National Park in Serbia.mxf,
1783476,"['GIA__2233148570__Drohnenblick durch den natÃ¼rlichen Bogen Prerast, der die FlussstrÃ¶mung und das Sonnenlicht im Canyon zeigt', 'GIA__2233148570__Drohnenblick durch den natürlichen Bogen Prerast, der die Flussströmung und das Sonnenlicht im Canyon zeigt']",2:7a0aa3941e51f8557b62f9a179731aee,00:00:00:00:60000/1001 nd,00:00:13:56:60000/1001 nd,"Avid MediaFiles/MXF/Converter.1/GIA__2233148570__Drohnenblick durch den natürlichen Bogen Prerast, der die Flussströmung und das Sonnenlicht im Canyon zeigt.mxf",
1783580,AGD__6098156___St_Ives_Cornwall_Town_Drone_By_Oliver__And__Tabea_Scholz_Artlist_UHD_8K,2:a76e8df55a45378a43ecdfe99383d74d,00:02:18:03:25/1,00:02:25:02:25/1,Archive Masters/AGD/AGD__6098156___St_Ives_Cornwall_Town_Drone_By_Oliver__And__Tabea_Scholz_Artlist_UHD_8K.mov,
1783857,"['GIA__658266150__Warning over increased use of unmanned drones__2010_A01', 'GIA__658266150__Warning over increased use of unmanned drones__2010_A02', 'GIA__658266150__Warning over increased use of unmanned drones__2010_A03', 'GIA__658266150__Warning over increased use of unmanned drones__2010_A04', 'GIA__658266150__Warning over increased use of unmanned drones__2010']","['2:4fb7a1a730c5e42eeb5c7e5fd73db987', '2:a8c3ce26290c5e6c0265dd3dc023d499', '2:ed094487afe5e6e1181635ce0ec3b2fe', '2:5038cf0a08d3a4b1a28530319c04e392', '2:0d113d89f33030e0d220ec39fdd72f9e']",15:20:44:25:50/1,15:22:14:16:50/1,"['Avid MediaFiles/MXF/Converter.1/GIA__658266150__Warning over increased use of unmanned drones__2010_A01.mxf', 'Avid MediaFiles/MXF/Converter.1/GIA__658266150__Warning over increased use of unmanned drones__2010_A02.mxf', 'Avid MediaFiles/MXF/Converter.1/GIA__658266150__Warning over increased use of unmanned drones__2010_A03.mxf', 'Avid MediaFiles/MXF/Converter.1/GIA__658266150__Warning over increased use of unmanned drones__2010_A04.mxf', 'Avid MediaFiles/MXF/Converter.1/GIA__658266150__Warning over increased use of unmanned drones__2010.mxf']",
1783861,"['EBU__2025_10340109__DE Bavaria Soeder on drones__03-10-2025_A01', 'EBU__2025_10340109__DE Bavaria Soeder on drones__03-10-2025_A02', 'EBU__2025_10340109__DE Bavaria Soeder on drones__03-10-2025_A03', 'EBU__2025_10340109__DE Bavaria Soeder on drones__03-10-2025_A04', 'EBU__2025_10340109__DE Bavaria Soeder on drones__03-10-2025_A05', 'EBU__2025_10340109__DE Bavaria Soeder on drones__03-10-2025_A06', 'EBU__2025_10340109__DE Bavaria Soeder on drones__03-10-2025_A07', 'EBU__2025_10340109__DE Bavaria Soeder on drones__03-10-2025_A08', 'EBU__2025_10340109__DE Bavaria Soeder on drones__03-10-2025']","['2:025df2eff12e31c02fbd057be4a7ba9e', '2:399593ebb8436333638ebb0b064ef8ce', '2:d3ff09a73ddaa48096b1587d68cfbf3a', '2:124554d13a77ab752f61c92efee47bef', '2:be2400c702b6f9f62d10059ee4f4a8ea', '2:14122b7f75f6dcdfc9f728db07178d37', '2:762fd98b6a12404f4ff82b4a2ecddbc8', '2:7aa95399c0ac488970aa798ad66fd4bd', '2:4a4d4af6680b5ab0f011fbe76d65c0b6']",00:00:00:00:25/1,00:01:40:03:25/1,"['Avid MediaFiles/MXF/Converter.1/EBU__2025_10340109__DE Bavaria Soeder on drones__03-10-2025_A01.mxf', 'Avid MediaFiles/MXF/Converter.1/EBU__2025_10340109__DE Bavaria Soeder on drones__03-10-2025_A02.mxf', 'Avid MediaFiles/MXF/Converter.1/EBU__2025_10340109__DE Bavaria Soeder on drones__03-10-2025_A03.mxf', 'Avid MediaFiles/MXF/Converter.1/EBU__2025_10340109__DE Bavaria Soeder on drones__03-10-2025_A04.mxf', 'Avid MediaFiles/MXF/Converter.1/EBU__2025_10340109__DE Bavaria Soeder on drones__03-10-2025_A05.mxf', 'Avid MediaFiles/MXF/Converter.1/EBU__2025_10340109__DE Bavaria Soeder on drones__03-10-2025_A06.mxf', 'Avid MediaFiles/MXF/Converter.1/EBU__2025_10340109__DE Bavaria Soeder on drones__03-10-2025_A07.mxf', 'Avid MediaFiles/MXF/Converter.1/EBU__2025_10340109__DE Bavaria Soeder on drones__03-10-2025_A08.mxf', 'Avid MediaFiles/MXF/Converter.1/EBU__2025_10340109__DE Bavaria Soeder on drones__03-10-2025.mxf']",
1783862,"['NDR__Tagesschau  25390__Drohnen Muenchen__03-10-2025_A01', 'NDR__Tagesschau  25390__Drohnen Muenchen__03-10-2025_A02', 'NDR__Tagesschau  25390__Drohnen Muenchen__03-10-2025_A03', 'NDR__Tagesschau  25390__Drohnen Muenchen__03-10-2025_A04', 'NDR__Tagesschau  25390__Drohnen Muenchen__03-10-2025_A05', 'NDR__Tagesschau  25390__Drohnen Muenchen__03-10-2025_A06', 'NDR__Tagesschau  25390__Drohnen Muenchen__03-10-2025_A07', 'NDR__Tagesschau  25390__Drohnen Muenchen__03-10-2025_A08', 'NDR__Tagesschau  25390__Drohnen Muenchen__03-10-2025']","['2:974a605ae7e400c8a05ee3b42fe6c6b3', '2:fbb7b5af4557a8e11a886f92ac0348f9', '2:89443f4b5d083a514782fead084ddbaa', '2:97c916be7bc1f04fda43291ead01673b', '2:63c1ce431c95c9dfe71d4bb52d135348', '2:0f4dceb954c0e56d90f5ccd56d1e3b0b', '2:d9b91f20ecf6081fd8d13ecb85490d36', '2:84ad6a888fc12d76b94b4d62cf9fd89e', '2:ddb7fb6113eb5e4d606131779b81b7f0']",00:00:00:00:25/1,00:16:20:23:25/1,"['Avid MediaFiles/MXF/Converter.1/NDR__Tagesschau  25390__Drohnen Muenchen__03-10-2025_A01.mxf', 'Avid MediaFiles/MXF/Converter.1/NDR__Tagesschau  25390__Drohnen Muenchen__03-10-2025_A02.mxf', 'Avid MediaFiles/MXF/Converter.1/NDR__Tagesschau  25390__Drohnen Muenchen__03-10-2025_A03.mxf', 'Avid MediaFiles/MXF/Converter.1/NDR__Tagesschau  25390__Drohnen Muenchen__03-10-2025_A04.mxf', 'Avid MediaFiles/MXF/Converter.1/NDR__Tagesschau  25390__Drohnen Muenchen__03-10-2025_A05.mxf', 'Avid MediaFiles/MXF/Converter.1/NDR__Tagesschau  25390__Drohnen Muenchen__03-10-2025_A06.mxf', 'Avid MediaFiles/MXF/Converter.1/NDR__Tagesschau  25390__Drohnen Muenchen__03-10-2025_A07.mxf', 'Avid MediaFiles/MXF/Converter.1/NDR__Tagesschau  25390__Drohnen Muenchen__03-10-2025_A08.mxf', 'Avid MediaFiles/MXF/Converter.1/NDR__Tagesschau  25390__Drohnen Muenchen__03-10-2025.mxf']",
1783916,GIA__2226987040__Drone shots of Turnberry Golf Club_2025,2:bf892805f5c5880a4bfe18498d60d7a5,00:00:00:00:25/1,00:00:31:21:25/1,Archive Master/GIA/GIA__2226987040__Drone shots of Turnberry Golf Club_2025.mov,
1790705,SST M__3726641265__Drone view of the mountain ridge of Albania from the montenegro side,2:b67afe6365af321673f52141c188c41a,00:00:00:00:50/1,00:00:37:37:50/1,Avid MediaFiles/MXF/Converter.1/SST M__3726641265__Drone view of the mountain ridge of Albania from the montenegro side.mxf,
1791624,"['WDR__100090015-3__WDR aktuell-Nach dem Drohnenabschuss__2025-09-11_A01', 'WDR__100090015-3__WDR aktuell-Nach dem Drohnenabschuss__2025-09-11_A02', 'WDR__100090015-3__WDR aktuell-Nach dem Drohnenabschuss__2025-09-11_A03', 'WDR__100090015-3__WDR aktuell-Nach dem Drohnenabschuss__2025-09-11_A04', 'WDR__100090015-3__WDR aktuell-Nach dem Drohnenabschuss__2025-09-11_A05', 'WDR__100090015-3__WDR aktuell-Nach dem Drohnenabschuss__2025-09-11_A06', 'WDR__100090015-3__WDR aktuell-Nach dem Drohnenabschuss__2025-09-11_A07', 'WDR__100090015-3__WDR aktuell-Nach dem Drohnenabschuss__2025-09-11_A08', 'WDR__100090015-3__WDR aktuell-Nach dem Drohnenabschuss__2025-09-11']","['2:524a1acc4a79e5f1525a6193c994c58d', '2:6279fba71f94b123ce50d784a5ef280d', '2:5ae5bf052868dfca93bbc57fe9b93d2f', '2:cefb88159d057c1f5052ca7ea81502d2', '2:38d3535ef627acd56443a2e9d6cad470', '2:23c3a6b17b7fe59226797660ff8010df', '2:08fa118f109524e2ad38cbfb02cf3de8', '2:4811d21dd88ac185d15438c18182a3f5', '2:2c6c1fd8a9582b7ee08542d061d78582']",00:00:00:00:25/1,00:41:07:03:25/1,"['Avid MediaFiles/MXF/Converter.1/WDR__100090015-3__WDR aktuell-Nach dem Drohnenabschuss__2025-09-11_A01.mxf', 'Avid MediaFiles/MXF/Converter.1/WDR__100090015-3__WDR aktuell-Nach dem Drohnenabschuss__2025-09-11_A02.mxf', 'Avid MediaFiles/MXF/Converter.1/WDR__100090015-3__WDR aktuell-Nach dem Drohnenabschuss__2025-09-11_A03.mxf', 'Avid MediaFiles/MXF/Converter.1/WDR__100090015-3__WDR aktuell-Nach dem Drohnenabschuss__2025-09-11_A04.mxf', 'Avid MediaFiles/MXF/Converter.1/WDR__100090015-3__WDR aktuell-Nach dem Drohnenabschuss__2025-09-11_A05.mxf', 'Avid MediaFiles/MXF/Converter.1/WDR__100090015-3__WDR aktuell-Nach dem Drohnenabschuss__2025-09-11_A06.mxf', 'Avid MediaFiles/MXF/Converter.1/WDR__100090015-3__WDR aktuell-Nach dem Drohnenabschuss__2025-09-11_A07.mxf', 'Avid MediaFiles/MXF/Converter.1/WDR__100090015-3__WDR aktuell-Nach dem Drohnenabschuss__2025-09-11_A08.mxf', 'Avid MediaFiles/MXF/Converter.1/WDR__100090015-3__WDR aktuell-Nach dem Drohnenabschuss__2025-09-11.mxf']",
1791963,IIM__244212955__Aeril drone rotating shot over trucks passing by Buzi Pass top along Makran Coastal Highway in Balochistan Pakistan on a sunny day,2:269435849b6a5370558b8460c7861f11,00:00:00:00:30000/1001 nd,00:00:27:15:30000/1001 nd,Avid MediaFiles/MXF/Converter.1/IIM__244212955__Aeril drone rotating shot over trucks passing by Buzi Pass top along Makran Coastal Highway in Balochistan Pakistan on a sunny day.mxf,
1791966,IIM__0185440865__Beautiful drone shots of rural areas-Quetta city Balochistan__2020,2:5e6183e081cad05c3f947fa3627ab984,00:00:00:00:25/1,00:00:15:00:25/1,Avid MediaFiles/MXF/Converter.1/IIM__0185440865__Beautiful drone shots of rural areas-Quetta city Balochistan__2020.mxf,
1791967,IIM__0185444206__Drone footage of Majestic Balochistan-Beautiful landscape__2020,2:cc19d091af8a7d7719034611ebad50ae,00:00:00:00:25/1,00:00:10:00:25/1,Avid MediaFiles/MXF/Converter.1/IIM__0185444206__Drone footage of Majestic Balochistan-Beautiful landscape__2020.mxf,
1793569,AGD__662999_Sea_Mountains_Landscape_Drone_By_Christian_Johannes_Kask_Artlist_4K,2:12ee37becd0950f0287d63ce4dc72b01,00:30:46:14:25/1,00:31:21:13:25/1,Avid MediaFiles/MXF/Converter.1/AGD__662999_Sea_Mountains_Landscape_Drone_By_Christian_Johannes_Kask_Artlist_4K.mxf,
1794893,2025-10-13_BRoll_Drohne_DJI_20251013090354_0001_D,2:913567484547d228c49d2fe5184e546a,00:00:00:00:25/1,00:02:46:12:25/1,Avid MediaFiles/MXF/PP-DESKTOP-05.1013B/2025-10-13_BRoll_Drohne_DJI_20251013090354_0001_D.mxf,
1794894,2025-10-13_BRoll_Drohne_DJI_20251013090647_0002_D,2:7f62d7052dde771ea6d3ace5734fdacd,00:00:00:00:25/1,00:00:02:10:25/1,Avid MediaFiles/MXF/PP-DESKTOP-05.1013B/2025-10-13_BRoll_Drohne_DJI_20251013090647_0002_D.mxf,
1794895,2025-10-13_BRoll_Drohne_DJI_20251013104003_0003_D,2:0f2e5c01bdd0566cb399aab387716751,00:00:00:00:25/1,00:05:09:06:25/1,Avid MediaFiles/MXF/PP-DESKTOP-05.1013B/2025-10-13_BRoll_Drohne_DJI_20251013104003_0003_D.mxf,
1794896,2025-10-13_BRoll_Drohne_DJI_20251013105548_0004_D,2:d04a7f73523fb0d21ead65ee95ec0cdb,00:00:00:00:25/1,00:00:29:17:25/1,Avid MediaFiles/MXF/PP-DESKTOP-05.1013B/2025-10-13_BRoll_Drohne_DJI_20251013105548_0004_D.mxf,
1794897,2025-10-13_BRoll_Drohne_DJI_20251013105635_0005_D,2:b473ab6308cf23bbb4b2bacfcc9e9ab0,00:00:00:00:25/1,00:03:00:20:25/1,Avid MediaFiles/MXF/PP-DESKTOP-05.1013B/2025-10-13_BRoll_Drohne_DJI_20251013105635_0005_D.mxf,
1794898,2025-10-13_BRoll_Drohne_DJI_20251013105953_0006_D,2:f1a6f3b97581e755bf9abe18366dbdb2,00:00:00:00:25/1,00:00:41:23:25/1,Avid MediaFiles/MXF/PP-DESKTOP-05.1013B/2025-10-13_BRoll_Drohne_DJI_20251013105953_0006_D.mxf,
1794899,2025-10-13_BRoll_Drohne_DJI_20251013110049_0007_D,2:c72a9e43781176b7e781fd47a1567fa2,00:00:00:00:25/1,00:00:30:04:25/1,Avid MediaFiles/MXF/PP-DESKTOP-05.1013B/2025-10-13_BRoll_Drohne_DJI_20251013110049_0007_D.mxf,
1794900,2025-10-13_BRoll_Drohne_DJI_20251013110134_0008_D,2:8d6668d982aa4b1ff3547456fbe0c034,00:00:00:00:25/1,00:01:31:02:25/1,Avid MediaFiles/MXF/PP-DESKTOP-05.1013B/2025-10-13_BRoll_Drohne_DJI_20251013110134_0008_D.mxf,
1794901,2025-10-13_BRoll_Drohne_DJI_20251013110713_0009_D,2:5605ae33ffeea689e5de7faab3be5369,00:00:00:00:25/1,00:01:23:12:25/1,Avid MediaFiles/MXF/PP-DESKTOP-05.1013B/2025-10-13_BRoll_Drohne_DJI_20251013110713_0009_D.mxf,
1794902,2025-10-13_BRoll_Drohne_DJI_20251013110906_0010_D,2:c3a05709e5dfd9ed2ed43d1cc5c6ef35,00:00:00:00:25/1,00:01:09:05:25/1,Avid MediaFiles/MXF/PP-DESKTOP-05.1013B/2025-10-13_BRoll_Drohne_DJI_20251013110906_0010_D.mxf,
1794903,2025-10-13_BRoll_Drohne_DJI_20251013153048_0011_D,2:47837e98d758e810fb40e2244fb51d32,00:00:00:00:25/1,00:00:39:02:25/1,Avid MediaFiles/MXF/PP-DESKTOP-05.1013B/2025-10-13_BRoll_Drohne_DJI_20251013153048_0011_D.mxf,
1794904,2025-10-13_BRoll_Drohne_DJI_20251013153154_0012_D,2:d0e6bb74a0f5a14da98729ef3b6736db,00:00:00:00:25/1,00:00:31:03:25/1,Avid MediaFiles/MXF/PP-DESKTOP-05.1013B/2025-10-13_BRoll_Drohne_DJI_20251013153154_0012_D.mxf,
1794905,2025-10-13_BRoll_Drohne_DJI_20251013153228_0013_D,2:8e98b7fbac92166739f796c4758555e7,00:00:00:00:25/1,00:04:01:08:25/1,Avid MediaFiles/MXF/PP-DESKTOP-05.1013B/2025-10-13_BRoll_Drohne_DJI_20251013153228_0013_D.mxf,
1794906,2025-10-13_BRoll_Drohne_DJI_20251013153639_0014_D,2:67346c2049a3127dc77155ba721530a1,00:00:00:00:25/1,00:01:02:02:25/1,Avid MediaFiles/MXF/PP-DESKTOP-05.1013B/2025-10-13_BRoll_Drohne_DJI_20251013153639_0014_D.mxf,
1794907,2025-10-13_BRoll_Drohne_DJI_20251013153834_0015_D,2:9257a3b886a1a8ed5829fc52408d2db2,00:00:00:00:25/1,00:02:51:04:25/1,Avid MediaFiles/MXF/PP-DESKTOP-05.1013B/2025-10-13_BRoll_Drohne_DJI_20251013153834_0015_D.mxf,
1794908,2025-10-13_BRoll_Drohne_DJI_20251013154134_0016_D,2:614d7b01eafd0cef5d6f036ea01e1672,00:00:00:00:25/1,00:00:54:19:25/1,Avid MediaFiles/MXF/PP-DESKTOP-05.1013B/2025-10-13_BRoll_Drohne_DJI_20251013154134_0016_D.mxf,
1795137,"['Timeline 1_A01', 'Timeline 1_A02', 'Timeline 1']","['2:65f2b0b21bf6e7cc0ff25088bf1b7c7e', '2:9ee0de4e7626b0bd7377b7a72284d848', '2:afe58f8e5538126c320e7bbaf7dd32fa']",01:00:00:00:25/1,01:31:33:20:25/1,"['Avid MediaFiles/MXF/Drohne/Timeline 1_A01.mxf', 'Avid MediaFiles/MXF/Drohne/Timeline 1_A02.mxf', 'Avid MediaFiles/MXF/Drohne/Timeline 1.mxf']",
1795305,2025-10-15_BRoll Schloss Tenneberg_Drohne_DJI_20251015170802_0006_D,2:d84764e224d2ef05bab22894b4eef119,00:00:00:00:25/1,00:02:31:24:25/1,Avid MediaFiles/MXF/Z820-AVID17.2/2025-10-15_BRoll Schloss Tenneberg_Drohne_DJI_20251015170802_0006_D.mxf,
1795754,AGD__756233__London_Drone_City_Metropolitan_By_21_Aerials_Artlist_HD,2:442789f4f2715738382b51ffd05891f4,00:00:00:00:25/1,00:00:24:02:25/1,Archive Masters/AGD__756233__London_Drone_City_Metropolitan_By_21_Aerials_Artlist_HD.mp4,
1799253,SST M__3714516997__Drone flying over Perucic rainforest in national park sutjeska,2:ea47b29b409a4d3a31b6e750d819f684,01:00:00:00:60000/1001 nd,01:00:32:22:60000/1001 nd,Archive Masters/Episode 1/SST/SST M__3714516997__Drone flying over Perucic rainforest in national park sutjeska.mov,
1800320,GIA M__2226307907__Drohnenansicht der historischen Statue auf dem Obelisken in Fruska Gora bei Novi Sad als Hommage an die Freiheit,2:0e532b34dca7b9aa3c7e2e018f193245,00:00:00:00:50/1,00:00:26:45:50/1,Archive Masters/Episode 1/GIA/GIA M__2226307907__Drohnenansicht der historischen Statue auf dem Obelisken in Fruska Gora bei Novi Sad als Hommage an die Freiheit.mp4,
1800326,"GIA M__2226307913__Drohnenaufnahmen der historischen Statue auf dem hohen Obelisken auf Fruska Gora in der NÃƒhe von Novi Sad, der Hommage an die Freiheit",2:5ab7470b110956e0e11086d71498b913,00:00:00:00:50/1,00:00:33:15:50/1,"Archive Masters/Episode 1/GIA/GIA M__2226307913__Drohnenaufnahmen der historischen Statue auf dem hohen Obelisken auf Fruska Gora in der NÃƒhe von Novi Sad, der Hommage an die Freiheit.mp4",
1800338,GIA M__1548058901__Drone videos of the Kopaonik National Park in Serbia,2:7febc16c63812c6988045aba8bb9fce2,00:00:00:00:30000/1001,00:00:21:11:30000/1001,Archive Masters/Episode 1/GIA/GIA M__1548058901__Drone videos of the Kopaonik National Park in Serbia.mov,
1800339,IIM M__0776729407__Drone Shot Dinaric Alps,2:d4941b5406d6710b9ccaf55b8b989b32,00:00:00:00:30000/1001 nd,00:00:10:20:30000/1001 nd,Archive Masters/Episode 2/Pond5 Ersatz/IIM M__0776729407__Drone Shot Dinaric Alps.mov,
1800539,"SST M__1079741390__Belgrade , Serbia - 08 08 2021 Drone Aerial View, Cityscape Skyline Traffic on Slavija Square Buildings and Danube and Sava River in Background on Sunny Summer Day",2:da51fcf0741c28117ea0bda7d27e1c71,00:00:00:00:30000/1001 nd,00:00:12:15:30000/1001 nd,"Archive Masters/Episode 2/Pond5 Ersatz/SST M__1079741390__Belgrade , Serbia - 08 08 2021 Drone Aerial View, Cityscape Skyline Traffic on Slavija Square Buildings and Danube and Sava River in Background on Sunny Summer Day.mov",
1800541,SST M__1098232023__Drohnenflug über das Meer im Nebel am Morgen,2:34c034925a8bce4046383b991579a83a,01:00:00:00:30000/1001 nd,01:00:47:18:30000/1001 nd,Archive Masters/Episode 2/Pond5 Ersatz/SST M__1098232023__Drohnenflug über das Meer im Nebel am Morgen.mp4,
1800547,"SST M__1008717230__BELGRADE, SERBIA - OCTOBER 2017 Overhead drone shot of residential apartment buildings and social housing flats in Belgrade, Serbia",2:2ea87952fee97d8962e71e4201113a73,02:59:15:20:30000/1001 nd,02:59:43:25:30000/1001 nd,"Archive Masters/Episode 2/Pond5 Ersatz/SST M__1008717230__BELGRADE, SERBIA - OCTOBER 2017 Overhead drone shot of residential apartment buildings and social housing flats in Belgrade, Serbia.mov",
1800549,"['SST M__3934861599__Nahaufnahme einer Luftdrohne vom Genex Tower in Belgrad, dem ikonischen brutalistischen Wolkenkratzer der jugoslawischen Moderne in Serbien, der den schmalen Übergang zwischen zwei Betontürmen zeigt', 'SST M__3934861599__Nahaufnahme einer Luftdrohne vom Genex Tower in Belgrad']",2:949e0bb36c1124c009c9e197eab4708d,01:33:22:02:25/1,01:33:30:01:25/1,Archive Masters/Episode 2/Pond5 Ersatz/SST M__3934861599__Nahaufnahme einer Luftdrohne vom Genex Tower in Belgrad.mp4,
1800584,"IIM__0411491469__National Library of Sarajevo, aerial drone view of the historical old town hall, rich city of",2:7f1e51df6ea486e32124eb6c13c62c80,00:00:00:00:24000/1001,00:00:20:19:24000/1001,"Archive Masters/Episode 2/IIM/IIM__0411491469__National Library of Sarajevo, aerial drone view of the historical old town hall, rich city of.mov",
1804437,GIA__1770803765__Drohnenschwenk tagsüber über die Brijuni-Inseln vor Pula in Istrien,2:dcb8769362fa7156c77edeabe9e8f810,00:00:00:00:60000/1001,00:00:58:32:60000/1001,Archive Masters/Episode 3/GIA/GIA__1770803765__Drohnenschwenk tagsüber über die Brijuni-Inseln vor Pula in Istrien.mov,
1804485,PND__153104833__drone-top-down-over-stormy-oce,2:71c53c44fb8257dd8170ce28f0f2c8df,00:00:00:00:30/1,00:00:32:06:30/1,Archive Masters/Episode 3/PND/PND__153104833__drone-top-down-over-stormy-oce.mov,
1805151,IIM__244212955__M__Aeril drone rotating shot over trucks passing by Buzi Pass top along Makran Coastal Highway in Balochistan Pakistan on a sunny day,2:c0ee0451870050d03390c43d5f54e53f,00:00:00:00:30000/1001,00:00:27:15:30000/1001,Archive Masters/01 Footage/IIM/IIM__244212955__M__Aeril drone rotating shot over trucks passing by Buzi Pass top along Makran Coastal Highway in Balochistan Pakistan on a sunny day.mp4,
1805173,GIA__2253855245,2:5b6505e2085e9fe9dd38f60197eeef42,01:49:26:13:25/1,01:49:35:07:25/1,Archive Masters/Drones/GIA__2253855245.mov,
1805177,GIA__2256459677__Slovenia ,2:cf7dcb8fb60905c9a6b15a07ca5cff1e,17:48:43:24:30000/1001 nd,17:48:50:20:30000/1001 nd,Archive Masters/Drones/GIA__2256459677__Slovenia .mov,
1805182,GIA__506171903__,2:39eede27b879d1842aff5d4388363810,10:03:18:21:24000/1001,10:04:18:10:24000/1001,Archive Masters/Drones/GIA__506171903__.mov,
1805184,GIA__1250227426__Novi Zagreb,2:ff02a2c19ab90aebb4aeac727d88b327,01:00:00:00:24/1,01:00:31:00:24/1,Archive Masters/Drones/GIA__1250227426__Novi Zagreb.mov,
1805364,"['APA__vrb005880__Drone_crashes_into_Chernobyl_nuclear_plant_shelter__2025-02-14_A01', 'APA__vrb005880__Drone_crashes_into_Chernobyl_nuclear_plant_shelter__2025-02-14_A02', 'APA__vrb005880__Drone_crashes_into_Chernobyl_nuclear_plant_shelter__2025-02-14']","['2:2611db1a064df2a83472fa9796741175', '2:9b0cf7f387a2d9e4c787a63a6eb5932a', '2:0c02f90e34517523b9501ab8b36e1c4e']",00:00:00:01:50/1,00:00:19:36:50/1,"['Avid MediaFiles/MXF/Converter.1/APA__vrb005880__Drone_crashes_into_Chernobyl_nuclear_plant_shelter__2025-02-14_A01.mxf', 'Avid MediaFiles/MXF/Converter.1/APA__vrb005880__Drone_crashes_into_Chernobyl_nuclear_plant_shelter__2025-02-14_A02.mxf', 'Avid MediaFiles/MXF/Converter.1/APA__vrb005880__Drone_crashes_into_Chernobyl_nuclear_plant_shelter__2025-02-14.mxf']",
1807169,APA__ZDF__4124689701__APTN Video shows aftermath of drone damaging outer shell of Ukraine's Chernobyl nuclear plant__2025-02-14,2:b1a164d68883e80986469b6a2947670e,00:00:00:00:25/1,00:00:42:04:25/1,Archive Masters/Footage/APA__ZDF__4124689701__APTN Video shows aftermath of drone damaging outer shell of Ukraine's Chernobyl nuclear plant__2025-02-14.mxf,
1807175,"APA__ZDF__4124679601__APTN Russian drone struck Chernobyl reactor shell, but radiation levels normal, Zelenskyy says__2025-02-14",2:7d90cc2da741698a801db322169e8d1b,00:00:00:00:25/1,00:00:48:01:25/1,"Archive Masters/Footage/APA__ZDF__4124679601__APTN Russian drone struck Chernobyl reactor shell, but radiation levels normal, Zelenskyy says__2025-02-14.mxf",
1807176,"APA__ZDF__4124710101__APTN Drone armed with a warhead hit protective outer shell of Ukraine's Chernobyl nuclear plant, official says__2025-02-14",2:e9a1e732f782d207432a8a5f408e4f7f,00:00:00:00:25/1,00:02:54:03:25/1,"Archive Masters/Footage/APA__ZDF__4124710101__APTN Drone armed with a warhead hit protective outer shell of Ukraine's Chernobyl nuclear plant, official says__2025-02-14.mxf",
1807270,"[""GIA__2165384748__Drone Footage Captures Thousands of Fans on Hill Listening to Taylor Swift's Munich Concert__Germany 2024_A01"", ""GIA__2165384748__Drone Footage Captures Thousands of Fans on Hill Listening to Taylor Swift's Munich Concert__Germany 2024_A02"", ""GIA__2165384748__Drone Footage Captures Thousands of Fans on Hill Listening to Taylor Swift's Munich Concert__Germany 2024""]","['2:a7b3dbe4e39b57e737bf99d8f2053f2b', '2:ddcb27584d99a283610919e4b3b38dcd', '2:46023e4920be19e2adbd733d7ad02a53']",00:00:00:00:30/1,00:00:17:15:30/1,"[""Avid MediaFiles/MXF/Converter.1/GIA__2165384748__Drone Footage Captures Thousands of Fans on Hill Listening to Taylor Swift's Munich Concert__Germany 2024_A01.mxf"", ""Avid MediaFiles/MXF/Converter.1/GIA__2165384748__Drone Footage Captures Thousands of Fans on Hill Listening to Taylor Swift's Munich Concert__Germany 2024_A02.mxf"", ""Avid MediaFiles/MXF/Converter.1/GIA__2165384748__Drone Footage Captures Thousands of Fans on Hill Listening to Taylor Swift's Munich Concert__Germany 2024.mxf""]",
1807280,"['GIA__1439261668__GlÃ¼hende Drohnenaufnahme von Nashville, TN__USA 2022', 'GIA__1439261668__Glühende Drohnenaufnahme von Nashville, TN__USA 2022']",2:6fa3fe19ee5e5ba7ad3aaffd29ecbfaf,00:00:00:00:24000/1001,00:00:16:08:24000/1001,"Avid MediaFiles/MXF/Converter.1/GIA__1439261668__Glühende Drohnenaufnahme von Nashville, TN__USA 2022.mxf",
1813942,"['JBF__DJI_0A01.69401473CDFCA', 'JBF__DJI_0A02.69401473DC80A', 'JBF__DJI_0021_Proxy_1.wav']","['2:a6330a82d77b956706c9b3f56d798cb9', '2:76bfb5d1e0d16c5980e862a9c6e7bed7']",00:00:00:00:100/1,00:02:03:92:100/1,"['Avid MediaFiles/MXF/ARCHIVAVID-1.3/JBF__DJI_0A01.69401473CDFCA.mxf', 'Avid MediaFiles/MXF/ARCHIVAVID-1.3/JBF__DJI_0A02.69401473DC80A.mxf']",
1814778,IIMX M__163239828__Drone Shot Belgrade,2:a55a652816d54f03391388234af5d38f,00:00:00:00:24000/1001,00:00:15:14:24000/1001,Archive Masters/Episode 3/IIM/IIMX M__163239828__Drone Shot Belgrade.mp4,
1816389,WDR__100091674__Aktuelle Stunde Drohenalarm in Muenchen__03-10-2025,2:2824e735ab114a59e629a6a9535d8cea,00:00:00:00:25/1,00:03:11:16:25/1,tmp Trump and Us/Drohnen Luftraumverletzungen_geliefert/WDR__100091674__Aktuelle Stunde Drohenalarm in Muenchen__03-10-2025.mp4,
1816394,APA__4611250__Belgium EU Defense__16-10-2025,2:cac1e8b242154be0efa3233c02eb8375,00:00:00:00:25/1,00:01:43:08:25/1,tmp Trump and Us/Drohnen_geliefert/APA__4611250__Belgium EU Defense__16-10-2025.mp4,
1816401,NDR__Tagesschau um fünf 7549__25-09-2025,2:a53e28c7345e1ac5085b96c364246ac6,00:00:00:00:25/1,00:15:03:16:25/1,tmp Trump and Us/Drohnen Luftraumverletzungen_geliefert/NDR__Tagesschau um fünf 7549__25-09-2025.mp4,
1816406,EBU__2025_10340081__Munich airport reopens_03-10-2025,2:597a964d87bced8e8b1a002c09a82eaa,00:00:00:00:25/1,00:01:29:03:25/1,tmp Trump and Us/Drohnen Luftraumverletzungen_geliefert/EBU__2025_10340081__Munich airport reopens_03-10-2025.mp4,
1816407,RBB__25X0302G_rbb24 Brandenburg aktuell__03-10-2025,2:260282006d9ba363d2a5bdde0351ec94,00:00:00:00:25/1,00:34:36:24:25/1,tmp Trump and Us/Drohnen Luftraumverletzungen_geliefert/RBB__25X0302G_rbb24 Brandenburg aktuell__03-10-2025.mp4,
1816410,EBU__2025_10340109__DE Bavaria Soeder on drones__03-10-2025,2:31b889f59cfb674bb9739442af990afb,00:00:00:00:25/1,00:01:40:03:25/1,tmp Trump and Us/Drohnen Luftraumverletzungen_geliefert/EBU__2025_10340109__DE Bavaria Soeder on drones__03-10-2025.mp4,
1816413,REU__RW703922092025RP1__DENMARK-AIRPORT-DRONES__22-09-2025,2:0f7aaafaa3e65db17320cc78ea231a4d,00:00:00:00:25/1,00:00:58:00:25/1,tmp Trump and Us/Drohnen_geliefert/REU__RW703922092025RP1__DENMARK-AIRPORT-DRONES__22-09-2025.mp4,
1816423,EBU__2025-10337603__NATO AWACS Eastern Sentry__22-09-2025,2:fb924e96956b9959524ea9fbfac83e46,00:00:00:00:25/1,00:05:06:06:25/1,tmp Trump and Us/Drohnen_geliefert/EBU__2025-10337603__NATO AWACS Eastern Sentry__22-09-2025.mp4,
1816427,REU__RTR-RW363514102025RP1 __Ukraine Crisis Poland Sikorski says Europe must prepare__16-10-2025,2:f081510230543abe8ee66c0fa06bf17e,00:00:00:00:25/1,00:05:06:02:25/1,tmp Trump and Us/Drohnen_geliefert/REU__RTR-RW363514102025RP1 __Ukraine Crisis Poland Sikorski says Europe must prepare__16-10-2025.mp4,
1816445,NDR__Tagesschau  25390__Drohnen Muenchen__03-10-2025,2:cb592c8f63d33cdcbcf6c305e1f35c38,00:00:00:00:25/1,00:16:20:23:25/1,tmp Trump and Us/Drohnen Luftraumverletzungen_geliefert/NDR__Tagesschau  25390__Drohnen Muenchen__03-10-2025.mp4,
1818388,"[""GIA__2165384748__Drone Footage Captures Thousands of Fans on Hill Listening to Taylor Swift's Munich Concert__Germany 2024_A01"", ""GIA__2165384748__Drone Footage Captures Thousands of Fans on Hill Listening to Taylor Swift's Munich Concert__Germany 2024_A02"", ""GIA__2165384748__Drone Footage Captures Thousands of Fans on Hill Listening to Taylor Swift's Munich Concert__Germany 2024""]","['2:a5b3a6d886c72c12ee964dc43c801453', '2:9ef8620680f3341f2294abfdc7ba3af7', '2:600955d6c5b6ec11ddc66bf22cbc2cfc']",00:00:00:00:30/1,00:00:17:15:30/1,"[""Avid MediaFiles/MXF/Converter.1/GIA__2165384748__Drone Footage Captures Thousands of Fans on Hill Listening to Taylor Swift's Munich Concert__Germany 2024_A01.mxf"", ""Avid MediaFiles/MXF/Converter.1/GIA__2165384748__Drone Footage Captures Thousands of Fans on Hill Listening to Taylor Swift's Munich Concert__Germany 2024_A02.mxf"", ""Avid MediaFiles/MXF/Converter.1/GIA__2165384748__Drone Footage Captures Thousands of Fans on Hill Listening to Taylor Swift's Munich Concert__Germany 2024.mxf""]",
1826914,GIA__1322934741__4K Video Nashville Tennessee Skyline und Cumberland River Aerial Drohnenaufnahmen bei Sonnenaufgang__USA 2021,2:ff787c3fc14e060a38053c2be853f4cb,00:00:00:00:30000/1001 nd,00:00:28:16:30000/1001 nd,Avid MediaFiles/MXF/Converter.1/GIA__1322934741__4K Video Nashville Tennessee Skyline und Cumberland River Aerial Drohnenaufnahmen bei Sonnenaufgang__USA 2021.mxf,
1827899,2026-04-14_BRoll_Jurate Sviackeviciene_Drohne_DJI_0560,2:b705cdb53bea001a868d2b9d7df437de,00:00:00:00:25/1,00:00:33:14:25/1,OCF_OAF/2026-04-14_ITV Birute_Burauskaite_Jurate_Sviackeviciene/Jurate_Sviackeviciene_Drohne/31/100MEDIA/2026-04-14_BRoll_Jurate Sviackeviciene_Drohne_DJI_0560.MP4,
1827910,2026-04-16_BRoll_Vilnius_Drohne_DJI_0562,2:76ce6a50048faf309a5318fb5e7a987d,00:00:00:00:25/1,00:01:00:04:25/1,OCF_OAF/2026-04-16_ITV_Loreta_Truciliauskaite-Slekiene/Friedhof_Vilnius_Drohne/45/100MEDIA/2026-04-16_BRoll_Vilnius_Drohne_DJI_0562.MP4,
1827911,2026-04-14_BRoll_Jurate Sviackeviciene_Drohne_DJI_0559,2:d8d8b4d321f84ca58e188d83ffe7f1ec,00:00:00:00:25/1,00:01:33:20:25/1,OCF_OAF/2026-04-14_ITV Birute_Burauskaite_Jurate_Sviackeviciene/Jurate_Sviackeviciene_Drohne/31/100MEDIA/2026-04-14_BRoll_Jurate Sviackeviciene_Drohne_DJI_0559.MP4,
1827946,2026-04-14_BRoll_Jurate Sviackeviciene_Drohne_DJI_0558,2:360556bdb0c7c4a860d26944b9c3d772,00:00:00:00:25/1,00:02:00:05:25/1,OCF_OAF/2026-04-14_ITV Birute_Burauskaite_Jurate_Sviackeviciene/Jurate_Sviackeviciene_Drohne/31/100MEDIA/2026-04-14_BRoll_Jurate Sviackeviciene_Drohne_DJI_0558.MP4,
1827955,2026-04-16_BRoll_Vilnius_Drohne_DJI_0561,2:18161dbf7ab27b1adad21681cc8c5542,00:00:00:00:25/1,00:00:55:18:25/1,OCF_OAF/2026-04-16_ITV_Loreta_Truciliauskaite-Slekiene/Friedhof_Vilnius_Drohne/45/100MEDIA/2026-04-16_BRoll_Vilnius_Drohne_DJI_0561.MP4,
1828913,2025-01-13_Leyla drone flight,2:0c532688348018896ad2d70f84080ea6,01:00:00:00:25/1,04:02:15:21:25/1,XXX_EXPORTS/++ FOR TRANSCRIPT/2025-01-13_Leyla drone flight.mp4,
1828951,"CEC RQ 2 Pioneer Drone Operations Final1 - Nicklaus Greggsen (720p, h264, youtube)",2:b03ae39e04d30f70d04326a0ed7e1cb0,00:00:00:00:60000/1001 nd,00:01:27:47:60000/1001 nd,"IMPORTS/Archiv Auswahl Riley/Episode 4/USS Wisconsin/CEC RQ 2 Pioneer Drone Operations Final1 - Nicklaus Greggsen (720p, h264, youtube).mov",
1829618,yt1s.com - 2020  25 ans de drones dans lArmée de lair_1080p,2:85db0b47fc0a6343d89d2778e1f36503,00:00:00:00:25/1,00:01:46:16:25/1,Teaser/Death From Above Trailer/Archive/Kayla/DFA teaser France/yt1s.com - 2020  25 ans de drones dans lArmée de lair_1080p.mp4,
1829737,Luftkrieg_DE_LM45e4_L0037_Toedliche Drohnen,2:2adad1b088bad5986c9ebb7094fbd3bb,10:00:00:00:25/1,10:44:28:17:25/1,"['+++ MASTER/DNxHD/Luftkrieg_DE_LM45e4_L0037_Toedliche Drohnen.mxf', 'Flugzeuge #L0037/DNxHD/Luftkrieg_DE_LM45e4_L0037_Toedliche Drohnen.mxf']",
1829787,Luftkrieg_DE_LM45e4_C_L0037_Toedliche Drohnen,2:6bfdb97d720d551cc6c099ae38a263cb,10:00:00:00:25/1,10:44:28:17:25/1,"['+++ MASTER/DNxHD/Luftkrieg_DE_LM45e4_C_L0037_Toedliche Drohnen.mxf', 'Flugzeuge #L0037/DNxHD/Luftkrieg_DE_LM45e4_C_L0037_Toedliche Drohnen.mxf']",
1830090,gettyimages-2227529971-640_adpp,2:1bfbe1896cc112c7b00316e4d8d3a869,00:00:00:00:24/1,00:00:34:23:24/1,IMPORTS/Archiv Auswahl Riley/Drones/gettyimages-2227529971-640_adpp.mp4,
1830147,gettyimages-1982456657-640_adpp,2:7a721cbe643c4cc97667ee3ff3caeec2,00:00:00:00:25/1,00:00:16:20:25/1,IMPORTS/Archiv Auswahl Riley/Drones/gettyimages-1982456657-640_adpp.mp4,
1830375,m2-res_480p REPLACE,2:2aaf07a083dbc0f519ef1a67a664741d,00:00:00:00:30/1,00:00:13:05:30/1,IMPORTS/Archiv Auswahl Riley/Drones/m2-res_480p REPLACE.mp4,
1830436,gettyimages-2230288403-640_adpp,2:0c0991cf633e77ea8f16a92a57e20a1e,00:00:00:00:60/1,00:00:11:05:60/1,IMPORTS/Archiv Auswahl Riley/Drones/gettyimages-2230288403-640_adpp.mp4,
1830494,gettyimages-2230288351-640_adpp,2:cd1b473d49964d6639d2522e8fdc25ff,00:00:00:00:60/1,00:00:08:26:60/1,IMPORTS/Archiv Auswahl Riley/Drones/gettyimages-2230288351-640_adpp.mp4,
1830594,Luftkrieg_DE_AVC45e4_L0037_Toedliche Drohnen,2:f58701cdbf1c25de37309260b2a7b3b1,10:00:00:00:25/1,10:44:28:17:25/1,"['+++ MASTER/AVC Intra/Luftkrieg_DE_AVC45e4_L0037_Toedliche Drohnen.mxf', 'Flugzeuge #L0037/AVC Intra/Luftkrieg_DE_AVC45e4_L0037_Toedliche Drohnen.mxf']",
1830648,Luftkrieg_DE_AVC45e4_C_L0037_Toedliche Drohnen,2:39a6c42e5f4701a05161ecbf48dfc63d,10:00:00:00:25/1,10:44:28:17:25/1,"['+++ MASTER/AVC Intra/Luftkrieg_DE_AVC45e4_C_L0037_Toedliche Drohnen.mxf', 'Flugzeuge #L0037/AVC Intra/Luftkrieg_DE_AVC45e4_C_L0037_Toedliche Drohnen.mxf']",
1830811,01 BB_links_„Saratsyn“_drone pilot_en,2:d9ac6e84b6abd270dd34d1605819d08b,00:00:00:00:25/1,00:00:06:17:25/1,IMPORTS/INSERTS/Bauchbinden englisch/01 BB_links_„Saratsyn“_drone pilot_en.mov,
1831533,01 BB_links_„Saratsyn“_drone pilot_eng_v002,2:3efd1c7d52b124d1653ffeb76bbb9c60,00:00:00:00:25/1,00:00:06:17:25/1,IMPORTS/INSERTS/Bauchbinden englisch_v002/01 BB_links_„Saratsyn“_drone pilot_eng_v002.mov,
1831604,54 BB_links_-SARAtsyn-_drone pilot_engl,2:2f6bd5c40a47b401767ba553f1ec34de,00:00:00:00:25/1,00:00:06:17:25/1,IMPORTS/INSERTS/Bauchbinden englisch/54 BB_links_-SARAtsyn-_drone pilot_engl.mov,
1832060,Intro_04_Luftkrieg – Tödliche Drohnen A,2:b80a167b6bdadf917490035a6a7df755,00:00:00:00:50/1,00:00:10:01:50/1,IMPORTS/Intro/Intro_04_Luftkrieg – Tödliche Drohnen A.mov,
1832111,Intro_04_Luftkrieg – Lethal drones A,2:e5549d5f15d9b9000929cc3126eb0797,00:00:00:00:50/1,00:00:10:01:50/1,IMPORTS/Intro/Intro_04_Luftkrieg – Lethal drones A.mov,
1832343,"REU__1996018__WRAP - Bridges collapse in Russia, drone strike on Zaporizhzhia, on eve of peace talks__2025",2:74d4fa8bd89fdfe8df319173452a0426,10:00:00:00:25/1,10:00:19:23:25/1,"ARCHIVE PRODUCER/2025-08-18/Operation Spiderweb/REU__1996018__WRAP - Bridges collapse in Russia, drone strike on Zaporizhzhia, on eve of peace talks__2025.mp4",
1832413,APA__vrp015441__Ukrainian Kamikaze drone hits Russian dugout__2023,2:768372631fc16e49ef30941a56ed3d1c,00:00:00:00:25/1,00:00:46:05:25/1,ARCHIVE PRODUCER/2025-08-18/Drone strikes/APA__vrp015441__Ukrainian Kamikaze drone hits Russian dugout__2023.mp4,
1832472,APA__vrp012473__Russia shows kamikaze drones hitting Ukrainian military targets__2022,2:63b0634c38efa6db0f59fe6fd2c254c1,00:00:00:00:25/1,00:01:26:09:25/1,ARCHIVE PRODUCER/2025-08-18/Drone strikes/APA__vrp012473__Russia shows kamikaze drones hitting Ukrainian military targets__2022.mp4,
1832527,"APA__vrb007335__Drone attack triggers explosions near airport in Bryansk, Russia__2025",2:484fec0a6ab43b4fa8229d5712474bb0,00:00:00:00:25/1,00:00:30:01:25/1,"ARCHIVE PRODUCER/2025-08-18/Drone strikes/APA__vrb007335__Drone attack triggers explosions near airport in Bryansk, Russia__2025.mp4",
1832635,534824_Clouds_Sky_Low_Angle_Flying_By_Alpha_Visuals_Artlist_4K,2:f6ef6ad573aa2b5737743e2f285e25c0,06:38:24:07:25/1,06:38:32:05:25/1,ARCHIVE PRODUCER/Austauschmaterial EP 4/Ukraine drones/534824_Clouds_Sky_Low_Angle_Flying_By_Alpha_Visuals_Artlist_4K.mov,
1832636,REU__1948937__Ukrainian border guards reportedly hit Russian UAV with kamikaze drone in southern Ukraine__2024,2:460e14273572d1d8676f51011a98fa3f,10:00:00:00:25/1,10:00:21:06:25/1,ARCHIVE PRODUCER/2025-08-18/Drone strikes/REU__1948937__Ukrainian border guards reportedly hit Russian UAV with kamikaze drone in southern Ukraine__2024.mp4,
1832682,APA__vrp025932__Russia shows its drone crews hitting Ukrainian forces in Kherson__2024,2:02d10aaa266b3ab178df28558e3e1484,00:00:00:00:25/1,00:00:59:21:25/1,ARCHIVE PRODUCER/2025-08-18/Drone strikes/APA__vrp025932__Russia shows its drone crews hitting Ukrainian forces in Kherson__2024.mp4,
1832747,APA__vrp020536__Air defences destroy Russian Kamikaze drones in Southern Ukraine__2023,2:ab5090529413a6a15e0348bd3c24f5a2,00:00:00:00:25/1,00:00:54:22:25/1,ARCHIVE PRODUCER/2025-08-18/Drone strikes/APA__vrp020536__Air defences destroy Russian Kamikaze drones in Southern Ukraine__2023.mp4,
1832793,APA__vrp015790__Russia says it destroyed Ukrainian self-propelled artillery using Kamikaze drone__2023,2:917e24428637335621722186b9fe5ca7,00:00:00:00:25/1,00:00:43:03:25/1,ARCHIVE PRODUCER/2025-08-18/Drone strikes/APA__vrp015790__Russia says it destroyed Ukrainian self-propelled artillery using Kamikaze drone__2023.mp4,
1832849,REU__1973376__Security Service of Ukraine releases new footage of drone strike on Russian strategic bombers__2025,2:cb95c75576d91acb63c8d57b6e2e09a9,10:00:00:00:25/1,10:02:07:07:25/1,ARCHIVE PRODUCER/2025-08-18/Operation Spiderweb/REU__1973376__Security Service of Ukraine releases new footage of drone strike on Russian strategic bombers__2025.mp4,
1832984,6103580_Solider_Military_Army_Weapon_By_Nazarii_Ortynskyi_Artlist_4K,2:a42a3d783e38a56b19fd077e1b65cda2,00:00:00:00:25/1,00:00:19:24:25/1,ARCHIVE PRODUCER/Austauschmaterial EP 4/Ukraine drones/6103580_Solider_Military_Army_Weapon_By_Nazarii_Ortynskyi_Artlist_4K.mov,
1832985,APA__cctv070262__Ukraine launches massive drone attacks on Russian airbases ahead of peace talks__2025,2:9027160028d84cc71f6bfbb1e8c7a305,00:00:00:00:25/1,00:02:01:19:25/1,ARCHIVE PRODUCER/2025-08-18/Operation Spiderweb/APA__cctv070262__Ukraine launches massive drone attacks on Russian airbases ahead of peace talks__2025.mp4,
1833584,Luftkrieg_DE_MP4_45e4_L0037_Toedliche Drohnen,2:e9a0a6685e193279371e9376e24429b6,00:00:00:00:25/1,00:44:28:17:25/1,"['+++ MASTER/MP4/Luftkrieg_DE_MP4_45e4_L0037_Toedliche Drohnen.mp4', 'Flugzeuge #L0037/MP4/Luftkrieg_DE_MP4_45e4_L0037_Toedliche Drohnen.mp4']",
1852518,2024-11-11_B-Roll_Drohne_DJI_0007,2:21d7180c511418287ea7537f2208a79b,00:00:00:00:50/1,00:00:29:10:50/1,Avid MediaFiles/MXF/PP-DESKTOP-03.9/2024-11-11_B-Roll_Drohne_DJI_0007.mxf,
1852520,2024-11-11_B-Roll_Drohne_DJI_0008,2:c8bdc436c9b430ff4ccba0b8c609d99c,00:00:00:00:50/1,00:00:35:02:50/1,Avid MediaFiles/MXF/PP-DESKTOP-03.9/2024-11-11_B-Roll_Drohne_DJI_0008.mxf,
1852521,2024-11-11_B-Roll_Drohne_DJI_0002,2:7a97750e057f22ef328dd004373604f5,00:00:00:00:50/1,00:00:35:04:50/1,Avid MediaFiles/MXF/PP-DESKTOP-03.9/2024-11-11_B-Roll_Drohne_DJI_0002.mxf,
1852522,2024-11-11_B-Roll_Drohne_DJI_0004,2:6af0f8f6dab9d64b6d789f1ffd21f18e,00:00:00:00:50/1,00:00:42:04:50/1,Avid MediaFiles/MXF/PP-DESKTOP-03.9/2024-11-11_B-Roll_Drohne_DJI_0004.mxf,
1852523,2024-11-11_B-Roll_Drohne_DJI_0006,2:1bd25ca2f7e7c8d3d593abcf96a6ab69,00:00:00:00:50/1,00:00:16:17:50/1,Avid MediaFiles/MXF/PP-DESKTOP-03.9/2024-11-11_B-Roll_Drohne_DJI_0006.mxf,
1852524,2024-11-11_B-Roll_Drohne_DJI_0005,2:5d6db4aee8d5b20975e82906b1ea3e2d,00:00:00:00:50/1,00:01:11:21:50/1,Avid MediaFiles/MXF/PP-DESKTOP-03.9/2024-11-11_B-Roll_Drohne_DJI_0005.mxf,
1852525,2024-11-11_B-Roll_Drohne_DJI_0003,2:9ce4f4c1b74efe9b0fe798f64e7d8cb6,00:00:00:00:50/1,00:00:37:11:50/1,Avid MediaFiles/MXF/PP-DESKTOP-03.9/2024-11-11_B-Roll_Drohne_DJI_0003.mxf,
1852526,2024-11-11_B-Roll_Drohne_DJI_0001,2:73a0285cfe0f5a090e2b8937def80352,00:00:00:00:50/1,00:01:09:45:50/1,Avid MediaFiles/MXF/PP-DESKTOP-03.9/2024-11-11_B-Roll_Drohne_DJI_0001.mxf,
1852527,2024-11-11_B-Roll_Drohne_DJI_0009,2:57941a53468256f42d88215055a80c6d,00:00:00:00:50/1,00:02:17:28:50/1,Avid MediaFiles/MXF/PP-DESKTOP-03.9/2024-11-11_B-Roll_Drohne_DJI_0009.mxf,
1852528,2024-11-11_B-Roll_Drohne_DJI_0010,2:632d0200efaa43ef27d6dff325ead0f0,00:00:00:00:50/1,00:01:11:47:50/1,Avid MediaFiles/MXF/PP-DESKTOP-03.9/2024-11-11_B-Roll_Drohne_DJI_0010.mxf,
1852529,2024-11-11_B-Roll_Drohne_DJI_0012,2:353c85f1efcf8502dc2c6408e594ae3b,00:00:00:00:50/1,00:00:49:28:50/1,Avid MediaFiles/MXF/PP-DESKTOP-03.9/2024-11-11_B-Roll_Drohne_DJI_0012.mxf,
1852530,2024-11-11_B-Roll_Drohne_DJI_0016,2:70b3e3b710873876a79d81a3a195d8ff,00:00:00:00:50/1,00:00:53:36:50/1,Avid MediaFiles/MXF/PP-DESKTOP-03.9/2024-11-11_B-Roll_Drohne_DJI_0016.mxf,
1852531,2024-11-11_B-Roll_Drohne_DJI_0015,2:6b83512f8cbdbc87d6d120be24bafcdd,00:00:00:00:50/1,00:00:48:48:50/1,Avid MediaFiles/MXF/PP-DESKTOP-03.9/2024-11-11_B-Roll_Drohne_DJI_0015.mxf,
1852532,2024-11-11_B-Roll_Drohne_DJI_0011,2:43ae63eba1b3e80667cbb8fb195924db,00:00:00:00:50/1,00:00:58:47:50/1,Avid MediaFiles/MXF/PP-DESKTOP-03.9/2024-11-11_B-Roll_Drohne_DJI_0011.mxf,
1852533,2024-11-11_B-Roll_Drohne_DJI_0013,2:69504e279ce1c678f0602f116536a48d,00:00:00:00:50/1,00:02:34:03:50/1,Avid MediaFiles/MXF/PP-DESKTOP-03.9/2024-11-11_B-Roll_Drohne_DJI_0013.mxf,
1852534,2024-11-11_B-Roll_Drohne_DJI_0014,2:b462c83d1a745107b3fe40c442e03db9,00:00:00:00:50/1,00:01:02:27:50/1,Avid MediaFiles/MXF/PP-DESKTOP-03.9/2024-11-11_B-Roll_Drohne_DJI_0014.mxf,
1852535,2024-11-11_B-Roll_Drohne_DJI_0017,2:694c5f66482c9fdfa568f9df0441b96c,00:00:00:00:50/1,00:01:09:19:50/1,Avid MediaFiles/MXF/PP-DESKTOP-03.9/2024-11-11_B-Roll_Drohne_DJI_0017.mxf,
1852536,2024-11-11_B-Roll_Drohne_DJI_0018,2:b707cdf490695171f8871816c5068a52,00:00:00:00:50/1,00:00:30:08:50/1,Avid MediaFiles/MXF/PP-DESKTOP-03.9/2024-11-11_B-Roll_Drohne_DJI_0018.mxf,
1852537,2024-11-11_B-Roll_Drohne_DJI_0022,2:9a147e9e955e13d7dac8b7ad24f3fb12,00:00:00:00:50/1,00:00:19:38:50/1,Avid MediaFiles/MXF/PP-DESKTOP-03.9/2024-11-11_B-Roll_Drohne_DJI_0022.mxf,
1852538,2024-11-11_B-Roll_Drohne_DJI_0023,2:ef7b50278c7b781f2ae2c805218400c0,00:00:00:00:50/1,00:00:00:15:50/1,Avid MediaFiles/MXF/PP-DESKTOP-03.9/2024-11-11_B-Roll_Drohne_DJI_0023.mxf,
1852539,2024-11-11_B-Roll_Drohne_DJI_0020,2:595dc9aa1326819f32cab5119887cd41,00:00:00:00:50/1,00:02:58:45:50/1,Avid MediaFiles/MXF/PP-DESKTOP-03.9/2024-11-11_B-Roll_Drohne_DJI_0020.mxf,
1852540,2024-11-11_B-Roll_Drohne_DJI_0021,2:3eeeece991786c1441306a6bc407dc01,00:00:00:00:50/1,00:00:10:44:50/1,Avid MediaFiles/MXF/PP-DESKTOP-03.9/2024-11-11_B-Roll_Drohne_DJI_0021.mxf,
1852541,2024-11-11_B-Roll_Drohne_DJI_0019,2:e4bd26b8a325fdb17dbbce7ce3ebfb79,00:00:00:00:50/1,00:01:03:13:50/1,Avid MediaFiles/MXF/PP-DESKTOP-03.9/2024-11-11_B-Roll_Drohne_DJI_0019.mxf,
1852542,2024-11-11_B-Roll_Drohne_DJI_0024,2:20ff31754386ec2e81944db9bd8f59e4,00:00:00:00:50/1,00:00:00:45:50/1,Avid MediaFiles/MXF/PP-DESKTOP-03.9/2024-11-11_B-Roll_Drohne_DJI_0024.mxf,
1852543,2024-11-11_B-Roll_Drohne_DJI_0025,2:548020c13e856966cc301ef54a502d13,00:00:00:00:50/1,00:02:08:47:50/1,Avid MediaFiles/MXF/PP-DESKTOP-03.9/2024-11-11_B-Roll_Drohne_DJI_0025.mxf,
1852544,2024-11-11_B-Roll_Drohne_DJI_0026,2:3fca0aed145749a0068dd17a37ab6a4f,00:00:00:00:50/1,00:00:35:34:50/1,Avid MediaFiles/MXF/PP-DESKTOP-03.9/2024-11-11_B-Roll_Drohne_DJI_0026.mxf,
1852545,2024-11-11_B-Roll_Drohne_DJI_0028,2:7dc232bc63c7fd8c0f7e1a51651ae32b,00:00:00:00:50/1,00:00:00:09:50/1,Avid MediaFiles/MXF/PP-DESKTOP-03.9/2024-11-11_B-Roll_Drohne_DJI_0028.mxf,
1852546,2024-11-11_B-Roll_Drohne_DJI_0031,2:9d9c64f6bcd7c68479b4962b09933e21,00:00:00:00:50/1,00:00:09:00:50/1,Avid MediaFiles/MXF/PP-DESKTOP-03.9/2024-11-11_B-Roll_Drohne_DJI_0031.mxf,
1852547,2024-11-11_B-Roll_Drohne_DJI_0029,2:7aad57f7fa61f8d215dd34a81a47e9d0,00:00:00:00:50/1,00:02:06:18:50/1,Avid MediaFiles/MXF/PP-DESKTOP-03.9/2024-11-11_B-Roll_Drohne_DJI_0029.mxf,
1852548,2024-11-11_B-Roll_Drohne_DJI_0027,2:0e71e27721ce6d509bf420363f9f8313,00:00:00:00:50/1,00:03:32:07:50/1,Avid MediaFiles/MXF/PP-DESKTOP-03.9/2024-11-11_B-Roll_Drohne_DJI_0027.mxf,
1852549,2024-11-11_B-Roll_Drohne_DJI_0032,2:59dff5b64811c27b1f8e072392059f3b,00:00:00:00:50/1,00:01:20:04:50/1,Avid MediaFiles/MXF/PP-DESKTOP-03.9/2024-11-11_B-Roll_Drohne_DJI_0032.mxf,
1852550,2024-11-11_B-Roll_Drohne_DJI_0030,2:74bccb9621b30d3bae46042be674edad,00:00:00:00:50/1,00:03:02:38:50/1,Avid MediaFiles/MXF/PP-DESKTOP-03.9/2024-11-11_B-Roll_Drohne_DJI_0030.mxf,
1852551,2024-11-11_B-Roll_Drohne_DJI_0033,2:e229c53be3e77168dee0d4590bb35566,00:00:00:00:50/1,00:00:35:43:50/1,Avid MediaFiles/MXF/PP-DESKTOP-03.9/2024-11-11_B-Roll_Drohne_DJI_0033.mxf,
1852552,2024-11-11_B-Roll_Drohne_DJI_0034,2:bbec674c5c43028d40061f230c30eb1f,00:00:00:00:50/1,00:00:38:45:50/1,Avid MediaFiles/MXF/PP-DESKTOP-03.9/2024-11-11_B-Roll_Drohne_DJI_0034.mxf,
1852553,2024-11-11_B-Roll_Drohne_DJI_0035,2:5733ea9ae80cdf890c26cbc7ad9dbdb8,00:00:00:00:50/1,00:00:57:48:50/1,Avid MediaFiles/MXF/PP-DESKTOP-03.9/2024-11-11_B-Roll_Drohne_DJI_0035.mxf,
1852554,2024-11-11_B-Roll_Drohne_DJI_0036,2:774bd9a0ba41b3634cf9df4990a98f11,00:00:00:00:50/1,00:00:18:16:50/1,Avid MediaFiles/MXF/PP-DESKTOP-03.9/2024-11-11_B-Roll_Drohne_DJI_0036.mxf,
1852555,2024-11-11_B-Roll_Drohne_DJI_0037,2:bfcb76707e6697da3dd6a1cfb8809e2f,00:00:00:00:50/1,00:00:16:07:50/1,Avid MediaFiles/MXF/PP-DESKTOP-03.9/2024-11-11_B-Roll_Drohne_DJI_0037.mxf,
1852816,"['Leyla drone flight__Ð²Ñ\x82 Ñ\x82Ð¾Ð¿Ð¾Ð»Ñ\x96Ð²ÐºÐ° Ð²Ð»Ñ\x83Ñ\x87Ð°Ð½Ð½Ñ\x8f', 'Leyla drone flight__вт тополівка влучання']",2:e46a60a5bd303ec241fd44a19cd5fb16,00:00:00:00:25/1,00:24:14:05:25/1,Avid MediaFiles/MXF/PP-DESKTOP-05.1/Leyla drone flight__вт тополівка влучання.mxf,
1852818,"['Leyla drone flight__гірське 2 камаза 2 влучання_A01', 'Leyla drone flight__Ð³Ñ\x96Ñ\x80Ñ\x81Ñ\x8cÐºÐµ 2 ÐºÐ°Ð¼Ð°Ð·Ð° 2 Ð²Ð»Ñ\x83Ñ\x87Ð°Ð½Ð½Ñ\x8f', 'Leyla drone flight__гірське 2 камаза 2 влучання']","['2:35d10488d4a02f552e7658ab4726ee36', '2:1cc6fc0a6b07338e521a6dbc24e1e7d5']",00:00:00:00:25/1,00:08:55:22:25/1,"['Avid MediaFiles/MXF/PP-DESKTOP-05.1/Leyla drone flight__гірське 2 камаза 2 влучання_A01.mxf', 'Avid MediaFiles/MXF/PP-DESKTOP-05.1/Leyla drone flight__гірське 2 камаза 2 влучання.mxf']",
1852819,"['Leyla drone flight__нгу мультик штурмова група з пульта - 1с. (влучання, 6 - 200)_A01', 'Leyla drone flight__Ð½Ð³Ñ\x83 Ð¼Ñ\x83Ð»Ñ\x8cÑ\x82Ð¸Ðº Ñ\x88Ñ\x82Ñ\x83Ñ\x80Ð¼Ð¾Ð²Ð° Ð³Ñ\x80Ñ\x83Ð¿Ð° Ð· Ð¿Ñ\x83Ð»Ñ\x8cÑ\x82Ð° - 1Ñ\x81. (Ð²Ð»Ñ\x83Ñ\x87Ð°Ð½Ð½Ñ\x8f, 6 - 200)', 'Leyla drone flight__нгу мультик штурмова група з пульта - 1с. (влучання, 6 - 200)']","['2:e6c9210c3d20a7fd05cf0035121b6ec6', '2:d7acfb7c03b0b6456f9c8d69221fc0b1']",00:00:00:00:25/1,00:34:49:15:25/1,"['Avid MediaFiles/MXF/PP-DESKTOP-05.1/Leyla drone flight__нгу мультик штурмова група з пульта - 1с. (влучання, 6 - 200)_A01.mxf', 'Avid MediaFiles/MXF/PP-DESKTOP-05.1/Leyla drone flight__нгу мультик штурмова група з пульта - 1с. (влучання, 6 - 200).mxf']",
1852820,"['Leyla drone flight__2 300 Ð½Ð¿Ð· Ð°Ñ\x83Ñ\x82ÐµÐ» 4Ñ\x82 1Ñ\x81 (Ð²Ð»Ñ\x83Ñ\x87Ð°Ð½Ð½Ñ\x8f)', 'Leyla drone flight__2 300 нпз аутел 4т 1с (влучання)']",2:fea761632dee31f33a206db725996408,00:00:00:00:25/1,00:02:14:01:25/1,Avid MediaFiles/MXF/PP-DESKTOP-05.1/Leyla drone flight__2 300 нпз аутел 4т 1с (влучання).mxf,
1852821,"['Leyla drone flight__compil_A01', 'Leyla drone flight__compil_A02', 'Leyla drone flight__compil']","['2:bf66be2280e9e73b5bd6d4292faca3ad', '2:aad41b394dd49d3f0177b07d7659a3a4', '2:8f6f9d32196860d83c487a816420b156']",00:00:00:00:25/1,00:05:32:17:25/1,"['Avid MediaFiles/MXF/PP-DESKTOP-05.1/Leyla drone flight__compil_A01.mxf', 'Avid MediaFiles/MXF/PP-DESKTOP-05.1/Leyla drone flight__compil_A02.mxf', 'Avid MediaFiles/MXF/PP-DESKTOP-05.1/Leyla drone flight__compil.mxf']",
1852822,Leyla drone flight__2024_08_17_21_59_12,2:bbcb729c7f00e3d2f84ca088d91b984c,00:00:00:00:25/1,00:45:55:05:25/1,Avid MediaFiles/MXF/PP-DESKTOP-05.1/Leyla drone flight__2024_08_17_21_59_12.mxf,
1852823,"['Leyla drone flight__Ñ\x81Ñ\x82Ð²Ð¾Ð»ÐºÐ° Ñ\x81ÐµÐºÐ¼ÐµÐ½Ñ\x96Ð²ÐºÐ° Ð²Ð»Ñ\x83Ñ\x87Ð°Ð½Ð½Ñ\x8f', 'Leyla drone flight__стволка секменівка влучання']",2:a399a56ffb47854938df64a6a92ad689,00:00:00:00:25/1,00:59:54:07:25/1,Avid MediaFiles/MXF/PP-DESKTOP-05.1/Leyla drone flight__стволка секменівка влучання.mxf,
1852824,"['Leyla drone flight__Ñ\x81ÐºÐ»Ð°Ð´ Ð±Ðº  Ð°Ñ\x83Ñ\x82ÐµÐ» 4Ñ\x82 1Ñ\x81 (Ð²Ð»Ñ\x83Ñ\x87Ð°Ð½Ð½Ñ\x8f)', 'Leyla drone flight__склад бк  аутел 4т 1с (влучання)']",2:aae5f79b22134e9b5da347ce4c5a3504,00:00:00:00:25/1,00:00:39:17:25/1,Avid MediaFiles/MXF/PP-DESKTOP-05.1/Leyla drone flight__склад бк  аутел 4т 1с (влучання).mxf,
1852844,2025-01-17_BRoll_Rostock_DJI_0038,2:6e9442c697515f6fb33188d32f50fc7c,00:00:00:00:25/1,00:00:55:21:25/1,Avid MediaFiles/MXF/PP-DESKTOP-03.16/2025-01-17_BRoll_Rostock_DJI_0038.mxf,
1852845,2025-01-17_BRoll_Rostock_DJI_0039,2:e0649dd5ca8b51b44644ca3784ec56c8,00:00:00:00:25/1,00:03:15:05:25/1,Avid MediaFiles/MXF/PP-DESKTOP-03.16/2025-01-17_BRoll_Rostock_DJI_0039.mxf,
1852846,2025-01-17_BRoll_Rostock_DJI_0040,2:eeaa5eb042c7c1dfd964aafde2ec4970,00:00:00:00:25/1,00:00:39:08:25/1,Avid MediaFiles/MXF/PP-DESKTOP-03.16/2025-01-17_BRoll_Rostock_DJI_0040.mxf,
1852847,2025-01-17_BRoll_Rostock_DJI_0041,2:249801f2899bd08393500517ee372e28,00:00:00:00:25/1,00:01:04:22:25/1,Avid MediaFiles/MXF/PP-DESKTOP-03.16/2025-01-17_BRoll_Rostock_DJI_0041.mxf,
1852848,2025-01-17_BRoll_Rostock_DJI_0042,2:01975a2c62a6f301b2b12a14cafca310,00:00:00:00:25/1,00:00:48:22:25/1,Avid MediaFiles/MXF/PP-DESKTOP-03.16/2025-01-17_BRoll_Rostock_DJI_0042.mxf,
1852849,2025-01-17_BRoll_Rostock_DJI_0043,2:f0552e12a8df4a7369f858077c41b0df,00:00:00:00:25/1,00:00:39:00:25/1,Avid MediaFiles/MXF/PP-DESKTOP-03.16/2025-01-17_BRoll_Rostock_DJI_0043.mxf,
1852850,2025-01-17_BRoll_Rostock_DJI_0044,2:b30bbeca8a688e6ce6cd80e0947e5853,00:00:00:00:25/1,00:01:36:11:25/1,Avid MediaFiles/MXF/PP-DESKTOP-03.16/2025-01-17_BRoll_Rostock_DJI_0044.mxf,
1852851,2025-01-17_BRoll_Rostock_DJI_0045,2:c11bcc8a164600b01c7bfa97bd94ce28,00:00:00:00:25/1,00:01:50:05:25/1,Avid MediaFiles/MXF/PP-DESKTOP-03.16/2025-01-17_BRoll_Rostock_DJI_0045.mxf,
1852852,2025-01-17_BRoll_Rostock_DJI_0046,2:e1b408ffcfd0866b54d3deb9d1ebe051,00:00:00:00:25/1,00:01:01:10:25/1,Avid MediaFiles/MXF/PP-DESKTOP-03.16/2025-01-17_BRoll_Rostock_DJI_0046.mxf,
1852853,2025-01-17_BRoll_Rostock_DJI_0047,2:901d2dcf648047c36548a8cc468e8af0,00:00:00:00:25/1,00:00:44:20:25/1,Avid MediaFiles/MXF/PP-DESKTOP-03.16/2025-01-17_BRoll_Rostock_DJI_0047.mxf,
1852854,2025-01-17_BRoll_Rostock_DJI_0048,2:6c4c941f7c686de343ddc55714e53a79,00:00:00:00:25/1,00:01:17:23:25/1,Avid MediaFiles/MXF/PP-DESKTOP-03.16/2025-01-17_BRoll_Rostock_DJI_0048.mxf,
1852855,2025-01-17_BRoll_Rostock_DJI_0050,2:16550949ad6280135a8ff4237d94c449,00:00:00:00:25/1,00:01:15:17:25/1,Avid MediaFiles/MXF/PP-DESKTOP-03.16/2025-01-17_BRoll_Rostock_DJI_0050.mxf,
1852856,2025-01-17_BRoll_Rostock_DJI_0049,2:0dec792566aa6339769d8cb9bd2eaee7,00:00:00:00:25/1,00:01:47:24:25/1,Avid MediaFiles/MXF/PP-DESKTOP-03.16/2025-01-17_BRoll_Rostock_DJI_0049.mxf,
1852857,2025-01-17_BRoll_Rostock_DJI_0051,2:3f908ebaac927fe5aac5d271654a8076,00:00:00:00:25/1,00:00:57:18:25/1,Avid MediaFiles/MXF/PP-DESKTOP-03.16/2025-01-17_BRoll_Rostock_DJI_0051.mxf,
1852858,2025-01-17_BRoll_Rostock_DJI_0052,2:4d99e8c2fcac1823eb6c164bebeb183b,00:00:00:00:25/1,00:00:59:07:25/1,Avid MediaFiles/MXF/PP-DESKTOP-03.16/2025-01-17_BRoll_Rostock_DJI_0052.mxf,
1852859,2025-01-17_BRoll_Rostock_DJI_0053,2:2d5390362b34a5040256cffb582a996d,00:00:00:00:25/1,00:00:43:06:25/1,Avid MediaFiles/MXF/PP-DESKTOP-03.16/2025-01-17_BRoll_Rostock_DJI_0053.mxf,
1853679,"['REU__2330791_LVA001854821012026RP1__Drone views of Davos_ where Trump expected to meet global elite at WEF__2026-01-21_A01', 'REU__2330791_LVA001854821012026RP1__Drone views of Davos_ where Trump expected to meet global elite at WEF__2026-01-21_A02', 'REU__2330791_LVA001854821012026RP1__Drone views of Davos_ where Trump expected to meet global elite at WEF__2026-01-21']","['2:87ae083ec196ee32d2c735fe23a147d4', '2:60d9630eed8be58b87839e97eef3df60', '2:f6d083d97b3dc7927e35c46161f4f821']",10:00:00:00:25/1,10:03:16:24:25/1,"['Avid MediaFiles/MXF/Converter.1/REU__2330791_LVA001854821012026RP1__Drone views of Davos_ where Trump expected to meet global elite at WEF__2026-01-21_A01.mxf', 'Avid MediaFiles/MXF/Converter.1/REU__2330791_LVA001854821012026RP1__Drone views of Davos_ where Trump expected to meet global elite at WEF__2026-01-21_A02.mxf', 'Avid MediaFiles/MXF/Converter.1/REU__2330791_LVA001854821012026RP1__Drone views of Davos_ where Trump expected to meet global elite at WEF__2026-01-21.mxf']",
1854969,2026-04-25_Simone Walter Sobel_Drone_DJI_0565,2:5b4f9b8fc9d9a36475d69d2e45f911fa,00:00:00:00:25/1,00:03:35:08:25/1,OCF_OAF/2026-04-25_ITV_ITV_Simone_Walter_Sobel/2026-04-25_Simone_Walter_Sobel_Wohnmobil_Drohne/59/100MEDIA/2026-04-25_Simone Walter Sobel_Drone_DJI_0565.MP4,
1854976,2026-04-25_Simone Walter Sobel_Drone_DJI_0567,2:ac080efc848a7209096aab7ef3c0e57d,00:00:00:00:25/1,00:00:06:16:25/1,OCF_OAF/2026-04-25_ITV_ITV_Simone_Walter_Sobel/2026-04-25_Simone_Walter_Sobel_Wohnmobil_Drohne/59/100MEDIA/2026-04-25_Simone Walter Sobel_Drone_DJI_0567.MP4,
1854999,2026-04-25_Simone Walter Sobel_Drone_DJI_0563,2:61e19cb101824602fbc6d45fc9c4cd2e,00:00:00:00:25/1,00:00:55:17:25/1,OCF_OAF/2026-04-25_ITV_ITV_Simone_Walter_Sobel/2026-04-25_Simone_Walter_Sobel_Wohnmobil_Drohne/59/100MEDIA/2026-04-25_Simone Walter Sobel_Drone_DJI_0563.MP4,
1855012,2026-04-25_Simone Walter Sobel_Drone_DJI_0566,2:5bae87fb7acfe08d58ce6d01e306c8b6,00:00:00:00:25/1,00:04:55:01:25/1,OCF_OAF/2026-04-25_ITV_ITV_Simone_Walter_Sobel/2026-04-25_Simone_Walter_Sobel_Wohnmobil_Drohne/59/100MEDIA/2026-04-25_Simone Walter Sobel_Drone_DJI_0566.MP4,
1855026,2026-04-25_Simone Walter Sobel_Drone_DJI_0564,2:c42bcccc5bc9a689bd131923fe8ac291,00:00:00:00:25/1,00:00:59:16:25/1,OCF_OAF/2026-04-25_ITV_ITV_Simone_Walter_Sobel/2026-04-25_Simone_Walter_Sobel_Wohnmobil_Drohne/59/100MEDIA/2026-04-25_Simone Walter Sobel_Drone_DJI_0564.MP4,
1855105,GIA__2165384748__Drone Footage Captures Thousands of Fans on Hill Listening to Taylor Swift's Munich Concert__Germany 2024,2:bb313fe46910645b33e638bc337670f9,00:00:00:00:30/1,00:00:17:15:30/1,"[""Archive Masters/Footage/EP3/Getty/GIA__2165384748__Drone Footage Captures Thousands of Fans on Hill Listening to Taylor Swift's Munich Concert__Germany 2024.mp4"", ""Archive Masters/Footage/EP1/Getty/GIA__2165384748__Drone Footage Captures Thousands of Fans on Hill Listening to Taylor Swift's Munich Concert__Germany 2024.mp4""]",
1855803,PND__320249807__berlin-night-drone-shot-alexan,2:a33d9665096873e40b34f08e6c063973,00:00:00:00:24/1,00:00:30:00:24/1,Avid MediaFiles/MXF/Converter.1/PND__320249807__berlin-night-drone-shot-alexan.mxf,
1856119,DJI_20260508195937_0031_D,2:17b90bc7c58133156062f749e200c6e6,00:00:00:00:25/1,00:00:33:20:25/1,"['OCF_OAF/2026-05-08_Drohne_Budapest_extern/Drohne_Budapest_extern/95/DRONE BUDAPEST/2026-05-08_Drone-Budapest_20260508195937_0031_D.MP4', 'OCF_OAF/2026-05-08_B Roll Drohne Budapest/dronemediastudio_dji_20260508195937_0031_d-lrf_2026-05-09_0933/DJI_20260508195937_0031_D.MP4']",
1856120,DJI_20260508193725_0024_D,2:7d183354c9e0397cadd9e6be72d168c6,00:00:00:00:25/1,00:00:39:18:25/1,"['OCF_OAF/2026-05-08_Drohne_Budapest_extern/Drohne_Budapest_extern/95/DRONE BUDAPEST/2026-05-08_Drone-Budapest_20260508193725_0024_D.MP4', 'OCF_OAF/2026-05-08_B Roll Drohne Budapest/dronemediastudio_dji_20260508195937_0031_d-lrf_2026-05-09_0933/DJI_20260508193725_0024_D.MP4']",
1856121,DJI_20260508200038_0032_D,2:b144309f11858d3204ec48021e6b7d29,00:00:00:00:25/1,00:01:00:22:25/1,"['OCF_OAF/2026-05-08_Drohne_Budapest_extern/Drohne_Budapest_extern/95/DRONE BUDAPEST/2026-05-08_Drone-Budapest_20260508200038_0032_D.MP4', 'OCF_OAF/2026-05-08_B Roll Drohne Budapest/dronemediastudio_dji_20260508195937_0031_d-lrf_2026-05-09_0933/DJI_20260508200038_0032_D.MP4']",
1856124,DJI_20260508193953_0026_D,2:76e487d523791ae712c738d91733b2d1,00:00:00:00:25/1,00:00:56:17:25/1,"['OCF_OAF/2026-05-08_B Roll Drohne Budapest/dronemediastudio_dji_20260508195937_0031_d-lrf_2026-05-09_0933/DJI_20260508193953_0026_D.MP4', 'OCF_OAF/2026-05-08_Drohne_Budapest_extern/Drohne_Budapest_extern/95/DRONE BUDAPEST/2026-05-08_Drone-Budapest_20260508193953_0026_D.MP4']",
1856126,DJI_20260508190946_0019_D,2:e202979ea9dc3804a3964c04555d258f,00:00:00:00:25/1,00:00:46:07:25/1,"['OCF_OAF/2026-05-08_B Roll Drohne Budapest/dronemediastudio_dji_20260508195937_0031_d-lrf_2026-05-09_0933/DJI_20260508190946_0019_D.MP4', 'OCF_OAF/2026-05-08_Drohne_Budapest_extern/Drohne_Budapest_extern/95/DRONE BUDAPEST/2026-05-08_Drone-Budapest_20260508190946_0019_D.MP4']",
1856128,DJI_20260508191334_0022_D,2:719345f2b81eeb81cdfb0fe0025ea531,00:00:00:00:25/1,00:00:56:12:25/1,"['OCF_OAF/2026-05-08_B Roll Drohne Budapest/dronemediastudio_dji_20260508195937_0031_d-lrf_2026-05-09_0933/DJI_20260508191334_0022_D.MP4', 'OCF_OAF/2026-05-08_Drohne_Budapest_extern/Drohne_Budapest_extern/95/DRONE BUDAPEST/2026-05-08_Drone-Budapest_20260508191334_0022_D.MP4']",
1856130,DJI_20260508194350_0028_D,2:f19e57d2bf01e485f306f215b069afce,00:00:00:00:25/1,00:00:56:10:25/1,"['OCF_OAF/2026-05-08_Drohne_Budapest_extern/Drohne_Budapest_extern/95/DRONE BUDAPEST/2026-05-08_Drone-Budapest_20260508194350_0028_D.MP4', 'OCF_OAF/2026-05-08_B Roll Drohne Budapest/dronemediastudio_dji_20260508195937_0031_d-lrf_2026-05-09_0933/DJI_20260508194350_0028_D.MP4']",
1856133,DJI_20260508191143_0021_D,2:5ac293073bce76af5757b63be162fdc8,00:00:00:00:25/1,00:00:48:03:25/1,"['OCF_OAF/2026-05-08_B Roll Drohne Budapest/dronemediastudio_dji_20260508195937_0031_d-lrf_2026-05-09_0933/DJI_20260508191143_0021_D.MP4', 'OCF_OAF/2026-05-08_Drohne_Budapest_extern/Drohne_Budapest_extern/95/DRONE BUDAPEST/2026-05-08_Drone-Budapest_20260508191143_0021_D.MP4']",
1856136,DJI_20260508194521_0029_D,2:bec4d4b6e5743e6a25545a199ca532b6,00:00:00:00:25/1,00:01:02:12:25/1,"['OCF_OAF/2026-05-08_B Roll Drohne Budapest/dronemediastudio_dji_20260508195937_0031_d-lrf_2026-05-09_0933/DJI_20260508194521_0029_D.MP4', 'OCF_OAF/2026-05-08_Drohne_Budapest_extern/Drohne_Budapest_extern/95/DRONE BUDAPEST/2026-05-08_Drone-Budapest_20260508194521_0029_D.MP4']",
1856139,DJI_20260508193849_0025_D,2:38632cdd133891e33507aa110fbc22d7,00:00:00:00:25/1,00:00:35:08:25/1,"['OCF_OAF/2026-05-08_B Roll Drohne Budapest/dronemediastudio_dji_20260508195937_0031_d-lrf_2026-05-09_0933/DJI_20260508193849_0025_D.MP4', 'OCF_OAF/2026-05-08_Drohne_Budapest_extern/Drohne_Budapest_extern/95/DRONE BUDAPEST/2026-05-08_Drone-Budapest_20260508193849_0025_D.MP4']",
1856141,DJI_20260508194118_0027_D,2:94eacca3ffe8fbae11c0f334875b8e29,00:00:00:00:25/1,00:00:32:04:25/1,"['OCF_OAF/2026-05-08_B Roll Drohne Budapest/dronemediastudio_dji_20260508195937_0031_d-lrf_2026-05-09_0933/DJI_20260508194118_0027_D.MP4', 'OCF_OAF/2026-05-08_Drohne_Budapest_extern/Drohne_Budapest_extern/95/DRONE BUDAPEST/2026-05-08_Drone-Budapest_20260508194118_0027_D.MP4']",
1856144,DJI_20260508191536_0023_D,2:83c9c8cbd86f49856b181698c4c06db3,00:00:00:00:25/1,00:00:50:03:25/1,"['OCF_OAF/2026-05-08_B Roll Drohne Budapest/dronemediastudio_dji_20260508195937_0031_d-lrf_2026-05-09_0933/DJI_20260508191536_0023_D.MP4', 'OCF_OAF/2026-05-08_Drohne_Budapest_extern/Drohne_Budapest_extern/95/DRONE BUDAPEST/2026-05-08_Drone-Budapest_20260508191536_0023_D.MP4']",
1856145,DJI_20260508195813_0030_D,2:a65d3ab4fce7b3f0af4d353dbe8a4b97,00:00:00:00:25/1,00:01:11:22:25/1,"['OCF_OAF/2026-05-08_B Roll Drohne Budapest/dronemediastudio_dji_20260508195937_0031_d-lrf_2026-05-09_0933/DJI_20260508195813_0030_D.MP4', 'OCF_OAF/2026-05-08_Drohne_Budapest_extern/Drohne_Budapest_extern/95/DRONE BUDAPEST/2026-05-08_Drone-Budapest_20260508195813_0030_D.MP4']",
1856147,DJI_20260508191126_0020_D,2:6ee07c55ad716a235fffccf029f1b23b,00:00:00:00:25/1,00:00:00:22:25/1,"['OCF_OAF/2026-05-08_B Roll Drohne Budapest/dronemediastudio_dji_20260508195937_0031_d-lrf_2026-05-09_0933/DJI_20260508191126_0020_D.MP4', 'OCF_OAF/2026-05-08_Drohne_Budapest_extern/Drohne_Budapest_extern/95/DRONE BUDAPEST/2026-05-08_Drone-Budapest_20260508191126_0020_D.MP4']",
1863675,26-05-06-Grenze_Oesterreich_Ungarn_Drohne_DJI_0568,2:95db33903fceed3c03f09459972f1cf5,00:00:00:00:50/1,00:03:07:21:50/1,OCF_OAF/2026-05-06_Grenze_Oesterreich_Ungarn_Drohne/Grenze_Oesterreich_Ungarn_Drohne/88/101MEDIA/26-05-06-Grenze_Oesterreich_Ungarn_Drohne_DJI_0568.MP4,
1863681,26-05-06-Grenze_Oesterreich_Ungarn_Drohne_DJI_0570,2:f709145834250062dbf1fa752b8c293a,00:00:00:00:50/1,00:01:33:35:50/1,OCF_OAF/2026-05-06_Grenze_Oesterreich_Ungarn_Drohne/Grenze_Oesterreich_Ungarn_Drohne/88/101MEDIA/26-05-06-Grenze_Oesterreich_Ungarn_Drohne_DJI_0570.MP4,
1863713,26-05-06-Grenze_Oesterreich_Ungarn_Drohne_DJI_0569,2:a92f3be3c9a32db5cebcab1bf68dba21,00:00:00:00:50/1,00:01:56:08:50/1,OCF_OAF/2026-05-06_Grenze_Oesterreich_Ungarn_Drohne/Grenze_Oesterreich_Ungarn_Drohne/88/101MEDIA/26-05-06-Grenze_Oesterreich_Ungarn_Drohne_DJI_0569.MP4,
1864314,2026-05-07_BRoll Drohne Polen_DJI Inspire 3_D001C0012_260517_7G8732,2:4928e80d8cbd9948cf1573f9084ef6a5,10:27:29:05:25/1,10:27:52:11:25/1,OCF_OAF/2026-05-07_BRoll Drohne Polen/D001_7G8732/2026-05-07_BRoll Drohne Polen_DJI Inspire 3_D001C0012_260517_7G8732.MOV,
1864327,2026-05-07_BRoll Drohne Polen_DJI Inspire 3_D001C0010_260517_7G8732,2:a57ed741a9f881a896f3d808e6be80ee,10:24:52:16:25/1,10:25:38:16:25/1,OCF_OAF/2026-05-07_BRoll Drohne Polen/D001_7G8732/2026-05-07_BRoll Drohne Polen_DJI Inspire 3_D001C0010_260517_7G8732.MOV,
1864336,2026-05-07_BRoll Drohne Polen_DJI Inspire 3_D001C0013_260517_7G8732,2:b5498a310fd5b586ad9736188adcaf89,10:28:25:22:25/1,10:29:40:21:25/1,OCF_OAF/2026-05-07_BRoll Drohne Polen/D001_7G8732/2026-05-07_BRoll Drohne Polen_DJI Inspire 3_D001C0013_260517_7G8732.MOV,
1864348,2026-05-07_BRoll Drohne Polen_DJI Inspire 3_D001C0009_260517_7G8732,2:448569898e59bbb6eec23ce693d3bcf7,10:23:30:24:25/1,10:24:19:15:25/1,OCF_OAF/2026-05-07_BRoll Drohne Polen/D001_7G8732/2026-05-07_BRoll Drohne Polen_DJI Inspire 3_D001C0009_260517_7G8732.MOV,
1864354,2026-05-07_BRoll Drohne Polen_DJI Inspire 3_D001C0015_260517_7G8732,2:a2cd7e48f6103cb62954e92a041252ef,10:31:57:03:25/1,10:32:46:01:25/1,OCF_OAF/2026-05-07_BRoll Drohne Polen/D001_7G8732/2026-05-07_BRoll Drohne Polen_DJI Inspire 3_D001C0015_260517_7G8732.MOV,
1864364,2026-05-07_BRoll Drohne Polen_DJI Inspire 3_D001C0008_260517_7G8732,2:c8c211eb1414cb88d18d182f1554b381,10:22:14:23:25/1,10:23:12:24:25/1,OCF_OAF/2026-05-07_BRoll Drohne Polen/D001_7G8732/2026-05-07_BRoll Drohne Polen_DJI Inspire 3_D001C0008_260517_7G8732.MOV,
1864372,2026-05-07_BRoll Drohne Polen_DJI Inspire 3_D001C0016_260517_7G8732,2:7d70c379c9010252f220649819158979,10:32:48:21:25/1,10:33:25:24:25/1,OCF_OAF/2026-05-07_BRoll Drohne Polen/D001_7G8732/2026-05-07_BRoll Drohne Polen_DJI Inspire 3_D001C0016_260517_7G8732.MOV,
1864383,2026-05-07_BRoll Drohne Polen_DJI Inspire 3_D001C0007_260517_7G8732,2:250847f6eadd93292b2b85473589df80,10:21:55:18:25/1,10:22:07:05:25/1,OCF_OAF/2026-05-07_BRoll Drohne Polen/D001_7G8732/2026-05-07_BRoll Drohne Polen_DJI Inspire 3_D001C0007_260517_7G8732.MOV,
1864395,2026-05-07_BRoll Drohne Polen_DJI Inspire 3_D001C0018_260517_7G8732,2:b52aafaa82c657d6906e7040ce9675fa,10:40:15:18:25/1,10:41:11:12:25/1,OCF_OAF/2026-05-07_BRoll Drohne Polen/D001_7G8732/2026-05-07_BRoll Drohne Polen_DJI Inspire 3_D001C0018_260517_7G8732.MOV,
1864396,2026-05-07_BRoll Drohne Polen_DJI Inspire 3_D001C0003_260517_7G8732,2:6b7b743247a393924e2396b569dbb514,10:13:48:07:25/1,10:14:01:15:25/1,OCF_OAF/2026-05-07_BRoll Drohne Polen/D001_7G8732/2026-05-07_BRoll Drohne Polen_DJI Inspire 3_D001C0003_260517_7G8732.MOV,
1864398,2026-05-07_BRoll Drohne Polen_DJI Inspire 3_D001C0017_260517_7G8732,2:e5a914aa02ff557dd1e8807052e236b9,10:37:34:14:25/1,10:38:15:16:25/1,OCF_OAF/2026-05-07_BRoll Drohne Polen/D001_7G8732/2026-05-07_BRoll Drohne Polen_DJI Inspire 3_D001C0017_260517_7G8732.MOV,
1864403,2026-05-07_BRoll Drohne Polen_DJI Inspire 3_D001C0006_260517_7G8732,2:e656f51225c6a5b17f85a1aaa5f09371,10:20:33:20:25/1,10:21:10:04:25/1,OCF_OAF/2026-05-07_BRoll Drohne Polen/D001_7G8732/2026-05-07_BRoll Drohne Polen_DJI Inspire 3_D001C0006_260517_7G8732.MOV,
1864415,2026-05-07_BRoll Drohne Polen_DJI Inspire 3_D001C0019_260517_7G8732,2:f56e950c3f5c91279dae12d6cba4d1cf,10:42:47:13:25/1,10:43:45:23:25/1,OCF_OAF/2026-05-07_BRoll Drohne Polen/D001_7G8732/2026-05-07_BRoll Drohne Polen_DJI Inspire 3_D001C0019_260517_7G8732.MOV,
1864416,2026-05-07_BRoll Drohne Polen_DJI Inspire 3_D001C0002_260517_7G8732,2:1f3c2f34ea63e8a2e532786b43a10d04,10:12:24:11:25/1,10:13:12:01:25/1,OCF_OAF/2026-05-07_BRoll Drohne Polen/D001_7G8732/2026-05-07_BRoll Drohne Polen_DJI Inspire 3_D001C0002_260517_7G8732.MOV,
1864418,2026-05-07_BRoll Drohne Polen_DJI Inspire 3_D001C0014_260517_7G8732,2:bf0fe357d197ad9f479f5047eb43bcbc,10:29:47:13:25/1,10:31:27:19:25/1,OCF_OAF/2026-05-07_BRoll Drohne Polen/D001_7G8732/2026-05-07_BRoll Drohne Polen_DJI Inspire 3_D001C0014_260517_7G8732.MOV,
1864428,2026-05-07_BRoll Drohne Polen_DJI Inspire 3_D001C0005_260517_7G8732,2:16de060132d65c67513905c896314ddb,10:15:29:13:25/1,10:16:07:01:25/1,OCF_OAF/2026-05-07_BRoll Drohne Polen/D001_7G8732/2026-05-07_BRoll Drohne Polen_DJI Inspire 3_D001C0005_260517_7G8732.MOV,
1864430,2026-05-07_BRoll Drohne Polen_DJI Inspire 3_D001C0004_260517_7G8732,2:746be570fa1db0551e852d7875c570d8,10:14:26:09:25/1,10:15:20:09:25/1,OCF_OAF/2026-05-07_BRoll Drohne Polen/D001_7G8732/2026-05-07_BRoll Drohne Polen_DJI Inspire 3_D001C0004_260517_7G8732.MOV,
1864438,2026-05-07_BRoll Drohne Polen_DJI Inspire 3_D001C0011_260517_7G8732,2:a297400a4590c84bc49dab893fd0f70e,10:25:46:08:25/1,10:26:52:03:25/1,OCF_OAF/2026-05-07_BRoll Drohne Polen/D001_7G8732/2026-05-07_BRoll Drohne Polen_DJI Inspire 3_D001C0011_260517_7G8732.MOV,
1864440,2026-05-07_BRoll Drohne Polen_DJI Inspire 3_D001C0001_260517_7G8732,2:1b02a60c5cf8af1008a826aaf79935de,10:11:00:10:25/1,10:11:51:18:25/1,OCF_OAF/2026-05-07_BRoll Drohne Polen/D001_7G8732/2026-05-07_BRoll Drohne Polen_DJI Inspire 3_D001C0001_260517_7G8732.MOV,
1865308,"GIA__1220290444__Luftaufnahmen von Drohnen, Heuballen auf der Wiese in Ungarn - 4K Stock-Video__2020",2:535d2861460c48eb685969414c6d69ef,00:00:00:00:24000/1001,00:00:23:05:24000/1001,"Avid MediaFiles/MXF/Converter.1/GIA__1220290444__Luftaufnahmen von Drohnen, Heuballen auf der Wiese in Ungarn - 4K Stock-Video__2020.mxf",
1865662,PND__103394389__rome-italy-aerial-drone-night-,2:ac85752a1795f327fe7a44bcf3c615a6,00:00:00:00:30000/1001 nd,00:00:20:13:30000/1001 nd,Avid MediaFiles/MXF/Converter.1/PND__103394389__rome-italy-aerial-drone-night-.mxf,
1865666,PND__103394389__rome-italy-aerial-drone-night-,2:0db9a156958d22d41e355030a7cd48e7,00:00:00:00:30000/1001 nd,00:00:20:13:30000/1001 nd,Avid MediaFiles/MXF/Converter.1/PND__103394389__rome-italy-aerial-drone-night-.mxf,
1866164,PND_079885060-summer-night-drone-trip-above-,2:a7849b242c850d4b3c463790dfb26d51,00:00:00:00:25/1,00:00:20:04:25/1,Avid MediaFiles/MXF/Converter.1/PND_079885060-summer-night-drone-trip-above-.mxf,
1866540,"['DPA__609990167__JVA Moabit Night Drone_A01', 'DPA__609990167__JVA Moabit Night Drone_A02', 'DPA__609990167__JVA Moabit Night Drone']","['2:736bd88a0b91387f101f184533d3d2ac', '2:3146438e49d9bb9cc4dd19398f24a08b', '2:d68ea4f2e71335900550cc4bf677da37']",00:00:00:00:30000/1001 nd,00:01:00:05:30000/1001 nd,"['Avid MediaFiles/MXF/Converter.1/DPA__609990167__JVA Moabit Night Drone_A01.mxf', 'Avid MediaFiles/MXF/Converter.1/DPA__609990167__JVA Moabit Night Drone_A02.mxf', 'Avid MediaFiles/MXF/Converter.1/DPA__609990167__JVA Moabit Night Drone.mxf']",
1868299,"LB000012__B-Roll Talne, Ukraine (2020) - Drohnenaufnahmen Stadt",2:2edeb87e6b2889d5cee35cb4cf78276f,01:00:00:00:30000/1001 nd,01:07:33:03:30000/1001 nd,"Televisor/LB000012__B-Roll Talne, Ukraine (2020) - Drohnenaufnahmen Stadt.mov",
1868308,"LB000011__B-Roll Talne, Ukraine (2020) - Drohnenaufnahmen Fabrik",2:4b78293ee611a4bcbb2fdeb2e3fe8777,01:00:00:00:30000/1001 nd,01:08:53:24:30000/1001 nd,"Televisor/LB000011__B-Roll Talne, Ukraine (2020) - Drohnenaufnahmen Fabrik.mov",
1868310,"LB000010__B-Roll Talne, Ukraine (2020) - Drohnenaufnahmen Pipeline",2:8a6fba3928983c7fbc2b2411450d5405,01:00:00:00:30000/1001 nd,01:06:21:29:30000/1001 nd,"Televisor/LB000010__B-Roll Talne, Ukraine (2020) - Drohnenaufnahmen Pipeline.mov",
1868350,"LB000009__B-Roll Talne, Ukraine (2020) - Drohnenaufnahmen Landschaft",2:e0f8f1af7be335c3b706bda890701a80,01:00:00:00:30000/1001 nd,01:06:58:23:30000/1001 nd,"Televisor/LB000009__B-Roll Talne, Ukraine (2020) - Drohnenaufnahmen Landschaft.mov",
1869675,GIA__1160909170__Berline Drone Night,2:fb15a73dc9f59a124191db39266bcb50,00:00:00:00:30000/1001 nd,00:00:14:04:30000/1001 nd,Avid MediaFiles/MXF/Converter.1/GIA__1160909170__Berline Drone Night.mxf,
1869676,GIA__1178956273__Berline Drone Night,2:4ec545d90aa8f81c889174988b3a0100,00:00:00:00:24000/1001,00:00:14:23:24000/1001,Avid MediaFiles/MXF/Converter.1/GIA__1178956273__Berline Drone Night.mxf,
1869677,GIA__1198080697__Berline Drone Night,2:79e30e313d476781b2b1b57da8ba096e,00:00:00:00:25/1,00:00:40:04:25/1,Avid MediaFiles/MXF/Converter.1/GIA__1198080697__Berline Drone Night.mxf,
1869678,GIA__1214486943__Berline Drone Night,2:4a601053cc75bd15fc49491e8e7ed388,00:00:00:00:25/1,00:00:23:22:25/1,Avid MediaFiles/MXF/Converter.1/GIA__1214486943__Berline Drone Night.mxf,
1869679,GIA__1214488668__Berline Drone Night,2:d5a67e31c7706733e6e7106fb7083985,00:00:00:00:25/1,00:00:14:15:25/1,Avid MediaFiles/MXF/Converter.1/GIA__1214488668__Berline Drone Night.mxf,
1869680,"['GIA__1225316921__Berline Drone Night_A01', 'GIA__1225316921__Berline Drone Night_A02', 'GIA__1225316921__Berline Drone Night']","['2:9bd5db4825783bdb32e495482c3d3bc9', '2:c3e11149302057b56b1b23d2c3128f3f', '2:de8afd125366ec9f7f341104833ffb8b']",00:00:00:00:24/1,00:00:56:11:24/1,"['Avid MediaFiles/MXF/Converter.1/GIA__1225316921__Berline Drone Night_A01.mxf', 'Avid MediaFiles/MXF/Converter.1/GIA__1225316921__Berline Drone Night_A02.mxf', 'Avid MediaFiles/MXF/Converter.1/GIA__1225316921__Berline Drone Night.mxf']",
1869681,"['GIA__1290666089__Berline Drone Night_A01', 'GIA__1290666089__Berline Drone Night_A02', 'GIA__1290666089__Berline Drone Night']","['2:b9d613fa520628c29a8db19bc61823d3', '2:54921ad0ac981eff0f9986daac58048c', '2:f22ba045187cb387a8805d100f76a231']",00:00:00:00:24/1,00:00:19:23:24/1,"['Avid MediaFiles/MXF/Converter.1/GIA__1290666089__Berline Drone Night_A01.mxf', 'Avid MediaFiles/MXF/Converter.1/GIA__1290666089__Berline Drone Night_A02.mxf', 'Avid MediaFiles/MXF/Converter.1/GIA__1290666089__Berline Drone Night.mxf']",
1869682,GIA__1300056187__Berline Drone Night,2:696a454799c4acdefb00df778c12dffb,00:00:00:00:24000/1001,00:00:33:11:24000/1001,Avid MediaFiles/MXF/Converter.1/GIA__1300056187__Berline Drone Night.mxf,
1869683,"['GIA__1306740309__Berline Drone Night_A01', 'GIA__1306740309__Berline Drone Night_A02', 'GIA__1306740309__Berline Drone Night']","['2:7742c600cd149e2431f11efba638b023', '2:2ebc0b67953510dbb4fbb4c9709320b0', '2:c9e6edac85f6d74a0fc077568d583737']",00:00:00:00:30000/1001 nd,00:00:22:07:30000/1001 nd,"['Avid MediaFiles/MXF/Converter.1/GIA__1306740309__Berline Drone Night_A01.mxf', 'Avid MediaFiles/MXF/Converter.1/GIA__1306740309__Berline Drone Night_A02.mxf', 'Avid MediaFiles/MXF/Converter.1/GIA__1306740309__Berline Drone Night.mxf']",
1869684,"['GIA__1339913772__Berline Drone Night_A01', 'GIA__1339913772__Berline Drone Night_A02', 'GIA__1339913772__Berline Drone Night']","['2:825df485aac489c8cf0d89cf8a87919b', '2:cc618b9a557b1bdd982bfe6e0856a856', '2:2f98965a1a27dc6530b27a7173eda1ae']",00:00:00:00:25/1,00:00:18:05:25/1,"['Avid MediaFiles/MXF/Converter.1/GIA__1339913772__Berline Drone Night_A01.mxf', 'Avid MediaFiles/MXF/Converter.1/GIA__1339913772__Berline Drone Night_A02.mxf', 'Avid MediaFiles/MXF/Converter.1/GIA__1339913772__Berline Drone Night.mxf']",
1869685,"['GIA__1339914484__Berline Drone Night_A01', 'GIA__1339914484__Berline Drone Night_A02', 'GIA__1339914484__Berline Drone Night']","['2:887cfd361d12b31561ebfc9052f0c6dd', '2:67a9bb39c02442980de8adca02222a97', '2:c34a49156d83e30717b3b86193af9ea3']",00:00:00:00:25/1,00:00:46:17:25/1,"['Avid MediaFiles/MXF/Converter.1/GIA__1339914484__Berline Drone Night_A01.mxf', 'Avid MediaFiles/MXF/Converter.1/GIA__1339914484__Berline Drone Night_A02.mxf', 'Avid MediaFiles/MXF/Converter.1/GIA__1339914484__Berline Drone Night.mxf']",
1869686,"['GIA__1339914695__Berline Drone Night_A01', 'GIA__1339914695__Berline Drone Night_A02', 'GIA__1339914695__Berline Drone Night']","['2:edd61f36ed12879e0528803c446d9f74', '2:ac5f03815f698e1aa028206e4597aa90', '2:71bbb497674388c56b619358c3088177']",00:00:00:00:25/1,00:00:34:10:25/1,"['Avid MediaFiles/MXF/Converter.1/GIA__1339914695__Berline Drone Night_A01.mxf', 'Avid MediaFiles/MXF/Converter.1/GIA__1339914695__Berline Drone Night_A02.mxf', 'Avid MediaFiles/MXF/Converter.1/GIA__1339914695__Berline Drone Night.mxf']",
1869687,GIA__1733425903__Berline Drone Night,2:a5232519c078538bf605eda75f9d794a,00:00:00:00:25/1,00:00:20:07:25/1,Avid MediaFiles/MXF/Converter.1/GIA__1733425903__Berline Drone Night.mxf,
1869688,GIA__1987904220__Berline Drone Night,2:3763c230c71ee57136560ac2fddaaa2c,00:00:00:00:25/1,00:00:22:15:25/1,Avid MediaFiles/MXF/Converter.1/GIA__1987904220__Berline Drone Night.mxf,
1869689,GIA__2225310601__Berline Drone Night,2:f0dd6c89930da7b6ac41b76be0f87c7f,00:00:00:00:25/1,00:00:22:02:25/1,Avid MediaFiles/MXF/Converter.1/GIA__2225310601__Berline Drone Night.mxf,
1869702,GIA__821-11__Berlin Drone Night,2:234ef715d0fd812efebeafcdb92a7b92,00:00:00:00:24000/1001,00:00:54:14:24000/1001,Avid MediaFiles/MXF/Converter.1/GIA__821-11__Berlin Drone Night.mxf,
1869703,GIA__135834814__Berlin Drone Night,2:3dc3b520caa283d4528cac057fefbb97,00:00:00:00:24000/1001,00:00:10:07:24000/1001,Avid MediaFiles/MXF/Converter.1/GIA__135834814__Berlin Drone Night.mxf,
1869704,GIA__453108801__Berlin Drone Night,2:8cc9f7c8abdd49c16e83787d1e29d05d,00:04:13:03:30/1,00:04:23:22:30/1,Avid MediaFiles/MXF/Converter.1/GIA__453108801__Berlin Drone Night.mxf,
1869705,GIA__473057683__Berlin Drone Night,2:16f30a4f8ebdeb21fb899add389d8b77,00:00:00:00:25/1,00:00:09:21:25/1,Avid MediaFiles/MXF/Converter.1/GIA__473057683__Berlin Drone Night.mxf,
1869706,GIA__910564450__Berlin Drone Night,2:83d2df950c498c181237a5b83c006e32,00:02:54:19:25/1,00:03:22:18:25/1,Avid MediaFiles/MXF/Converter.1/GIA__910564450__Berlin Drone Night.mxf,
1869707,GIA__951534732__Berlin Drone Night,2:bdd12ee459e5959b5bf64398ce227167,00:00:00:00:25/1,00:00:28:24:25/1,Avid MediaFiles/MXF/Converter.1/GIA__951534732__Berlin Drone Night.mxf,
1869708,GIA__1146030191__Berlin Drone Night,2:8a4b2ae973cf25b076ffe4d6d3f27d58,00:00:00:00:25/1,00:00:05:21:25/1,Avid MediaFiles/MXF/Converter.1/GIA__1146030191__Berlin Drone Night.mxf,
1869795,AGD__6102613__Mt_Korab_Drone_Radomire_Theth_National_Park,2:caeb288fed334e51a14b483b38e09ccf,00:07:41:10:25/1,00:07:53:03:25/1,02 Footage/75 Albanien/AGD__6102613__Mt_Korab_Drone_Radomire_Theth_National_Park.mp4,
1869917,"AGD__6272479__River, Holland, Drone, City",2:ef8fcdd41ca189a508d1f9af6fd33244,01:00:00:00:25/1,01:00:06:24:25/1,"02 Footage/21 Anne Frank/AGD__6272479__River, Holland, Drone, City.mp4",
1870297,dark-drone-intrigue-suspence-horror-drone-245048,2:6e9aaf4794b9c39721c0aaf74a44fb09,00:00:00:00:100/1,00:01:58:00:100/1,TIKTOK/FOOTAGE/music/dark-drone-intrigue-suspence-horror-drone-245048.mp3,
1873610,DJI_20260616133130_0004_D,2:082155b5774aa32a10ab1598810fbed2,00:00:00:00:25/1,00:04:51:09:25/1,OCF_OAF/2026-06-16_My Dream_DT_17/DROHNE_001/DCIM/DJI_001/DJI_20260616133130_0004_D.MP4,
1873626,DJI_20260517140742_0001_D,2:2f9bc0d20fd57c19a8e9ef4acb2364b5,00:00:00:00:12457/500,00:00:58:13:12457/500,OCF_OAF/2026-06-16_My Dream_DT_17/DROHNE_001/DCIM/DJI_001/DJI_20260517140742_0001_D.MP4,
1873632,DJI_20260616133625_0005_D,2:757fb066b792ff703f7f3589ee75107f,00:00:00:00:25/1,00:03:30:14:25/1,OCF_OAF/2026-06-16_My Dream_DT_17/DROHNE_001/DCIM/DJI_001/DJI_20260616133625_0005_D.MP4,
1873654,DJI_20260616132252_0002_D,2:160e10468adf485854a442809af6a84c,00:00:00:00:25/1,00:01:22:02:25/1,OCF_OAF/2026-06-16_My Dream_DT_17/DROHNE_001/DCIM/DJI_001/DJI_20260616132252_0002_D.MP4,
1873677,DJI_20260616132537_0003_D,2:582347a605c6c26b67754fac566c15a1,00:00:00:00:25/1,00:01:06:05:25/1,OCF_OAF/2026-06-16_My Dream_DT_17/DROHNE_001/DCIM/DJI_001/DJI_20260616132537_0003_D.MP4,
1875324,"['GIA__450027650__Vostok 1 rocket is transported to the Cosmodrone in Kasachstan__1961_A01', 'GIA__450027650__Vostok 1 rocket is transported to the Cosmodrone in Kasachstan__1961_A02', 'GIA__450027650__Vostok 1 rocket is transported to the Cosmodrone in Kasachstan__1961']","['2:d14db2879107780f561f6612fa9accb4', '2:ec155b5ac58bb82a013be248fcec560c', '2:720a8c8bfb8ada938dc4ec668dbe9c80']",11:13:28:08:24/1,11:15:14:06:24/1,"['Avid MediaFiles/MXF/Converter.1/GIA__450027650__Vostok 1 rocket is transported to the Cosmodrone in Kasachstan__1961_A01.mxf', 'Avid MediaFiles/MXF/Converter.1/GIA__450027650__Vostok 1 rocket is transported to the Cosmodrone in Kasachstan__1961_A02.mxf', 'Avid MediaFiles/MXF/Converter.1/GIA__450027650__Vostok 1 rocket is transported to the Cosmodrone in Kasachstan__1961.mxf']",
1875633,"[""PND__25240665__Above Tripoli's Architecture Drone Footage_A01"", ""PND__25240665__Above Tripoli's Architecture Drone Footage_A02"", ""PND__25240665__Above Tripoli's Architecture Drone Footage""]","['2:793dafdf6e7116836b734f44f3f4dff5', '2:0d65eab70e6d76e698c60a295e34639e', '2:dd98050f28c550c0cf3c472d00679c3b']",00:00:00:00:25/1,00:00:16:23:25/1,"[""Avid MediaFiles/MXF/Converter.1/PND__25240665__Above Tripoli's Architecture Drone Footage_A01.mxf"", ""Avid MediaFiles/MXF/Converter.1/PND__25240665__Above Tripoli's Architecture Drone Footage_A02.mxf"", ""Avid MediaFiles/MXF/Converter.1/PND__25240665__Above Tripoli's Architecture Drone Footage.mxf""]",
1875634,PND__242541881__Above Tripoli's Architecture Drone Footage,2:d92cca5b5dcaeb5bcb73f00a6ab0b917,00:04:00:00:30000/1001 nd,00:04:14:17:30000/1001 nd,Avid MediaFiles/MXF/Converter.1/PND__242541881__Above Tripoli's Architecture Drone Footage.mxf,
1875635,PND__242541850__Above Tripoli's Architecture Drone Footage,2:5dd89f83e34908ea5e36ed593c4f2f08,00:02:34:20:30000/1001 nd,00:02:50:14:30000/1001 nd,Avid MediaFiles/MXF/Converter.1/PND__242541850__Above Tripoli's Architecture Drone Footage.mxf,
1875636,PND__242541870__Drone Shot Tripoli City In Middle East On Mediterranean Coast Video,2:94ce3f7b75376e3bba6610c50c833cc3,00:01:06:03:30000/1001 nd,00:01:18:23:30000/1001 nd,Avid MediaFiles/MXF/Converter.1/PND__242541870__Drone Shot Tripoli City In Middle East On Mediterranean Coast Video.mxf,
1875645,"['GIA__2248640641__uftaufnahme von Drohnen Ã¼ber die antiken Ruinen von Sabratha, Libyen', 'GIA__2248640641__uftaufnahme von Drohnen über die antiken Ruinen von Sabratha, Libyen']",2:e5f3a65c7f279aaf94945ea2215f6aab,00:00:00:00:30000/1001 nd,00:00:23:18:30000/1001 nd,"Avid MediaFiles/MXF/Converter.1/GIA__2248640641__uftaufnahme von Drohnen über die antiken Ruinen von Sabratha, Libyen.mxf",
1875646,"['GIA__1132970750__Drone aerials over rooftops in Tripoli_A01', 'GIA__1132970750__Drone aerials over rooftops in Tripoli_A02', 'GIA__1132970750__Drone aerials over rooftops in Tripoli']","['2:0de3d72ba8d52f96d088778efb5b96d9', '2:86d868b8d85c8694d4b23d3f217f8295', '2:6751d9c52fb687f0de52febca7bc1918']",00:00:00:00:25/1,00:01:11:21:25/1,"['Avid MediaFiles/MXF/Converter.1/GIA__1132970750__Drone aerials over rooftops in Tripoli_A01.mxf', 'Avid MediaFiles/MXF/Converter.1/GIA__1132970750__Drone aerials over rooftops in Tripoli_A02.mxf', 'Avid MediaFiles/MXF/Converter.1/GIA__1132970750__Drone aerials over rooftops in Tripoli.mxf']",
1875651,PND___078743524__Paris Drone,2:15090f7155b831f6d401d7ffbe6b7517,00:00:00:00:25/1,00:00:06:13:25/1,Avid MediaFiles/MXF/Converter.1/PND___078743524__Paris Drone.mxf,
1875652,PND__097084511__Paris Drone,2:d434f9410935350c869796445611692a,00:00:00:00:60000/1001 nd,00:00:17:16:60000/1001 nd,Avid MediaFiles/MXF/Converter.1/PND__097084511__Paris Drone.mxf,
1875653,PND__212204395__Paris Dronel,2:abdfec45778448f0088941970ea0287d,00:00:00:00:30/1,00:00:19:15:30/1,Avid MediaFiles/MXF/Converter.1/PND__212204395__Paris Dronel.mxf,
1875654,PND__228639147__Paris Drone,2:5de0370566f65f734d0fa6cf76c2c7e0,00:00:00:00:30/1,00:00:27:16:30/1,Avid MediaFiles/MXF/Converter.1/PND__228639147__Paris Drone.mxf,
1875655,PND__212206632__Paris Drone,2:440844ee015e2404fb32bf2d949fd022,00:00:00:00:30/1,00:00:19:25:30/1,Avid MediaFiles/MXF/Converter.1/PND__212206632__Paris Drone.mxf,
1875656,PND__228643309__Paris Drone,2:7a8e5daf01b393677b4be29155621780,00:00:00:00:30/1,00:00:29:18:30/1,Avid MediaFiles/MXF/Converter.1/PND__228643309__Paris Drone.mxf,
1875657,PND__228642423____Paris Drone,2:53d0cef96ff770cb70bd54680a764a68,00:00:00:00:30/1,00:00:27:09:30/1,Avid MediaFiles/MXF/Converter.1/PND__228642423____Paris Drone.mxf,
1875658,PND__084687539__Paris Drone,2:768a1024a4366b3f24da54a8fbe9c9b5,00:00:00:00:24000/1001,00:00:21:05:24000/1001,Avid MediaFiles/MXF/Converter.1/PND__084687539__Paris Drone.mxf,
1875659,PND__131054749__Paris Drone,2:8d1526501360e6133361a432b0e1ba5e,00:00:00:00:25/1,00:00:03:17:25/1,Avid MediaFiles/MXF/Converter.1/PND__131054749__Paris Drone.mxf,
1875660,"['PND__243459996__Paris Drone_A01', 'PND__243459996__Paris Drone_A02', 'PND__243459996__Paris Drone']","['2:c64c2575667768a4415452b32b0d42c8', '2:f863e7b9d77668d0e9d90b3a7a4d5be4', '2:a8ab5d388cfbe2f54bd7cf8cbbcc6c09']",00:00:00:00:30/1,00:00:10:29:30/1,"['Avid MediaFiles/MXF/Converter.1/PND__243459996__Paris Drone_A01.mxf', 'Avid MediaFiles/MXF/Converter.1/PND__243459996__Paris Drone_A02.mxf', 'Avid MediaFiles/MXF/Converter.1/PND__243459996__Paris Drone.mxf']",
1875661,PND__226319006__Paris Drone,2:fc115b67992345ea0adfe8fff28050e6,00:00:00:00:25/1,00:00:12:17:25/1,Avid MediaFiles/MXF/Converter.1/PND__226319006__Paris Drone.mxf,
1875662,PND__136106575__Paris Drone,2:69b60cb56bd3e252f0f35541e432d0ef,00:00:00:00:30000/1001 nd,00:00:24:08:30000/1001 nd,Avid MediaFiles/MXF/Converter.1/PND__136106575__Paris Drone.mxf,
1875663,PND__267064905__Paris Drone,2:7ab60976903435434024360e9ce0708c,01:59:41:20:30000/1001 nd,01:59:50:18:30000/1001 nd,Avid MediaFiles/MXF/Converter.1/PND__267064905__Paris Drone.mxf,
1875664,PND__084660364__Drone Madrid,2:2f8e061d06dc5da73cdf409c55efcd32,00:00:00:00:24000/1001,00:01:02:01:24000/1001,Avid MediaFiles/MXF/Converter.1/PND__084660364__Drone Madrid.mxf,
1875665,PND__104452507__Drone Madrid,2:8064589e8bcff9f0d8d28cea991c3f9a,00:00:00:00:25/1,00:00:24:17:25/1,Avid MediaFiles/MXF/Converter.1/PND__104452507__Drone Madrid.mxf,
1875666,PND__105719316__Drone Madrid,2:033520384efcb23e9781f8696f002bf5,00:00:00:00:25/1,00:00:26:13:25/1,Avid MediaFiles/MXF/Converter.1/PND__105719316__Drone Madrid.mxf,
1875667,PND__254805933__Drone Madrid,2:46b3504501dd87e8908d0e1dc8c73778,01:06:06:04:24000/1001,01:06:28:00:24000/1001,Avid MediaFiles/MXF/Converter.1/PND__254805933__Drone Madrid.mxf,
1875668,PND__105719338__Drone Madrid,2:5c27ae1ee7721bca02f5149eb82377d1,00:00:00:00:25/1,00:00:19:16:25/1,Avid MediaFiles/MXF/Converter.1/PND__105719338__Drone Madrid.mxf,
1875669,PND__155055219__Drone Madrid,2:2ebcf46574733a0f47f3de0a2a4ac147,00:00:00:00:30/1,00:00:40:06:30/1,Avid MediaFiles/MXF/Converter.1/PND__155055219__Drone Madrid.mxf,
1875670,"['PND__189444975__Drone Madrid_A01', 'PND__189444975__Drone Madrid_A02', 'PND__189444975__Drone Madrid']","['2:4e11ea365af0fd7f90e5ee4a2728203b', '2:4169674ddd1d9bb9fbef117e3533e0b5', '2:ae3d34f37b64d3f8e86eebc41a993bed']",00:00:00:00:30000/1001 nd,00:00:36:21:30000/1001 nd,"['Avid MediaFiles/MXF/Converter.1/PND__189444975__Drone Madrid_A01.mxf', 'Avid MediaFiles/MXF/Converter.1/PND__189444975__Drone Madrid_A02.mxf', 'Avid MediaFiles/MXF/Converter.1/PND__189444975__Drone Madrid.mxf']",
1875671,PND__287074571__Drone Madrid,2:f3cdbff15541941d9b187d149c31d7c1,01:00:00:00:24000/1001,01:00:24:21:24000/1001,Avid MediaFiles/MXF/Converter.1/PND__287074571__Drone Madrid.mxf,
1875672,"['PND__189459732__Drone Madrid_A01', 'PND__189459732__Drone Madrid_A02', 'PND__189459732__Drone Madrid']","['2:f7660e5f24763b9e38f5efeac99fb089', '2:ca023b53b16ebfc17694b5843c09a191', '2:1bc53bc39c27fc98e0f734820307d887']",00:00:00:00:30000/1001 nd,00:00:30:26:30000/1001 nd,"['Avid MediaFiles/MXF/Converter.1/PND__189459732__Drone Madrid_A01.mxf', 'Avid MediaFiles/MXF/Converter.1/PND__189459732__Drone Madrid_A02.mxf', 'Avid MediaFiles/MXF/Converter.1/PND__189459732__Drone Madrid.mxf']",
1875673,PND__254806074__Drone Madrid,2:b4f93806149b77e3f5d546ce8e81c557,01:09:23:07:24000/1001,01:09:43:12:24000/1001,Avid MediaFiles/MXF/Converter.1/PND__254806074__Drone Madrid.mxf,
1875674,"['PND__189454854__Drone Madrid_A01', 'PND__189454854__Drone Madrid_A02', 'PND__189454854__Drone Madrid']","['2:e9763a00d3f9dc674bf9f05b438e0c73', '2:2fb3b6a0c532bebef49161bd78164d04', '2:a41592f1b2299a8837b142d9a7e7e7e1']",00:00:00:00:30000/1001 nd,00:00:23:13:30000/1001 nd,"['Avid MediaFiles/MXF/Converter.1/PND__189454854__Drone Madrid_A01.mxf', 'Avid MediaFiles/MXF/Converter.1/PND__189454854__Drone Madrid_A02.mxf', 'Avid MediaFiles/MXF/Converter.1/PND__189454854__Drone Madrid.mxf']",
1875678,PND__143060225__Moskau Drone,2:efb99b824d070a7143acfe3ad4ea2d1f,00:00:00:00:25/1,00:00:00:10:25/1,Avid MediaFiles/MXF/Converter.1/PND__143060225__Moskau Drone.mxf,
1875679,PND__089459218__Moskau Drone,2:22f0dd0618d23b8a6299944e58472bdf,00:00:00:00:30000/1001 nd,00:00:38:00:30000/1001 nd,Avid MediaFiles/MXF/Converter.1/PND__089459218__Moskau Drone.mxf,
1875680,"['PND__088623427__Moskau Drone_A01', 'PND__088623427__Moskau Drone_A02', 'PND__088623427__Moskau Drone']","['2:c9316e7daf67c229bfb986df169f5673', '2:1d2b8f0f6264f5bd632185ed0c23fe56', '2:7ee8f8aaa8c27c583fd712a796e8b210']",00:00:00:00:60/1,00:00:18:34:60/1,"['Avid MediaFiles/MXF/Converter.1/PND__088623427__Moskau Drone_A01.mxf', 'Avid MediaFiles/MXF/Converter.1/PND__088623427__Moskau Drone_A02.mxf', 'Avid MediaFiles/MXF/Converter.1/PND__088623427__Moskau Drone.mxf']",
1875681,"['PND__102276340__Moskau Drone_A01', 'PND__102276340__Moskau Drone_A02', 'PND__102276340__Moskau Drone']","['2:360ab04ebfacdd43d0e27d1e7c6efb14', '2:3acadb680e26bee1185ac9f69e905611', '2:377fad5c929bd697cae0e35b52dd8987']",00:00:00:00:25/1,00:00:10:05:25/1,"['Avid MediaFiles/MXF/Converter.1/PND__102276340__Moskau Drone_A01.mxf', 'Avid MediaFiles/MXF/Converter.1/PND__102276340__Moskau Drone_A02.mxf', 'Avid MediaFiles/MXF/Converter.1/PND__102276340__Moskau Drone.mxf']",
1875682,"['PND__102276329__Moskau Drone_A01', 'PND__102276329__Moskau Drone_A02', 'PND__102276329__Moskau Drone']","['2:e23f3a7e049a93538c61fc5f81783c8d', '2:a55480da967f16e5bfa72493f2dd11a9', '2:7ab38a4538265c0e5a6ebaf41f3b8678']",00:00:00:00:25/1,00:00:12:15:25/1,"['Avid MediaFiles/MXF/Converter.1/PND__102276329__Moskau Drone_A01.mxf', 'Avid MediaFiles/MXF/Converter.1/PND__102276329__Moskau Drone_A02.mxf', 'Avid MediaFiles/MXF/Converter.1/PND__102276329__Moskau Drone.mxf']",
1875683,"['PND__102275700__Moskau Drone_A01', 'PND__102275700__Moskau Drone_A02', 'PND__102275700__Moskau Drone']","['2:4a4919bb906ba9d51cfb0f204c296020', '2:20718c81322dbb8f128f7ecbc4d75e18', '2:62c13cc897ba0f890ff57c498586032e']",00:00:00:00:25/1,00:00:00:10:25/1,"['Avid MediaFiles/MXF/Converter.1/PND__102275700__Moskau Drone_A01.mxf', 'Avid MediaFiles/MXF/Converter.1/PND__102275700__Moskau Drone_A02.mxf', 'Avid MediaFiles/MXF/Converter.1/PND__102275700__Moskau Drone.mxf']",
1875684,PND__091732740__Moskau Drone,2:72a60e7d7283fe1eb62c959bafae067f,00:00:00:00:30000/1001 nd,00:00:09:22:30000/1001 nd,Avid MediaFiles/MXF/Converter.1/PND__091732740__Moskau Drone.mxf,
1875685,"['PND__102275736__Moskau Drone_A01', 'PND__102275736__Moskau Drone_A02', 'PND__102275736__Moskau Drone']","['2:d599fa423b2fe9f0d135010297f36b7b', '2:6fad1062d66b9db4de55c1110ad0a79b', '2:b1c0b8cc1f22a8b343ad53a5c7c44f61']",00:00:00:00:25/1,00:00:18:03:25/1,"['Avid MediaFiles/MXF/Converter.1/PND__102275736__Moskau Drone_A01.mxf', 'Avid MediaFiles/MXF/Converter.1/PND__102275736__Moskau Drone_A02.mxf', 'Avid MediaFiles/MXF/Converter.1/PND__102275736__Moskau Drone.mxf']",
1875686,PND__027141765__Moskau Drone,2:e045c4b448464963c9357d0e1eb082da,00:00:00:00:25/1,00:00:17:04:25/1,Avid MediaFiles/MXF/Converter.1/PND__027141765__Moskau Drone.mxf,
1875687,PND__081187520__Moskau Drone,2:e1cf51916559d5c6276c4c9f9f991cd4,00:00:00:00:24/1,00:00:07:04:24/1,Avid MediaFiles/MXF/Converter.1/PND__081187520__Moskau Drone.mxf,
1875688,PND__117535127__Moskau Drone,2:ef7ece55f74b8af5ae80b6742bf6d03e,00:00:00:00:25/1,00:00:05:01:25/1,Avid MediaFiles/MXF/Converter.1/PND__117535127__Moskau Drone.mxf,
1875689,PND__149068693__Moskau Drone,2:e1c5f6d4d402c5226eb418b41dd2ceb8,00:00:00:00:25/1,00:00:03:19:25/1,Avid MediaFiles/MXF/Converter.1/PND__149068693__Moskau Drone.mxf,
1875690,PND__062905634__Moskau Drone,2:2ecfd27436d6b2c1984e0cb3edba3bbf,00:00:00:00:30/1,00:00:18:03:30/1,Avid MediaFiles/MXF/Converter.1/PND__062905634__Moskau Drone.mxf,
1875691,PND__078125287__Moskau Drone,2:9592bf745ea14ee5160001cd281cb3cb,00:00:00:00:25/1,00:00:26:12:25/1,Avid MediaFiles/MXF/Converter.1/PND__078125287__Moskau Drone.mxf,
1875692,PND__078125559__Moskau Drone,2:88a7bea276f326a0e3e984f959236137,00:00:00:00:25/1,00:00:23:08:25/1,Avid MediaFiles/MXF/Converter.1/PND__078125559__Moskau Drone.mxf,
1875693,"['PND__241905163__Moskau Drone_A01', 'PND__241905163__Moskau Drone_A02', 'PND__241905163__Moskau Drone']","['2:9a3ac19e697894469b7beabc016ca6cb', '2:fb1dbf7847663cc839005bc204c254e4', '2:c122e4ca37574b73f9736463e66ae77a']",00:00:00:00:25/1,00:00:06:21:25/1,"['Avid MediaFiles/MXF/Converter.1/PND__241905163__Moskau Drone_A01.mxf', 'Avid MediaFiles/MXF/Converter.1/PND__241905163__Moskau Drone_A02.mxf', 'Avid MediaFiles/MXF/Converter.1/PND__241905163__Moskau Drone.mxf']",
1875697,PND__269905476__London Drone,2:3459c65927cd112c2eea6431543326e0,00:00:00:00:25/1,00:00:15:10:25/1,Avid MediaFiles/MXF/Converter.1/PND__269905476__London Drone.mxf,
1875698,PND__253542914__London Drone,2:b821ec340f947a7c37fb8ed3e0640f35,00:00:00:00:30000/1001 nd,00:00:07:25:30000/1001 nd,Avid MediaFiles/MXF/Converter.1/PND__253542914__London Drone.mxf,
1875726,PND__300934458__West-Berlin Drone,2:fbde32943eabe08d0850f6f03c4184c8,00:00:00:00:25/1,00:00:19:16:25/1,Avid MediaFiles/MXF/Converter.1/PND__300934458__West-Berlin Drone.mxf,
1875727,PND__296663612__West-Berlin Drone,2:b5b83b61acb4a345411cbc5fa1350041,00:00:00:00:25/1,00:00:15:22:25/1,Avid MediaFiles/MXF/Converter.1/PND__296663612__West-Berlin Drone.mxf,
1875728,PND__143389866__West-Berlin Drone,2:9ccd8e9349bc12e36a20f1f081cb3cde,00:00:00:00:30000/1001 nd,00:00:16:06:30000/1001 nd,Avid MediaFiles/MXF/Converter.1/PND__143389866__West-Berlin Drone.mxf,
1875729,"['PND__128905331__West-Berlin Drone_A01', 'PND__128905331__West-Berlin Drone_A02', 'PND__128905331__West-Berlin Drone']","['2:ebf7409add0701fa1e845c39930f168c', '2:a4d9705f4710fa2147c70ecaa840b10f', '2:8d29df59acdc561b65fd3d1683c08bdb']",00:00:00:00:25/1,00:00:51:10:25/1,"['Avid MediaFiles/MXF/Converter.1/PND__128905331__West-Berlin Drone_A01.mxf', 'Avid MediaFiles/MXF/Converter.1/PND__128905331__West-Berlin Drone_A02.mxf', 'Avid MediaFiles/MXF/Converter.1/PND__128905331__West-Berlin Drone.mxf']",
1875730,"['PND__129494014__West-Berlin Drone_A01', 'PND__129494014__West-Berlin Drone_A02', 'PND__129494014__West-Berlin Drone']","['2:b4625acbf58325ddd2c8839de7b1447b', '2:db6a8b57b259bc1e17ff8667a8f57e3f', '2:1776cf326f32e4831e4f2d4b2f576da4']",00:00:00:00:25/1,00:00:40:23:25/1,"['Avid MediaFiles/MXF/Converter.1/PND__129494014__West-Berlin Drone_A01.mxf', 'Avid MediaFiles/MXF/Converter.1/PND__129494014__West-Berlin Drone_A02.mxf', 'Avid MediaFiles/MXF/Converter.1/PND__129494014__West-Berlin Drone.mxf']",
1875731,GIA__2200021907__West-Berlin Drone,2:f4b801719c51410f198819f3a0600a3d,00:00:00:00:30000/1001 nd,00:00:15:17:30000/1001 nd,Avid MediaFiles/MXF/Converter.1/GIA__2200021907__West-Berlin Drone.mxf,
1875732,GIA__87920424__West-Berlin Drone,2:e19aab4d3276849b3bfe51ebe31534f9,00:00:00:00:24000/1001,00:00:13:18:24000/1001,Avid MediaFiles/MXF/Converter.1/GIA__87920424__West-Berlin Drone.mxf,
1875733,GIA__936982734__West-Berlin Drone,2:95569e2b37f830bf15531cf52bf6b59b,00:00:00:00:24000/1001,00:00:27:06:24000/1001,Avid MediaFiles/MXF/Converter.1/GIA__936982734__West-Berlin Drone.mxf,
1875734,GIA__1468175704__West-Berlin Drone,2:1c08166aec58bd276dba55daf533712d,00:00:00:00:30000/1001 nd,00:00:26:24:30000/1001 nd,Avid MediaFiles/MXF/Converter.1/GIA__1468175704__West-Berlin Drone.mxf,
1875735,GIA__2191410283__West-Berlin Drone,2:0acc4f598a926a03aff1ff5a4de8566f,00:00:00:00:25/1,00:00:07:09:25/1,Avid MediaFiles/MXF/Converter.1/GIA__2191410283__West-Berlin Drone.mxf,
1875736,"['GIA__1086227624__West-Berlin Drone_A01', 'GIA__1086227624__West-Berlin Drone_A02', 'GIA__1086227624__West-Berlin Drone']","['2:e8c53dc87cf4c9042cdfdd7714128917', '2:de1b8b23a9085808526bdb454875548d', '2:66ab59c55a068280ba3dcc09b83eb4ef']",01:00:00:00:50/1,01:00:13:34:50/1,"['Avid MediaFiles/MXF/Converter.1/GIA__1086227624__West-Berlin Drone_A01.mxf', 'Avid MediaFiles/MXF/Converter.1/GIA__1086227624__West-Berlin Drone_A02.mxf', 'Avid MediaFiles/MXF/Converter.1/GIA__1086227624__West-Berlin Drone.mxf']",
1875752,PND__084329661__Washington DC Drone,2:87b14477a7f50f907f363b36aa655126,00:00:00:00:24000/1001,00:00:29:14:24000/1001,Avid MediaFiles/MXF/Converter.1/PND__084329661__Washington DC Drone.mxf,
1875753,PND__084391992__Washington DC Dronemp4,2:6b101321d7ae62fc90c2d28473f4223c,00:00:00:00:24000/1001,00:00:24:06:24000/1001,Avid MediaFiles/MXF/Converter.1/PND__084391992__Washington DC Dronemp4.mxf,
1875754,PND__059210634__Washington DC Drone,2:5c578d27a030a69ccf605cce92236ecb,00:00:00:00:30/1,00:00:28:03:30/1,Avid MediaFiles/MXF/Converter.1/PND__059210634__Washington DC Drone.mxf,
1875755,PND__084331358__Washington DC Drone,2:bb62a8557b19f810af96bbaa30ab3b71,00:00:00:00:24000/1001,00:00:29:18:24000/1001,Avid MediaFiles/MXF/Converter.1/PND__084331358__Washington DC Drone.mxf,
1875756,PND__084331606__Washington DC Drone,2:c84bd48f4c784d6db6c7c8c971fea149,00:00:00:00:24000/1001,00:00:24:09:24000/1001,Avid MediaFiles/MXF/Converter.1/PND__084331606__Washington DC Drone.mxf,
1876271,DJI_20260619124648_0001_D,2:bfa330a9eb2775fb5c56f00f3ffae0ce,00:00:00:00:25/1,00:02:29:18:25/1,OCF_OAF/2026-06-19_My Dream_DT_20/DROHNE_002/DCIM/DJI_001/DJI_20260619124648_0001_D.MP4,
1883204,"['A12-0012_Designed, Drone, Abstract, Space 02 SND83039_A01', 'A12-0012_Designed, Drone, Abstract, Space 02 SND83039_A02', 'A12-0012_Designed, Drone, Abstract, Space 02 SND83039']","['2:6257be62d8b63b43c05bea21bd168bff', '2:e62539546637f36d6453ccb26c20a7ac']",00:00:00:00:100/1,00:00:30:40:100/1,"['Audio/ProTools IN/AAF Fo1/A12-0012_Designed, Drone, Abstract, Space 02 SND83039_A01.mxf', 'Audio/ProTools IN/AAF Fo1/A12-0012_Designed, Drone, Abstract, Space 02 SND83039_A02.mxf']",
1883218,"['A12-0013_Designed, Drone, Abstract, Space 02 SND83039_A01', 'A12-0013_Designed, Drone, Abstract, Space 02 SND83039_A02', 'A12-0013_Designed, Drone, Abstract, Space 02 SND83039']","['2:5a3badda6494744c218156509d25459e', '2:070103222ae4463753bdd1537b789e5d']",00:00:00:00:100/1,00:00:18:48:100/1,"['Audio/ProTools IN/AAF Fo1/A12-0013_Designed, Drone, Abstract, Space 02 SND83039_A01.mxf', 'Audio/ProTools IN/AAF Fo1/A12-0013_Designed, Drone, Abstract, Space 02 SND83039_A02.mxf']",
1883223,"['A12-0014_Designed, Drone, Abstract, Space 02 SND83039_A01', 'A12-0014_Designed, Drone, Abstract, Space 02 SND83039_A02', 'A12-0014_Designed, Drone, Abstract, Space 02 SND83039']","['2:62c1f74afb0c120af34c450e7986719b', '2:9d075f20c9f27be2870baec58a69059a']",00:00:00:00:100/1,00:00:29:96:100/1,"['Audio/ProTools IN/AAF Fo1/A12-0014_Designed, Drone, Abstract, Space 02 SND83039_A01.mxf', 'Audio/ProTools IN/AAF Fo1/A12-0014_Designed, Drone, Abstract, Space 02 SND83039_A02.mxf']",
1883382,"['A15-0028_SFX_Designed, Drone, Light, Calm, Mellow SND81887_A01', 'A15-0028_SFX_Designed, Drone, Light, Calm, Mellow SND81887_A02', 'A15-0028_SFX_Designed, Drone, Light, Calm, Mellow SND81887']","['2:9590f5a0837c2d57598a58074d6f3aaf', '2:9cb084fbaef35f73236957b9560c0cc3']",00:00:00:00:100/1,00:00:30:60:100/1,"['Audio/ProTools IN/AAF Fo1/A15-0028_SFX_Designed, Drone, Light, Calm, Mellow SND81887_A01.mxf', 'Audio/ProTools IN/AAF Fo1/A15-0028_SFX_Designed, Drone, Light, Calm, Mellow SND81887_A02.mxf']",
1883634,"['A12-0042_SFX_Musical, Experimental, Warped Choir Drones, Soundscapes, Cinematic Imaging Element, Atmospheric Bed 07 (51) SND100200 S00 1_A01', 'A12-0042_SFX_Musical, Experimental, Warped Choir Drones, Soundscapes, Cinematic Imaging Element, Atmospheric Bed 07 (51) SND100200 S00 1_A02', 'A12-0042_SFX_Musical, Experimental, Warped Choir Drones, Soundscapes, Cinematic Imaging Element, Atmospheric Bed 07 (51) SND100200 S00 1']","['2:fc1040144fb8362b5f2b05edc4f3392b', '2:104dc930cff88d7ca60ffe99bcfa3bda']",00:00:00:00:100/1,00:00:25:92:100/1,"['Audio/ProTools IN/AAF Fo1/A12-0042_SFX_Musical, Experimental, Warped Choir Drones, Soundscapes, Cinematic Imaging Element, Atmospheric Bed 07 (51) SND100200 S00 1_A01.mxf', 'Audio/ProTools IN/AAF Fo1/A12-0042_SFX_Musical, Experimental, Warped Choir Drones, Soundscapes, Cinematic Imaging Element, Atmospheric Bed 07 (51) SND100200 S00 1_A02.mxf']",
1884035,"['A16-0039_SFX_Designed, Drone, Dark, Dark Mystic Pad, Loop SND58327 1_A01', 'A16-0039_SFX_Designed, Drone, Dark, Dark Mystic Pad, Loop SND58327 1_A02', 'A16-0039_SFX_Designed, Drone, Dark, Dark Mystic Pad, Loop SND58327 1']","['2:a05f5a86fb39027d0a7c2a84ccd5ee03', '2:2af2471f617c77a55fbe0de5d1260f25']",00:00:00:00:100/1,00:01:02:64:100/1,"['Audio/ProTools IN/AAF Fo1/A16-0039_SFX_Designed, Drone, Dark, Dark Mystic Pad, Loop SND58327 1_A01.mxf', 'Audio/ProTools IN/AAF Fo1/A16-0039_SFX_Designed, Drone, Dark, Dark Mystic Pad, Loop SND58327 1_A02.mxf']",
1884076,"['A14-0054_SFX_Designed, Drone, Dystopic, Dark, Etheral, Vast, Spacious, Lonely, Eerie SND122977_A01', 'A14-0054_SFX_Designed, Drone, Dystopic, Dark, Etheral, Vast, Spacious, Lonely, Eerie SND122977_A02', 'A14-0054_SFX_Designed, Drone, Dystopic, Dark, Etheral, Vast, Spacious, Lonely, Eerie SND122977']","['2:67f856e36ab7b1870a07d60157393f8e', '2:75a067e5b1bcb195d75cbf01eb70b3ba']",00:00:00:00:100/1,00:01:49:80:100/1,"['Audio/ProTools IN/AAF Fo1/A14-0054_SFX_Designed, Drone, Dystopic, Dark, Etheral, Vast, Spacious, Lonely, Eerie SND122977_A01.mxf', 'Audio/ProTools IN/AAF Fo1/A14-0054_SFX_Designed, Drone, Dystopic, Dark, Etheral, Vast, Spacious, Lonely, Eerie SND122977_A02.mxf']",
1915600,02,2:832cd643dadf45a4e51695b7adb21a80,00:00:00:00:30000/1001,00:00:10:08:30000/1001,Imports/Setfoto/Bunker/Drone-20251024T085801Z-1-002/02.mp4,
1915601,"REU__2077053__Russia rejects involvement in drone hovering over Danish regions, calling it 'absurd speculation'__2025",2:2238c1c0452d029f58b34d294ad03288,10:00:00:00:25/1,10:00:41:09:25/1,"[""ARCHIVE PRODUCER/Michel/Drohnen in Kopenhagen und MÃ¼nchen/REU__2077053__Russia rejects involvement in drone hovering over Danish regions, calling it 'absurd speculation'__2025.mp4"", ""ARCHIVE PRODUCER/Michel/Drohnen in Kopenhagen und München/REU__2077053__Russia rejects involvement in drone hovering over Danish regions, calling it 'absurd speculation'__2025.mp4""]",
1915617,03,2:e1fc4ed401c507233c745f4de3bba29b,00:00:00:00:30000/1001,00:00:07:24:30000/1001,Imports/Setfoto/Bunker/Drone-20251024T085801Z-1-002/03.mp4,
1915625,REU__ 2146159__Germany to take steps to defend itself against 'high' threat from drones__Germany 2025,2:75e3e3122025d9552381749598131127,10:00:00:00:25/1,10:02:53:23:25/1,"[""ARCHIVE PRODUCER/Michel/Drohnen in Kopenhagen und MÃ¼nchen/REU__ 2146159__Germany to take steps to defend itself against 'high' threat from drones__Germany 2025.mp4"", ""ARCHIVE PRODUCER/Michel/Drohnen in Kopenhagen und München/REU__ 2146159__Germany to take steps to defend itself against 'high' threat from drones__Germany 2025.mp4""]",
1915653,APA__sth090496__Denmark - Aalborg Airport Closed Due To Drone Sightings__2025,2:c77acae9e134d352d99abd37415c564e,00:00:00:00:25/1,00:00:31:19:25/1,"['ARCHIVE PRODUCER/Michel/Drohnen in Kopenhagen und MÃ¼nchen/APA__sth090496__Denmark - Aalborg Airport Closed Due To Drone Sightings__2025.mp4', 'ARCHIVE PRODUCER/Michel/Drohnen in Kopenhagen und München/APA__sth090496__Denmark - Aalborg Airport Closed Due To Drone Sightings__2025.mp4']",
1915671,APA__sth090216__Denmark - Footage of drones that closed Copenhagen Airport in Denmark for hours at night__2025,2:0a3c9543669ef388149e8c8f2b524780,00:00:00:00:25/1,00:00:36:09:25/1,"['ARCHIVE PRODUCER/Michel/Drohnen in Kopenhagen und MÃ¼nchen/APA__sth090216__Denmark - Footage of drones that closed Copenhagen Airport in Denmark for hours at night__2025.mp4', 'ARCHIVE PRODUCER/Michel/Drohnen in Kopenhagen und München/APA__sth090216__Denmark - Footage of drones that closed Copenhagen Airport in Denmark for hours at night__2025.mp4']",
1915684,DJI_20251011180030_0227_D_MINI4-001,2:6713b668b46d4323156e7ef899132979,00:00:00:00:30000/1001,00:02:21:01:30000/1001,Imports/Setfoto/Bunker/Drone-20251024T085801Z-1-002/DJI_20251011180030_0227_D_MINI4-001.MP4,
1915710,DJI_20251011150813_0210_D_MINI4,2:ee2289ef63f29ad76b2085673f7f6f0b,00:00:00:00:30000/1001,00:00:17:16:30000/1001,Imports/Setfoto/Bunker/Drone-20251024T085801Z-1-002/DJI_20251011150813_0210_D_MINI4.MP4,
1915716,01,2:ef4befd400dcba5e005b2e6000e12fbc,00:00:00:00:30000/1001,00:00:14:22:30000/1001,Imports/Setfoto/Bunker/Drone-20251024T085801Z-1-002/01.mp4,
1915736,SST__3489455151__Luftaufnahmen Drohnen Blick auf Hamburg am Abend,2:57e0f7bebdb4b6afcf56a3040e6e7be1,00:00:00:00:30000/1001 nd,00:00:41:00:30000/1001 nd,ARCHIVE PRODUCER/Malte/SST__3489455151__Luftaufnahmen Drohnen Blick auf Hamburg am Abend.mov,
1915804,DJI_20251011150508_0208_D_MINI4,2:db60cbb506ccce90d4b18309d4cce4b2,00:00:00:00:30000/1001,00:00:14:27:30000/1001,Imports/Setfoto/Bunker/Drone-20251024T085801Z-1-002/DJI_20251011150508_0208_D_MINI4.MP4,
1917574,ZDF__71817822__Operation Rubikon__Drohnenfahrt Bundesnachrichtendienst__2020-03-18,2:1e0a41fabe4c5c33bc9f72d904f31c4b,10:07:27:00:25/1,10:07:37:02:25/1,Archive Masters/ZDF/2026-07-23-71827631 (DAS-260723-inf-a-Meier-14_La_Belle_0001)/ZDF__71817822__Operation Rubikon__Drohnenfahrt Bundesnachrichtendienst__2020-03-18.mxf,
1917576,ZDF__71817822__Operation Rubikon__Drohne Bundesnachrichtendienst__2020-03-18,2:27a11ad16ce754f4c460f4b876756fed,10:21:15:00:25/1,10:21:28:02:25/1,Archive Masters/ZDF/2026-07-23-71827631 (DAS-260723-inf-a-Meier-14_La_Belle_0001)/ZDF__71817822__Operation Rubikon__Drohne Bundesnachrichtendienst__2020-03-18.mxf,
1917600,2025-09-30_Drohne_Marc Buggeln_DJI_20250930101004_0001_D,2:01a54770f0737e42544349fc019e1554,00:00:00:00:50/1,00:00:34:47:50/1,Avid MediaFiles/MXF/Z820-AVID17.3/2025-09-30_Drohne_Marc Buggeln_DJI_20250930101004_0001_D.mxf,
1917601,2025-09-30_Drohne_Marc Buggeln_DJI_20250930101107_0002_D,2:3055434c0e9bf1d20bebd2cc5285e35d,00:00:00:00:50/1,00:01:51:49:50/1,Avid MediaFiles/MXF/Z820-AVID17.3/2025-09-30_Drohne_Marc Buggeln_DJI_20250930101107_0002_D.mxf,
1917602,2025-09-30_Drohne_Marc Buggeln_DJI_20250930101301_0003_D,2:e2e91697e1f3d28464f5fcdad17faa6d,00:00:00:00:50/1,00:00:31:06:50/1,Avid MediaFiles/MXF/Z820-AVID17.3/2025-09-30_Drohne_Marc Buggeln_DJI_20250930101301_0003_D.mxf,
1917603,2025-09-30_Drohne_Marc Buggeln_DJI_20250930101502_0004_D,2:43b3c3f022e016dfd114ad9655345273,00:00:00:00:50/1,00:00:38:33:50/1,Avid MediaFiles/MXF/Z820-AVID17.3/2025-09-30_Drohne_Marc Buggeln_DJI_20250930101502_0004_D.mxf,
1917604,2025-09-30_Drohne_Marc Buggeln_DJI_20250930101609_0005_D,2:9f680aa997f67242c714fcac46e0ad36,00:00:00:00:50/1,00:01:18:12:50/1,Avid MediaFiles/MXF/Z820-AVID17.3/2025-09-30_Drohne_Marc Buggeln_DJI_20250930101609_0005_D.mxf,
,,,,,,100.9064
